task_id,category,difficulty_level,solved_by_n_of_4_reference_models,base_scene,azimuth,elevation,distance_pct,cam_rot,cam_vert,initstate,noise_type,noise_severity,light,table,language,added_objects,layout_level,instruction_clean,task_language_raw,variant_name
0,Background Textures,2,3,pick_up_the_black_bowl_between_the_plate_and_the_ramekin_and_place_it_on_the_plate,,,,,,,,,,1,,,,pick up the black bowl between the plate and the ramekin and place it on the plate,pick up the black bowl between the plate and the ramekin and place it on the plate table 1,pick_up_the_black_bowl_between_the_plate_and_the_ramekin_and_place_it_on_the_plate_table_1
1,Background Textures,2,3,pick_up_the_black_bowl_between_the_plate_and_the_ramekin_and_place_it_on_the_plate,,,,,,,,,,10,,,,pick up the black bowl between the plate and the ramekin and place it on the plate,pick up the black bowl between the plate and the ramekin and place it on the plate table 10,pick_up_the_black_bowl_between_the_plate_and_the_ramekin_and_place_it_on_the_plate_table_10
2,Background Textures,2,3,pick_up_the_black_bowl_between_the_plate_and_the_ramekin_and_place_it_on_the_plate,,,,,,,,,,12,,,,pick up the black bowl between the plate and the ramekin and place it on the plate,pick up the black bowl between the plate and the ramekin and place it on the plate table 12,pick_up_the_black_bowl_between_the_plate_and_the_ramekin_and_place_it_on_the_plate_table_12
3,Background Textures,2,3,pick_up_the_black_bowl_between_the_plate_and_the_ramekin_and_place_it_on_the_plate,,,,,,,,,,13,,,,pick up the black bowl between the plate and the ramekin and place it on the plate,pick up the black bowl between the plate and the ramekin and place it on the plate table 13,pick_up_the_black_bowl_between_the_plate_and_the_ramekin_and_place_it_on_the_plate_table_13
4,Background Textures,1,4,pick_up_the_black_bowl_between_the_plate_and_the_ramekin_and_place_it_on_the_plate,,,,,,,,,,14,,,,pick up the black bowl between the plate and the ramekin and place it on the plate,pick up the black bowl between the plate and the ramekin and place it on the plate table 14,pick_up_the_black_bowl_between_the_plate_and_the_ramekin_and_place_it_on_the_plate_table_14
5,Background Textures,3,2,pick_up_the_black_bowl_between_the_plate_and_the_ramekin_and_place_it_on_the_plate,,,,,,,,,,15,,,,pick up the black bowl between the plate and the ramekin and place it on the plate,pick up the black bowl between the plate and the ramekin and place it on the plate table 15,pick_up_the_black_bowl_between_the_plate_and_the_ramekin_and_place_it_on_the_plate_table_15
6,Background Textures,1,4,pick_up_the_black_bowl_between_the_plate_and_the_ramekin_and_place_it_on_the_plate,,,,,,,,,,16,,,,pick up the black bowl between the plate and the ramekin and place it on the plate,pick up the black bowl between the plate and the ramekin and place it on the plate table 16,pick_up_the_black_bowl_between_the_plate_and_the_ramekin_and_place_it_on_the_plate_table_16
7,Background Textures,1,4,pick_up_the_black_bowl_between_the_plate_and_the_ramekin_and_place_it_on_the_plate,,,,,,,,,,17,,,,pick up the black bowl between the plate and the ramekin and place it on the plate,pick up the black bowl between the plate and the ramekin and place it on the plate table 17,pick_up_the_black_bowl_between_the_plate_and_the_ramekin_and_place_it_on_the_plate_table_17
8,Background Textures,3,2,pick_up_the_black_bowl_between_the_plate_and_the_ramekin_and_place_it_on_the_plate,,,,,,,,,,18,,,,pick up the black bowl between the plate and the ramekin and place it on the plate,pick up the black bowl between the plate and the ramekin and place it on the plate table 18,pick_up_the_black_bowl_between_the_plate_and_the_ramekin_and_place_it_on_the_plate_table_18
9,Background Textures,3,2,pick_up_the_black_bowl_between_the_plate_and_the_ramekin_and_place_it_on_the_plate,,,,,,,,,,19,,,,pick up the black bowl between the plate and the ramekin and place it on the plate,pick up the black bowl between the plate and the ramekin and place it on the plate table 19,pick_up_the_black_bowl_between_the_plate_and_the_ramekin_and_place_it_on_the_plate_table_19
10,Background Textures,1,4,pick_up_the_black_bowl_between_the_plate_and_the_ramekin_and_place_it_on_the_plate,,,,,,,,,,2,,,,pick up the black bowl between the plate and the ramekin and place it on the plate,pick up the black bowl between the plate and the ramekin and place it on the plate table 2,pick_up_the_black_bowl_between_the_plate_and_the_ramekin_and_place_it_on_the_plate_table_2
11,Background Textures,1,4,pick_up_the_black_bowl_between_the_plate_and_the_ramekin_and_place_it_on_the_plate,,,,,,,,,,21,,,,pick up the black bowl between the plate and the ramekin and place it on the plate,pick up the black bowl between the plate and the ramekin and place it on the plate table 21,pick_up_the_black_bowl_between_the_plate_and_the_ramekin_and_place_it_on_the_plate_table_21
12,Background Textures,2,3,pick_up_the_black_bowl_between_the_plate_and_the_ramekin_and_place_it_on_the_plate,,,,,,,,,,22,,,,pick up the black bowl between the plate and the ramekin and place it on the plate,pick up the black bowl between the plate and the ramekin and place it on the plate table 22,pick_up_the_black_bowl_between_the_plate_and_the_ramekin_and_place_it_on_the_plate_table_22
13,Background Textures,1,4,pick_up_the_black_bowl_between_the_plate_and_the_ramekin_and_place_it_on_the_plate,,,,,,,,,,24,,,,pick up the black bowl between the plate and the ramekin and place it on the plate,pick up the black bowl between the plate and the ramekin and place it on the plate table 24,pick_up_the_black_bowl_between_the_plate_and_the_ramekin_and_place_it_on_the_plate_table_24
14,Background Textures,2,3,pick_up_the_black_bowl_between_the_plate_and_the_ramekin_and_place_it_on_the_plate,,,,,,,,,,27,,,,pick up the black bowl between the plate and the ramekin and place it on the plate,pick up the black bowl between the plate and the ramekin and place it on the plate table 27,pick_up_the_black_bowl_between_the_plate_and_the_ramekin_and_place_it_on_the_plate_table_27
15,Background Textures,2,3,pick_up_the_black_bowl_between_the_plate_and_the_ramekin_and_place_it_on_the_plate,,,,,,,,,,28,,,,pick up the black bowl between the plate and the ramekin and place it on the plate,pick up the black bowl between the plate and the ramekin and place it on the plate table 28,pick_up_the_black_bowl_between_the_plate_and_the_ramekin_and_place_it_on_the_plate_table_28
16,Background Textures,1,4,pick_up_the_black_bowl_between_the_plate_and_the_ramekin_and_place_it_on_the_plate,,,,,,,,,,5,,,,pick up the black bowl between the plate and the ramekin and place it on the plate,pick up the black bowl between the plate and the ramekin and place it on the plate table 5,pick_up_the_black_bowl_between_the_plate_and_the_ramekin_and_place_it_on_the_plate_table_5
17,Background Textures,2,3,pick_up_the_black_bowl_between_the_plate_and_the_ramekin_and_place_it_on_the_plate,,,,,,,,,,8,,,,pick up the black bowl between the plate and the ramekin and place it on the plate,pick up the black bowl between the plate and the ramekin and place it on the plate table 8,pick_up_the_black_bowl_between_the_plate_and_the_ramekin_and_place_it_on_the_plate_table_8
18,Background Textures,1,4,pick_up_the_black_bowl_between_the_plate_and_the_ramekin_and_place_it_on_the_plate,,,,,,,,,,9,,,,pick up the black bowl between the plate and the ramekin and place it on the plate,pick up the black bowl between the plate and the ramekin and place it on the plate table 9,pick_up_the_black_bowl_between_the_plate_and_the_ramekin_and_place_it_on_the_plate_table_9
19,Background Textures,1,4,pick_up_the_black_bowl_between_the_plate_and_the_ramekin_and_place_it_on_the_plate,,,,,,,,,,12,,,,pick up the black bowl between the plate and the ramekin and place it on the plate,pick up the black bowl between the plate and the ramekin and place it on the plate tb 12,pick_up_the_black_bowl_between_the_plate_and_the_ramekin_and_place_it_on_the_plate_tb_12
20,Background Textures,1,4,pick_up_the_black_bowl_between_the_plate_and_the_ramekin_and_place_it_on_the_plate,,,,,,,,,,18,,,,pick up the black bowl between the plate and the ramekin and place it on the plate,pick up the black bowl between the plate and the ramekin and place it on the plate tb 18,pick_up_the_black_bowl_between_the_plate_and_the_ramekin_and_place_it_on_the_plate_tb_18
21,Background Textures,1,4,pick_up_the_black_bowl_between_the_plate_and_the_ramekin_and_place_it_on_the_plate,,,,,,,,,,2,,,,pick up the black bowl between the plate and the ramekin and place it on the plate,pick up the black bowl between the plate and the ramekin and place it on the plate tb 2,pick_up_the_black_bowl_between_the_plate_and_the_ramekin_and_place_it_on_the_plate_tb_2
22,Background Textures,1,4,pick_up_the_black_bowl_between_the_plate_and_the_ramekin_and_place_it_on_the_plate,,,,,,,,,,20,,,,pick up the black bowl between the plate and the ramekin and place it on the plate,pick up the black bowl between the plate and the ramekin and place it on the plate tb 20,pick_up_the_black_bowl_between_the_plate_and_the_ramekin_and_place_it_on_the_plate_tb_20
23,Background Textures,1,4,pick_up_the_black_bowl_between_the_plate_and_the_ramekin_and_place_it_on_the_plate,,,,,,,,,,21,,,,pick up the black bowl between the plate and the ramekin and place it on the plate,pick up the black bowl between the plate and the ramekin and place it on the plate tb 21,pick_up_the_black_bowl_between_the_plate_and_the_ramekin_and_place_it_on_the_plate_tb_21
24,Background Textures,2,3,pick_up_the_black_bowl_between_the_plate_and_the_ramekin_and_place_it_on_the_plate,,,,,,,,,,22,,,,pick up the black bowl between the plate and the ramekin and place it on the plate,pick up the black bowl between the plate and the ramekin and place it on the plate tb 22,pick_up_the_black_bowl_between_the_plate_and_the_ramekin_and_place_it_on_the_plate_tb_22
25,Background Textures,2,3,pick_up_the_black_bowl_between_the_plate_and_the_ramekin_and_place_it_on_the_plate,,,,,,,,,,5,,,,pick up the black bowl between the plate and the ramekin and place it on the plate,pick up the black bowl between the plate and the ramekin and place it on the plate tb 5,pick_up_the_black_bowl_between_the_plate_and_the_ramekin_and_place_it_on_the_plate_tb_5
26,Background Textures,2,3,pick_up_the_black_bowl_between_the_plate_and_the_ramekin_and_place_it_on_the_plate,,,,,,,,,,6,,,,pick up the black bowl between the plate and the ramekin and place it on the plate,pick up the black bowl between the plate and the ramekin and place it on the plate tb 6,pick_up_the_black_bowl_between_the_plate_and_the_ramekin_and_place_it_on_the_plate_tb_6
27,Background Textures,1,4,pick_up_the_black_bowl_between_the_plate_and_the_ramekin_and_place_it_on_the_plate,,,,,,,,,,7,,,,pick up the black bowl between the plate and the ramekin and place it on the plate,pick up the black bowl between the plate and the ramekin and place it on the plate tb 7,pick_up_the_black_bowl_between_the_plate_and_the_ramekin_and_place_it_on_the_plate_tb_7
28,Background Textures,1,4,pick_up_the_black_bowl_between_the_plate_and_the_ramekin_and_place_it_on_the_plate,,,,,,,,,,9,,,,pick up the black bowl between the plate and the ramekin and place it on the plate,pick up the black bowl between the plate and the ramekin and place it on the plate tb 9,pick_up_the_black_bowl_between_the_plate_and_the_ramekin_and_place_it_on_the_plate_tb_9
29,Background Textures,3,2,pick_up_the_black_bowl_from,,,,,,,,,,11,,,,pick up the black bowl from,pick up the black bowl from table center and place it on the plate table 11,pick_up_the_black_bowl_from_table_center_and_place_it_on_the_plate_table_11
30,Background Textures,4,1,pick_up_the_black_bowl_from,,,,,,,,,,12,,,,pick up the black bowl from,pick up the black bowl from table center and place it on the plate table 12,pick_up_the_black_bowl_from_table_center_and_place_it_on_the_plate_table_12
31,Background Textures,4,1,pick_up_the_black_bowl_from,,,,,,,,,,13,,,,pick up the black bowl from,pick up the black bowl from table center and place it on the plate table 13,pick_up_the_black_bowl_from_table_center_and_place_it_on_the_plate_table_13
32,Background Textures,2,3,pick_up_the_black_bowl_from,,,,,,,,,,14,,,,pick up the black bowl from,pick up the black bowl from table center and place it on the plate table 14,pick_up_the_black_bowl_from_table_center_and_place_it_on_the_plate_table_14
33,Background Textures,2,3,pick_up_the_black_bowl_from,,,,,,,,,,15,,,,pick up the black bowl from,pick up the black bowl from table center and place it on the plate table 15,pick_up_the_black_bowl_from_table_center_and_place_it_on_the_plate_table_15
34,Background Textures,2,3,pick_up_the_black_bowl_from,,,,,,,,,,16,,,,pick up the black bowl from,pick up the black bowl from table center and place it on the plate table 16,pick_up_the_black_bowl_from_table_center_and_place_it_on_the_plate_table_16
35,Background Textures,1,4,pick_up_the_black_bowl_from,,,,,,,,,,17,,,,pick up the black bowl from,pick up the black bowl from table center and place it on the plate table 17,pick_up_the_black_bowl_from_table_center_and_place_it_on_the_plate_table_17
36,Background Textures,2,3,pick_up_the_black_bowl_from,,,,,,,,,,18,,,,pick up the black bowl from,pick up the black bowl from table center and place it on the plate table 18,pick_up_the_black_bowl_from_table_center_and_place_it_on_the_plate_table_18
37,Background Textures,3,2,pick_up_the_black_bowl_from,,,,,,,,,,19,,,,pick up the black bowl from,pick up the black bowl from table center and place it on the plate table 19,pick_up_the_black_bowl_from_table_center_and_place_it_on_the_plate_table_19
38,Background Textures,1,4,pick_up_the_black_bowl_from,,,,,,,,,,20,,,,pick up the black bowl from,pick up the black bowl from table center and place it on the plate table 20,pick_up_the_black_bowl_from_table_center_and_place_it_on_the_plate_table_20
39,Background Textures,1,4,pick_up_the_black_bowl_from,,,,,,,,,,21,,,,pick up the black bowl from,pick up the black bowl from table center and place it on the plate table 21,pick_up_the_black_bowl_from_table_center_and_place_it_on_the_plate_table_21
40,Background Textures,3,2,pick_up_the_black_bowl_from,,,,,,,,,,22,,,,pick up the black bowl from,pick up the black bowl from table center and place it on the plate table 22,pick_up_the_black_bowl_from_table_center_and_place_it_on_the_plate_table_22
41,Background Textures,2,3,pick_up_the_black_bowl_from,,,,,,,,,,23,,,,pick up the black bowl from,pick up the black bowl from table center and place it on the plate table 23,pick_up_the_black_bowl_from_table_center_and_place_it_on_the_plate_table_23
42,Background Textures,2,3,pick_up_the_black_bowl_from,,,,,,,,,,24,,,,pick up the black bowl from,pick up the black bowl from table center and place it on the plate table 24,pick_up_the_black_bowl_from_table_center_and_place_it_on_the_plate_table_24
43,Background Textures,1,4,pick_up_the_black_bowl_from,,,,,,,,,,25,,,,pick up the black bowl from,pick up the black bowl from table center and place it on the plate table 25,pick_up_the_black_bowl_from_table_center_and_place_it_on_the_plate_table_25
44,Background Textures,2,3,pick_up_the_black_bowl_from,,,,,,,,,,26,,,,pick up the black bowl from,pick up the black bowl from table center and place it on the plate table 26,pick_up_the_black_bowl_from_table_center_and_place_it_on_the_plate_table_26
45,Background Textures,2,3,pick_up_the_black_bowl_from,,,,,,,,,,27,,,,pick up the black bowl from,pick up the black bowl from table center and place it on the plate table 27,pick_up_the_black_bowl_from_table_center_and_place_it_on_the_plate_table_27
46,Background Textures,3,2,pick_up_the_black_bowl_from,,,,,,,,,,3,,,,pick up the black bowl from,pick up the black bowl from table center and place it on the plate table 3,pick_up_the_black_bowl_from_table_center_and_place_it_on_the_plate_table_3
47,Background Textures,2,3,pick_up_the_black_bowl_from,,,,,,,,,,4,,,,pick up the black bowl from,pick up the black bowl from table center and place it on the plate table 4,pick_up_the_black_bowl_from_table_center_and_place_it_on_the_plate_table_4
48,Background Textures,2,3,pick_up_the_black_bowl_from,,,,,,,,,,5,,,,pick up the black bowl from,pick up the black bowl from table center and place it on the plate table 5,pick_up_the_black_bowl_from_table_center_and_place_it_on_the_plate_table_5
49,Background Textures,2,3,pick_up_the_black_bowl_from,,,,,,,,,,6,,,,pick up the black bowl from,pick up the black bowl from table center and place it on the plate table 6,pick_up_the_black_bowl_from_table_center_and_place_it_on_the_plate_table_6
50,Background Textures,1,4,pick_up_the_black_bowl_from,,,,,,,,,,7,,,,pick up the black bowl from,pick up the black bowl from table center and place it on the plate table 7,pick_up_the_black_bowl_from_table_center_and_place_it_on_the_plate_table_7
51,Background Textures,3,2,pick_up_the_black_bowl_from,,,,,,,,,,8,,,,pick up the black bowl from,pick up the black bowl from table center and place it on the plate table 8,pick_up_the_black_bowl_from_table_center_and_place_it_on_the_plate_table_8
52,Background Textures,3,2,pick_up_the_black_bowl_from,,,,,,,,,,1,,,,pick up the black bowl from,pick up the black bowl from table center and place it on the plate tb 1,pick_up_the_black_bowl_from_table_center_and_place_it_on_the_plate_tb_1
53,Background Textures,4,1,pick_up_the_black_bowl_from,,,,,,,,,,10,,,,pick up the black bowl from,pick up the black bowl from table center and place it on the plate tb 10,pick_up_the_black_bowl_from_table_center_and_place_it_on_the_plate_tb_10
54,Background Textures,4,1,pick_up_the_black_bowl_from,,,,,,,,,,11,,,,pick up the black bowl from,pick up the black bowl from table center and place it on the plate tb 11,pick_up_the_black_bowl_from_table_center_and_place_it_on_the_plate_tb_11
55,Background Textures,3,2,pick_up_the_black_bowl_from,,,,,,,,,,12,,,,pick up the black bowl from,pick up the black bowl from table center and place it on the plate tb 12,pick_up_the_black_bowl_from_table_center_and_place_it_on_the_plate_tb_12
56,Background Textures,3,2,pick_up_the_black_bowl_from,,,,,,,,,,13,,,,pick up the black bowl from,pick up the black bowl from table center and place it on the plate tb 13,pick_up_the_black_bowl_from_table_center_and_place_it_on_the_plate_tb_13
57,Background Textures,3,2,pick_up_the_black_bowl_from,,,,,,,,,,14,,,,pick up the black bowl from,pick up the black bowl from table center and place it on the plate tb 14,pick_up_the_black_bowl_from_table_center_and_place_it_on_the_plate_tb_14
58,Background Textures,3,2,pick_up_the_black_bowl_from,,,,,,,,,,15,,,,pick up the black bowl from,pick up the black bowl from table center and place it on the plate tb 15,pick_up_the_black_bowl_from_table_center_and_place_it_on_the_plate_tb_15
59,Background Textures,4,1,pick_up_the_black_bowl_from,,,,,,,,,,16,,,,pick up the black bowl from,pick up the black bowl from table center and place it on the plate tb 16,pick_up_the_black_bowl_from_table_center_and_place_it_on_the_plate_tb_16
60,Background Textures,3,2,pick_up_the_black_bowl_from,,,,,,,,,,17,,,,pick up the black bowl from,pick up the black bowl from table center and place it on the plate tb 17,pick_up_the_black_bowl_from_table_center_and_place_it_on_the_plate_tb_17
61,Background Textures,3,2,pick_up_the_black_bowl_from,,,,,,,,,,18,,,,pick up the black bowl from,pick up the black bowl from table center and place it on the plate tb 18,pick_up_the_black_bowl_from_table_center_and_place_it_on_the_plate_tb_18
62,Background Textures,3,2,pick_up_the_black_bowl_from,,,,,,,,,,19,,,,pick up the black bowl from,pick up the black bowl from table center and place it on the plate tb 19,pick_up_the_black_bowl_from_table_center_and_place_it_on_the_plate_tb_19
63,Background Textures,4,1,pick_up_the_black_bowl_from,,,,,,,,,,2,,,,pick up the black bowl from,pick up the black bowl from table center and place it on the plate tb 2,pick_up_the_black_bowl_from_table_center_and_place_it_on_the_plate_tb_2
64,Background Textures,4,1,pick_up_the_black_bowl_from,,,,,,,,,,20,,,,pick up the black bowl from,pick up the black bowl from table center and place it on the plate tb 20,pick_up_the_black_bowl_from_table_center_and_place_it_on_the_plate_tb_20
65,Background Textures,2,3,pick_up_the_black_bowl_from,,,,,,,,,,21,,,,pick up the black bowl from,pick up the black bowl from table center and place it on the plate tb 21,pick_up_the_black_bowl_from_table_center_and_place_it_on_the_plate_tb_21
66,Background Textures,4,1,pick_up_the_black_bowl_from,,,,,,,,,,22,,,,pick up the black bowl from,pick up the black bowl from table center and place it on the plate tb 22,pick_up_the_black_bowl_from_table_center_and_place_it_on_the_plate_tb_22
67,Background Textures,3,2,pick_up_the_black_bowl_from,,,,,,,,,,23,,,,pick up the black bowl from,pick up the black bowl from table center and place it on the plate tb 23,pick_up_the_black_bowl_from_table_center_and_place_it_on_the_plate_tb_23
68,Background Textures,4,1,pick_up_the_black_bowl_from,,,,,,,,,,3,,,,pick up the black bowl from,pick up the black bowl from table center and place it on the plate tb 3,pick_up_the_black_bowl_from_table_center_and_place_it_on_the_plate_tb_3
69,Background Textures,4,1,pick_up_the_black_bowl_from,,,,,,,,,,4,,,,pick up the black bowl from,pick up the black bowl from table center and place it on the plate tb 4,pick_up_the_black_bowl_from_table_center_and_place_it_on_the_plate_tb_4
70,Background Textures,4,1,pick_up_the_black_bowl_from,,,,,,,,,,5,,,,pick up the black bowl from,pick up the black bowl from table center and place it on the plate tb 5,pick_up_the_black_bowl_from_table_center_and_place_it_on_the_plate_tb_5
71,Background Textures,2,3,pick_up_the_black_bowl_from,,,,,,,,,,6,,,,pick up the black bowl from,pick up the black bowl from table center and place it on the plate tb 6,pick_up_the_black_bowl_from_table_center_and_place_it_on_the_plate_tb_6
72,Background Textures,3,2,pick_up_the_black_bowl_from,,,,,,,,,,7,,,,pick up the black bowl from,pick up the black bowl from table center and place it on the plate tb 7,pick_up_the_black_bowl_from_table_center_and_place_it_on_the_plate_tb_7
73,Background Textures,3,2,pick_up_the_black_bowl_from,,,,,,,,,,8,,,,pick up the black bowl from,pick up the black bowl from table center and place it on the plate tb 8,pick_up_the_black_bowl_from_table_center_and_place_it_on_the_plate_tb_8
74,Background Textures,3,2,pick_up_the_black_bowl_from,,,,,,,,,,9,,,,pick up the black bowl from,pick up the black bowl from table center and place it on the plate tb 9,pick_up_the_black_bowl_from_table_center_and_place_it_on_the_plate_tb_9
75,Background Textures,1,4,pick_up_the_black_bowl_in_the_top_drawer_of_the_wooden_cabinet_and_place_it_on_the_plate,,,,,,,,,,12,,,,pick up the black bowl in the top drawer of the wooden cabinet and place it on the plate,pick up the black bowl in the top drawer of the wooden cabinet and place it on the plate table 12,pick_up_the_black_bowl_in_the_top_drawer_of_the_wooden_cabinet_and_place_it_on_the_plate_table_12
76,Background Textures,2,3,pick_up_the_black_bowl_in_the_top_drawer_of_the_wooden_cabinet_and_place_it_on_the_plate,,,,,,,,,,15,,,,pick up the black bowl in the top drawer of the wooden cabinet and place it on the plate,pick up the black bowl in the top drawer of the wooden cabinet and place it on the plate table 15,pick_up_the_black_bowl_in_the_top_drawer_of_the_wooden_cabinet_and_place_it_on_the_plate_table_15
77,Background Textures,2,3,pick_up_the_black_bowl_in_the_top_drawer_of_the_wooden_cabinet_and_place_it_on_the_plate,,,,,,,,,,17,,,,pick up the black bowl in the top drawer of the wooden cabinet and place it on the plate,pick up the black bowl in the top drawer of the wooden cabinet and place it on the plate table 17,pick_up_the_black_bowl_in_the_top_drawer_of_the_wooden_cabinet_and_place_it_on_the_plate_table_17
78,Background Textures,2,3,pick_up_the_black_bowl_in_the_top_drawer_of_the_wooden_cabinet_and_place_it_on_the_plate,,,,,,,,,,19,,,,pick up the black bowl in the top drawer of the wooden cabinet and place it on the plate,pick up the black bowl in the top drawer of the wooden cabinet and place it on the plate table 19,pick_up_the_black_bowl_in_the_top_drawer_of_the_wooden_cabinet_and_place_it_on_the_plate_table_19
79,Background Textures,3,2,pick_up_the_black_bowl_in_the_top_drawer_of_the_wooden_cabinet_and_place_it_on_the_plate,,,,,,,,,,2,,,,pick up the black bowl in the top drawer of the wooden cabinet and place it on the plate,pick up the black bowl in the top drawer of the wooden cabinet and place it on the plate table 2,pick_up_the_black_bowl_in_the_top_drawer_of_the_wooden_cabinet_and_place_it_on_the_plate_table_2
80,Background Textures,1,4,pick_up_the_black_bowl_in_the_top_drawer_of_the_wooden_cabinet_and_place_it_on_the_plate,,,,,,,,,,22,,,,pick up the black bowl in the top drawer of the wooden cabinet and place it on the plate,pick up the black bowl in the top drawer of the wooden cabinet and place it on the plate table 22,pick_up_the_black_bowl_in_the_top_drawer_of_the_wooden_cabinet_and_place_it_on_the_plate_table_22
81,Background Textures,2,3,pick_up_the_black_bowl_in_the_top_drawer_of_the_wooden_cabinet_and_place_it_on_the_plate,,,,,,,,,,23,,,,pick up the black bowl in the top drawer of the wooden cabinet and place it on the plate,pick up the black bowl in the top drawer of the wooden cabinet and place it on the plate table 23,pick_up_the_black_bowl_in_the_top_drawer_of_the_wooden_cabinet_and_place_it_on_the_plate_table_23
82,Background Textures,3,2,pick_up_the_black_bowl_in_the_top_drawer_of_the_wooden_cabinet_and_place_it_on_the_plate,,,,,,,,,,24,,,,pick up the black bowl in the top drawer of the wooden cabinet and place it on the plate,pick up the black bowl in the top drawer of the wooden cabinet and place it on the plate table 24,pick_up_the_black_bowl_in_the_top_drawer_of_the_wooden_cabinet_and_place_it_on_the_plate_table_24
83,Background Textures,2,3,pick_up_the_black_bowl_in_the_top_drawer_of_the_wooden_cabinet_and_place_it_on_the_plate,,,,,,,,,,25,,,,pick up the black bowl in the top drawer of the wooden cabinet and place it on the plate,pick up the black bowl in the top drawer of the wooden cabinet and place it on the plate table 25,pick_up_the_black_bowl_in_the_top_drawer_of_the_wooden_cabinet_and_place_it_on_the_plate_table_25
84,Background Textures,2,3,pick_up_the_black_bowl_in_the_top_drawer_of_the_wooden_cabinet_and_place_it_on_the_plate,,,,,,,,,,26,,,,pick up the black bowl in the top drawer of the wooden cabinet and place it on the plate,pick up the black bowl in the top drawer of the wooden cabinet and place it on the plate table 26,pick_up_the_black_bowl_in_the_top_drawer_of_the_wooden_cabinet_and_place_it_on_the_plate_table_26
85,Background Textures,2,3,pick_up_the_black_bowl_in_the_top_drawer_of_the_wooden_cabinet_and_place_it_on_the_plate,,,,,,,,,,27,,,,pick up the black bowl in the top drawer of the wooden cabinet and place it on the plate,pick up the black bowl in the top drawer of the wooden cabinet and place it on the plate table 27,pick_up_the_black_bowl_in_the_top_drawer_of_the_wooden_cabinet_and_place_it_on_the_plate_table_27
86,Background Textures,2,3,pick_up_the_black_bowl_in_the_top_drawer_of_the_wooden_cabinet_and_place_it_on_the_plate,,,,,,,,,,3,,,,pick up the black bowl in the top drawer of the wooden cabinet and place it on the plate,pick up the black bowl in the top drawer of the wooden cabinet and place it on the plate table 3,pick_up_the_black_bowl_in_the_top_drawer_of_the_wooden_cabinet_and_place_it_on_the_plate_table_3
87,Background Textures,4,1,pick_up_the_black_bowl_in_the_top_drawer_of_the_wooden_cabinet_and_place_it_on_the_plate,,,,,,,,,,4,,,,pick up the black bowl in the top drawer of the wooden cabinet and place it on the plate,pick up the black bowl in the top drawer of the wooden cabinet and place it on the plate table 4,pick_up_the_black_bowl_in_the_top_drawer_of_the_wooden_cabinet_and_place_it_on_the_plate_table_4
88,Background Textures,1,4,pick_up_the_black_bowl_in_the_top_drawer_of_the_wooden_cabinet_and_place_it_on_the_plate,,,,,,,,,,5,,,,pick up the black bowl in the top drawer of the wooden cabinet and place it on the plate,pick up the black bowl in the top drawer of the wooden cabinet and place it on the plate table 5,pick_up_the_black_bowl_in_the_top_drawer_of_the_wooden_cabinet_and_place_it_on_the_plate_table_5
89,Background Textures,2,3,pick_up_the_black_bowl_in_the_top_drawer_of_the_wooden_cabinet_and_place_it_on_the_plate,,,,,,,,,,7,,,,pick up the black bowl in the top drawer of the wooden cabinet and place it on the plate,pick up the black bowl in the top drawer of the wooden cabinet and place it on the plate table 7,pick_up_the_black_bowl_in_the_top_drawer_of_the_wooden_cabinet_and_place_it_on_the_plate_table_7
90,Background Textures,1,4,pick_up_the_black_bowl_in_the_top_drawer_of_the_wooden_cabinet_and_place_it_on_the_plate,,,,,,,,,,8,,,,pick up the black bowl in the top drawer of the wooden cabinet and place it on the plate,pick up the black bowl in the top drawer of the wooden cabinet and place it on the plate table 8,pick_up_the_black_bowl_in_the_top_drawer_of_the_wooden_cabinet_and_place_it_on_the_plate_table_8
91,Background Textures,1,4,pick_up_the_black_bowl_in_the_top_drawer_of_the_wooden_cabinet_and_place_it_on_the_plate,,,,,,,,,,9,,,,pick up the black bowl in the top drawer of the wooden cabinet and place it on the plate,pick up the black bowl in the top drawer of the wooden cabinet and place it on the plate table 9,pick_up_the_black_bowl_in_the_top_drawer_of_the_wooden_cabinet_and_place_it_on_the_plate_table_9
92,Background Textures,2,3,pick_up_the_black_bowl_in_the_top_drawer_of_the_wooden_cabinet_and_place_it_on_the_plate,,,,,,,,,,1,,,,pick up the black bowl in the top drawer of the wooden cabinet and place it on the plate,pick up the black bowl in the top drawer of the wooden cabinet and place it on the plate tb 1,pick_up_the_black_bowl_in_the_top_drawer_of_the_wooden_cabinet_and_place_it_on_the_plate_tb_1
93,Background Textures,2,3,pick_up_the_black_bowl_in_the_top_drawer_of_the_wooden_cabinet_and_place_it_on_the_plate,,,,,,,,,,12,,,,pick up the black bowl in the top drawer of the wooden cabinet and place it on the plate,pick up the black bowl in the top drawer of the wooden cabinet and place it on the plate tb 12,pick_up_the_black_bowl_in_the_top_drawer_of_the_wooden_cabinet_and_place_it_on_the_plate_tb_12
94,Background Textures,1,4,pick_up_the_black_bowl_in_the_top_drawer_of_the_wooden_cabinet_and_place_it_on_the_plate,,,,,,,,,,16,,,,pick up the black bowl in the top drawer of the wooden cabinet and place it on the plate,pick up the black bowl in the top drawer of the wooden cabinet and place it on the plate tb 16,pick_up_the_black_bowl_in_the_top_drawer_of_the_wooden_cabinet_and_place_it_on_the_plate_tb_16
95,Background Textures,3,2,pick_up_the_black_bowl_in_the_top_drawer_of_the_wooden_cabinet_and_place_it_on_the_plate,,,,,,,,,,17,,,,pick up the black bowl in the top drawer of the wooden cabinet and place it on the plate,pick up the black bowl in the top drawer of the wooden cabinet and place it on the plate tb 17,pick_up_the_black_bowl_in_the_top_drawer_of_the_wooden_cabinet_and_place_it_on_the_plate_tb_17
96,Background Textures,2,3,pick_up_the_black_bowl_in_the_top_drawer_of_the_wooden_cabinet_and_place_it_on_the_plate,,,,,,,,,,19,,,,pick up the black bowl in the top drawer of the wooden cabinet and place it on the plate,pick up the black bowl in the top drawer of the wooden cabinet and place it on the plate tb 19,pick_up_the_black_bowl_in_the_top_drawer_of_the_wooden_cabinet_and_place_it_on_the_plate_tb_19
97,Background Textures,2,3,pick_up_the_black_bowl_in_the_top_drawer_of_the_wooden_cabinet_and_place_it_on_the_plate,,,,,,,,,,21,,,,pick up the black bowl in the top drawer of the wooden cabinet and place it on the plate,pick up the black bowl in the top drawer of the wooden cabinet and place it on the plate tb 21,pick_up_the_black_bowl_in_the_top_drawer_of_the_wooden_cabinet_and_place_it_on_the_plate_tb_21
98,Background Textures,1,4,pick_up_the_black_bowl_in_the_top_drawer_of_the_wooden_cabinet_and_place_it_on_the_plate,,,,,,,,,,22,,,,pick up the black bowl in the top drawer of the wooden cabinet and place it on the plate,pick up the black bowl in the top drawer of the wooden cabinet and place it on the plate tb 22,pick_up_the_black_bowl_in_the_top_drawer_of_the_wooden_cabinet_and_place_it_on_the_plate_tb_22
99,Background Textures,1,4,pick_up_the_black_bowl_in_the_top_drawer_of_the_wooden_cabinet_and_place_it_on_the_plate,,,,,,,,,,7,,,,pick up the black bowl in the top drawer of the wooden cabinet and place it on the plate,pick up the black bowl in the top drawer of the wooden cabinet and place it on the plate tb 7,pick_up_the_black_bowl_in_the_top_drawer_of_the_wooden_cabinet_and_place_it_on_the_plate_tb_7
100,Background Textures,2,3,pick_up_the_black_bowl_in_the_top_drawer_of_the_wooden_cabinet_and_place_it_on_the_plate,,,,,,,,,,9,,,,pick up the black bowl in the top drawer of the wooden cabinet and place it on the plate,pick up the black bowl in the top drawer of the wooden cabinet and place it on the plate tb 9,pick_up_the_black_bowl_in_the_top_drawer_of_the_wooden_cabinet_and_place_it_on_the_plate_tb_9
101,Background Textures,1,4,pick_up_the_black_bowl_next_to_the_cookie_box_and_place_it_on_the_plate,,,,,,,,,,1,,,,pick up the black bowl next to the cookie box and place it on the plate,pick up the black bowl next to the cookie box and place it on the plate table 1,pick_up_the_black_bowl_next_to_the_cookie_box_and_place_it_on_the_plate_table_1
102,Background Textures,2,3,pick_up_the_black_bowl_next_to_the_cookie_box_and_place_it_on_the_plate,,,,,,,,,,10,,,,pick up the black bowl next to the cookie box and place it on the plate,pick up the black bowl next to the cookie box and place it on the plate table 10,pick_up_the_black_bowl_next_to_the_cookie_box_and_place_it_on_the_plate_table_10
103,Background Textures,1,4,pick_up_the_black_bowl_next_to_the_cookie_box_and_place_it_on_the_plate,,,,,,,,,,12,,,,pick up the black bowl next to the cookie box and place it on the plate,pick up the black bowl next to the cookie box and place it on the plate table 12,pick_up_the_black_bowl_next_to_the_cookie_box_and_place_it_on_the_plate_table_12
104,Background Textures,1,4,pick_up_the_black_bowl_next_to_the_cookie_box_and_place_it_on_the_plate,,,,,,,,,,13,,,,pick up the black bowl next to the cookie box and place it on the plate,pick up the black bowl next to the cookie box and place it on the plate table 13,pick_up_the_black_bowl_next_to_the_cookie_box_and_place_it_on_the_plate_table_13
105,Background Textures,1,4,pick_up_the_black_bowl_next_to_the_cookie_box_and_place_it_on_the_plate,,,,,,,,,,21,,,,pick up the black bowl next to the cookie box and place it on the plate,pick up the black bowl next to the cookie box and place it on the plate table 21,pick_up_the_black_bowl_next_to_the_cookie_box_and_place_it_on_the_plate_table_21
106,Background Textures,1,4,pick_up_the_black_bowl_next_to_the_cookie_box_and_place_it_on_the_plate,,,,,,,,,,22,,,,pick up the black bowl next to the cookie box and place it on the plate,pick up the black bowl next to the cookie box and place it on the plate table 22,pick_up_the_black_bowl_next_to_the_cookie_box_and_place_it_on_the_plate_table_22
107,Background Textures,1,4,pick_up_the_black_bowl_next_to_the_cookie_box_and_place_it_on_the_plate,,,,,,,,,,23,,,,pick up the black bowl next to the cookie box and place it on the plate,pick up the black bowl next to the cookie box and place it on the plate table 23,pick_up_the_black_bowl_next_to_the_cookie_box_and_place_it_on_the_plate_table_23
108,Background Textures,1,4,pick_up_the_black_bowl_next_to_the_cookie_box_and_place_it_on_the_plate,,,,,,,,,,9,,,,pick up the black bowl next to the cookie box and place it on the plate,pick up the black bowl next to the cookie box and place it on the plate table 9,pick_up_the_black_bowl_next_to_the_cookie_box_and_place_it_on_the_plate_table_9
109,Background Textures,2,3,pick_up_the_black_bowl_next_to_the_cookie_box_and_place_it_on_the_plate,,,,,,,,,,10,,,,pick up the black bowl next to the cookie box and place it on the plate,pick up the black bowl next to the cookie box and place it on the plate tb 10,pick_up_the_black_bowl_next_to_the_cookie_box_and_place_it_on_the_plate_tb_10
110,Background Textures,1,4,pick_up_the_black_bowl_next_to_the_cookie_box_and_place_it_on_the_plate,,,,,,,,,,12,,,,pick up the black bowl next to the cookie box and place it on the plate,pick up the black bowl next to the cookie box and place it on the plate tb 12,pick_up_the_black_bowl_next_to_the_cookie_box_and_place_it_on_the_plate_tb_12
111,Background Textures,1,4,pick_up_the_black_bowl_next_to_the_cookie_box_and_place_it_on_the_plate,,,,,,,,,,14,,,,pick up the black bowl next to the cookie box and place it on the plate,pick up the black bowl next to the cookie box and place it on the plate tb 14,pick_up_the_black_bowl_next_to_the_cookie_box_and_place_it_on_the_plate_tb_14
112,Background Textures,1,4,pick_up_the_black_bowl_next_to_the_cookie_box_and_place_it_on_the_plate,,,,,,,,,,15,,,,pick up the black bowl next to the cookie box and place it on the plate,pick up the black bowl next to the cookie box and place it on the plate tb 15,pick_up_the_black_bowl_next_to_the_cookie_box_and_place_it_on_the_plate_tb_15
113,Background Textures,1,4,pick_up_the_black_bowl_next_to_the_cookie_box_and_place_it_on_the_plate,,,,,,,,,,17,,,,pick up the black bowl next to the cookie box and place it on the plate,pick up the black bowl next to the cookie box and place it on the plate tb 17,pick_up_the_black_bowl_next_to_the_cookie_box_and_place_it_on_the_plate_tb_17
114,Background Textures,1,4,pick_up_the_black_bowl_next_to_the_cookie_box_and_place_it_on_the_plate,,,,,,,,,,18,,,,pick up the black bowl next to the cookie box and place it on the plate,pick up the black bowl next to the cookie box and place it on the plate tb 18,pick_up_the_black_bowl_next_to_the_cookie_box_and_place_it_on_the_plate_tb_18
115,Background Textures,2,3,pick_up_the_black_bowl_next_to_the_cookie_box_and_place_it_on_the_plate,,,,,,,,,,19,,,,pick up the black bowl next to the cookie box and place it on the plate,pick up the black bowl next to the cookie box and place it on the plate tb 19,pick_up_the_black_bowl_next_to_the_cookie_box_and_place_it_on_the_plate_tb_19
116,Background Textures,1,4,pick_up_the_black_bowl_next_to_the_cookie_box_and_place_it_on_the_plate,,,,,,,,,,2,,,,pick up the black bowl next to the cookie box and place it on the plate,pick up the black bowl next to the cookie box and place it on the plate tb 2,pick_up_the_black_bowl_next_to_the_cookie_box_and_place_it_on_the_plate_tb_2
117,Background Textures,1,4,pick_up_the_black_bowl_next_to_the_cookie_box_and_place_it_on_the_plate,,,,,,,,,,20,,,,pick up the black bowl next to the cookie box and place it on the plate,pick up the black bowl next to the cookie box and place it on the plate tb 20,pick_up_the_black_bowl_next_to_the_cookie_box_and_place_it_on_the_plate_tb_20
118,Background Textures,1,4,pick_up_the_black_bowl_next_to_the_cookie_box_and_place_it_on_the_plate,,,,,,,,,,21,,,,pick up the black bowl next to the cookie box and place it on the plate,pick up the black bowl next to the cookie box and place it on the plate tb 21,pick_up_the_black_bowl_next_to_the_cookie_box_and_place_it_on_the_plate_tb_21
119,Background Textures,2,3,pick_up_the_black_bowl_next_to_the_cookie_box_and_place_it_on_the_plate,,,,,,,,,,3,,,,pick up the black bowl next to the cookie box and place it on the plate,pick up the black bowl next to the cookie box and place it on the plate tb 3,pick_up_the_black_bowl_next_to_the_cookie_box_and_place_it_on_the_plate_tb_3
120,Background Textures,2,3,pick_up_the_black_bowl_next_to_the_cookie_box_and_place_it_on_the_plate,,,,,,,,,,9,,,,pick up the black bowl next to the cookie box and place it on the plate,pick up the black bowl next to the cookie box and place it on the plate tb 9,pick_up_the_black_bowl_next_to_the_cookie_box_and_place_it_on_the_plate_tb_9
121,Background Textures,2,3,pick_up_the_black_bowl_next_to_the_plate_and_place_it_on_the_plate,,,,,,,,,,1,,,,pick up the black bowl next to the plate and place it on the plate,pick up the black bowl next to the plate and place it on the plate table 1,pick_up_the_black_bowl_next_to_the_plate_and_place_it_on_the_plate_table_1
122,Background Textures,2,3,pick_up_the_black_bowl_next_to_the_plate_and_place_it_on_the_plate,,,,,,,,,,12,,,,pick up the black bowl next to the plate and place it on the plate,pick up the black bowl next to the plate and place it on the plate table 12,pick_up_the_black_bowl_next_to_the_plate_and_place_it_on_the_plate_table_12
123,Background Textures,2,3,pick_up_the_black_bowl_next_to_the_plate_and_place_it_on_the_plate,,,,,,,,,,16,,,,pick up the black bowl next to the plate and place it on the plate,pick up the black bowl next to the plate and place it on the plate table 16,pick_up_the_black_bowl_next_to_the_plate_and_place_it_on_the_plate_table_16
124,Background Textures,3,2,pick_up_the_black_bowl_next_to_the_plate_and_place_it_on_the_plate,,,,,,,,,,24,,,,pick up the black bowl next to the plate and place it on the plate,pick up the black bowl next to the plate and place it on the plate table 24,pick_up_the_black_bowl_next_to_the_plate_and_place_it_on_the_plate_table_24
125,Background Textures,3,2,pick_up_the_black_bowl_next_to_the_plate_and_place_it_on_the_plate,,,,,,,,,,3,,,,pick up the black bowl next to the plate and place it on the plate,pick up the black bowl next to the plate and place it on the plate table 3,pick_up_the_black_bowl_next_to_the_plate_and_place_it_on_the_plate_table_3
126,Background Textures,2,3,pick_up_the_black_bowl_next_to_the_plate_and_place_it_on_the_plate,,,,,,,,,,7,,,,pick up the black bowl next to the plate and place it on the plate,pick up the black bowl next to the plate and place it on the plate table 7,pick_up_the_black_bowl_next_to_the_plate_and_place_it_on_the_plate_table_7
127,Background Textures,1,4,pick_up_the_black_bowl_next_to_the_ramekin_and_place_it_on_the_plate,,,,,,,,,,1,,,,pick up the black bowl next to the ramekin and place it on the plate,pick up the black bowl next to the ramekin and place it on the plate table 1,pick_up_the_black_bowl_next_to_the_ramekin_and_place_it_on_the_plate_table_1
128,Background Textures,3,2,pick_up_the_black_bowl_next_to_the_ramekin_and_place_it_on_the_plate,,,,,,,,,,10,,,,pick up the black bowl next to the ramekin and place it on the plate,pick up the black bowl next to the ramekin and place it on the plate table 10,pick_up_the_black_bowl_next_to_the_ramekin_and_place_it_on_the_plate_table_10
129,Background Textures,1,4,pick_up_the_black_bowl_next_to_the_ramekin_and_place_it_on_the_plate,,,,,,,,,,12,,,,pick up the black bowl next to the ramekin and place it on the plate,pick up the black bowl next to the ramekin and place it on the plate table 12,pick_up_the_black_bowl_next_to_the_ramekin_and_place_it_on_the_plate_table_12
130,Background Textures,2,3,pick_up_the_black_bowl_next_to_the_ramekin_and_place_it_on_the_plate,,,,,,,,,,13,,,,pick up the black bowl next to the ramekin and place it on the plate,pick up the black bowl next to the ramekin and place it on the plate table 13,pick_up_the_black_bowl_next_to_the_ramekin_and_place_it_on_the_plate_table_13
131,Background Textures,3,2,pick_up_the_black_bowl_next_to_the_ramekin_and_place_it_on_the_plate,,,,,,,,,,3,,,,pick up the black bowl next to the ramekin and place it on the plate,pick up the black bowl next to the ramekin and place it on the plate table 3,pick_up_the_black_bowl_next_to_the_ramekin_and_place_it_on_the_plate_table_3
132,Background Textures,3,2,pick_up_the_black_bowl_next_to_the_ramekin_and_place_it_on_the_plate,,,,,,,,,,9,,,,pick up the black bowl next to the ramekin and place it on the plate,pick up the black bowl next to the ramekin and place it on the plate table 9,pick_up_the_black_bowl_next_to_the_ramekin_and_place_it_on_the_plate_table_9
133,Background Textures,4,1,pick_up_the_black_bowl_next_to_the_ramekin_and_place_it_on_the_plate,,,,,,,,,,19,,,,pick up the black bowl next to the ramekin and place it on the plate,pick up the black bowl next to the ramekin and place it on the plate tb 19,pick_up_the_black_bowl_next_to_the_ramekin_and_place_it_on_the_plate_tb_19
134,Background Textures,2,3,pick_up_the_black_bowl_next_to_the_ramekin_and_place_it_on_the_plate,,,,,,,,,,20,,,,pick up the black bowl next to the ramekin and place it on the plate,pick up the black bowl next to the ramekin and place it on the plate tb 20,pick_up_the_black_bowl_next_to_the_ramekin_and_place_it_on_the_plate_tb_20
135,Background Textures,2,3,pick_up_the_black_bowl_next_to_the_ramekin_and_place_it_on_the_plate,,,,,,,,,,21,,,,pick up the black bowl next to the ramekin and place it on the plate,pick up the black bowl next to the ramekin and place it on the plate tb 21,pick_up_the_black_bowl_next_to_the_ramekin_and_place_it_on_the_plate_tb_21
136,Background Textures,3,2,pick_up_the_black_bowl_next_to_the_ramekin_and_place_it_on_the_plate,,,,,,,,,,3,,,,pick up the black bowl next to the ramekin and place it on the plate,pick up the black bowl next to the ramekin and place it on the plate tb 3,pick_up_the_black_bowl_next_to_the_ramekin_and_place_it_on_the_plate_tb_3
137,Background Textures,1,4,pick_up_the_black_bowl_on_the_cookie_box_and_place_it_on_the_plate,,,,,,,,,,11,,,,pick up the black bowl on the cookie box and place it on the plate,pick up the black bowl on the cookie box and place it on the plate table 11,pick_up_the_black_bowl_on_the_cookie_box_and_place_it_on_the_plate_table_11
138,Background Textures,1,4,pick_up_the_black_bowl_on_the_cookie_box_and_place_it_on_the_plate,,,,,,,,,,12,,,,pick up the black bowl on the cookie box and place it on the plate,pick up the black bowl on the cookie box and place it on the plate table 12,pick_up_the_black_bowl_on_the_cookie_box_and_place_it_on_the_plate_table_12
139,Background Textures,1,4,pick_up_the_black_bowl_on_the_cookie_box_and_place_it_on_the_plate,,,,,,,,,,13,,,,pick up the black bowl on the cookie box and place it on the plate,pick up the black bowl on the cookie box and place it on the plate table 13,pick_up_the_black_bowl_on_the_cookie_box_and_place_it_on_the_plate_table_13
140,Background Textures,2,3,pick_up_the_black_bowl_on_the_cookie_box_and_place_it_on_the_plate,,,,,,,,,,16,,,,pick up the black bowl on the cookie box and place it on the plate,pick up the black bowl on the cookie box and place it on the plate table 16,pick_up_the_black_bowl_on_the_cookie_box_and_place_it_on_the_plate_table_16
141,Background Textures,2,3,pick_up_the_black_bowl_on_the_cookie_box_and_place_it_on_the_plate,,,,,,,,,,22,,,,pick up the black bowl on the cookie box and place it on the plate,pick up the black bowl on the cookie box and place it on the plate table 22,pick_up_the_black_bowl_on_the_cookie_box_and_place_it_on_the_plate_table_22
142,Background Textures,1,4,pick_up_the_black_bowl_on_the_cookie_box_and_place_it_on_the_plate,,,,,,,,,,23,,,,pick up the black bowl on the cookie box and place it on the plate,pick up the black bowl on the cookie box and place it on the plate table 23,pick_up_the_black_bowl_on_the_cookie_box_and_place_it_on_the_plate_table_23
143,Background Textures,1,4,pick_up_the_black_bowl_on_the_cookie_box_and_place_it_on_the_plate,,,,,,,,,,25,,,,pick up the black bowl on the cookie box and place it on the plate,pick up the black bowl on the cookie box and place it on the plate table 25,pick_up_the_black_bowl_on_the_cookie_box_and_place_it_on_the_plate_table_25
144,Background Textures,1,4,pick_up_the_black_bowl_on_the_cookie_box_and_place_it_on_the_plate,,,,,,,,,,26,,,,pick up the black bowl on the cookie box and place it on the plate,pick up the black bowl on the cookie box and place it on the plate table 26,pick_up_the_black_bowl_on_the_cookie_box_and_place_it_on_the_plate_table_26
145,Background Textures,1,4,pick_up_the_black_bowl_on_the_cookie_box_and_place_it_on_the_plate,,,,,,,,,,27,,,,pick up the black bowl on the cookie box and place it on the plate,pick up the black bowl on the cookie box and place it on the plate table 27,pick_up_the_black_bowl_on_the_cookie_box_and_place_it_on_the_plate_table_27
146,Background Textures,1,4,pick_up_the_black_bowl_on_the_cookie_box_and_place_it_on_the_plate,,,,,,,,,,4,,,,pick up the black bowl on the cookie box and place it on the plate,pick up the black bowl on the cookie box and place it on the plate table 4,pick_up_the_black_bowl_on_the_cookie_box_and_place_it_on_the_plate_table_4
147,Background Textures,2,3,pick_up_the_black_bowl_on_the_cookie_box_and_place_it_on_the_plate,,,,,,,,,,5,,,,pick up the black bowl on the cookie box and place it on the plate,pick up the black bowl on the cookie box and place it on the plate table 5,pick_up_the_black_bowl_on_the_cookie_box_and_place_it_on_the_plate_table_5
148,Background Textures,1,4,pick_up_the_black_bowl_on_the_cookie_box_and_place_it_on_the_plate,,,,,,,,,,1,,,,pick up the black bowl on the cookie box and place it on the plate,pick up the black bowl on the cookie box and place it on the plate tb 1,pick_up_the_black_bowl_on_the_cookie_box_and_place_it_on_the_plate_tb_1
149,Background Textures,1,4,pick_up_the_black_bowl_on_the_cookie_box_and_place_it_on_the_plate,,,,,,,,,,10,,,,pick up the black bowl on the cookie box and place it on the plate,pick up the black bowl on the cookie box and place it on the plate tb 10,pick_up_the_black_bowl_on_the_cookie_box_and_place_it_on_the_plate_tb_10
150,Background Textures,1,4,pick_up_the_black_bowl_on_the_cookie_box_and_place_it_on_the_plate,,,,,,,,,,11,,,,pick up the black bowl on the cookie box and place it on the plate,pick up the black bowl on the cookie box and place it on the plate tb 11,pick_up_the_black_bowl_on_the_cookie_box_and_place_it_on_the_plate_tb_11
151,Background Textures,1,4,pick_up_the_black_bowl_on_the_cookie_box_and_place_it_on_the_plate,,,,,,,,,,12,,,,pick up the black bowl on the cookie box and place it on the plate,pick up the black bowl on the cookie box and place it on the plate tb 12,pick_up_the_black_bowl_on_the_cookie_box_and_place_it_on_the_plate_tb_12
152,Background Textures,1,4,pick_up_the_black_bowl_on_the_cookie_box_and_place_it_on_the_plate,,,,,,,,,,13,,,,pick up the black bowl on the cookie box and place it on the plate,pick up the black bowl on the cookie box and place it on the plate tb 13,pick_up_the_black_bowl_on_the_cookie_box_and_place_it_on_the_plate_tb_13
153,Background Textures,2,3,pick_up_the_black_bowl_on_the_cookie_box_and_place_it_on_the_plate,,,,,,,,,,14,,,,pick up the black bowl on the cookie box and place it on the plate,pick up the black bowl on the cookie box and place it on the plate tb 14,pick_up_the_black_bowl_on_the_cookie_box_and_place_it_on_the_plate_tb_14
154,Background Textures,1,4,pick_up_the_black_bowl_on_the_cookie_box_and_place_it_on_the_plate,,,,,,,,,,15,,,,pick up the black bowl on the cookie box and place it on the plate,pick up the black bowl on the cookie box and place it on the plate tb 15,pick_up_the_black_bowl_on_the_cookie_box_and_place_it_on_the_plate_tb_15
155,Background Textures,2,3,pick_up_the_black_bowl_on_the_cookie_box_and_place_it_on_the_plate,,,,,,,,,,16,,,,pick up the black bowl on the cookie box and place it on the plate,pick up the black bowl on the cookie box and place it on the plate tb 16,pick_up_the_black_bowl_on_the_cookie_box_and_place_it_on_the_plate_tb_16
156,Background Textures,2,3,pick_up_the_black_bowl_on_the_cookie_box_and_place_it_on_the_plate,,,,,,,,,,17,,,,pick up the black bowl on the cookie box and place it on the plate,pick up the black bowl on the cookie box and place it on the plate tb 17,pick_up_the_black_bowl_on_the_cookie_box_and_place_it_on_the_plate_tb_17
157,Background Textures,1,4,pick_up_the_black_bowl_on_the_cookie_box_and_place_it_on_the_plate,,,,,,,,,,18,,,,pick up the black bowl on the cookie box and place it on the plate,pick up the black bowl on the cookie box and place it on the plate tb 18,pick_up_the_black_bowl_on_the_cookie_box_and_place_it_on_the_plate_tb_18
158,Background Textures,1,4,pick_up_the_black_bowl_on_the_cookie_box_and_place_it_on_the_plate,,,,,,,,,,19,,,,pick up the black bowl on the cookie box and place it on the plate,pick up the black bowl on the cookie box and place it on the plate tb 19,pick_up_the_black_bowl_on_the_cookie_box_and_place_it_on_the_plate_tb_19
159,Background Textures,1,4,pick_up_the_black_bowl_on_the_cookie_box_and_place_it_on_the_plate,,,,,,,,,,2,,,,pick up the black bowl on the cookie box and place it on the plate,pick up the black bowl on the cookie box and place it on the plate tb 2,pick_up_the_black_bowl_on_the_cookie_box_and_place_it_on_the_plate_tb_2
160,Background Textures,1,4,pick_up_the_black_bowl_on_the_cookie_box_and_place_it_on_the_plate,,,,,,,,,,21,,,,pick up the black bowl on the cookie box and place it on the plate,pick up the black bowl on the cookie box and place it on the plate tb 21,pick_up_the_black_bowl_on_the_cookie_box_and_place_it_on_the_plate_tb_21
161,Background Textures,1,4,pick_up_the_black_bowl_on_the_cookie_box_and_place_it_on_the_plate,,,,,,,,,,22,,,,pick up the black bowl on the cookie box and place it on the plate,pick up the black bowl on the cookie box and place it on the plate tb 22,pick_up_the_black_bowl_on_the_cookie_box_and_place_it_on_the_plate_tb_22
162,Background Textures,1,4,pick_up_the_black_bowl_on_the_cookie_box_and_place_it_on_the_plate,,,,,,,,,,23,,,,pick up the black bowl on the cookie box and place it on the plate,pick up the black bowl on the cookie box and place it on the plate tb 23,pick_up_the_black_bowl_on_the_cookie_box_and_place_it_on_the_plate_tb_23
163,Background Textures,2,3,pick_up_the_black_bowl_on_the_cookie_box_and_place_it_on_the_plate,,,,,,,,,,3,,,,pick up the black bowl on the cookie box and place it on the plate,pick up the black bowl on the cookie box and place it on the plate tb 3,pick_up_the_black_bowl_on_the_cookie_box_and_place_it_on_the_plate_tb_3
164,Background Textures,2,3,pick_up_the_black_bowl_on_the_cookie_box_and_place_it_on_the_plate,,,,,,,,,,5,,,,pick up the black bowl on the cookie box and place it on the plate,pick up the black bowl on the cookie box and place it on the plate tb 5,pick_up_the_black_bowl_on_the_cookie_box_and_place_it_on_the_plate_tb_5
165,Background Textures,1,4,pick_up_the_black_bowl_on_the_cookie_box_and_place_it_on_the_plate,,,,,,,,,,6,,,,pick up the black bowl on the cookie box and place it on the plate,pick up the black bowl on the cookie box and place it on the plate tb 6,pick_up_the_black_bowl_on_the_cookie_box_and_place_it_on_the_plate_tb_6
166,Background Textures,2,3,pick_up_the_black_bowl_on_the_cookie_box_and_place_it_on_the_plate,,,,,,,,,,8,,,,pick up the black bowl on the cookie box and place it on the plate,pick up the black bowl on the cookie box and place it on the plate tb 8,pick_up_the_black_bowl_on_the_cookie_box_and_place_it_on_the_plate_tb_8
167,Background Textures,1,4,pick_up_the_black_bowl_on_the_cookie_box_and_place_it_on_the_plate,,,,,,,,,,9,,,,pick up the black bowl on the cookie box and place it on the plate,pick up the black bowl on the cookie box and place it on the plate tb 9,pick_up_the_black_bowl_on_the_cookie_box_and_place_it_on_the_plate_tb_9
168,Background Textures,1,4,pick_up_the_black_bowl_on_the_ramekin_and_place_it_on_the_plate,,,,,,,,,,1,,,,pick up the black bowl on the ramekin and place it on the plate,pick up the black bowl on the ramekin and place it on the plate table 1,pick_up_the_black_bowl_on_the_ramekin_and_place_it_on_the_plate_table_1
169,Background Textures,3,2,pick_up_the_black_bowl_on_the_ramekin_and_place_it_on_the_plate,,,,,,,,,,10,,,,pick up the black bowl on the ramekin and place it on the plate,pick up the black bowl on the ramekin and place it on the plate table 10,pick_up_the_black_bowl_on_the_ramekin_and_place_it_on_the_plate_table_10
170,Background Textures,5,0,pick_up_the_black_bowl_on_the_ramekin_and_place_it_on_the_plate,,,,,,,,,,12,,,,pick up the black bowl on the ramekin and place it on the plate,pick up the black bowl on the ramekin and place it on the plate table 12,pick_up_the_black_bowl_on_the_ramekin_and_place_it_on_the_plate_table_12
171,Background Textures,1,4,pick_up_the_black_bowl_on_the_ramekin_and_place_it_on_the_plate,,,,,,,,,,13,,,,pick up the black bowl on the ramekin and place it on the plate,pick up the black bowl on the ramekin and place it on the plate table 13,pick_up_the_black_bowl_on_the_ramekin_and_place_it_on_the_plate_table_13
172,Background Textures,2,3,pick_up_the_black_bowl_on_the_ramekin_and_place_it_on_the_plate,,,,,,,,,,15,,,,pick up the black bowl on the ramekin and place it on the plate,pick up the black bowl on the ramekin and place it on the plate table 15,pick_up_the_black_bowl_on_the_ramekin_and_place_it_on_the_plate_table_15
173,Background Textures,2,3,pick_up_the_black_bowl_on_the_ramekin_and_place_it_on_the_plate,,,,,,,,,,16,,,,pick up the black bowl on the ramekin and place it on the plate,pick up the black bowl on the ramekin and place it on the plate table 16,pick_up_the_black_bowl_on_the_ramekin_and_place_it_on_the_plate_table_16
174,Background Textures,1,4,pick_up_the_black_bowl_on_the_ramekin_and_place_it_on_the_plate,,,,,,,,,,17,,,,pick up the black bowl on the ramekin and place it on the plate,pick up the black bowl on the ramekin and place it on the plate table 17,pick_up_the_black_bowl_on_the_ramekin_and_place_it_on_the_plate_table_17
175,Background Textures,2,3,pick_up_the_black_bowl_on_the_ramekin_and_place_it_on_the_plate,,,,,,,,,,18,,,,pick up the black bowl on the ramekin and place it on the plate,pick up the black bowl on the ramekin and place it on the plate table 18,pick_up_the_black_bowl_on_the_ramekin_and_place_it_on_the_plate_table_18
176,Background Textures,4,1,pick_up_the_black_bowl_on_the_ramekin_and_place_it_on_the_plate,,,,,,,,,,19,,,,pick up the black bowl on the ramekin and place it on the plate,pick up the black bowl on the ramekin and place it on the plate table 19,pick_up_the_black_bowl_on_the_ramekin_and_place_it_on_the_plate_table_19
177,Background Textures,1,4,pick_up_the_black_bowl_on_the_ramekin_and_place_it_on_the_plate,,,,,,,,,,2,,,,pick up the black bowl on the ramekin and place it on the plate,pick up the black bowl on the ramekin and place it on the plate table 2,pick_up_the_black_bowl_on_the_ramekin_and_place_it_on_the_plate_table_2
178,Background Textures,3,2,pick_up_the_black_bowl_on_the_ramekin_and_place_it_on_the_plate,,,,,,,,,,20,,,,pick up the black bowl on the ramekin and place it on the plate,pick up the black bowl on the ramekin and place it on the plate table 20,pick_up_the_black_bowl_on_the_ramekin_and_place_it_on_the_plate_table_20
179,Background Textures,3,2,pick_up_the_black_bowl_on_the_ramekin_and_place_it_on_the_plate,,,,,,,,,,23,,,,pick up the black bowl on the ramekin and place it on the plate,pick up the black bowl on the ramekin and place it on the plate table 23,pick_up_the_black_bowl_on_the_ramekin_and_place_it_on_the_plate_table_23
180,Background Textures,3,2,pick_up_the_black_bowl_on_the_ramekin_and_place_it_on_the_plate,,,,,,,,,,24,,,,pick up the black bowl on the ramekin and place it on the plate,pick up the black bowl on the ramekin and place it on the plate table 24,pick_up_the_black_bowl_on_the_ramekin_and_place_it_on_the_plate_table_24
181,Background Textures,1,4,pick_up_the_black_bowl_on_the_ramekin_and_place_it_on_the_plate,,,,,,,,,,25,,,,pick up the black bowl on the ramekin and place it on the plate,pick up the black bowl on the ramekin and place it on the plate table 25,pick_up_the_black_bowl_on_the_ramekin_and_place_it_on_the_plate_table_25
182,Background Textures,1,4,pick_up_the_black_bowl_on_the_ramekin_and_place_it_on_the_plate,,,,,,,,,,26,,,,pick up the black bowl on the ramekin and place it on the plate,pick up the black bowl on the ramekin and place it on the plate table 26,pick_up_the_black_bowl_on_the_ramekin_and_place_it_on_the_plate_table_26
183,Background Textures,2,3,pick_up_the_black_bowl_on_the_ramekin_and_place_it_on_the_plate,,,,,,,,,,3,,,,pick up the black bowl on the ramekin and place it on the plate,pick up the black bowl on the ramekin and place it on the plate table 3,pick_up_the_black_bowl_on_the_ramekin_and_place_it_on_the_plate_table_3
184,Background Textures,1,4,pick_up_the_black_bowl_on_the_ramekin_and_place_it_on_the_plate,,,,,,,,,,5,,,,pick up the black bowl on the ramekin and place it on the plate,pick up the black bowl on the ramekin and place it on the plate table 5,pick_up_the_black_bowl_on_the_ramekin_and_place_it_on_the_plate_table_5
185,Background Textures,3,2,pick_up_the_black_bowl_on_the_ramekin_and_place_it_on_the_plate,,,,,,,,,,6,,,,pick up the black bowl on the ramekin and place it on the plate,pick up the black bowl on the ramekin and place it on the plate table 6,pick_up_the_black_bowl_on_the_ramekin_and_place_it_on_the_plate_table_6
186,Background Textures,3,2,pick_up_the_black_bowl_on_the_ramekin_and_place_it_on_the_plate,,,,,,,,,,8,,,,pick up the black bowl on the ramekin and place it on the plate,pick up the black bowl on the ramekin and place it on the plate table 8,pick_up_the_black_bowl_on_the_ramekin_and_place_it_on_the_plate_table_8
187,Background Textures,3,2,pick_up_the_black_bowl_on_the_ramekin_and_place_it_on_the_plate,,,,,,,,,,9,,,,pick up the black bowl on the ramekin and place it on the plate,pick up the black bowl on the ramekin and place it on the plate table 9,pick_up_the_black_bowl_on_the_ramekin_and_place_it_on_the_plate_table_9
188,Background Textures,1,4,pick_up_the_black_bowl_on_the_ramekin_and_place_it_on_the_plate,,,,,,,,,,1,,,,pick up the black bowl on the ramekin and place it on the plate,pick up the black bowl on the ramekin and place it on the plate tb 1,pick_up_the_black_bowl_on_the_ramekin_and_place_it_on_the_plate_tb_1
189,Background Textures,2,3,pick_up_the_black_bowl_on_the_ramekin_and_place_it_on_the_plate,,,,,,,,,,11,,,,pick up the black bowl on the ramekin and place it on the plate,pick up the black bowl on the ramekin and place it on the plate tb 11,pick_up_the_black_bowl_on_the_ramekin_and_place_it_on_the_plate_tb_11
190,Background Textures,1,4,pick_up_the_black_bowl_on_the_ramekin_and_place_it_on_the_plate,,,,,,,,,,12,,,,pick up the black bowl on the ramekin and place it on the plate,pick up the black bowl on the ramekin and place it on the plate tb 12,pick_up_the_black_bowl_on_the_ramekin_and_place_it_on_the_plate_tb_12
191,Background Textures,3,2,pick_up_the_black_bowl_on_the_ramekin_and_place_it_on_the_plate,,,,,,,,,,14,,,,pick up the black bowl on the ramekin and place it on the plate,pick up the black bowl on the ramekin and place it on the plate tb 14,pick_up_the_black_bowl_on_the_ramekin_and_place_it_on_the_plate_tb_14
192,Background Textures,3,2,pick_up_the_black_bowl_on_the_ramekin_and_place_it_on_the_plate,,,,,,,,,,16,,,,pick up the black bowl on the ramekin and place it on the plate,pick up the black bowl on the ramekin and place it on the plate tb 16,pick_up_the_black_bowl_on_the_ramekin_and_place_it_on_the_plate_tb_16
193,Background Textures,2,3,pick_up_the_black_bowl_on_the_ramekin_and_place_it_on_the_plate,,,,,,,,,,17,,,,pick up the black bowl on the ramekin and place it on the plate,pick up the black bowl on the ramekin and place it on the plate tb 17,pick_up_the_black_bowl_on_the_ramekin_and_place_it_on_the_plate_tb_17
194,Background Textures,3,2,pick_up_the_black_bowl_on_the_ramekin_and_place_it_on_the_plate,,,,,,,,,,18,,,,pick up the black bowl on the ramekin and place it on the plate,pick up the black bowl on the ramekin and place it on the plate tb 18,pick_up_the_black_bowl_on_the_ramekin_and_place_it_on_the_plate_tb_18
195,Background Textures,2,3,pick_up_the_black_bowl_on_the_ramekin_and_place_it_on_the_plate,,,,,,,,,,19,,,,pick up the black bowl on the ramekin and place it on the plate,pick up the black bowl on the ramekin and place it on the plate tb 19,pick_up_the_black_bowl_on_the_ramekin_and_place_it_on_the_plate_tb_19
196,Background Textures,3,2,pick_up_the_black_bowl_on_the_ramekin_and_place_it_on_the_plate,,,,,,,,,,22,,,,pick up the black bowl on the ramekin and place it on the plate,pick up the black bowl on the ramekin and place it on the plate tb 22,pick_up_the_black_bowl_on_the_ramekin_and_place_it_on_the_plate_tb_22
197,Background Textures,1,4,pick_up_the_black_bowl_on_the_ramekin_and_place_it_on_the_plate,,,,,,,,,,3,,,,pick up the black bowl on the ramekin and place it on the plate,pick up the black bowl on the ramekin and place it on the plate tb 3,pick_up_the_black_bowl_on_the_ramekin_and_place_it_on_the_plate_tb_3
198,Background Textures,1,4,pick_up_the_black_bowl_on_the_ramekin_and_place_it_on_the_plate,,,,,,,,,,4,,,,pick up the black bowl on the ramekin and place it on the plate,pick up the black bowl on the ramekin and place it on the plate tb 4,pick_up_the_black_bowl_on_the_ramekin_and_place_it_on_the_plate_tb_4
199,Background Textures,1,4,pick_up_the_black_bowl_on_the_ramekin_and_place_it_on_the_plate,,,,,,,,,,5,,,,pick up the black bowl on the ramekin and place it on the plate,pick up the black bowl on the ramekin and place it on the plate tb 5,pick_up_the_black_bowl_on_the_ramekin_and_place_it_on_the_plate_tb_5
200,Background Textures,1,4,pick_up_the_black_bowl_on_the_ramekin_and_place_it_on_the_plate,,,,,,,,,,6,,,,pick up the black bowl on the ramekin and place it on the plate,pick up the black bowl on the ramekin and place it on the plate tb 6,pick_up_the_black_bowl_on_the_ramekin_and_place_it_on_the_plate_tb_6
201,Background Textures,1,4,pick_up_the_black_bowl_on_the_ramekin_and_place_it_on_the_plate,,,,,,,,,,8,,,,pick up the black bowl on the ramekin and place it on the plate,pick up the black bowl on the ramekin and place it on the plate tb 8,pick_up_the_black_bowl_on_the_ramekin_and_place_it_on_the_plate_tb_8
202,Background Textures,1,4,pick_up_the_black_bowl_on_the_ramekin_and_place_it_on_the_plate,,,,,,,,,,9,,,,pick up the black bowl on the ramekin and place it on the plate,pick up the black bowl on the ramekin and place it on the plate tb 9,pick_up_the_black_bowl_on_the_ramekin_and_place_it_on_the_plate_tb_9
203,Background Textures,3,2,pick_up_the_black_bowl_on_the_stove_and_place_it_on_the_plate,,,,,,,,,,1,,,,pick up the black bowl on the stove and place it on the plate,pick up the black bowl on the stove and place it on the plate table 1,pick_up_the_black_bowl_on_the_stove_and_place_it_on_the_plate_table_1
204,Background Textures,4,1,pick_up_the_black_bowl_on_the_stove_and_place_it_on_the_plate,,,,,,,,,,10,,,,pick up the black bowl on the stove and place it on the plate,pick up the black bowl on the stove and place it on the plate table 10,pick_up_the_black_bowl_on_the_stove_and_place_it_on_the_plate_table_10
205,Background Textures,3,2,pick_up_the_black_bowl_on_the_stove_and_place_it_on_the_plate,,,,,,,,,,11,,,,pick up the black bowl on the stove and place it on the plate,pick up the black bowl on the stove and place it on the plate table 11,pick_up_the_black_bowl_on_the_stove_and_place_it_on_the_plate_table_11
206,Background Textures,3,2,pick_up_the_black_bowl_on_the_stove_and_place_it_on_the_plate,,,,,,,,,,12,,,,pick up the black bowl on the stove and place it on the plate,pick up the black bowl on the stove and place it on the plate table 12,pick_up_the_black_bowl_on_the_stove_and_place_it_on_the_plate_table_12
207,Background Textures,2,3,pick_up_the_black_bowl_on_the_stove_and_place_it_on_the_plate,,,,,,,,,,14,,,,pick up the black bowl on the stove and place it on the plate,pick up the black bowl on the stove and place it on the plate table 14,pick_up_the_black_bowl_on_the_stove_and_place_it_on_the_plate_table_14
208,Background Textures,1,4,pick_up_the_black_bowl_on_the_stove_and_place_it_on_the_plate,,,,,,,,,,15,,,,pick up the black bowl on the stove and place it on the plate,pick up the black bowl on the stove and place it on the plate table 15,pick_up_the_black_bowl_on_the_stove_and_place_it_on_the_plate_table_15
209,Background Textures,2,3,pick_up_the_black_bowl_on_the_stove_and_place_it_on_the_plate,,,,,,,,,,18,,,,pick up the black bowl on the stove and place it on the plate,pick up the black bowl on the stove and place it on the plate table 18,pick_up_the_black_bowl_on_the_stove_and_place_it_on_the_plate_table_18
210,Background Textures,2,3,pick_up_the_black_bowl_on_the_stove_and_place_it_on_the_plate,,,,,,,,,,19,,,,pick up the black bowl on the stove and place it on the plate,pick up the black bowl on the stove and place it on the plate table 19,pick_up_the_black_bowl_on_the_stove_and_place_it_on_the_plate_table_19
211,Background Textures,1,4,pick_up_the_black_bowl_on_the_stove_and_place_it_on_the_plate,,,,,,,,,,2,,,,pick up the black bowl on the stove and place it on the plate,pick up the black bowl on the stove and place it on the plate table 2,pick_up_the_black_bowl_on_the_stove_and_place_it_on_the_plate_table_2
212,Background Textures,1,4,pick_up_the_black_bowl_on_the_stove_and_place_it_on_the_plate,,,,,,,,,,20,,,,pick up the black bowl on the stove and place it on the plate,pick up the black bowl on the stove and place it on the plate table 20,pick_up_the_black_bowl_on_the_stove_and_place_it_on_the_plate_table_20
213,Background Textures,3,2,pick_up_the_black_bowl_on_the_stove_and_place_it_on_the_plate,,,,,,,,,,21,,,,pick up the black bowl on the stove and place it on the plate,pick up the black bowl on the stove and place it on the plate table 21,pick_up_the_black_bowl_on_the_stove_and_place_it_on_the_plate_table_21
214,Background Textures,2,3,pick_up_the_black_bowl_on_the_stove_and_place_it_on_the_plate,,,,,,,,,,22,,,,pick up the black bowl on the stove and place it on the plate,pick up the black bowl on the stove and place it on the plate table 22,pick_up_the_black_bowl_on_the_stove_and_place_it_on_the_plate_table_22
215,Background Textures,3,2,pick_up_the_black_bowl_on_the_stove_and_place_it_on_the_plate,,,,,,,,,,23,,,,pick up the black bowl on the stove and place it on the plate,pick up the black bowl on the stove and place it on the plate table 23,pick_up_the_black_bowl_on_the_stove_and_place_it_on_the_plate_table_23
216,Background Textures,3,2,pick_up_the_black_bowl_on_the_stove_and_place_it_on_the_plate,,,,,,,,,,24,,,,pick up the black bowl on the stove and place it on the plate,pick up the black bowl on the stove and place it on the plate table 24,pick_up_the_black_bowl_on_the_stove_and_place_it_on_the_plate_table_24
217,Background Textures,3,2,pick_up_the_black_bowl_on_the_stove_and_place_it_on_the_plate,,,,,,,,,,25,,,,pick up the black bowl on the stove and place it on the plate,pick up the black bowl on the stove and place it on the plate table 25,pick_up_the_black_bowl_on_the_stove_and_place_it_on_the_plate_table_25
218,Background Textures,1,4,pick_up_the_black_bowl_on_the_stove_and_place_it_on_the_plate,,,,,,,,,,26,,,,pick up the black bowl on the stove and place it on the plate,pick up the black bowl on the stove and place it on the plate table 26,pick_up_the_black_bowl_on_the_stove_and_place_it_on_the_plate_table_26
219,Background Textures,3,2,pick_up_the_black_bowl_on_the_stove_and_place_it_on_the_plate,,,,,,,,,,3,,,,pick up the black bowl on the stove and place it on the plate,pick up the black bowl on the stove and place it on the plate table 3,pick_up_the_black_bowl_on_the_stove_and_place_it_on_the_plate_table_3
220,Background Textures,1,4,pick_up_the_black_bowl_on_the_stove_and_place_it_on_the_plate,,,,,,,,,,4,,,,pick up the black bowl on the stove and place it on the plate,pick up the black bowl on the stove and place it on the plate table 4,pick_up_the_black_bowl_on_the_stove_and_place_it_on_the_plate_table_4
221,Background Textures,2,3,pick_up_the_black_bowl_on_the_stove_and_place_it_on_the_plate,,,,,,,,,,6,,,,pick up the black bowl on the stove and place it on the plate,pick up the black bowl on the stove and place it on the plate table 6,pick_up_the_black_bowl_on_the_stove_and_place_it_on_the_plate_table_6
222,Background Textures,3,2,pick_up_the_black_bowl_on_the_stove_and_place_it_on_the_plate,,,,,,,,,,7,,,,pick up the black bowl on the stove and place it on the plate,pick up the black bowl on the stove and place it on the plate table 7,pick_up_the_black_bowl_on_the_stove_and_place_it_on_the_plate_table_7
223,Background Textures,2,3,pick_up_the_black_bowl_on_the_stove_and_place_it_on_the_plate,,,,,,,,,,9,,,,pick up the black bowl on the stove and place it on the plate,pick up the black bowl on the stove and place it on the plate table 9,pick_up_the_black_bowl_on_the_stove_and_place_it_on_the_plate_table_9
224,Background Textures,2,3,pick_up_the_black_bowl_on_the_stove_and_place_it_on_the_plate,,,,,,,,,,1,,,,pick up the black bowl on the stove and place it on the plate,pick up the black bowl on the stove and place it on the plate tb 1,pick_up_the_black_bowl_on_the_stove_and_place_it_on_the_plate_tb_1
225,Background Textures,2,3,pick_up_the_black_bowl_on_the_stove_and_place_it_on_the_plate,,,,,,,,,,10,,,,pick up the black bowl on the stove and place it on the plate,pick up the black bowl on the stove and place it on the plate tb 10,pick_up_the_black_bowl_on_the_stove_and_place_it_on_the_plate_tb_10
226,Background Textures,3,2,pick_up_the_black_bowl_on_the_stove_and_place_it_on_the_plate,,,,,,,,,,11,,,,pick up the black bowl on the stove and place it on the plate,pick up the black bowl on the stove and place it on the plate tb 11,pick_up_the_black_bowl_on_the_stove_and_place_it_on_the_plate_tb_11
227,Background Textures,1,4,pick_up_the_black_bowl_on_the_stove_and_place_it_on_the_plate,,,,,,,,,,12,,,,pick up the black bowl on the stove and place it on the plate,pick up the black bowl on the stove and place it on the plate tb 12,pick_up_the_black_bowl_on_the_stove_and_place_it_on_the_plate_tb_12
228,Background Textures,2,3,pick_up_the_black_bowl_on_the_stove_and_place_it_on_the_plate,,,,,,,,,,14,,,,pick up the black bowl on the stove and place it on the plate,pick up the black bowl on the stove and place it on the plate tb 14,pick_up_the_black_bowl_on_the_stove_and_place_it_on_the_plate_tb_14
229,Background Textures,3,2,pick_up_the_black_bowl_on_the_stove_and_place_it_on_the_plate,,,,,,,,,,15,,,,pick up the black bowl on the stove and place it on the plate,pick up the black bowl on the stove and place it on the plate tb 15,pick_up_the_black_bowl_on_the_stove_and_place_it_on_the_plate_tb_15
230,Background Textures,3,2,pick_up_the_black_bowl_on_the_stove_and_place_it_on_the_plate,,,,,,,,,,16,,,,pick up the black bowl on the stove and place it on the plate,pick up the black bowl on the stove and place it on the plate tb 16,pick_up_the_black_bowl_on_the_stove_and_place_it_on_the_plate_tb_16
231,Background Textures,2,3,pick_up_the_black_bowl_on_the_stove_and_place_it_on_the_plate,,,,,,,,,,18,,,,pick up the black bowl on the stove and place it on the plate,pick up the black bowl on the stove and place it on the plate tb 18,pick_up_the_black_bowl_on_the_stove_and_place_it_on_the_plate_tb_18
232,Background Textures,1,4,pick_up_the_black_bowl_on_the_stove_and_place_it_on_the_plate,,,,,,,,,,19,,,,pick up the black bowl on the stove and place it on the plate,pick up the black bowl on the stove and place it on the plate tb 19,pick_up_the_black_bowl_on_the_stove_and_place_it_on_the_plate_tb_19
233,Background Textures,2,3,pick_up_the_black_bowl_on_the_stove_and_place_it_on_the_plate,,,,,,,,,,2,,,,pick up the black bowl on the stove and place it on the plate,pick up the black bowl on the stove and place it on the plate tb 2,pick_up_the_black_bowl_on_the_stove_and_place_it_on_the_plate_tb_2
234,Background Textures,1,4,pick_up_the_black_bowl_on_the_stove_and_place_it_on_the_plate,,,,,,,,,,20,,,,pick up the black bowl on the stove and place it on the plate,pick up the black bowl on the stove and place it on the plate tb 20,pick_up_the_black_bowl_on_the_stove_and_place_it_on_the_plate_tb_20
235,Background Textures,1,4,pick_up_the_black_bowl_on_the_stove_and_place_it_on_the_plate,,,,,,,,,,21,,,,pick up the black bowl on the stove and place it on the plate,pick up the black bowl on the stove and place it on the plate tb 21,pick_up_the_black_bowl_on_the_stove_and_place_it_on_the_plate_tb_21
236,Background Textures,1,4,pick_up_the_black_bowl_on_the_stove_and_place_it_on_the_plate,,,,,,,,,,22,,,,pick up the black bowl on the stove and place it on the plate,pick up the black bowl on the stove and place it on the plate tb 22,pick_up_the_black_bowl_on_the_stove_and_place_it_on_the_plate_tb_22
237,Background Textures,1,4,pick_up_the_black_bowl_on_the_stove_and_place_it_on_the_plate,,,,,,,,,,23,,,,pick up the black bowl on the stove and place it on the plate,pick up the black bowl on the stove and place it on the plate tb 23,pick_up_the_black_bowl_on_the_stove_and_place_it_on_the_plate_tb_23
238,Background Textures,3,2,pick_up_the_black_bowl_on_the_stove_and_place_it_on_the_plate,,,,,,,,,,3,,,,pick up the black bowl on the stove and place it on the plate,pick up the black bowl on the stove and place it on the plate tb 3,pick_up_the_black_bowl_on_the_stove_and_place_it_on_the_plate_tb_3
239,Background Textures,2,3,pick_up_the_black_bowl_on_the_stove_and_place_it_on_the_plate,,,,,,,,,,5,,,,pick up the black bowl on the stove and place it on the plate,pick up the black bowl on the stove and place it on the plate tb 5,pick_up_the_black_bowl_on_the_stove_and_place_it_on_the_plate_tb_5
240,Background Textures,1,4,pick_up_the_black_bowl_on_the_stove_and_place_it_on_the_plate,,,,,,,,,,6,,,,pick up the black bowl on the stove and place it on the plate,pick up the black bowl on the stove and place it on the plate tb 6,pick_up_the_black_bowl_on_the_stove_and_place_it_on_the_plate_tb_6
241,Background Textures,2,3,pick_up_the_black_bowl_on_the_stove_and_place_it_on_the_plate,,,,,,,,,,7,,,,pick up the black bowl on the stove and place it on the plate,pick up the black bowl on the stove and place it on the plate tb 7,pick_up_the_black_bowl_on_the_stove_and_place_it_on_the_plate_tb_7
242,Background Textures,1,4,pick_up_the_black_bowl_on_the_stove_and_place_it_on_the_plate,,,,,,,,,,8,,,,pick up the black bowl on the stove and place it on the plate,pick up the black bowl on the stove and place it on the plate tb 8,pick_up_the_black_bowl_on_the_stove_and_place_it_on_the_plate_tb_8
243,Background Textures,1,4,pick_up_the_black_bowl_on_the_stove_and_place_it_on_the_plate,,,,,,,,,,9,,,,pick up the black bowl on the stove and place it on the plate,pick up the black bowl on the stove and place it on the plate tb 9,pick_up_the_black_bowl_on_the_stove_and_place_it_on_the_plate_tb_9
244,Background Textures,3,2,pick_up_the_black_bowl_on_the_wooden_cabinet_and_place_it_on_the_plate,,,,,,,,,,1,,,,pick up the black bowl on the wooden cabinet and place it on the plate,pick up the black bowl on the wooden cabinet and place it on the plate table 1,pick_up_the_black_bowl_on_the_wooden_cabinet_and_place_it_on_the_plate_table_1
245,Background Textures,3,2,pick_up_the_black_bowl_on_the_wooden_cabinet_and_place_it_on_the_plate,,,,,,,,,,14,,,,pick up the black bowl on the wooden cabinet and place it on the plate,pick up the black bowl on the wooden cabinet and place it on the plate table 14,pick_up_the_black_bowl_on_the_wooden_cabinet_and_place_it_on_the_plate_table_14
246,Background Textures,2,3,pick_up_the_black_bowl_on_the_wooden_cabinet_and_place_it_on_the_plate,,,,,,,,,,17,,,,pick up the black bowl on the wooden cabinet and place it on the plate,pick up the black bowl on the wooden cabinet and place it on the plate table 17,pick_up_the_black_bowl_on_the_wooden_cabinet_and_place_it_on_the_plate_table_17
247,Background Textures,2,3,pick_up_the_black_bowl_on_the_wooden_cabinet_and_place_it_on_the_plate,,,,,,,,,,2,,,,pick up the black bowl on the wooden cabinet and place it on the plate,pick up the black bowl on the wooden cabinet and place it on the plate table 2,pick_up_the_black_bowl_on_the_wooden_cabinet_and_place_it_on_the_plate_table_2
248,Background Textures,2,3,pick_up_the_black_bowl_on_the_wooden_cabinet_and_place_it_on_the_plate,,,,,,,,,,23,,,,pick up the black bowl on the wooden cabinet and place it on the plate,pick up the black bowl on the wooden cabinet and place it on the plate table 23,pick_up_the_black_bowl_on_the_wooden_cabinet_and_place_it_on_the_plate_table_23
249,Background Textures,1,4,pick_up_the_black_bowl_on_the_wooden_cabinet_and_place_it_on_the_plate,,,,,,,,,,27,,,,pick up the black bowl on the wooden cabinet and place it on the plate,pick up the black bowl on the wooden cabinet and place it on the plate table 27,pick_up_the_black_bowl_on_the_wooden_cabinet_and_place_it_on_the_plate_table_27
250,Background Textures,1,4,pick_up_the_black_bowl_on_the_wooden_cabinet_and_place_it_on_the_plate,,,,,,,,,,28,,,,pick up the black bowl on the wooden cabinet and place it on the plate,pick up the black bowl on the wooden cabinet and place it on the plate table 28,pick_up_the_black_bowl_on_the_wooden_cabinet_and_place_it_on_the_plate_table_28
251,Background Textures,2,3,pick_up_the_black_bowl_on_the_wooden_cabinet_and_place_it_on_the_plate,,,,,,,,,,3,,,,pick up the black bowl on the wooden cabinet and place it on the plate,pick up the black bowl on the wooden cabinet and place it on the plate table 3,pick_up_the_black_bowl_on_the_wooden_cabinet_and_place_it_on_the_plate_table_3
252,Background Textures,2,3,pick_up_the_black_bowl_on_the_wooden_cabinet_and_place_it_on_the_plate,,,,,,,,,,4,,,,pick up the black bowl on the wooden cabinet and place it on the plate,pick up the black bowl on the wooden cabinet and place it on the plate table 4,pick_up_the_black_bowl_on_the_wooden_cabinet_and_place_it_on_the_plate_table_4
253,Background Textures,2,3,pick_up_the_black_bowl_on_the_wooden_cabinet_and_place_it_on_the_plate,,,,,,,,,,1,,,,pick up the black bowl on the wooden cabinet and place it on the plate,pick up the black bowl on the wooden cabinet and place it on the plate tb 1,pick_up_the_black_bowl_on_the_wooden_cabinet_and_place_it_on_the_plate_tb_1
254,Background Textures,4,1,pick_up_the_black_bowl_on_the_wooden_cabinet_and_place_it_on_the_plate,,,,,,,,,,12,,,,pick up the black bowl on the wooden cabinet and place it on the plate,pick up the black bowl on the wooden cabinet and place it on the plate tb 12,pick_up_the_black_bowl_on_the_wooden_cabinet_and_place_it_on_the_plate_tb_12
255,Background Textures,2,3,pick_up_the_black_bowl_on_the_wooden_cabinet_and_place_it_on_the_plate,,,,,,,,,,17,,,,pick up the black bowl on the wooden cabinet and place it on the plate,pick up the black bowl on the wooden cabinet and place it on the plate tb 17,pick_up_the_black_bowl_on_the_wooden_cabinet_and_place_it_on_the_plate_tb_17
256,Background Textures,2,3,pick_up_the_black_bowl_on_the_wooden_cabinet_and_place_it_on_the_plate,,,,,,,,,,2,,,,pick up the black bowl on the wooden cabinet and place it on the plate,pick up the black bowl on the wooden cabinet and place it on the plate tb 2,pick_up_the_black_bowl_on_the_wooden_cabinet_and_place_it_on_the_plate_tb_2
257,Background Textures,1,4,pick_up_the_black_bowl_on_the_wooden_cabinet_and_place_it_on_the_plate,,,,,,,,,,6,,,,pick up the black bowl on the wooden cabinet and place it on the plate,pick up the black bowl on the wooden cabinet and place it on the plate tb 6,pick_up_the_black_bowl_on_the_wooden_cabinet_and_place_it_on_the_plate_tb_6
258,Robot Initial States,1,4,pick_up_the_black_bowl_between_the_plate_and_the_ramekin_and_place_it_on_the_plate,0,0,100,0,0,1,,,,,,,,pick up the black bowl between the plate and the ramekin and place it on the plate,pick up the black bowl between the plate and the ramekin and place it on the plate view 0 0 100 0 0 initstate 1,pick_up_the_black_bowl_between_the_plate_and_the_ramekin_and_place_it_on_the_plate_view_0_0_100_0_0_initstate_1
259,Robot Initial States,1,4,pick_up_the_black_bowl_between_the_plate_and_the_ramekin_and_place_it_on_the_plate,0,0,100,0,0,11,,,,,,,,pick up the black bowl between the plate and the ramekin and place it on the plate,pick up the black bowl between the plate and the ramekin and place it on the plate view 0 0 100 0 0 initstate 11,pick_up_the_black_bowl_between_the_plate_and_the_ramekin_and_place_it_on_the_plate_view_0_0_100_0_0_initstate_11
260,Robot Initial States,1,4,pick_up_the_black_bowl_between_the_plate_and_the_ramekin_and_place_it_on_the_plate,0,0,100,0,0,101,,,,,,,,pick up the black bowl between the plate and the ramekin and place it on the plate,pick up the black bowl between the plate and the ramekin and place it on the plate view 0 0 100 0 0 initstate 101,pick_up_the_black_bowl_between_the_plate_and_the_ramekin_and_place_it_on_the_plate_view_0_0_100_0_0_initstate_101
261,Robot Initial States,1,4,pick_up_the_black_bowl_between_the_plate_and_the_ramekin_and_place_it_on_the_plate,0,0,100,0,0,121,,,,,,,,pick up the black bowl between the plate and the ramekin and place it on the plate,pick up the black bowl between the plate and the ramekin and place it on the plate view 0 0 100 0 0 initstate 121,pick_up_the_black_bowl_between_the_plate_and_the_ramekin_and_place_it_on_the_plate_view_0_0_100_0_0_initstate_121
262,Robot Initial States,3,2,pick_up_the_black_bowl_between_the_plate_and_the_ramekin_and_place_it_on_the_plate,0,0,100,0,0,131,,,,,,,,pick up the black bowl between the plate and the ramekin and place it on the plate,pick up the black bowl between the plate and the ramekin and place it on the plate view 0 0 100 0 0 initstate 131,pick_up_the_black_bowl_between_the_plate_and_the_ramekin_and_place_it_on_the_plate_view_0_0_100_0_0_initstate_131
263,Robot Initial States,1,4,pick_up_the_black_bowl_between_the_plate_and_the_ramekin_and_place_it_on_the_plate,0,0,100,0,0,141,,,,,,,,pick up the black bowl between the plate and the ramekin and place it on the plate,pick up the black bowl between the plate and the ramekin and place it on the plate view 0 0 100 0 0 initstate 141,pick_up_the_black_bowl_between_the_plate_and_the_ramekin_and_place_it_on_the_plate_view_0_0_100_0_0_initstate_141
264,Robot Initial States,1,4,pick_up_the_black_bowl_between_the_plate_and_the_ramekin_and_place_it_on_the_plate,0,0,100,0,0,151,,,,,,,,pick up the black bowl between the plate and the ramekin and place it on the plate,pick up the black bowl between the plate and the ramekin and place it on the plate view 0 0 100 0 0 initstate 151,pick_up_the_black_bowl_between_the_plate_and_the_ramekin_and_place_it_on_the_plate_view_0_0_100_0_0_initstate_151
265,Robot Initial States,2,3,pick_up_the_black_bowl_between_the_plate_and_the_ramekin_and_place_it_on_the_plate,0,0,100,0,0,161,,,,,,,,pick up the black bowl between the plate and the ramekin and place it on the plate,pick up the black bowl between the plate and the ramekin and place it on the plate view 0 0 100 0 0 initstate 161,pick_up_the_black_bowl_between_the_plate_and_the_ramekin_and_place_it_on_the_plate_view_0_0_100_0_0_initstate_161
266,Robot Initial States,4,1,pick_up_the_black_bowl_between_the_plate_and_the_ramekin_and_place_it_on_the_plate,0,0,100,0,0,171,,,,,,,,pick up the black bowl between the plate and the ramekin and place it on the plate,pick up the black bowl between the plate and the ramekin and place it on the plate view 0 0 100 0 0 initstate 171,pick_up_the_black_bowl_between_the_plate_and_the_ramekin_and_place_it_on_the_plate_view_0_0_100_0_0_initstate_171
267,Robot Initial States,4,1,pick_up_the_black_bowl_between_the_plate_and_the_ramekin_and_place_it_on_the_plate,0,0,100,0,0,211,,,,,,,,pick up the black bowl between the plate and the ramekin and place it on the plate,pick up the black bowl between the plate and the ramekin and place it on the plate view 0 0 100 0 0 initstate 211,pick_up_the_black_bowl_between_the_plate_and_the_ramekin_and_place_it_on_the_plate_view_0_0_100_0_0_initstate_211
268,Robot Initial States,1,4,pick_up_the_black_bowl_between_the_plate_and_the_ramekin_and_place_it_on_the_plate,0,0,100,0,0,221,,,,,,,,pick up the black bowl between the plate and the ramekin and place it on the plate,pick up the black bowl between the plate and the ramekin and place it on the plate view 0 0 100 0 0 initstate 221,pick_up_the_black_bowl_between_the_plate_and_the_ramekin_and_place_it_on_the_plate_view_0_0_100_0_0_initstate_221
269,Robot Initial States,5,0,pick_up_the_black_bowl_between_the_plate_and_the_ramekin_and_place_it_on_the_plate,0,0,100,0,0,231,,,,,,,,pick up the black bowl between the plate and the ramekin and place it on the plate,pick up the black bowl between the plate and the ramekin and place it on the plate view 0 0 100 0 0 initstate 231,pick_up_the_black_bowl_between_the_plate_and_the_ramekin_and_place_it_on_the_plate_view_0_0_100_0_0_initstate_231
270,Robot Initial States,4,1,pick_up_the_black_bowl_between_the_plate_and_the_ramekin_and_place_it_on_the_plate,0,0,100,0,0,241,,,,,,,,pick up the black bowl between the plate and the ramekin and place it on the plate,pick up the black bowl between the plate and the ramekin and place it on the plate view 0 0 100 0 0 initstate 241,pick_up_the_black_bowl_between_the_plate_and_the_ramekin_and_place_it_on_the_plate_view_0_0_100_0_0_initstate_241
271,Robot Initial States,1,4,pick_up_the_black_bowl_between_the_plate_and_the_ramekin_and_place_it_on_the_plate,0,0,100,0,0,271,,,,,,,,pick up the black bowl between the plate and the ramekin and place it on the plate,pick up the black bowl between the plate and the ramekin and place it on the plate view 0 0 100 0 0 initstate 271,pick_up_the_black_bowl_between_the_plate_and_the_ramekin_and_place_it_on_the_plate_view_0_0_100_0_0_initstate_271
272,Robot Initial States,1,4,pick_up_the_black_bowl_between_the_plate_and_the_ramekin_and_place_it_on_the_plate,0,0,100,0,0,281,,,,,,,,pick up the black bowl between the plate and the ramekin and place it on the plate,pick up the black bowl between the plate and the ramekin and place it on the plate view 0 0 100 0 0 initstate 281,pick_up_the_black_bowl_between_the_plate_and_the_ramekin_and_place_it_on_the_plate_view_0_0_100_0_0_initstate_281
273,Robot Initial States,4,1,pick_up_the_black_bowl_between_the_plate_and_the_ramekin_and_place_it_on_the_plate,0,0,100,0,0,291,,,,,,,,pick up the black bowl between the plate and the ramekin and place it on the plate,pick up the black bowl between the plate and the ramekin and place it on the plate view 0 0 100 0 0 initstate 291,pick_up_the_black_bowl_between_the_plate_and_the_ramekin_and_place_it_on_the_plate_view_0_0_100_0_0_initstate_291
274,Robot Initial States,5,0,pick_up_the_black_bowl_between_the_plate_and_the_ramekin_and_place_it_on_the_plate,0,0,100,0,0,301,,,,,,,,pick up the black bowl between the plate and the ramekin and place it on the plate,pick up the black bowl between the plate and the ramekin and place it on the plate view 0 0 100 0 0 initstate 301,pick_up_the_black_bowl_between_the_plate_and_the_ramekin_and_place_it_on_the_plate_view_0_0_100_0_0_initstate_301
275,Robot Initial States,5,0,pick_up_the_black_bowl_between_the_plate_and_the_ramekin_and_place_it_on_the_plate,0,0,100,0,0,311,,,,,,,,pick up the black bowl between the plate and the ramekin and place it on the plate,pick up the black bowl between the plate and the ramekin and place it on the plate view 0 0 100 0 0 initstate 311,pick_up_the_black_bowl_between_the_plate_and_the_ramekin_and_place_it_on_the_plate_view_0_0_100_0_0_initstate_311
276,Robot Initial States,1,4,pick_up_the_black_bowl_between_the_plate_and_the_ramekin_and_place_it_on_the_plate,0,0,100,0,0,331,,,,,,,,pick up the black bowl between the plate and the ramekin and place it on the plate,pick up the black bowl between the plate and the ramekin and place it on the plate view 0 0 100 0 0 initstate 331,pick_up_the_black_bowl_between_the_plate_and_the_ramekin_and_place_it_on_the_plate_view_0_0_100_0_0_initstate_331
277,Robot Initial States,2,3,pick_up_the_black_bowl_between_the_plate_and_the_ramekin_and_place_it_on_the_plate,0,0,100,0,0,341,,,,,,,,pick up the black bowl between the plate and the ramekin and place it on the plate,pick up the black bowl between the plate and the ramekin and place it on the plate view 0 0 100 0 0 initstate 341,pick_up_the_black_bowl_between_the_plate_and_the_ramekin_and_place_it_on_the_plate_view_0_0_100_0_0_initstate_341
278,Robot Initial States,5,0,pick_up_the_black_bowl_between_the_plate_and_the_ramekin_and_place_it_on_the_plate,0,0,100,0,0,351,,,,,,,,pick up the black bowl between the plate and the ramekin and place it on the plate,pick up the black bowl between the plate and the ramekin and place it on the plate view 0 0 100 0 0 initstate 351,pick_up_the_black_bowl_between_the_plate_and_the_ramekin_and_place_it_on_the_plate_view_0_0_100_0_0_initstate_351
279,Robot Initial States,3,2,pick_up_the_black_bowl_between_the_plate_and_the_ramekin_and_place_it_on_the_plate,0,0,100,0,0,361,,,,,,,,pick up the black bowl between the plate and the ramekin and place it on the plate,pick up the black bowl between the plate and the ramekin and place it on the plate view 0 0 100 0 0 initstate 361,pick_up_the_black_bowl_between_the_plate_and_the_ramekin_and_place_it_on_the_plate_view_0_0_100_0_0_initstate_361
280,Robot Initial States,2,3,pick_up_the_black_bowl_between_the_plate_and_the_ramekin_and_place_it_on_the_plate,0,0,100,0,0,371,,,,,,,,pick up the black bowl between the plate and the ramekin and place it on the plate,pick up the black bowl between the plate and the ramekin and place it on the plate view 0 0 100 0 0 initstate 371,pick_up_the_black_bowl_between_the_plate_and_the_ramekin_and_place_it_on_the_plate_view_0_0_100_0_0_initstate_371
281,Robot Initial States,5,0,pick_up_the_black_bowl_between_the_plate_and_the_ramekin_and_place_it_on_the_plate,0,0,100,0,0,401,,,,,,,,pick up the black bowl between the plate and the ramekin and place it on the plate,pick up the black bowl between the plate and the ramekin and place it on the plate view 0 0 100 0 0 initstate 401,pick_up_the_black_bowl_between_the_plate_and_the_ramekin_and_place_it_on_the_plate_view_0_0_100_0_0_initstate_401
282,Robot Initial States,3,2,pick_up_the_black_bowl_between_the_plate_and_the_ramekin_and_place_it_on_the_plate,0,0,100,0,0,411,,,,,,,,pick up the black bowl between the plate and the ramekin and place it on the plate,pick up the black bowl between the plate and the ramekin and place it on the plate view 0 0 100 0 0 initstate 411,pick_up_the_black_bowl_between_the_plate_and_the_ramekin_and_place_it_on_the_plate_view_0_0_100_0_0_initstate_411
283,Robot Initial States,2,3,pick_up_the_black_bowl_between_the_plate_and_the_ramekin_and_place_it_on_the_plate,0,0,100,0,0,421,,,,,,,,pick up the black bowl between the plate and the ramekin and place it on the plate,pick up the black bowl between the plate and the ramekin and place it on the plate view 0 0 100 0 0 initstate 421,pick_up_the_black_bowl_between_the_plate_and_the_ramekin_and_place_it_on_the_plate_view_0_0_100_0_0_initstate_421
284,Robot Initial States,3,2,pick_up_the_black_bowl_between_the_plate_and_the_ramekin_and_place_it_on_the_plate,0,0,100,0,0,431,,,,,,,,pick up the black bowl between the plate and the ramekin and place it on the plate,pick up the black bowl between the plate and the ramekin and place it on the plate view 0 0 100 0 0 initstate 431,pick_up_the_black_bowl_between_the_plate_and_the_ramekin_and_place_it_on_the_plate_view_0_0_100_0_0_initstate_431
285,Robot Initial States,3,2,pick_up_the_black_bowl_between_the_plate_and_the_ramekin_and_place_it_on_the_plate,0,0,100,0,0,441,,,,,,,,pick up the black bowl between the plate and the ramekin and place it on the plate,pick up the black bowl between the plate and the ramekin and place it on the plate view 0 0 100 0 0 initstate 441,pick_up_the_black_bowl_between_the_plate_and_the_ramekin_and_place_it_on_the_plate_view_0_0_100_0_0_initstate_441
286,Robot Initial States,2,3,pick_up_the_black_bowl_between_the_plate_and_the_ramekin_and_place_it_on_the_plate,0,0,100,0,0,451,,,,,,,,pick up the black bowl between the plate and the ramekin and place it on the plate,pick up the black bowl between the plate and the ramekin and place it on the plate view 0 0 100 0 0 initstate 451,pick_up_the_black_bowl_between_the_plate_and_the_ramekin_and_place_it_on_the_plate_view_0_0_100_0_0_initstate_451
287,Robot Initial States,4,1,pick_up_the_black_bowl_between_the_plate_and_the_ramekin_and_place_it_on_the_plate,0,0,100,0,0,471,,,,,,,,pick up the black bowl between the plate and the ramekin and place it on the plate,pick up the black bowl between the plate and the ramekin and place it on the plate view 0 0 100 0 0 initstate 471,pick_up_the_black_bowl_between_the_plate_and_the_ramekin_and_place_it_on_the_plate_view_0_0_100_0_0_initstate_471
288,Robot Initial States,4,1,pick_up_the_black_bowl_between_the_plate_and_the_ramekin_and_place_it_on_the_plate,0,0,100,0,0,481,,,,,,,,pick up the black bowl between the plate and the ramekin and place it on the plate,pick up the black bowl between the plate and the ramekin and place it on the plate view 0 0 100 0 0 initstate 481,pick_up_the_black_bowl_between_the_plate_and_the_ramekin_and_place_it_on_the_plate_view_0_0_100_0_0_initstate_481
289,Robot Initial States,2,3,pick_up_the_black_bowl_between_the_plate_and_the_ramekin_and_place_it_on_the_plate,0,0,100,0,0,491,,,,,,,,pick up the black bowl between the plate and the ramekin and place it on the plate,pick up the black bowl between the plate and the ramekin and place it on the plate view 0 0 100 0 0 initstate 491,pick_up_the_black_bowl_between_the_plate_and_the_ramekin_and_place_it_on_the_plate_view_0_0_100_0_0_initstate_491
290,Robot Initial States,1,4,pick_up_the_black_bowl_next_to_the_ramekin_and_place_it_on_the_plate,0,0,100,0,0,42,,,,,,,,pick up the black bowl next to the ramekin and place it on the plate,pick up the black bowl next to the ramekin and place it on the plate view 0 0 100 0 0 initstate 42,pick_up_the_black_bowl_next_to_the_ramekin_and_place_it_on_the_plate_view_0_0_100_0_0_initstate_42
291,Robot Initial States,1,4,pick_up_the_black_bowl_next_to_the_ramekin_and_place_it_on_the_plate,0,0,100,0,0,62,,,,,,,,pick up the black bowl next to the ramekin and place it on the plate,pick up the black bowl next to the ramekin and place it on the plate view 0 0 100 0 0 initstate 62,pick_up_the_black_bowl_next_to_the_ramekin_and_place_it_on_the_plate_view_0_0_100_0_0_initstate_62
292,Robot Initial States,1,4,pick_up_the_black_bowl_next_to_the_ramekin_and_place_it_on_the_plate,0,0,100,0,0,102,,,,,,,,pick up the black bowl next to the ramekin and place it on the plate,pick up the black bowl next to the ramekin and place it on the plate view 0 0 100 0 0 initstate 102,pick_up_the_black_bowl_next_to_the_ramekin_and_place_it_on_the_plate_view_0_0_100_0_0_initstate_102
293,Robot Initial States,3,2,pick_up_the_black_bowl_next_to_the_ramekin_and_place_it_on_the_plate,0,0,100,0,0,112,,,,,,,,pick up the black bowl next to the ramekin and place it on the plate,pick up the black bowl next to the ramekin and place it on the plate view 0 0 100 0 0 initstate 112,pick_up_the_black_bowl_next_to_the_ramekin_and_place_it_on_the_plate_view_0_0_100_0_0_initstate_112
294,Robot Initial States,4,1,pick_up_the_black_bowl_next_to_the_ramekin_and_place_it_on_the_plate,0,0,100,0,0,132,,,,,,,,pick up the black bowl next to the ramekin and place it on the plate,pick up the black bowl next to the ramekin and place it on the plate view 0 0 100 0 0 initstate 132,pick_up_the_black_bowl_next_to_the_ramekin_and_place_it_on_the_plate_view_0_0_100_0_0_initstate_132
295,Robot Initial States,3,2,pick_up_the_black_bowl_next_to_the_ramekin_and_place_it_on_the_plate,0,0,100,0,0,142,,,,,,,,pick up the black bowl next to the ramekin and place it on the plate,pick up the black bowl next to the ramekin and place it on the plate view 0 0 100 0 0 initstate 142,pick_up_the_black_bowl_next_to_the_ramekin_and_place_it_on_the_plate_view_0_0_100_0_0_initstate_142
296,Robot Initial States,4,1,pick_up_the_black_bowl_next_to_the_ramekin_and_place_it_on_the_plate,0,0,100,0,0,152,,,,,,,,pick up the black bowl next to the ramekin and place it on the plate,pick up the black bowl next to the ramekin and place it on the plate view 0 0 100 0 0 initstate 152,pick_up_the_black_bowl_next_to_the_ramekin_and_place_it_on_the_plate_view_0_0_100_0_0_initstate_152
297,Robot Initial States,5,0,pick_up_the_black_bowl_next_to_the_ramekin_and_place_it_on_the_plate,0,0,100,0,0,162,,,,,,,,pick up the black bowl next to the ramekin and place it on the plate,pick up the black bowl next to the ramekin and place it on the plate view 0 0 100 0 0 initstate 162,pick_up_the_black_bowl_next_to_the_ramekin_and_place_it_on_the_plate_view_0_0_100_0_0_initstate_162
298,Robot Initial States,3,2,pick_up_the_black_bowl_next_to_the_ramekin_and_place_it_on_the_plate,0,0,100,0,0,192,,,,,,,,pick up the black bowl next to the ramekin and place it on the plate,pick up the black bowl next to the ramekin and place it on the plate view 0 0 100 0 0 initstate 192,pick_up_the_black_bowl_next_to_the_ramekin_and_place_it_on_the_plate_view_0_0_100_0_0_initstate_192
299,Robot Initial States,5,0,pick_up_the_black_bowl_next_to_the_ramekin_and_place_it_on_the_plate,0,0,100,0,0,202,,,,,,,,pick up the black bowl next to the ramekin and place it on the plate,pick up the black bowl next to the ramekin and place it on the plate view 0 0 100 0 0 initstate 202,pick_up_the_black_bowl_next_to_the_ramekin_and_place_it_on_the_plate_view_0_0_100_0_0_initstate_202
300,Robot Initial States,5,0,pick_up_the_black_bowl_next_to_the_ramekin_and_place_it_on_the_plate,0,0,100,0,0,212,,,,,,,,pick up the black bowl next to the ramekin and place it on the plate,pick up the black bowl next to the ramekin and place it on the plate view 0 0 100 0 0 initstate 212,pick_up_the_black_bowl_next_to_the_ramekin_and_place_it_on_the_plate_view_0_0_100_0_0_initstate_212
301,Robot Initial States,4,1,pick_up_the_black_bowl_next_to_the_ramekin_and_place_it_on_the_plate,0,0,100,0,0,222,,,,,,,,pick up the black bowl next to the ramekin and place it on the plate,pick up the black bowl next to the ramekin and place it on the plate view 0 0 100 0 0 initstate 222,pick_up_the_black_bowl_next_to_the_ramekin_and_place_it_on_the_plate_view_0_0_100_0_0_initstate_222
302,Robot Initial States,4,1,pick_up_the_black_bowl_next_to_the_ramekin_and_place_it_on_the_plate,0,0,100,0,0,232,,,,,,,,pick up the black bowl next to the ramekin and place it on the plate,pick up the black bowl next to the ramekin and place it on the plate view 0 0 100 0 0 initstate 232,pick_up_the_black_bowl_next_to_the_ramekin_and_place_it_on_the_plate_view_0_0_100_0_0_initstate_232
303,Robot Initial States,5,0,pick_up_the_black_bowl_next_to_the_ramekin_and_place_it_on_the_plate,0,0,100,0,0,242,,,,,,,,pick up the black bowl next to the ramekin and place it on the plate,pick up the black bowl next to the ramekin and place it on the plate view 0 0 100 0 0 initstate 242,pick_up_the_black_bowl_next_to_the_ramekin_and_place_it_on_the_plate_view_0_0_100_0_0_initstate_242
304,Robot Initial States,2,3,pick_up_the_black_bowl_next_to_the_ramekin_and_place_it_on_the_plate,0,0,100,0,0,252,,,,,,,,pick up the black bowl next to the ramekin and place it on the plate,pick up the black bowl next to the ramekin and place it on the plate view 0 0 100 0 0 initstate 252,pick_up_the_black_bowl_next_to_the_ramekin_and_place_it_on_the_plate_view_0_0_100_0_0_initstate_252
305,Robot Initial States,5,0,pick_up_the_black_bowl_next_to_the_ramekin_and_place_it_on_the_plate,0,0,100,0,0,262,,,,,,,,pick up the black bowl next to the ramekin and place it on the plate,pick up the black bowl next to the ramekin and place it on the plate view 0 0 100 0 0 initstate 262,pick_up_the_black_bowl_next_to_the_ramekin_and_place_it_on_the_plate_view_0_0_100_0_0_initstate_262
306,Robot Initial States,5,0,pick_up_the_black_bowl_next_to_the_ramekin_and_place_it_on_the_plate,0,0,100,0,0,272,,,,,,,,pick up the black bowl next to the ramekin and place it on the plate,pick up the black bowl next to the ramekin and place it on the plate view 0 0 100 0 0 initstate 272,pick_up_the_black_bowl_next_to_the_ramekin_and_place_it_on_the_plate_view_0_0_100_0_0_initstate_272
307,Robot Initial States,5,0,pick_up_the_black_bowl_next_to_the_ramekin_and_place_it_on_the_plate,0,0,100,0,0,282,,,,,,,,pick up the black bowl next to the ramekin and place it on the plate,pick up the black bowl next to the ramekin and place it on the plate view 0 0 100 0 0 initstate 282,pick_up_the_black_bowl_next_to_the_ramekin_and_place_it_on_the_plate_view_0_0_100_0_0_initstate_282
308,Robot Initial States,3,2,pick_up_the_black_bowl_next_to_the_ramekin_and_place_it_on_the_plate,0,0,100,0,0,292,,,,,,,,pick up the black bowl next to the ramekin and place it on the plate,pick up the black bowl next to the ramekin and place it on the plate view 0 0 100 0 0 initstate 292,pick_up_the_black_bowl_next_to_the_ramekin_and_place_it_on_the_plate_view_0_0_100_0_0_initstate_292
309,Robot Initial States,3,2,pick_up_the_black_bowl_next_to_the_ramekin_and_place_it_on_the_plate,0,0,100,0,0,302,,,,,,,,pick up the black bowl next to the ramekin and place it on the plate,pick up the black bowl next to the ramekin and place it on the plate view 0 0 100 0 0 initstate 302,pick_up_the_black_bowl_next_to_the_ramekin_and_place_it_on_the_plate_view_0_0_100_0_0_initstate_302
310,Robot Initial States,5,0,pick_up_the_black_bowl_next_to_the_ramekin_and_place_it_on_the_plate,0,0,100,0,0,312,,,,,,,,pick up the black bowl next to the ramekin and place it on the plate,pick up the black bowl next to the ramekin and place it on the plate view 0 0 100 0 0 initstate 312,pick_up_the_black_bowl_next_to_the_ramekin_and_place_it_on_the_plate_view_0_0_100_0_0_initstate_312
311,Robot Initial States,2,3,pick_up_the_black_bowl_next_to_the_ramekin_and_place_it_on_the_plate,0,0,100,0,0,322,,,,,,,,pick up the black bowl next to the ramekin and place it on the plate,pick up the black bowl next to the ramekin and place it on the plate view 0 0 100 0 0 initstate 322,pick_up_the_black_bowl_next_to_the_ramekin_and_place_it_on_the_plate_view_0_0_100_0_0_initstate_322
312,Robot Initial States,5,0,pick_up_the_black_bowl_next_to_the_ramekin_and_place_it_on_the_plate,0,0,100,0,0,332,,,,,,,,pick up the black bowl next to the ramekin and place it on the plate,pick up the black bowl next to the ramekin and place it on the plate view 0 0 100 0 0 initstate 332,pick_up_the_black_bowl_next_to_the_ramekin_and_place_it_on_the_plate_view_0_0_100_0_0_initstate_332
313,Robot Initial States,5,0,pick_up_the_black_bowl_next_to_the_ramekin_and_place_it_on_the_plate,0,0,100,0,0,342,,,,,,,,pick up the black bowl next to the ramekin and place it on the plate,pick up the black bowl next to the ramekin and place it on the plate view 0 0 100 0 0 initstate 342,pick_up_the_black_bowl_next_to_the_ramekin_and_place_it_on_the_plate_view_0_0_100_0_0_initstate_342
314,Robot Initial States,2,3,pick_up_the_black_bowl_next_to_the_ramekin_and_place_it_on_the_plate,0,0,100,0,0,352,,,,,,,,pick up the black bowl next to the ramekin and place it on the plate,pick up the black bowl next to the ramekin and place it on the plate view 0 0 100 0 0 initstate 352,pick_up_the_black_bowl_next_to_the_ramekin_and_place_it_on_the_plate_view_0_0_100_0_0_initstate_352
315,Robot Initial States,3,2,pick_up_the_black_bowl_next_to_the_ramekin_and_place_it_on_the_plate,0,0,100,0,0,362,,,,,,,,pick up the black bowl next to the ramekin and place it on the plate,pick up the black bowl next to the ramekin and place it on the plate view 0 0 100 0 0 initstate 362,pick_up_the_black_bowl_next_to_the_ramekin_and_place_it_on_the_plate_view_0_0_100_0_0_initstate_362
316,Robot Initial States,5,0,pick_up_the_black_bowl_next_to_the_ramekin_and_place_it_on_the_plate,0,0,100,0,0,372,,,,,,,,pick up the black bowl next to the ramekin and place it on the plate,pick up the black bowl next to the ramekin and place it on the plate view 0 0 100 0 0 initstate 372,pick_up_the_black_bowl_next_to_the_ramekin_and_place_it_on_the_plate_view_0_0_100_0_0_initstate_372
317,Robot Initial States,3,2,pick_up_the_black_bowl_next_to_the_ramekin_and_place_it_on_the_plate,0,0,100,0,0,382,,,,,,,,pick up the black bowl next to the ramekin and place it on the plate,pick up the black bowl next to the ramekin and place it on the plate view 0 0 100 0 0 initstate 382,pick_up_the_black_bowl_next_to_the_ramekin_and_place_it_on_the_plate_view_0_0_100_0_0_initstate_382
318,Robot Initial States,4,1,pick_up_the_black_bowl_next_to_the_ramekin_and_place_it_on_the_plate,0,0,100,0,0,392,,,,,,,,pick up the black bowl next to the ramekin and place it on the plate,pick up the black bowl next to the ramekin and place it on the plate view 0 0 100 0 0 initstate 392,pick_up_the_black_bowl_next_to_the_ramekin_and_place_it_on_the_plate_view_0_0_100_0_0_initstate_392
319,Robot Initial States,5,0,pick_up_the_black_bowl_next_to_the_ramekin_and_place_it_on_the_plate,0,0,100,0,0,402,,,,,,,,pick up the black bowl next to the ramekin and place it on the plate,pick up the black bowl next to the ramekin and place it on the plate view 0 0 100 0 0 initstate 402,pick_up_the_black_bowl_next_to_the_ramekin_and_place_it_on_the_plate_view_0_0_100_0_0_initstate_402
320,Robot Initial States,4,1,pick_up_the_black_bowl_next_to_the_ramekin_and_place_it_on_the_plate,0,0,100,0,0,412,,,,,,,,pick up the black bowl next to the ramekin and place it on the plate,pick up the black bowl next to the ramekin and place it on the plate view 0 0 100 0 0 initstate 412,pick_up_the_black_bowl_next_to_the_ramekin_and_place_it_on_the_plate_view_0_0_100_0_0_initstate_412
321,Robot Initial States,5,0,pick_up_the_black_bowl_next_to_the_ramekin_and_place_it_on_the_plate,0,0,100,0,0,422,,,,,,,,pick up the black bowl next to the ramekin and place it on the plate,pick up the black bowl next to the ramekin and place it on the plate view 0 0 100 0 0 initstate 422,pick_up_the_black_bowl_next_to_the_ramekin_and_place_it_on_the_plate_view_0_0_100_0_0_initstate_422
322,Robot Initial States,5,0,pick_up_the_black_bowl_next_to_the_ramekin_and_place_it_on_the_plate,0,0,100,0,0,432,,,,,,,,pick up the black bowl next to the ramekin and place it on the plate,pick up the black bowl next to the ramekin and place it on the plate view 0 0 100 0 0 initstate 432,pick_up_the_black_bowl_next_to_the_ramekin_and_place_it_on_the_plate_view_0_0_100_0_0_initstate_432
323,Robot Initial States,5,0,pick_up_the_black_bowl_next_to_the_ramekin_and_place_it_on_the_plate,0,0,100,0,0,452,,,,,,,,pick up the black bowl next to the ramekin and place it on the plate,pick up the black bowl next to the ramekin and place it on the plate view 0 0 100 0 0 initstate 452,pick_up_the_black_bowl_next_to_the_ramekin_and_place_it_on_the_plate_view_0_0_100_0_0_initstate_452
324,Robot Initial States,5,0,pick_up_the_black_bowl_next_to_the_ramekin_and_place_it_on_the_plate,0,0,100,0,0,462,,,,,,,,pick up the black bowl next to the ramekin and place it on the plate,pick up the black bowl next to the ramekin and place it on the plate view 0 0 100 0 0 initstate 462,pick_up_the_black_bowl_next_to_the_ramekin_and_place_it_on_the_plate_view_0_0_100_0_0_initstate_462
325,Robot Initial States,5,0,pick_up_the_black_bowl_next_to_the_ramekin_and_place_it_on_the_plate,0,0,100,0,0,472,,,,,,,,pick up the black bowl next to the ramekin and place it on the plate,pick up the black bowl next to the ramekin and place it on the plate view 0 0 100 0 0 initstate 472,pick_up_the_black_bowl_next_to_the_ramekin_and_place_it_on_the_plate_view_0_0_100_0_0_initstate_472
326,Robot Initial States,5,0,pick_up_the_black_bowl_next_to_the_ramekin_and_place_it_on_the_plate,0,0,100,0,0,482,,,,,,,,pick up the black bowl next to the ramekin and place it on the plate,pick up the black bowl next to the ramekin and place it on the plate view 0 0 100 0 0 initstate 482,pick_up_the_black_bowl_next_to_the_ramekin_and_place_it_on_the_plate_view_0_0_100_0_0_initstate_482
327,Robot Initial States,5,0,pick_up_the_black_bowl_next_to_the_ramekin_and_place_it_on_the_plate,0,0,100,0,0,492,,,,,,,,pick up the black bowl next to the ramekin and place it on the plate,pick up the black bowl next to the ramekin and place it on the plate view 0 0 100 0 0 initstate 492,pick_up_the_black_bowl_next_to_the_ramekin_and_place_it_on_the_plate_view_0_0_100_0_0_initstate_492
328,Robot Initial States,1,4,pick_up_the_black_bowl_from,0,0,100,0,0,13,,,,,,,,pick up the black bowl from,pick up the black bowl from table center and place it on the plate view 0 0 100 0 0 initstate 13,pick_up_the_black_bowl_from_table_center_and_place_it_on_the_plate_view_0_0_100_0_0_initstate_13
329,Robot Initial States,2,3,pick_up_the_black_bowl_from,0,0,100,0,0,23,,,,,,,,pick up the black bowl from,pick up the black bowl from table center and place it on the plate view 0 0 100 0 0 initstate 23,pick_up_the_black_bowl_from_table_center_and_place_it_on_the_plate_view_0_0_100_0_0_initstate_23
330,Robot Initial States,1,4,pick_up_the_black_bowl_from,0,0,100,0,0,43,,,,,,,,pick up the black bowl from,pick up the black bowl from table center and place it on the plate view 0 0 100 0 0 initstate 43,pick_up_the_black_bowl_from_table_center_and_place_it_on_the_plate_view_0_0_100_0_0_initstate_43
331,Robot Initial States,2,3,pick_up_the_black_bowl_from,0,0,100,0,0,83,,,,,,,,pick up the black bowl from,pick up the black bowl from table center and place it on the plate view 0 0 100 0 0 initstate 83,pick_up_the_black_bowl_from_table_center_and_place_it_on_the_plate_view_0_0_100_0_0_initstate_83
332,Robot Initial States,1,4,pick_up_the_black_bowl_from,0,0,100,0,0,103,,,,,,,,pick up the black bowl from,pick up the black bowl from table center and place it on the plate view 0 0 100 0 0 initstate 103,pick_up_the_black_bowl_from_table_center_and_place_it_on_the_plate_view_0_0_100_0_0_initstate_103
333,Robot Initial States,3,2,pick_up_the_black_bowl_from,0,0,100,0,0,123,,,,,,,,pick up the black bowl from,pick up the black bowl from table center and place it on the plate view 0 0 100 0 0 initstate 123,pick_up_the_black_bowl_from_table_center_and_place_it_on_the_plate_view_0_0_100_0_0_initstate_123
334,Robot Initial States,3,2,pick_up_the_black_bowl_from,0,0,100,0,0,133,,,,,,,,pick up the black bowl from,pick up the black bowl from table center and place it on the plate view 0 0 100 0 0 initstate 133,pick_up_the_black_bowl_from_table_center_and_place_it_on_the_plate_view_0_0_100_0_0_initstate_133
335,Robot Initial States,3,2,pick_up_the_black_bowl_from,0,0,100,0,0,153,,,,,,,,pick up the black bowl from,pick up the black bowl from table center and place it on the plate view 0 0 100 0 0 initstate 153,pick_up_the_black_bowl_from_table_center_and_place_it_on_the_plate_view_0_0_100_0_0_initstate_153
336,Robot Initial States,1,4,pick_up_the_black_bowl_from,0,0,100,0,0,173,,,,,,,,pick up the black bowl from,pick up the black bowl from table center and place it on the plate view 0 0 100 0 0 initstate 173,pick_up_the_black_bowl_from_table_center_and_place_it_on_the_plate_view_0_0_100_0_0_initstate_173
337,Robot Initial States,1,4,pick_up_the_black_bowl_from,0,0,100,0,0,183,,,,,,,,pick up the black bowl from,pick up the black bowl from table center and place it on the plate view 0 0 100 0 0 initstate 183,pick_up_the_black_bowl_from_table_center_and_place_it_on_the_plate_view_0_0_100_0_0_initstate_183
338,Robot Initial States,2,3,pick_up_the_black_bowl_from,0,0,100,0,0,193,,,,,,,,pick up the black bowl from,pick up the black bowl from table center and place it on the plate view 0 0 100 0 0 initstate 193,pick_up_the_black_bowl_from_table_center_and_place_it_on_the_plate_view_0_0_100_0_0_initstate_193
339,Robot Initial States,2,3,pick_up_the_black_bowl_from,0,0,100,0,0,203,,,,,,,,pick up the black bowl from,pick up the black bowl from table center and place it on the plate view 0 0 100 0 0 initstate 203,pick_up_the_black_bowl_from_table_center_and_place_it_on_the_plate_view_0_0_100_0_0_initstate_203
340,Robot Initial States,3,2,pick_up_the_black_bowl_from,0,0,100,0,0,223,,,,,,,,pick up the black bowl from,pick up the black bowl from table center and place it on the plate view 0 0 100 0 0 initstate 223,pick_up_the_black_bowl_from_table_center_and_place_it_on_the_plate_view_0_0_100_0_0_initstate_223
341,Robot Initial States,2,3,pick_up_the_black_bowl_from,0,0,100,0,0,233,,,,,,,,pick up the black bowl from,pick up the black bowl from table center and place it on the plate view 0 0 100 0 0 initstate 233,pick_up_the_black_bowl_from_table_center_and_place_it_on_the_plate_view_0_0_100_0_0_initstate_233
342,Robot Initial States,2,3,pick_up_the_black_bowl_from,0,0,100,0,0,253,,,,,,,,pick up the black bowl from,pick up the black bowl from table center and place it on the plate view 0 0 100 0 0 initstate 253,pick_up_the_black_bowl_from_table_center_and_place_it_on_the_plate_view_0_0_100_0_0_initstate_253
343,Robot Initial States,1,4,pick_up_the_black_bowl_from,0,0,100,0,0,273,,,,,,,,pick up the black bowl from,pick up the black bowl from table center and place it on the plate view 0 0 100 0 0 initstate 273,pick_up_the_black_bowl_from_table_center_and_place_it_on_the_plate_view_0_0_100_0_0_initstate_273
344,Robot Initial States,5,0,pick_up_the_black_bowl_from,0,0,100,0,0,283,,,,,,,,pick up the black bowl from,pick up the black bowl from table center and place it on the plate view 0 0 100 0 0 initstate 283,pick_up_the_black_bowl_from_table_center_and_place_it_on_the_plate_view_0_0_100_0_0_initstate_283
345,Robot Initial States,1,4,pick_up_the_black_bowl_from,0,0,100,0,0,293,,,,,,,,pick up the black bowl from,pick up the black bowl from table center and place it on the plate view 0 0 100 0 0 initstate 293,pick_up_the_black_bowl_from_table_center_and_place_it_on_the_plate_view_0_0_100_0_0_initstate_293
346,Robot Initial States,1,4,pick_up_the_black_bowl_from,0,0,100,0,0,303,,,,,,,,pick up the black bowl from,pick up the black bowl from table center and place it on the plate view 0 0 100 0 0 initstate 303,pick_up_the_black_bowl_from_table_center_and_place_it_on_the_plate_view_0_0_100_0_0_initstate_303
347,Robot Initial States,2,3,pick_up_the_black_bowl_from,0,0,100,0,0,313,,,,,,,,pick up the black bowl from,pick up the black bowl from table center and place it on the plate view 0 0 100 0 0 initstate 313,pick_up_the_black_bowl_from_table_center_and_place_it_on_the_plate_view_0_0_100_0_0_initstate_313
348,Robot Initial States,1,4,pick_up_the_black_bowl_from,0,0,100,0,0,323,,,,,,,,pick up the black bowl from,pick up the black bowl from table center and place it on the plate view 0 0 100 0 0 initstate 323,pick_up_the_black_bowl_from_table_center_and_place_it_on_the_plate_view_0_0_100_0_0_initstate_323
349,Robot Initial States,2,3,pick_up_the_black_bowl_from,0,0,100,0,0,333,,,,,,,,pick up the black bowl from,pick up the black bowl from table center and place it on the plate view 0 0 100 0 0 initstate 333,pick_up_the_black_bowl_from_table_center_and_place_it_on_the_plate_view_0_0_100_0_0_initstate_333
350,Robot Initial States,1,4,pick_up_the_black_bowl_from,0,0,100,0,0,343,,,,,,,,pick up the black bowl from,pick up the black bowl from table center and place it on the plate view 0 0 100 0 0 initstate 343,pick_up_the_black_bowl_from_table_center_and_place_it_on_the_plate_view_0_0_100_0_0_initstate_343
351,Robot Initial States,3,2,pick_up_the_black_bowl_from,0,0,100,0,0,353,,,,,,,,pick up the black bowl from,pick up the black bowl from table center and place it on the plate view 0 0 100 0 0 initstate 353,pick_up_the_black_bowl_from_table_center_and_place_it_on_the_plate_view_0_0_100_0_0_initstate_353
352,Robot Initial States,5,0,pick_up_the_black_bowl_from,0,0,100,0,0,363,,,,,,,,pick up the black bowl from,pick up the black bowl from table center and place it on the plate view 0 0 100 0 0 initstate 363,pick_up_the_black_bowl_from_table_center_and_place_it_on_the_plate_view_0_0_100_0_0_initstate_363
353,Robot Initial States,2,3,pick_up_the_black_bowl_from,0,0,100,0,0,373,,,,,,,,pick up the black bowl from,pick up the black bowl from table center and place it on the plate view 0 0 100 0 0 initstate 373,pick_up_the_black_bowl_from_table_center_and_place_it_on_the_plate_view_0_0_100_0_0_initstate_373
354,Robot Initial States,1,4,pick_up_the_black_bowl_from,0,0,100,0,0,383,,,,,,,,pick up the black bowl from,pick up the black bowl from table center and place it on the plate view 0 0 100 0 0 initstate 383,pick_up_the_black_bowl_from_table_center_and_place_it_on_the_plate_view_0_0_100_0_0_initstate_383
355,Robot Initial States,2,3,pick_up_the_black_bowl_from,0,0,100,0,0,403,,,,,,,,pick up the black bowl from,pick up the black bowl from table center and place it on the plate view 0 0 100 0 0 initstate 403,pick_up_the_black_bowl_from_table_center_and_place_it_on_the_plate_view_0_0_100_0_0_initstate_403
356,Robot Initial States,5,0,pick_up_the_black_bowl_from,0,0,100,0,0,413,,,,,,,,pick up the black bowl from,pick up the black bowl from table center and place it on the plate view 0 0 100 0 0 initstate 413,pick_up_the_black_bowl_from_table_center_and_place_it_on_the_plate_view_0_0_100_0_0_initstate_413
357,Robot Initial States,5,0,pick_up_the_black_bowl_from,0,0,100,0,0,423,,,,,,,,pick up the black bowl from,pick up the black bowl from table center and place it on the plate view 0 0 100 0 0 initstate 423,pick_up_the_black_bowl_from_table_center_and_place_it_on_the_plate_view_0_0_100_0_0_initstate_423
358,Robot Initial States,3,2,pick_up_the_black_bowl_from,0,0,100,0,0,433,,,,,,,,pick up the black bowl from,pick up the black bowl from table center and place it on the plate view 0 0 100 0 0 initstate 433,pick_up_the_black_bowl_from_table_center_and_place_it_on_the_plate_view_0_0_100_0_0_initstate_433
359,Robot Initial States,5,0,pick_up_the_black_bowl_from,0,0,100,0,0,453,,,,,,,,pick up the black bowl from,pick up the black bowl from table center and place it on the plate view 0 0 100 0 0 initstate 453,pick_up_the_black_bowl_from_table_center_and_place_it_on_the_plate_view_0_0_100_0_0_initstate_453
360,Robot Initial States,4,1,pick_up_the_black_bowl_from,0,0,100,0,0,473,,,,,,,,pick up the black bowl from,pick up the black bowl from table center and place it on the plate view 0 0 100 0 0 initstate 473,pick_up_the_black_bowl_from_table_center_and_place_it_on_the_plate_view_0_0_100_0_0_initstate_473
361,Robot Initial States,2,3,pick_up_the_black_bowl_from,0,0,100,0,0,483,,,,,,,,pick up the black bowl from,pick up the black bowl from table center and place it on the plate view 0 0 100 0 0 initstate 483,pick_up_the_black_bowl_from_table_center_and_place_it_on_the_plate_view_0_0_100_0_0_initstate_483
362,Robot Initial States,1,4,pick_up_the_black_bowl_from,0,0,100,0,0,493,,,,,,,,pick up the black bowl from,pick up the black bowl from table center and place it on the plate view 0 0 100 0 0 initstate 493,pick_up_the_black_bowl_from_table_center_and_place_it_on_the_plate_view_0_0_100_0_0_initstate_493
363,Robot Initial States,1,4,pick_up_the_black_bowl_on_the_cookie_box_and_place_it_on_the_plate,0,0,100,0,0,114,,,,,,,,pick up the black bowl on the cookie box and place it on the plate,pick up the black bowl on the cookie box and place it on the plate view 0 0 100 0 0 initstate 114,pick_up_the_black_bowl_on_the_cookie_box_and_place_it_on_the_plate_view_0_0_100_0_0_initstate_114
364,Robot Initial States,1,4,pick_up_the_black_bowl_on_the_cookie_box_and_place_it_on_the_plate,0,0,100,0,0,164,,,,,,,,pick up the black bowl on the cookie box and place it on the plate,pick up the black bowl on the cookie box and place it on the plate view 0 0 100 0 0 initstate 164,pick_up_the_black_bowl_on_the_cookie_box_and_place_it_on_the_plate_view_0_0_100_0_0_initstate_164
365,Robot Initial States,1,4,pick_up_the_black_bowl_on_the_cookie_box_and_place_it_on_the_plate,0,0,100,0,0,184,,,,,,,,pick up the black bowl on the cookie box and place it on the plate,pick up the black bowl on the cookie box and place it on the plate view 0 0 100 0 0 initstate 184,pick_up_the_black_bowl_on_the_cookie_box_and_place_it_on_the_plate_view_0_0_100_0_0_initstate_184
366,Robot Initial States,1,4,pick_up_the_black_bowl_on_the_cookie_box_and_place_it_on_the_plate,0,0,100,0,0,194,,,,,,,,pick up the black bowl on the cookie box and place it on the plate,pick up the black bowl on the cookie box and place it on the plate view 0 0 100 0 0 initstate 194,pick_up_the_black_bowl_on_the_cookie_box_and_place_it_on_the_plate_view_0_0_100_0_0_initstate_194
367,Robot Initial States,1,4,pick_up_the_black_bowl_on_the_cookie_box_and_place_it_on_the_plate,0,0,100,0,0,204,,,,,,,,pick up the black bowl on the cookie box and place it on the plate,pick up the black bowl on the cookie box and place it on the plate view 0 0 100 0 0 initstate 204,pick_up_the_black_bowl_on_the_cookie_box_and_place_it_on_the_plate_view_0_0_100_0_0_initstate_204
368,Robot Initial States,1,4,pick_up_the_black_bowl_on_the_cookie_box_and_place_it_on_the_plate,0,0,100,0,0,214,,,,,,,,pick up the black bowl on the cookie box and place it on the plate,pick up the black bowl on the cookie box and place it on the plate view 0 0 100 0 0 initstate 214,pick_up_the_black_bowl_on_the_cookie_box_and_place_it_on_the_plate_view_0_0_100_0_0_initstate_214
369,Robot Initial States,1,4,pick_up_the_black_bowl_on_the_cookie_box_and_place_it_on_the_plate,0,0,100,0,0,224,,,,,,,,pick up the black bowl on the cookie box and place it on the plate,pick up the black bowl on the cookie box and place it on the plate view 0 0 100 0 0 initstate 224,pick_up_the_black_bowl_on_the_cookie_box_and_place_it_on_the_plate_view_0_0_100_0_0_initstate_224
370,Robot Initial States,1,4,pick_up_the_black_bowl_on_the_cookie_box_and_place_it_on_the_plate,0,0,100,0,0,284,,,,,,,,pick up the black bowl on the cookie box and place it on the plate,pick up the black bowl on the cookie box and place it on the plate view 0 0 100 0 0 initstate 284,pick_up_the_black_bowl_on_the_cookie_box_and_place_it_on_the_plate_view_0_0_100_0_0_initstate_284
371,Robot Initial States,3,2,pick_up_the_black_bowl_on_the_cookie_box_and_place_it_on_the_plate,0,0,100,0,0,294,,,,,,,,pick up the black bowl on the cookie box and place it on the plate,pick up the black bowl on the cookie box and place it on the plate view 0 0 100 0 0 initstate 294,pick_up_the_black_bowl_on_the_cookie_box_and_place_it_on_the_plate_view_0_0_100_0_0_initstate_294
372,Robot Initial States,3,2,pick_up_the_black_bowl_on_the_cookie_box_and_place_it_on_the_plate,0,0,100,0,0,324,,,,,,,,pick up the black bowl on the cookie box and place it on the plate,pick up the black bowl on the cookie box and place it on the plate view 0 0 100 0 0 initstate 324,pick_up_the_black_bowl_on_the_cookie_box_and_place_it_on_the_plate_view_0_0_100_0_0_initstate_324
373,Robot Initial States,3,2,pick_up_the_black_bowl_on_the_cookie_box_and_place_it_on_the_plate,0,0,100,0,0,334,,,,,,,,pick up the black bowl on the cookie box and place it on the plate,pick up the black bowl on the cookie box and place it on the plate view 0 0 100 0 0 initstate 334,pick_up_the_black_bowl_on_the_cookie_box_and_place_it_on_the_plate_view_0_0_100_0_0_initstate_334
374,Robot Initial States,1,4,pick_up_the_black_bowl_on_the_cookie_box_and_place_it_on_the_plate,0,0,100,0,0,344,,,,,,,,pick up the black bowl on the cookie box and place it on the plate,pick up the black bowl on the cookie box and place it on the plate view 0 0 100 0 0 initstate 344,pick_up_the_black_bowl_on_the_cookie_box_and_place_it_on_the_plate_view_0_0_100_0_0_initstate_344
375,Robot Initial States,1,4,pick_up_the_black_bowl_on_the_cookie_box_and_place_it_on_the_plate,0,0,100,0,0,374,,,,,,,,pick up the black bowl on the cookie box and place it on the plate,pick up the black bowl on the cookie box and place it on the plate view 0 0 100 0 0 initstate 374,pick_up_the_black_bowl_on_the_cookie_box_and_place_it_on_the_plate_view_0_0_100_0_0_initstate_374
376,Robot Initial States,2,3,pick_up_the_black_bowl_on_the_cookie_box_and_place_it_on_the_plate,0,0,100,0,0,384,,,,,,,,pick up the black bowl on the cookie box and place it on the plate,pick up the black bowl on the cookie box and place it on the plate view 0 0 100 0 0 initstate 384,pick_up_the_black_bowl_on_the_cookie_box_and_place_it_on_the_plate_view_0_0_100_0_0_initstate_384
377,Robot Initial States,1,4,pick_up_the_black_bowl_on_the_cookie_box_and_place_it_on_the_plate,0,0,100,0,0,394,,,,,,,,pick up the black bowl on the cookie box and place it on the plate,pick up the black bowl on the cookie box and place it on the plate view 0 0 100 0 0 initstate 394,pick_up_the_black_bowl_on_the_cookie_box_and_place_it_on_the_plate_view_0_0_100_0_0_initstate_394
378,Robot Initial States,3,2,pick_up_the_black_bowl_on_the_cookie_box_and_place_it_on_the_plate,0,0,100,0,0,414,,,,,,,,pick up the black bowl on the cookie box and place it on the plate,pick up the black bowl on the cookie box and place it on the plate view 0 0 100 0 0 initstate 414,pick_up_the_black_bowl_on_the_cookie_box_and_place_it_on_the_plate_view_0_0_100_0_0_initstate_414
379,Robot Initial States,3,2,pick_up_the_black_bowl_on_the_cookie_box_and_place_it_on_the_plate,0,0,100,0,0,424,,,,,,,,pick up the black bowl on the cookie box and place it on the plate,pick up the black bowl on the cookie box and place it on the plate view 0 0 100 0 0 initstate 424,pick_up_the_black_bowl_on_the_cookie_box_and_place_it_on_the_plate_view_0_0_100_0_0_initstate_424
380,Robot Initial States,4,1,pick_up_the_black_bowl_on_the_cookie_box_and_place_it_on_the_plate,0,0,100,0,0,434,,,,,,,,pick up the black bowl on the cookie box and place it on the plate,pick up the black bowl on the cookie box and place it on the plate view 0 0 100 0 0 initstate 434,pick_up_the_black_bowl_on_the_cookie_box_and_place_it_on_the_plate_view_0_0_100_0_0_initstate_434
381,Robot Initial States,5,0,pick_up_the_black_bowl_on_the_cookie_box_and_place_it_on_the_plate,0,0,100,0,0,444,,,,,,,,pick up the black bowl on the cookie box and place it on the plate,pick up the black bowl on the cookie box and place it on the plate view 0 0 100 0 0 initstate 444,pick_up_the_black_bowl_on_the_cookie_box_and_place_it_on_the_plate_view_0_0_100_0_0_initstate_444
382,Robot Initial States,4,1,pick_up_the_black_bowl_on_the_cookie_box_and_place_it_on_the_plate,0,0,100,0,0,454,,,,,,,,pick up the black bowl on the cookie box and place it on the plate,pick up the black bowl on the cookie box and place it on the plate view 0 0 100 0 0 initstate 454,pick_up_the_black_bowl_on_the_cookie_box_and_place_it_on_the_plate_view_0_0_100_0_0_initstate_454
383,Robot Initial States,2,3,pick_up_the_black_bowl_on_the_cookie_box_and_place_it_on_the_plate,0,0,100,0,0,464,,,,,,,,pick up the black bowl on the cookie box and place it on the plate,pick up the black bowl on the cookie box and place it on the plate view 0 0 100 0 0 initstate 464,pick_up_the_black_bowl_on_the_cookie_box_and_place_it_on_the_plate_view_0_0_100_0_0_initstate_464
384,Robot Initial States,4,1,pick_up_the_black_bowl_on_the_cookie_box_and_place_it_on_the_plate,0,0,100,0,0,474,,,,,,,,pick up the black bowl on the cookie box and place it on the plate,pick up the black bowl on the cookie box and place it on the plate view 0 0 100 0 0 initstate 474,pick_up_the_black_bowl_on_the_cookie_box_and_place_it_on_the_plate_view_0_0_100_0_0_initstate_474
385,Robot Initial States,2,3,pick_up_the_black_bowl_on_the_cookie_box_and_place_it_on_the_plate,0,0,100,0,0,484,,,,,,,,pick up the black bowl on the cookie box and place it on the plate,pick up the black bowl on the cookie box and place it on the plate view 0 0 100 0 0 initstate 484,pick_up_the_black_bowl_on_the_cookie_box_and_place_it_on_the_plate_view_0_0_100_0_0_initstate_484
386,Robot Initial States,3,2,pick_up_the_black_bowl_on_the_cookie_box_and_place_it_on_the_plate,0,0,100,0,0,494,,,,,,,,pick up the black bowl on the cookie box and place it on the plate,pick up the black bowl on the cookie box and place it on the plate view 0 0 100 0 0 initstate 494,pick_up_the_black_bowl_on_the_cookie_box_and_place_it_on_the_plate_view_0_0_100_0_0_initstate_494
387,Robot Initial States,1,4,pick_up_the_black_bowl_in_the_top_drawer_of_the_wooden_cabinet_and_place_it_on_the_plate,0,0,100,0,0,55,,,,,,,,pick up the black bowl in the top drawer of the wooden cabinet and place it on the plate,pick up the black bowl in the top drawer of the wooden cabinet and place it on the plate view 0 0 100 0 0 initstate 55,pick_up_the_black_bowl_in_the_top_drawer_of_the_wooden_cabinet_and_place_it_on_the_plate_view_0_0_100_0_0_initstate_55
388,Robot Initial States,1,4,pick_up_the_black_bowl_in_the_top_drawer_of_the_wooden_cabinet_and_place_it_on_the_plate,0,0,100,0,0,65,,,,,,,,pick up the black bowl in the top drawer of the wooden cabinet and place it on the plate,pick up the black bowl in the top drawer of the wooden cabinet and place it on the plate view 0 0 100 0 0 initstate 65,pick_up_the_black_bowl_in_the_top_drawer_of_the_wooden_cabinet_and_place_it_on_the_plate_view_0_0_100_0_0_initstate_65
389,Robot Initial States,1,4,pick_up_the_black_bowl_in_the_top_drawer_of_the_wooden_cabinet_and_place_it_on_the_plate,0,0,100,0,0,95,,,,,,,,pick up the black bowl in the top drawer of the wooden cabinet and place it on the plate,pick up the black bowl in the top drawer of the wooden cabinet and place it on the plate view 0 0 100 0 0 initstate 95,pick_up_the_black_bowl_in_the_top_drawer_of_the_wooden_cabinet_and_place_it_on_the_plate_view_0_0_100_0_0_initstate_95
390,Robot Initial States,2,3,pick_up_the_black_bowl_in_the_top_drawer_of_the_wooden_cabinet_and_place_it_on_the_plate,0,0,100,0,0,105,,,,,,,,pick up the black bowl in the top drawer of the wooden cabinet and place it on the plate,pick up the black bowl in the top drawer of the wooden cabinet and place it on the plate view 0 0 100 0 0 initstate 105,pick_up_the_black_bowl_in_the_top_drawer_of_the_wooden_cabinet_and_place_it_on_the_plate_view_0_0_100_0_0_initstate_105
391,Robot Initial States,4,1,pick_up_the_black_bowl_in_the_top_drawer_of_the_wooden_cabinet_and_place_it_on_the_plate,0,0,100,0,0,115,,,,,,,,pick up the black bowl in the top drawer of the wooden cabinet and place it on the plate,pick up the black bowl in the top drawer of the wooden cabinet and place it on the plate view 0 0 100 0 0 initstate 115,pick_up_the_black_bowl_in_the_top_drawer_of_the_wooden_cabinet_and_place_it_on_the_plate_view_0_0_100_0_0_initstate_115
392,Robot Initial States,5,0,pick_up_the_black_bowl_in_the_top_drawer_of_the_wooden_cabinet_and_place_it_on_the_plate,0,0,100,0,0,125,,,,,,,,pick up the black bowl in the top drawer of the wooden cabinet and place it on the plate,pick up the black bowl in the top drawer of the wooden cabinet and place it on the plate view 0 0 100 0 0 initstate 125,pick_up_the_black_bowl_in_the_top_drawer_of_the_wooden_cabinet_and_place_it_on_the_plate_view_0_0_100_0_0_initstate_125
393,Robot Initial States,1,4,pick_up_the_black_bowl_in_the_top_drawer_of_the_wooden_cabinet_and_place_it_on_the_plate,0,0,100,0,0,135,,,,,,,,pick up the black bowl in the top drawer of the wooden cabinet and place it on the plate,pick up the black bowl in the top drawer of the wooden cabinet and place it on the plate view 0 0 100 0 0 initstate 135,pick_up_the_black_bowl_in_the_top_drawer_of_the_wooden_cabinet_and_place_it_on_the_plate_view_0_0_100_0_0_initstate_135
394,Robot Initial States,1,4,pick_up_the_black_bowl_in_the_top_drawer_of_the_wooden_cabinet_and_place_it_on_the_plate,0,0,100,0,0,145,,,,,,,,pick up the black bowl in the top drawer of the wooden cabinet and place it on the plate,pick up the black bowl in the top drawer of the wooden cabinet and place it on the plate view 0 0 100 0 0 initstate 145,pick_up_the_black_bowl_in_the_top_drawer_of_the_wooden_cabinet_and_place_it_on_the_plate_view_0_0_100_0_0_initstate_145
395,Robot Initial States,2,3,pick_up_the_black_bowl_in_the_top_drawer_of_the_wooden_cabinet_and_place_it_on_the_plate,0,0,100,0,0,165,,,,,,,,pick up the black bowl in the top drawer of the wooden cabinet and place it on the plate,pick up the black bowl in the top drawer of the wooden cabinet and place it on the plate view 0 0 100 0 0 initstate 165,pick_up_the_black_bowl_in_the_top_drawer_of_the_wooden_cabinet_and_place_it_on_the_plate_view_0_0_100_0_0_initstate_165
396,Robot Initial States,4,1,pick_up_the_black_bowl_in_the_top_drawer_of_the_wooden_cabinet_and_place_it_on_the_plate,0,0,100,0,0,175,,,,,,,,pick up the black bowl in the top drawer of the wooden cabinet and place it on the plate,pick up the black bowl in the top drawer of the wooden cabinet and place it on the plate view 0 0 100 0 0 initstate 175,pick_up_the_black_bowl_in_the_top_drawer_of_the_wooden_cabinet_and_place_it_on_the_plate_view_0_0_100_0_0_initstate_175
397,Robot Initial States,1,4,pick_up_the_black_bowl_in_the_top_drawer_of_the_wooden_cabinet_and_place_it_on_the_plate,0,0,100,0,0,185,,,,,,,,pick up the black bowl in the top drawer of the wooden cabinet and place it on the plate,pick up the black bowl in the top drawer of the wooden cabinet and place it on the plate view 0 0 100 0 0 initstate 185,pick_up_the_black_bowl_in_the_top_drawer_of_the_wooden_cabinet_and_place_it_on_the_plate_view_0_0_100_0_0_initstate_185
398,Robot Initial States,1,4,pick_up_the_black_bowl_in_the_top_drawer_of_the_wooden_cabinet_and_place_it_on_the_plate,0,0,100,0,0,195,,,,,,,,pick up the black bowl in the top drawer of the wooden cabinet and place it on the plate,pick up the black bowl in the top drawer of the wooden cabinet and place it on the plate view 0 0 100 0 0 initstate 195,pick_up_the_black_bowl_in_the_top_drawer_of_the_wooden_cabinet_and_place_it_on_the_plate_view_0_0_100_0_0_initstate_195
399,Robot Initial States,1,4,pick_up_the_black_bowl_in_the_top_drawer_of_the_wooden_cabinet_and_place_it_on_the_plate,0,0,100,0,0,205,,,,,,,,pick up the black bowl in the top drawer of the wooden cabinet and place it on the plate,pick up the black bowl in the top drawer of the wooden cabinet and place it on the plate view 0 0 100 0 0 initstate 205,pick_up_the_black_bowl_in_the_top_drawer_of_the_wooden_cabinet_and_place_it_on_the_plate_view_0_0_100_0_0_initstate_205
400,Robot Initial States,5,0,pick_up_the_black_bowl_in_the_top_drawer_of_the_wooden_cabinet_and_place_it_on_the_plate,0,0,100,0,0,215,,,,,,,,pick up the black bowl in the top drawer of the wooden cabinet and place it on the plate,pick up the black bowl in the top drawer of the wooden cabinet and place it on the plate view 0 0 100 0 0 initstate 215,pick_up_the_black_bowl_in_the_top_drawer_of_the_wooden_cabinet_and_place_it_on_the_plate_view_0_0_100_0_0_initstate_215
401,Robot Initial States,5,0,pick_up_the_black_bowl_in_the_top_drawer_of_the_wooden_cabinet_and_place_it_on_the_plate,0,0,100,0,0,225,,,,,,,,pick up the black bowl in the top drawer of the wooden cabinet and place it on the plate,pick up the black bowl in the top drawer of the wooden cabinet and place it on the plate view 0 0 100 0 0 initstate 225,pick_up_the_black_bowl_in_the_top_drawer_of_the_wooden_cabinet_and_place_it_on_the_plate_view_0_0_100_0_0_initstate_225
402,Robot Initial States,3,2,pick_up_the_black_bowl_in_the_top_drawer_of_the_wooden_cabinet_and_place_it_on_the_plate,0,0,100,0,0,235,,,,,,,,pick up the black bowl in the top drawer of the wooden cabinet and place it on the plate,pick up the black bowl in the top drawer of the wooden cabinet and place it on the plate view 0 0 100 0 0 initstate 235,pick_up_the_black_bowl_in_the_top_drawer_of_the_wooden_cabinet_and_place_it_on_the_plate_view_0_0_100_0_0_initstate_235
403,Robot Initial States,2,3,pick_up_the_black_bowl_in_the_top_drawer_of_the_wooden_cabinet_and_place_it_on_the_plate,0,0,100,0,0,245,,,,,,,,pick up the black bowl in the top drawer of the wooden cabinet and place it on the plate,pick up the black bowl in the top drawer of the wooden cabinet and place it on the plate view 0 0 100 0 0 initstate 245,pick_up_the_black_bowl_in_the_top_drawer_of_the_wooden_cabinet_and_place_it_on_the_plate_view_0_0_100_0_0_initstate_245
404,Robot Initial States,3,2,pick_up_the_black_bowl_in_the_top_drawer_of_the_wooden_cabinet_and_place_it_on_the_plate,0,0,100,0,0,255,,,,,,,,pick up the black bowl in the top drawer of the wooden cabinet and place it on the plate,pick up the black bowl in the top drawer of the wooden cabinet and place it on the plate view 0 0 100 0 0 initstate 255,pick_up_the_black_bowl_in_the_top_drawer_of_the_wooden_cabinet_and_place_it_on_the_plate_view_0_0_100_0_0_initstate_255
405,Robot Initial States,2,3,pick_up_the_black_bowl_in_the_top_drawer_of_the_wooden_cabinet_and_place_it_on_the_plate,0,0,100,0,0,265,,,,,,,,pick up the black bowl in the top drawer of the wooden cabinet and place it on the plate,pick up the black bowl in the top drawer of the wooden cabinet and place it on the plate view 0 0 100 0 0 initstate 265,pick_up_the_black_bowl_in_the_top_drawer_of_the_wooden_cabinet_and_place_it_on_the_plate_view_0_0_100_0_0_initstate_265
406,Robot Initial States,2,3,pick_up_the_black_bowl_in_the_top_drawer_of_the_wooden_cabinet_and_place_it_on_the_plate,0,0,100,0,0,275,,,,,,,,pick up the black bowl in the top drawer of the wooden cabinet and place it on the plate,pick up the black bowl in the top drawer of the wooden cabinet and place it on the plate view 0 0 100 0 0 initstate 275,pick_up_the_black_bowl_in_the_top_drawer_of_the_wooden_cabinet_and_place_it_on_the_plate_view_0_0_100_0_0_initstate_275
407,Robot Initial States,1,4,pick_up_the_black_bowl_in_the_top_drawer_of_the_wooden_cabinet_and_place_it_on_the_plate,0,0,100,0,0,285,,,,,,,,pick up the black bowl in the top drawer of the wooden cabinet and place it on the plate,pick up the black bowl in the top drawer of the wooden cabinet and place it on the plate view 0 0 100 0 0 initstate 285,pick_up_the_black_bowl_in_the_top_drawer_of_the_wooden_cabinet_and_place_it_on_the_plate_view_0_0_100_0_0_initstate_285
408,Robot Initial States,2,3,pick_up_the_black_bowl_in_the_top_drawer_of_the_wooden_cabinet_and_place_it_on_the_plate,0,0,100,0,0,295,,,,,,,,pick up the black bowl in the top drawer of the wooden cabinet and place it on the plate,pick up the black bowl in the top drawer of the wooden cabinet and place it on the plate view 0 0 100 0 0 initstate 295,pick_up_the_black_bowl_in_the_top_drawer_of_the_wooden_cabinet_and_place_it_on_the_plate_view_0_0_100_0_0_initstate_295
409,Robot Initial States,5,0,pick_up_the_black_bowl_in_the_top_drawer_of_the_wooden_cabinet_and_place_it_on_the_plate,0,0,100,0,0,305,,,,,,,,pick up the black bowl in the top drawer of the wooden cabinet and place it on the plate,pick up the black bowl in the top drawer of the wooden cabinet and place it on the plate view 0 0 100 0 0 initstate 305,pick_up_the_black_bowl_in_the_top_drawer_of_the_wooden_cabinet_and_place_it_on_the_plate_view_0_0_100_0_0_initstate_305
410,Robot Initial States,5,0,pick_up_the_black_bowl_in_the_top_drawer_of_the_wooden_cabinet_and_place_it_on_the_plate,0,0,100,0,0,315,,,,,,,,pick up the black bowl in the top drawer of the wooden cabinet and place it on the plate,pick up the black bowl in the top drawer of the wooden cabinet and place it on the plate view 0 0 100 0 0 initstate 315,pick_up_the_black_bowl_in_the_top_drawer_of_the_wooden_cabinet_and_place_it_on_the_plate_view_0_0_100_0_0_initstate_315
411,Robot Initial States,2,3,pick_up_the_black_bowl_in_the_top_drawer_of_the_wooden_cabinet_and_place_it_on_the_plate,0,0,100,0,0,335,,,,,,,,pick up the black bowl in the top drawer of the wooden cabinet and place it on the plate,pick up the black bowl in the top drawer of the wooden cabinet and place it on the plate view 0 0 100 0 0 initstate 335,pick_up_the_black_bowl_in_the_top_drawer_of_the_wooden_cabinet_and_place_it_on_the_plate_view_0_0_100_0_0_initstate_335
412,Robot Initial States,1,4,pick_up_the_black_bowl_in_the_top_drawer_of_the_wooden_cabinet_and_place_it_on_the_plate,0,0,100,0,0,345,,,,,,,,pick up the black bowl in the top drawer of the wooden cabinet and place it on the plate,pick up the black bowl in the top drawer of the wooden cabinet and place it on the plate view 0 0 100 0 0 initstate 345,pick_up_the_black_bowl_in_the_top_drawer_of_the_wooden_cabinet_and_place_it_on_the_plate_view_0_0_100_0_0_initstate_345
413,Robot Initial States,3,2,pick_up_the_black_bowl_in_the_top_drawer_of_the_wooden_cabinet_and_place_it_on_the_plate,0,0,100,0,0,355,,,,,,,,pick up the black bowl in the top drawer of the wooden cabinet and place it on the plate,pick up the black bowl in the top drawer of the wooden cabinet and place it on the plate view 0 0 100 0 0 initstate 355,pick_up_the_black_bowl_in_the_top_drawer_of_the_wooden_cabinet_and_place_it_on_the_plate_view_0_0_100_0_0_initstate_355
414,Robot Initial States,5,0,pick_up_the_black_bowl_in_the_top_drawer_of_the_wooden_cabinet_and_place_it_on_the_plate,0,0,100,0,0,365,,,,,,,,pick up the black bowl in the top drawer of the wooden cabinet and place it on the plate,pick up the black bowl in the top drawer of the wooden cabinet and place it on the plate view 0 0 100 0 0 initstate 365,pick_up_the_black_bowl_in_the_top_drawer_of_the_wooden_cabinet_and_place_it_on_the_plate_view_0_0_100_0_0_initstate_365
415,Robot Initial States,2,3,pick_up_the_black_bowl_in_the_top_drawer_of_the_wooden_cabinet_and_place_it_on_the_plate,0,0,100,0,0,375,,,,,,,,pick up the black bowl in the top drawer of the wooden cabinet and place it on the plate,pick up the black bowl in the top drawer of the wooden cabinet and place it on the plate view 0 0 100 0 0 initstate 375,pick_up_the_black_bowl_in_the_top_drawer_of_the_wooden_cabinet_and_place_it_on_the_plate_view_0_0_100_0_0_initstate_375
416,Robot Initial States,5,0,pick_up_the_black_bowl_in_the_top_drawer_of_the_wooden_cabinet_and_place_it_on_the_plate,0,0,100,0,0,385,,,,,,,,pick up the black bowl in the top drawer of the wooden cabinet and place it on the plate,pick up the black bowl in the top drawer of the wooden cabinet and place it on the plate view 0 0 100 0 0 initstate 385,pick_up_the_black_bowl_in_the_top_drawer_of_the_wooden_cabinet_and_place_it_on_the_plate_view_0_0_100_0_0_initstate_385
417,Robot Initial States,5,0,pick_up_the_black_bowl_in_the_top_drawer_of_the_wooden_cabinet_and_place_it_on_the_plate,0,0,100,0,0,395,,,,,,,,pick up the black bowl in the top drawer of the wooden cabinet and place it on the plate,pick up the black bowl in the top drawer of the wooden cabinet and place it on the plate view 0 0 100 0 0 initstate 395,pick_up_the_black_bowl_in_the_top_drawer_of_the_wooden_cabinet_and_place_it_on_the_plate_view_0_0_100_0_0_initstate_395
418,Robot Initial States,5,0,pick_up_the_black_bowl_in_the_top_drawer_of_the_wooden_cabinet_and_place_it_on_the_plate,0,0,100,0,0,405,,,,,,,,pick up the black bowl in the top drawer of the wooden cabinet and place it on the plate,pick up the black bowl in the top drawer of the wooden cabinet and place it on the plate view 0 0 100 0 0 initstate 405,pick_up_the_black_bowl_in_the_top_drawer_of_the_wooden_cabinet_and_place_it_on_the_plate_view_0_0_100_0_0_initstate_405
419,Robot Initial States,5,0,pick_up_the_black_bowl_in_the_top_drawer_of_the_wooden_cabinet_and_place_it_on_the_plate,0,0,100,0,0,425,,,,,,,,pick up the black bowl in the top drawer of the wooden cabinet and place it on the plate,pick up the black bowl in the top drawer of the wooden cabinet and place it on the plate view 0 0 100 0 0 initstate 425,pick_up_the_black_bowl_in_the_top_drawer_of_the_wooden_cabinet_and_place_it_on_the_plate_view_0_0_100_0_0_initstate_425
420,Robot Initial States,3,2,pick_up_the_black_bowl_in_the_top_drawer_of_the_wooden_cabinet_and_place_it_on_the_plate,0,0,100,0,0,435,,,,,,,,pick up the black bowl in the top drawer of the wooden cabinet and place it on the plate,pick up the black bowl in the top drawer of the wooden cabinet and place it on the plate view 0 0 100 0 0 initstate 435,pick_up_the_black_bowl_in_the_top_drawer_of_the_wooden_cabinet_and_place_it_on_the_plate_view_0_0_100_0_0_initstate_435
421,Robot Initial States,1,4,pick_up_the_black_bowl_in_the_top_drawer_of_the_wooden_cabinet_and_place_it_on_the_plate,0,0,100,0,0,445,,,,,,,,pick up the black bowl in the top drawer of the wooden cabinet and place it on the plate,pick up the black bowl in the top drawer of the wooden cabinet and place it on the plate view 0 0 100 0 0 initstate 445,pick_up_the_black_bowl_in_the_top_drawer_of_the_wooden_cabinet_and_place_it_on_the_plate_view_0_0_100_0_0_initstate_445
422,Robot Initial States,5,0,pick_up_the_black_bowl_in_the_top_drawer_of_the_wooden_cabinet_and_place_it_on_the_plate,0,0,100,0,0,455,,,,,,,,pick up the black bowl in the top drawer of the wooden cabinet and place it on the plate,pick up the black bowl in the top drawer of the wooden cabinet and place it on the plate view 0 0 100 0 0 initstate 455,pick_up_the_black_bowl_in_the_top_drawer_of_the_wooden_cabinet_and_place_it_on_the_plate_view_0_0_100_0_0_initstate_455
423,Robot Initial States,2,3,pick_up_the_black_bowl_in_the_top_drawer_of_the_wooden_cabinet_and_place_it_on_the_plate,0,0,100,0,0,465,,,,,,,,pick up the black bowl in the top drawer of the wooden cabinet and place it on the plate,pick up the black bowl in the top drawer of the wooden cabinet and place it on the plate view 0 0 100 0 0 initstate 465,pick_up_the_black_bowl_in_the_top_drawer_of_the_wooden_cabinet_and_place_it_on_the_plate_view_0_0_100_0_0_initstate_465
424,Robot Initial States,5,0,pick_up_the_black_bowl_in_the_top_drawer_of_the_wooden_cabinet_and_place_it_on_the_plate,0,0,100,0,0,475,,,,,,,,pick up the black bowl in the top drawer of the wooden cabinet and place it on the plate,pick up the black bowl in the top drawer of the wooden cabinet and place it on the plate view 0 0 100 0 0 initstate 475,pick_up_the_black_bowl_in_the_top_drawer_of_the_wooden_cabinet_and_place_it_on_the_plate_view_0_0_100_0_0_initstate_475
425,Robot Initial States,4,1,pick_up_the_black_bowl_in_the_top_drawer_of_the_wooden_cabinet_and_place_it_on_the_plate,0,0,100,0,0,485,,,,,,,,pick up the black bowl in the top drawer of the wooden cabinet and place it on the plate,pick up the black bowl in the top drawer of the wooden cabinet and place it on the plate view 0 0 100 0 0 initstate 485,pick_up_the_black_bowl_in_the_top_drawer_of_the_wooden_cabinet_and_place_it_on_the_plate_view_0_0_100_0_0_initstate_485
426,Robot Initial States,3,2,pick_up_the_black_bowl_in_the_top_drawer_of_the_wooden_cabinet_and_place_it_on_the_plate,0,0,100,0,0,495,,,,,,,,pick up the black bowl in the top drawer of the wooden cabinet and place it on the plate,pick up the black bowl in the top drawer of the wooden cabinet and place it on the plate view 0 0 100 0 0 initstate 495,pick_up_the_black_bowl_in_the_top_drawer_of_the_wooden_cabinet_and_place_it_on_the_plate_view_0_0_100_0_0_initstate_495
427,Robot Initial States,1,4,pick_up_the_black_bowl_on_the_ramekin_and_place_it_on_the_plate,0,0,100,0,0,16,,,,,,,,pick up the black bowl on the ramekin and place it on the plate,pick up the black bowl on the ramekin and place it on the plate view 0 0 100 0 0 initstate 16,pick_up_the_black_bowl_on_the_ramekin_and_place_it_on_the_plate_view_0_0_100_0_0_initstate_16
428,Robot Initial States,1,4,pick_up_the_black_bowl_on_the_ramekin_and_place_it_on_the_plate,0,0,100,0,0,106,,,,,,,,pick up the black bowl on the ramekin and place it on the plate,pick up the black bowl on the ramekin and place it on the plate view 0 0 100 0 0 initstate 106,pick_up_the_black_bowl_on_the_ramekin_and_place_it_on_the_plate_view_0_0_100_0_0_initstate_106
429,Robot Initial States,5,0,pick_up_the_black_bowl_on_the_ramekin_and_place_it_on_the_plate,0,0,100,0,0,116,,,,,,,,pick up the black bowl on the ramekin and place it on the plate,pick up the black bowl on the ramekin and place it on the plate view 0 0 100 0 0 initstate 116,pick_up_the_black_bowl_on_the_ramekin_and_place_it_on_the_plate_view_0_0_100_0_0_initstate_116
430,Robot Initial States,5,0,pick_up_the_black_bowl_on_the_ramekin_and_place_it_on_the_plate,0,0,100,0,0,126,,,,,,,,pick up the black bowl on the ramekin and place it on the plate,pick up the black bowl on the ramekin and place it on the plate view 0 0 100 0 0 initstate 126,pick_up_the_black_bowl_on_the_ramekin_and_place_it_on_the_plate_view_0_0_100_0_0_initstate_126
431,Robot Initial States,4,1,pick_up_the_black_bowl_on_the_ramekin_and_place_it_on_the_plate,0,0,100,0,0,136,,,,,,,,pick up the black bowl on the ramekin and place it on the plate,pick up the black bowl on the ramekin and place it on the plate view 0 0 100 0 0 initstate 136,pick_up_the_black_bowl_on_the_ramekin_and_place_it_on_the_plate_view_0_0_100_0_0_initstate_136
432,Robot Initial States,3,2,pick_up_the_black_bowl_on_the_ramekin_and_place_it_on_the_plate,0,0,100,0,0,146,,,,,,,,pick up the black bowl on the ramekin and place it on the plate,pick up the black bowl on the ramekin and place it on the plate view 0 0 100 0 0 initstate 146,pick_up_the_black_bowl_on_the_ramekin_and_place_it_on_the_plate_view_0_0_100_0_0_initstate_146
433,Robot Initial States,2,3,pick_up_the_black_bowl_on_the_ramekin_and_place_it_on_the_plate,0,0,100,0,0,196,,,,,,,,pick up the black bowl on the ramekin and place it on the plate,pick up the black bowl on the ramekin and place it on the plate view 0 0 100 0 0 initstate 196,pick_up_the_black_bowl_on_the_ramekin_and_place_it_on_the_plate_view_0_0_100_0_0_initstate_196
434,Robot Initial States,3,2,pick_up_the_black_bowl_on_the_ramekin_and_place_it_on_the_plate,0,0,100,0,0,206,,,,,,,,pick up the black bowl on the ramekin and place it on the plate,pick up the black bowl on the ramekin and place it on the plate view 0 0 100 0 0 initstate 206,pick_up_the_black_bowl_on_the_ramekin_and_place_it_on_the_plate_view_0_0_100_0_0_initstate_206
435,Robot Initial States,3,2,pick_up_the_black_bowl_on_the_ramekin_and_place_it_on_the_plate,0,0,100,0,0,226,,,,,,,,pick up the black bowl on the ramekin and place it on the plate,pick up the black bowl on the ramekin and place it on the plate view 0 0 100 0 0 initstate 226,pick_up_the_black_bowl_on_the_ramekin_and_place_it_on_the_plate_view_0_0_100_0_0_initstate_226
436,Robot Initial States,3,2,pick_up_the_black_bowl_on_the_ramekin_and_place_it_on_the_plate,0,0,100,0,0,236,,,,,,,,pick up the black bowl on the ramekin and place it on the plate,pick up the black bowl on the ramekin and place it on the plate view 0 0 100 0 0 initstate 236,pick_up_the_black_bowl_on_the_ramekin_and_place_it_on_the_plate_view_0_0_100_0_0_initstate_236
437,Robot Initial States,5,0,pick_up_the_black_bowl_on_the_ramekin_and_place_it_on_the_plate,0,0,100,0,0,246,,,,,,,,pick up the black bowl on the ramekin and place it on the plate,pick up the black bowl on the ramekin and place it on the plate view 0 0 100 0 0 initstate 246,pick_up_the_black_bowl_on_the_ramekin_and_place_it_on_the_plate_view_0_0_100_0_0_initstate_246
438,Robot Initial States,1,4,pick_up_the_black_bowl_on_the_ramekin_and_place_it_on_the_plate,0,0,100,0,0,266,,,,,,,,pick up the black bowl on the ramekin and place it on the plate,pick up the black bowl on the ramekin and place it on the plate view 0 0 100 0 0 initstate 266,pick_up_the_black_bowl_on_the_ramekin_and_place_it_on_the_plate_view_0_0_100_0_0_initstate_266
439,Robot Initial States,4,1,pick_up_the_black_bowl_on_the_ramekin_and_place_it_on_the_plate,0,0,100,0,0,276,,,,,,,,pick up the black bowl on the ramekin and place it on the plate,pick up the black bowl on the ramekin and place it on the plate view 0 0 100 0 0 initstate 276,pick_up_the_black_bowl_on_the_ramekin_and_place_it_on_the_plate_view_0_0_100_0_0_initstate_276
440,Robot Initial States,5,0,pick_up_the_black_bowl_on_the_ramekin_and_place_it_on_the_plate,0,0,100,0,0,296,,,,,,,,pick up the black bowl on the ramekin and place it on the plate,pick up the black bowl on the ramekin and place it on the plate view 0 0 100 0 0 initstate 296,pick_up_the_black_bowl_on_the_ramekin_and_place_it_on_the_plate_view_0_0_100_0_0_initstate_296
441,Robot Initial States,3,2,pick_up_the_black_bowl_on_the_ramekin_and_place_it_on_the_plate,0,0,100,0,0,306,,,,,,,,pick up the black bowl on the ramekin and place it on the plate,pick up the black bowl on the ramekin and place it on the plate view 0 0 100 0 0 initstate 306,pick_up_the_black_bowl_on_the_ramekin_and_place_it_on_the_plate_view_0_0_100_0_0_initstate_306
442,Robot Initial States,2,3,pick_up_the_black_bowl_on_the_ramekin_and_place_it_on_the_plate,0,0,100,0,0,316,,,,,,,,pick up the black bowl on the ramekin and place it on the plate,pick up the black bowl on the ramekin and place it on the plate view 0 0 100 0 0 initstate 316,pick_up_the_black_bowl_on_the_ramekin_and_place_it_on_the_plate_view_0_0_100_0_0_initstate_316
443,Robot Initial States,1,4,pick_up_the_black_bowl_on_the_ramekin_and_place_it_on_the_plate,0,0,100,0,0,326,,,,,,,,pick up the black bowl on the ramekin and place it on the plate,pick up the black bowl on the ramekin and place it on the plate view 0 0 100 0 0 initstate 326,pick_up_the_black_bowl_on_the_ramekin_and_place_it_on_the_plate_view_0_0_100_0_0_initstate_326
444,Robot Initial States,5,0,pick_up_the_black_bowl_on_the_ramekin_and_place_it_on_the_plate,0,0,100,0,0,336,,,,,,,,pick up the black bowl on the ramekin and place it on the plate,pick up the black bowl on the ramekin and place it on the plate view 0 0 100 0 0 initstate 336,pick_up_the_black_bowl_on_the_ramekin_and_place_it_on_the_plate_view_0_0_100_0_0_initstate_336
445,Robot Initial States,5,0,pick_up_the_black_bowl_on_the_ramekin_and_place_it_on_the_plate,0,0,100,0,0,346,,,,,,,,pick up the black bowl on the ramekin and place it on the plate,pick up the black bowl on the ramekin and place it on the plate view 0 0 100 0 0 initstate 346,pick_up_the_black_bowl_on_the_ramekin_and_place_it_on_the_plate_view_0_0_100_0_0_initstate_346
446,Robot Initial States,3,2,pick_up_the_black_bowl_on_the_ramekin_and_place_it_on_the_plate,0,0,100,0,0,356,,,,,,,,pick up the black bowl on the ramekin and place it on the plate,pick up the black bowl on the ramekin and place it on the plate view 0 0 100 0 0 initstate 356,pick_up_the_black_bowl_on_the_ramekin_and_place_it_on_the_plate_view_0_0_100_0_0_initstate_356
447,Robot Initial States,5,0,pick_up_the_black_bowl_on_the_ramekin_and_place_it_on_the_plate,0,0,100,0,0,366,,,,,,,,pick up the black bowl on the ramekin and place it on the plate,pick up the black bowl on the ramekin and place it on the plate view 0 0 100 0 0 initstate 366,pick_up_the_black_bowl_on_the_ramekin_and_place_it_on_the_plate_view_0_0_100_0_0_initstate_366
448,Robot Initial States,2,3,pick_up_the_black_bowl_on_the_ramekin_and_place_it_on_the_plate,0,0,100,0,0,376,,,,,,,,pick up the black bowl on the ramekin and place it on the plate,pick up the black bowl on the ramekin and place it on the plate view 0 0 100 0 0 initstate 376,pick_up_the_black_bowl_on_the_ramekin_and_place_it_on_the_plate_view_0_0_100_0_0_initstate_376
449,Robot Initial States,3,2,pick_up_the_black_bowl_on_the_ramekin_and_place_it_on_the_plate,0,0,100,0,0,396,,,,,,,,pick up the black bowl on the ramekin and place it on the plate,pick up the black bowl on the ramekin and place it on the plate view 0 0 100 0 0 initstate 396,pick_up_the_black_bowl_on_the_ramekin_and_place_it_on_the_plate_view_0_0_100_0_0_initstate_396
450,Robot Initial States,4,1,pick_up_the_black_bowl_on_the_ramekin_and_place_it_on_the_plate,0,0,100,0,0,406,,,,,,,,pick up the black bowl on the ramekin and place it on the plate,pick up the black bowl on the ramekin and place it on the plate view 0 0 100 0 0 initstate 406,pick_up_the_black_bowl_on_the_ramekin_and_place_it_on_the_plate_view_0_0_100_0_0_initstate_406
451,Robot Initial States,2,3,pick_up_the_black_bowl_on_the_ramekin_and_place_it_on_the_plate,0,0,100,0,0,416,,,,,,,,pick up the black bowl on the ramekin and place it on the plate,pick up the black bowl on the ramekin and place it on the plate view 0 0 100 0 0 initstate 416,pick_up_the_black_bowl_on_the_ramekin_and_place_it_on_the_plate_view_0_0_100_0_0_initstate_416
452,Robot Initial States,3,2,pick_up_the_black_bowl_on_the_ramekin_and_place_it_on_the_plate,0,0,100,0,0,426,,,,,,,,pick up the black bowl on the ramekin and place it on the plate,pick up the black bowl on the ramekin and place it on the plate view 0 0 100 0 0 initstate 426,pick_up_the_black_bowl_on_the_ramekin_and_place_it_on_the_plate_view_0_0_100_0_0_initstate_426
453,Robot Initial States,5,0,pick_up_the_black_bowl_on_the_ramekin_and_place_it_on_the_plate,0,0,100,0,0,446,,,,,,,,pick up the black bowl on the ramekin and place it on the plate,pick up the black bowl on the ramekin and place it on the plate view 0 0 100 0 0 initstate 446,pick_up_the_black_bowl_on_the_ramekin_and_place_it_on_the_plate_view_0_0_100_0_0_initstate_446
454,Robot Initial States,5,0,pick_up_the_black_bowl_on_the_ramekin_and_place_it_on_the_plate,0,0,100,0,0,456,,,,,,,,pick up the black bowl on the ramekin and place it on the plate,pick up the black bowl on the ramekin and place it on the plate view 0 0 100 0 0 initstate 456,pick_up_the_black_bowl_on_the_ramekin_and_place_it_on_the_plate_view_0_0_100_0_0_initstate_456
455,Robot Initial States,5,0,pick_up_the_black_bowl_on_the_ramekin_and_place_it_on_the_plate,0,0,100,0,0,466,,,,,,,,pick up the black bowl on the ramekin and place it on the plate,pick up the black bowl on the ramekin and place it on the plate view 0 0 100 0 0 initstate 466,pick_up_the_black_bowl_on_the_ramekin_and_place_it_on_the_plate_view_0_0_100_0_0_initstate_466
456,Robot Initial States,2,3,pick_up_the_black_bowl_on_the_ramekin_and_place_it_on_the_plate,0,0,100,0,0,476,,,,,,,,pick up the black bowl on the ramekin and place it on the plate,pick up the black bowl on the ramekin and place it on the plate view 0 0 100 0 0 initstate 476,pick_up_the_black_bowl_on_the_ramekin_and_place_it_on_the_plate_view_0_0_100_0_0_initstate_476
457,Robot Initial States,5,0,pick_up_the_black_bowl_on_the_ramekin_and_place_it_on_the_plate,0,0,100,0,0,486,,,,,,,,pick up the black bowl on the ramekin and place it on the plate,pick up the black bowl on the ramekin and place it on the plate view 0 0 100 0 0 initstate 486,pick_up_the_black_bowl_on_the_ramekin_and_place_it_on_the_plate_view_0_0_100_0_0_initstate_486
458,Robot Initial States,3,2,pick_up_the_black_bowl_on_the_ramekin_and_place_it_on_the_plate,0,0,100,0,0,496,,,,,,,,pick up the black bowl on the ramekin and place it on the plate,pick up the black bowl on the ramekin and place it on the plate view 0 0 100 0 0 initstate 496,pick_up_the_black_bowl_on_the_ramekin_and_place_it_on_the_plate_view_0_0_100_0_0_initstate_496
459,Robot Initial States,1,4,pick_up_the_black_bowl_next_to_the_cookie_box_and_place_it_on_the_plate,0,0,100,0,0,17,,,,,,,,pick up the black bowl next to the cookie box and place it on the plate,pick up the black bowl next to the cookie box and place it on the plate view 0 0 100 0 0 initstate 17,pick_up_the_black_bowl_next_to_the_cookie_box_and_place_it_on_the_plate_view_0_0_100_0_0_initstate_17
460,Robot Initial States,1,4,pick_up_the_black_bowl_next_to_the_cookie_box_and_place_it_on_the_plate,0,0,100,0,0,47,,,,,,,,pick up the black bowl next to the cookie box and place it on the plate,pick up the black bowl next to the cookie box and place it on the plate view 0 0 100 0 0 initstate 47,pick_up_the_black_bowl_next_to_the_cookie_box_and_place_it_on_the_plate_view_0_0_100_0_0_initstate_47
461,Robot Initial States,2,3,pick_up_the_black_bowl_next_to_the_cookie_box_and_place_it_on_the_plate,0,0,100,0,0,107,,,,,,,,pick up the black bowl next to the cookie box and place it on the plate,pick up the black bowl next to the cookie box and place it on the plate view 0 0 100 0 0 initstate 107,pick_up_the_black_bowl_next_to_the_cookie_box_and_place_it_on_the_plate_view_0_0_100_0_0_initstate_107
462,Robot Initial States,1,4,pick_up_the_black_bowl_next_to_the_cookie_box_and_place_it_on_the_plate,0,0,100,0,0,117,,,,,,,,pick up the black bowl next to the cookie box and place it on the plate,pick up the black bowl next to the cookie box and place it on the plate view 0 0 100 0 0 initstate 117,pick_up_the_black_bowl_next_to_the_cookie_box_and_place_it_on_the_plate_view_0_0_100_0_0_initstate_117
463,Robot Initial States,2,3,pick_up_the_black_bowl_next_to_the_cookie_box_and_place_it_on_the_plate,0,0,100,0,0,147,,,,,,,,pick up the black bowl next to the cookie box and place it on the plate,pick up the black bowl next to the cookie box and place it on the plate view 0 0 100 0 0 initstate 147,pick_up_the_black_bowl_next_to_the_cookie_box_and_place_it_on_the_plate_view_0_0_100_0_0_initstate_147
464,Robot Initial States,1,4,pick_up_the_black_bowl_next_to_the_cookie_box_and_place_it_on_the_plate,0,0,100,0,0,157,,,,,,,,pick up the black bowl next to the cookie box and place it on the plate,pick up the black bowl next to the cookie box and place it on the plate view 0 0 100 0 0 initstate 157,pick_up_the_black_bowl_next_to_the_cookie_box_and_place_it_on_the_plate_view_0_0_100_0_0_initstate_157
465,Robot Initial States,2,3,pick_up_the_black_bowl_next_to_the_cookie_box_and_place_it_on_the_plate,0,0,100,0,0,177,,,,,,,,pick up the black bowl next to the cookie box and place it on the plate,pick up the black bowl next to the cookie box and place it on the plate view 0 0 100 0 0 initstate 177,pick_up_the_black_bowl_next_to_the_cookie_box_and_place_it_on_the_plate_view_0_0_100_0_0_initstate_177
466,Robot Initial States,1,4,pick_up_the_black_bowl_next_to_the_cookie_box_and_place_it_on_the_plate,0,0,100,0,0,237,,,,,,,,pick up the black bowl next to the cookie box and place it on the plate,pick up the black bowl next to the cookie box and place it on the plate view 0 0 100 0 0 initstate 237,pick_up_the_black_bowl_next_to_the_cookie_box_and_place_it_on_the_plate_view_0_0_100_0_0_initstate_237
467,Robot Initial States,1,4,pick_up_the_black_bowl_next_to_the_cookie_box_and_place_it_on_the_plate,0,0,100,0,0,247,,,,,,,,pick up the black bowl next to the cookie box and place it on the plate,pick up the black bowl next to the cookie box and place it on the plate view 0 0 100 0 0 initstate 247,pick_up_the_black_bowl_next_to_the_cookie_box_and_place_it_on_the_plate_view_0_0_100_0_0_initstate_247
468,Robot Initial States,4,1,pick_up_the_black_bowl_next_to_the_cookie_box_and_place_it_on_the_plate,0,0,100,0,0,257,,,,,,,,pick up the black bowl next to the cookie box and place it on the plate,pick up the black bowl next to the cookie box and place it on the plate view 0 0 100 0 0 initstate 257,pick_up_the_black_bowl_next_to_the_cookie_box_and_place_it_on_the_plate_view_0_0_100_0_0_initstate_257
469,Robot Initial States,1,4,pick_up_the_black_bowl_next_to_the_cookie_box_and_place_it_on_the_plate,0,0,100,0,0,287,,,,,,,,pick up the black bowl next to the cookie box and place it on the plate,pick up the black bowl next to the cookie box and place it on the plate view 0 0 100 0 0 initstate 287,pick_up_the_black_bowl_next_to_the_cookie_box_and_place_it_on_the_plate_view_0_0_100_0_0_initstate_287
470,Robot Initial States,1,4,pick_up_the_black_bowl_next_to_the_cookie_box_and_place_it_on_the_plate,0,0,100,0,0,317,,,,,,,,pick up the black bowl next to the cookie box and place it on the plate,pick up the black bowl next to the cookie box and place it on the plate view 0 0 100 0 0 initstate 317,pick_up_the_black_bowl_next_to_the_cookie_box_and_place_it_on_the_plate_view_0_0_100_0_0_initstate_317
471,Robot Initial States,3,2,pick_up_the_black_bowl_next_to_the_cookie_box_and_place_it_on_the_plate,0,0,100,0,0,327,,,,,,,,pick up the black bowl next to the cookie box and place it on the plate,pick up the black bowl next to the cookie box and place it on the plate view 0 0 100 0 0 initstate 327,pick_up_the_black_bowl_next_to_the_cookie_box_and_place_it_on_the_plate_view_0_0_100_0_0_initstate_327
472,Robot Initial States,3,2,pick_up_the_black_bowl_next_to_the_cookie_box_and_place_it_on_the_plate,0,0,100,0,0,337,,,,,,,,pick up the black bowl next to the cookie box and place it on the plate,pick up the black bowl next to the cookie box and place it on the plate view 0 0 100 0 0 initstate 337,pick_up_the_black_bowl_next_to_the_cookie_box_and_place_it_on_the_plate_view_0_0_100_0_0_initstate_337
473,Robot Initial States,2,3,pick_up_the_black_bowl_next_to_the_cookie_box_and_place_it_on_the_plate,0,0,100,0,0,347,,,,,,,,pick up the black bowl next to the cookie box and place it on the plate,pick up the black bowl next to the cookie box and place it on the plate view 0 0 100 0 0 initstate 347,pick_up_the_black_bowl_next_to_the_cookie_box_and_place_it_on_the_plate_view_0_0_100_0_0_initstate_347
474,Robot Initial States,4,1,pick_up_the_black_bowl_next_to_the_cookie_box_and_place_it_on_the_plate,0,0,100,0,0,357,,,,,,,,pick up the black bowl next to the cookie box and place it on the plate,pick up the black bowl next to the cookie box and place it on the plate view 0 0 100 0 0 initstate 357,pick_up_the_black_bowl_next_to_the_cookie_box_and_place_it_on_the_plate_view_0_0_100_0_0_initstate_357
475,Robot Initial States,3,2,pick_up_the_black_bowl_next_to_the_cookie_box_and_place_it_on_the_plate,0,0,100,0,0,367,,,,,,,,pick up the black bowl next to the cookie box and place it on the plate,pick up the black bowl next to the cookie box and place it on the plate view 0 0 100 0 0 initstate 367,pick_up_the_black_bowl_next_to_the_cookie_box_and_place_it_on_the_plate_view_0_0_100_0_0_initstate_367
476,Robot Initial States,3,2,pick_up_the_black_bowl_next_to_the_cookie_box_and_place_it_on_the_plate,0,0,100,0,0,377,,,,,,,,pick up the black bowl next to the cookie box and place it on the plate,pick up the black bowl next to the cookie box and place it on the plate view 0 0 100 0 0 initstate 377,pick_up_the_black_bowl_next_to_the_cookie_box_and_place_it_on_the_plate_view_0_0_100_0_0_initstate_377
477,Robot Initial States,2,3,pick_up_the_black_bowl_next_to_the_cookie_box_and_place_it_on_the_plate,0,0,100,0,0,387,,,,,,,,pick up the black bowl next to the cookie box and place it on the plate,pick up the black bowl next to the cookie box and place it on the plate view 0 0 100 0 0 initstate 387,pick_up_the_black_bowl_next_to_the_cookie_box_and_place_it_on_the_plate_view_0_0_100_0_0_initstate_387
478,Robot Initial States,4,1,pick_up_the_black_bowl_next_to_the_cookie_box_and_place_it_on_the_plate,0,0,100,0,0,407,,,,,,,,pick up the black bowl next to the cookie box and place it on the plate,pick up the black bowl next to the cookie box and place it on the plate view 0 0 100 0 0 initstate 407,pick_up_the_black_bowl_next_to_the_cookie_box_and_place_it_on_the_plate_view_0_0_100_0_0_initstate_407
479,Robot Initial States,2,3,pick_up_the_black_bowl_next_to_the_cookie_box_and_place_it_on_the_plate,0,0,100,0,0,427,,,,,,,,pick up the black bowl next to the cookie box and place it on the plate,pick up the black bowl next to the cookie box and place it on the plate view 0 0 100 0 0 initstate 427,pick_up_the_black_bowl_next_to_the_cookie_box_and_place_it_on_the_plate_view_0_0_100_0_0_initstate_427
480,Robot Initial States,3,2,pick_up_the_black_bowl_next_to_the_cookie_box_and_place_it_on_the_plate,0,0,100,0,0,447,,,,,,,,pick up the black bowl next to the cookie box and place it on the plate,pick up the black bowl next to the cookie box and place it on the plate view 0 0 100 0 0 initstate 447,pick_up_the_black_bowl_next_to_the_cookie_box_and_place_it_on_the_plate_view_0_0_100_0_0_initstate_447
481,Robot Initial States,5,0,pick_up_the_black_bowl_next_to_the_cookie_box_and_place_it_on_the_plate,0,0,100,0,0,457,,,,,,,,pick up the black bowl next to the cookie box and place it on the plate,pick up the black bowl next to the cookie box and place it on the plate view 0 0 100 0 0 initstate 457,pick_up_the_black_bowl_next_to_the_cookie_box_and_place_it_on_the_plate_view_0_0_100_0_0_initstate_457
482,Robot Initial States,2,3,pick_up_the_black_bowl_next_to_the_cookie_box_and_place_it_on_the_plate,0,0,100,0,0,467,,,,,,,,pick up the black bowl next to the cookie box and place it on the plate,pick up the black bowl next to the cookie box and place it on the plate view 0 0 100 0 0 initstate 467,pick_up_the_black_bowl_next_to_the_cookie_box_and_place_it_on_the_plate_view_0_0_100_0_0_initstate_467
483,Robot Initial States,5,0,pick_up_the_black_bowl_next_to_the_cookie_box_and_place_it_on_the_plate,0,0,100,0,0,477,,,,,,,,pick up the black bowl next to the cookie box and place it on the plate,pick up the black bowl next to the cookie box and place it on the plate view 0 0 100 0 0 initstate 477,pick_up_the_black_bowl_next_to_the_cookie_box_and_place_it_on_the_plate_view_0_0_100_0_0_initstate_477
484,Robot Initial States,4,1,pick_up_the_black_bowl_next_to_the_cookie_box_and_place_it_on_the_plate,0,0,100,0,0,487,,,,,,,,pick up the black bowl next to the cookie box and place it on the plate,pick up the black bowl next to the cookie box and place it on the plate view 0 0 100 0 0 initstate 487,pick_up_the_black_bowl_next_to_the_cookie_box_and_place_it_on_the_plate_view_0_0_100_0_0_initstate_487
485,Robot Initial States,4,1,pick_up_the_black_bowl_next_to_the_cookie_box_and_place_it_on_the_plate,0,0,100,0,0,497,,,,,,,,pick up the black bowl next to the cookie box and place it on the plate,pick up the black bowl next to the cookie box and place it on the plate view 0 0 100 0 0 initstate 497,pick_up_the_black_bowl_next_to_the_cookie_box_and_place_it_on_the_plate_view_0_0_100_0_0_initstate_497
486,Robot Initial States,1,4,pick_up_the_black_bowl_on_the_stove_and_place_it_on_the_plate,0,0,100,0,0,8,,,,,,,,pick up the black bowl on the stove and place it on the plate,pick up the black bowl on the stove and place it on the plate view 0 0 100 0 0 initstate 8,pick_up_the_black_bowl_on_the_stove_and_place_it_on_the_plate_view_0_0_100_0_0_initstate_8
487,Robot Initial States,1,4,pick_up_the_black_bowl_on_the_stove_and_place_it_on_the_plate,0,0,100,0,0,58,,,,,,,,pick up the black bowl on the stove and place it on the plate,pick up the black bowl on the stove and place it on the plate view 0 0 100 0 0 initstate 58,pick_up_the_black_bowl_on_the_stove_and_place_it_on_the_plate_view_0_0_100_0_0_initstate_58
488,Robot Initial States,1,4,pick_up_the_black_bowl_on_the_stove_and_place_it_on_the_plate,0,0,100,0,0,78,,,,,,,,pick up the black bowl on the stove and place it on the plate,pick up the black bowl on the stove and place it on the plate view 0 0 100 0 0 initstate 78,pick_up_the_black_bowl_on_the_stove_and_place_it_on_the_plate_view_0_0_100_0_0_initstate_78
489,Robot Initial States,1,4,pick_up_the_black_bowl_on_the_stove_and_place_it_on_the_plate,0,0,100,0,0,88,,,,,,,,pick up the black bowl on the stove and place it on the plate,pick up the black bowl on the stove and place it on the plate view 0 0 100 0 0 initstate 88,pick_up_the_black_bowl_on_the_stove_and_place_it_on_the_plate_view_0_0_100_0_0_initstate_88
490,Robot Initial States,1,4,pick_up_the_black_bowl_on_the_stove_and_place_it_on_the_plate,0,0,100,0,0,108,,,,,,,,pick up the black bowl on the stove and place it on the plate,pick up the black bowl on the stove and place it on the plate view 0 0 100 0 0 initstate 108,pick_up_the_black_bowl_on_the_stove_and_place_it_on_the_plate_view_0_0_100_0_0_initstate_108
491,Robot Initial States,4,1,pick_up_the_black_bowl_on_the_stove_and_place_it_on_the_plate,0,0,100,0,0,118,,,,,,,,pick up the black bowl on the stove and place it on the plate,pick up the black bowl on the stove and place it on the plate view 0 0 100 0 0 initstate 118,pick_up_the_black_bowl_on_the_stove_and_place_it_on_the_plate_view_0_0_100_0_0_initstate_118
492,Robot Initial States,4,1,pick_up_the_black_bowl_on_the_stove_and_place_it_on_the_plate,0,0,100,0,0,128,,,,,,,,pick up the black bowl on the stove and place it on the plate,pick up the black bowl on the stove and place it on the plate view 0 0 100 0 0 initstate 128,pick_up_the_black_bowl_on_the_stove_and_place_it_on_the_plate_view_0_0_100_0_0_initstate_128
493,Robot Initial States,1,4,pick_up_the_black_bowl_on_the_stove_and_place_it_on_the_plate,0,0,100,0,0,138,,,,,,,,pick up the black bowl on the stove and place it on the plate,pick up the black bowl on the stove and place it on the plate view 0 0 100 0 0 initstate 138,pick_up_the_black_bowl_on_the_stove_and_place_it_on_the_plate_view_0_0_100_0_0_initstate_138
494,Robot Initial States,1,4,pick_up_the_black_bowl_on_the_stove_and_place_it_on_the_plate,0,0,100,0,0,148,,,,,,,,pick up the black bowl on the stove and place it on the plate,pick up the black bowl on the stove and place it on the plate view 0 0 100 0 0 initstate 148,pick_up_the_black_bowl_on_the_stove_and_place_it_on_the_plate_view_0_0_100_0_0_initstate_148
495,Robot Initial States,1,4,pick_up_the_black_bowl_on_the_stove_and_place_it_on_the_plate,0,0,100,0,0,158,,,,,,,,pick up the black bowl on the stove and place it on the plate,pick up the black bowl on the stove and place it on the plate view 0 0 100 0 0 initstate 158,pick_up_the_black_bowl_on_the_stove_and_place_it_on_the_plate_view_0_0_100_0_0_initstate_158
496,Robot Initial States,1,4,pick_up_the_black_bowl_on_the_stove_and_place_it_on_the_plate,0,0,100,0,0,178,,,,,,,,pick up the black bowl on the stove and place it on the plate,pick up the black bowl on the stove and place it on the plate view 0 0 100 0 0 initstate 178,pick_up_the_black_bowl_on_the_stove_and_place_it_on_the_plate_view_0_0_100_0_0_initstate_178
497,Robot Initial States,3,2,pick_up_the_black_bowl_on_the_stove_and_place_it_on_the_plate,0,0,100,0,0,188,,,,,,,,pick up the black bowl on the stove and place it on the plate,pick up the black bowl on the stove and place it on the plate view 0 0 100 0 0 initstate 188,pick_up_the_black_bowl_on_the_stove_and_place_it_on_the_plate_view_0_0_100_0_0_initstate_188
498,Robot Initial States,3,2,pick_up_the_black_bowl_on_the_stove_and_place_it_on_the_plate,0,0,100,0,0,198,,,,,,,,pick up the black bowl on the stove and place it on the plate,pick up the black bowl on the stove and place it on the plate view 0 0 100 0 0 initstate 198,pick_up_the_black_bowl_on_the_stove_and_place_it_on_the_plate_view_0_0_100_0_0_initstate_198
499,Robot Initial States,4,1,pick_up_the_black_bowl_on_the_stove_and_place_it_on_the_plate,0,0,100,0,0,208,,,,,,,,pick up the black bowl on the stove and place it on the plate,pick up the black bowl on the stove and place it on the plate view 0 0 100 0 0 initstate 208,pick_up_the_black_bowl_on_the_stove_and_place_it_on_the_plate_view_0_0_100_0_0_initstate_208
500,Robot Initial States,3,2,pick_up_the_black_bowl_on_the_stove_and_place_it_on_the_plate,0,0,100,0,0,218,,,,,,,,pick up the black bowl on the stove and place it on the plate,pick up the black bowl on the stove and place it on the plate view 0 0 100 0 0 initstate 218,pick_up_the_black_bowl_on_the_stove_and_place_it_on_the_plate_view_0_0_100_0_0_initstate_218
501,Robot Initial States,1,4,pick_up_the_black_bowl_on_the_stove_and_place_it_on_the_plate,0,0,100,0,0,228,,,,,,,,pick up the black bowl on the stove and place it on the plate,pick up the black bowl on the stove and place it on the plate view 0 0 100 0 0 initstate 228,pick_up_the_black_bowl_on_the_stove_and_place_it_on_the_plate_view_0_0_100_0_0_initstate_228
502,Robot Initial States,2,3,pick_up_the_black_bowl_on_the_stove_and_place_it_on_the_plate,0,0,100,0,0,238,,,,,,,,pick up the black bowl on the stove and place it on the plate,pick up the black bowl on the stove and place it on the plate view 0 0 100 0 0 initstate 238,pick_up_the_black_bowl_on_the_stove_and_place_it_on_the_plate_view_0_0_100_0_0_initstate_238
503,Robot Initial States,4,1,pick_up_the_black_bowl_on_the_stove_and_place_it_on_the_plate,0,0,100,0,0,248,,,,,,,,pick up the black bowl on the stove and place it on the plate,pick up the black bowl on the stove and place it on the plate view 0 0 100 0 0 initstate 248,pick_up_the_black_bowl_on_the_stove_and_place_it_on_the_plate_view_0_0_100_0_0_initstate_248
504,Robot Initial States,2,3,pick_up_the_black_bowl_on_the_stove_and_place_it_on_the_plate,0,0,100,0,0,258,,,,,,,,pick up the black bowl on the stove and place it on the plate,pick up the black bowl on the stove and place it on the plate view 0 0 100 0 0 initstate 258,pick_up_the_black_bowl_on_the_stove_and_place_it_on_the_plate_view_0_0_100_0_0_initstate_258
505,Robot Initial States,3,2,pick_up_the_black_bowl_on_the_stove_and_place_it_on_the_plate,0,0,100,0,0,268,,,,,,,,pick up the black bowl on the stove and place it on the plate,pick up the black bowl on the stove and place it on the plate view 0 0 100 0 0 initstate 268,pick_up_the_black_bowl_on_the_stove_and_place_it_on_the_plate_view_0_0_100_0_0_initstate_268
506,Robot Initial States,2,3,pick_up_the_black_bowl_on_the_stove_and_place_it_on_the_plate,0,0,100,0,0,278,,,,,,,,pick up the black bowl on the stove and place it on the plate,pick up the black bowl on the stove and place it on the plate view 0 0 100 0 0 initstate 278,pick_up_the_black_bowl_on_the_stove_and_place_it_on_the_plate_view_0_0_100_0_0_initstate_278
507,Robot Initial States,3,2,pick_up_the_black_bowl_on_the_stove_and_place_it_on_the_plate,0,0,100,0,0,288,,,,,,,,pick up the black bowl on the stove and place it on the plate,pick up the black bowl on the stove and place it on the plate view 0 0 100 0 0 initstate 288,pick_up_the_black_bowl_on_the_stove_and_place_it_on_the_plate_view_0_0_100_0_0_initstate_288
508,Robot Initial States,2,3,pick_up_the_black_bowl_on_the_stove_and_place_it_on_the_plate,0,0,100,0,0,298,,,,,,,,pick up the black bowl on the stove and place it on the plate,pick up the black bowl on the stove and place it on the plate view 0 0 100 0 0 initstate 298,pick_up_the_black_bowl_on_the_stove_and_place_it_on_the_plate_view_0_0_100_0_0_initstate_298
509,Robot Initial States,1,4,pick_up_the_black_bowl_on_the_stove_and_place_it_on_the_plate,0,0,100,0,0,308,,,,,,,,pick up the black bowl on the stove and place it on the plate,pick up the black bowl on the stove and place it on the plate view 0 0 100 0 0 initstate 308,pick_up_the_black_bowl_on_the_stove_and_place_it_on_the_plate_view_0_0_100_0_0_initstate_308
510,Robot Initial States,2,3,pick_up_the_black_bowl_on_the_stove_and_place_it_on_the_plate,0,0,100,0,0,318,,,,,,,,pick up the black bowl on the stove and place it on the plate,pick up the black bowl on the stove and place it on the plate view 0 0 100 0 0 initstate 318,pick_up_the_black_bowl_on_the_stove_and_place_it_on_the_plate_view_0_0_100_0_0_initstate_318
511,Robot Initial States,4,1,pick_up_the_black_bowl_on_the_stove_and_place_it_on_the_plate,0,0,100,0,0,328,,,,,,,,pick up the black bowl on the stove and place it on the plate,pick up the black bowl on the stove and place it on the plate view 0 0 100 0 0 initstate 328,pick_up_the_black_bowl_on_the_stove_and_place_it_on_the_plate_view_0_0_100_0_0_initstate_328
512,Robot Initial States,3,2,pick_up_the_black_bowl_on_the_stove_and_place_it_on_the_plate,0,0,100,0,0,338,,,,,,,,pick up the black bowl on the stove and place it on the plate,pick up the black bowl on the stove and place it on the plate view 0 0 100 0 0 initstate 338,pick_up_the_black_bowl_on_the_stove_and_place_it_on_the_plate_view_0_0_100_0_0_initstate_338
513,Robot Initial States,1,4,pick_up_the_black_bowl_on_the_stove_and_place_it_on_the_plate,0,0,100,0,0,348,,,,,,,,pick up the black bowl on the stove and place it on the plate,pick up the black bowl on the stove and place it on the plate view 0 0 100 0 0 initstate 348,pick_up_the_black_bowl_on_the_stove_and_place_it_on_the_plate_view_0_0_100_0_0_initstate_348
514,Robot Initial States,4,1,pick_up_the_black_bowl_on_the_stove_and_place_it_on_the_plate,0,0,100,0,0,358,,,,,,,,pick up the black bowl on the stove and place it on the plate,pick up the black bowl on the stove and place it on the plate view 0 0 100 0 0 initstate 358,pick_up_the_black_bowl_on_the_stove_and_place_it_on_the_plate_view_0_0_100_0_0_initstate_358
515,Robot Initial States,3,2,pick_up_the_black_bowl_on_the_stove_and_place_it_on_the_plate,0,0,100,0,0,368,,,,,,,,pick up the black bowl on the stove and place it on the plate,pick up the black bowl on the stove and place it on the plate view 0 0 100 0 0 initstate 368,pick_up_the_black_bowl_on_the_stove_and_place_it_on_the_plate_view_0_0_100_0_0_initstate_368
516,Robot Initial States,5,0,pick_up_the_black_bowl_on_the_stove_and_place_it_on_the_plate,0,0,100,0,0,378,,,,,,,,pick up the black bowl on the stove and place it on the plate,pick up the black bowl on the stove and place it on the plate view 0 0 100 0 0 initstate 378,pick_up_the_black_bowl_on_the_stove_and_place_it_on_the_plate_view_0_0_100_0_0_initstate_378
517,Robot Initial States,5,0,pick_up_the_black_bowl_on_the_stove_and_place_it_on_the_plate,0,0,100,0,0,388,,,,,,,,pick up the black bowl on the stove and place it on the plate,pick up the black bowl on the stove and place it on the plate view 0 0 100 0 0 initstate 388,pick_up_the_black_bowl_on_the_stove_and_place_it_on_the_plate_view_0_0_100_0_0_initstate_388
518,Robot Initial States,3,2,pick_up_the_black_bowl_on_the_stove_and_place_it_on_the_plate,0,0,100,0,0,398,,,,,,,,pick up the black bowl on the stove and place it on the plate,pick up the black bowl on the stove and place it on the plate view 0 0 100 0 0 initstate 398,pick_up_the_black_bowl_on_the_stove_and_place_it_on_the_plate_view_0_0_100_0_0_initstate_398
519,Robot Initial States,2,3,pick_up_the_black_bowl_on_the_stove_and_place_it_on_the_plate,0,0,100,0,0,408,,,,,,,,pick up the black bowl on the stove and place it on the plate,pick up the black bowl on the stove and place it on the plate view 0 0 100 0 0 initstate 408,pick_up_the_black_bowl_on_the_stove_and_place_it_on_the_plate_view_0_0_100_0_0_initstate_408
520,Robot Initial States,5,0,pick_up_the_black_bowl_on_the_stove_and_place_it_on_the_plate,0,0,100,0,0,418,,,,,,,,pick up the black bowl on the stove and place it on the plate,pick up the black bowl on the stove and place it on the plate view 0 0 100 0 0 initstate 418,pick_up_the_black_bowl_on_the_stove_and_place_it_on_the_plate_view_0_0_100_0_0_initstate_418
521,Robot Initial States,4,1,pick_up_the_black_bowl_on_the_stove_and_place_it_on_the_plate,0,0,100,0,0,428,,,,,,,,pick up the black bowl on the stove and place it on the plate,pick up the black bowl on the stove and place it on the plate view 0 0 100 0 0 initstate 428,pick_up_the_black_bowl_on_the_stove_and_place_it_on_the_plate_view_0_0_100_0_0_initstate_428
522,Robot Initial States,3,2,pick_up_the_black_bowl_on_the_stove_and_place_it_on_the_plate,0,0,100,0,0,438,,,,,,,,pick up the black bowl on the stove and place it on the plate,pick up the black bowl on the stove and place it on the plate view 0 0 100 0 0 initstate 438,pick_up_the_black_bowl_on_the_stove_and_place_it_on_the_plate_view_0_0_100_0_0_initstate_438
523,Robot Initial States,5,0,pick_up_the_black_bowl_on_the_stove_and_place_it_on_the_plate,0,0,100,0,0,448,,,,,,,,pick up the black bowl on the stove and place it on the plate,pick up the black bowl on the stove and place it on the plate view 0 0 100 0 0 initstate 448,pick_up_the_black_bowl_on_the_stove_and_place_it_on_the_plate_view_0_0_100_0_0_initstate_448
524,Robot Initial States,5,0,pick_up_the_black_bowl_on_the_stove_and_place_it_on_the_plate,0,0,100,0,0,458,,,,,,,,pick up the black bowl on the stove and place it on the plate,pick up the black bowl on the stove and place it on the plate view 0 0 100 0 0 initstate 458,pick_up_the_black_bowl_on_the_stove_and_place_it_on_the_plate_view_0_0_100_0_0_initstate_458
525,Robot Initial States,3,2,pick_up_the_black_bowl_on_the_stove_and_place_it_on_the_plate,0,0,100,0,0,468,,,,,,,,pick up the black bowl on the stove and place it on the plate,pick up the black bowl on the stove and place it on the plate view 0 0 100 0 0 initstate 468,pick_up_the_black_bowl_on_the_stove_and_place_it_on_the_plate_view_0_0_100_0_0_initstate_468
526,Robot Initial States,5,0,pick_up_the_black_bowl_on_the_stove_and_place_it_on_the_plate,0,0,100,0,0,478,,,,,,,,pick up the black bowl on the stove and place it on the plate,pick up the black bowl on the stove and place it on the plate view 0 0 100 0 0 initstate 478,pick_up_the_black_bowl_on_the_stove_and_place_it_on_the_plate_view_0_0_100_0_0_initstate_478
527,Robot Initial States,4,1,pick_up_the_black_bowl_on_the_stove_and_place_it_on_the_plate,0,0,100,0,0,488,,,,,,,,pick up the black bowl on the stove and place it on the plate,pick up the black bowl on the stove and place it on the plate view 0 0 100 0 0 initstate 488,pick_up_the_black_bowl_on_the_stove_and_place_it_on_the_plate_view_0_0_100_0_0_initstate_488
528,Robot Initial States,2,3,pick_up_the_black_bowl_on_the_stove_and_place_it_on_the_plate,0,0,100,0,0,498,,,,,,,,pick up the black bowl on the stove and place it on the plate,pick up the black bowl on the stove and place it on the plate view 0 0 100 0 0 initstate 498,pick_up_the_black_bowl_on_the_stove_and_place_it_on_the_plate_view_0_0_100_0_0_initstate_498
529,Robot Initial States,1,4,pick_up_the_black_bowl_next_to_the_plate_and_place_it_on_the_plate,0,0,100,0,0,19,,,,,,,,pick up the black bowl next to the plate and place it on the plate,pick up the black bowl next to the plate and place it on the plate view 0 0 100 0 0 initstate 19,pick_up_the_black_bowl_next_to_the_plate_and_place_it_on_the_plate_view_0_0_100_0_0_initstate_19
530,Robot Initial States,1,4,pick_up_the_black_bowl_next_to_the_plate_and_place_it_on_the_plate,0,0,100,0,0,89,,,,,,,,pick up the black bowl next to the plate and place it on the plate,pick up the black bowl next to the plate and place it on the plate view 0 0 100 0 0 initstate 89,pick_up_the_black_bowl_next_to_the_plate_and_place_it_on_the_plate_view_0_0_100_0_0_initstate_89
531,Robot Initial States,2,3,pick_up_the_black_bowl_next_to_the_plate_and_place_it_on_the_plate,0,0,100,0,0,99,,,,,,,,pick up the black bowl next to the plate and place it on the plate,pick up the black bowl next to the plate and place it on the plate view 0 0 100 0 0 initstate 99,pick_up_the_black_bowl_next_to_the_plate_and_place_it_on_the_plate_view_0_0_100_0_0_initstate_99
532,Robot Initial States,3,2,pick_up_the_black_bowl_next_to_the_plate_and_place_it_on_the_plate,0,0,100,0,0,109,,,,,,,,pick up the black bowl next to the plate and place it on the plate,pick up the black bowl next to the plate and place it on the plate view 0 0 100 0 0 initstate 109,pick_up_the_black_bowl_next_to_the_plate_and_place_it_on_the_plate_view_0_0_100_0_0_initstate_109
533,Robot Initial States,1,4,pick_up_the_black_bowl_next_to_the_plate_and_place_it_on_the_plate,0,0,100,0,0,119,,,,,,,,pick up the black bowl next to the plate and place it on the plate,pick up the black bowl next to the plate and place it on the plate view 0 0 100 0 0 initstate 119,pick_up_the_black_bowl_next_to_the_plate_and_place_it_on_the_plate_view_0_0_100_0_0_initstate_119
534,Robot Initial States,1,4,pick_up_the_black_bowl_next_to_the_plate_and_place_it_on_the_plate,0,0,100,0,0,129,,,,,,,,pick up the black bowl next to the plate and place it on the plate,pick up the black bowl next to the plate and place it on the plate view 0 0 100 0 0 initstate 129,pick_up_the_black_bowl_next_to_the_plate_and_place_it_on_the_plate_view_0_0_100_0_0_initstate_129
535,Robot Initial States,3,2,pick_up_the_black_bowl_next_to_the_plate_and_place_it_on_the_plate,0,0,100,0,0,139,,,,,,,,pick up the black bowl next to the plate and place it on the plate,pick up the black bowl next to the plate and place it on the plate view 0 0 100 0 0 initstate 139,pick_up_the_black_bowl_next_to_the_plate_and_place_it_on_the_plate_view_0_0_100_0_0_initstate_139
536,Robot Initial States,3,2,pick_up_the_black_bowl_next_to_the_plate_and_place_it_on_the_plate,0,0,100,0,0,149,,,,,,,,pick up the black bowl next to the plate and place it on the plate,pick up the black bowl next to the plate and place it on the plate view 0 0 100 0 0 initstate 149,pick_up_the_black_bowl_next_to_the_plate_and_place_it_on_the_plate_view_0_0_100_0_0_initstate_149
537,Robot Initial States,3,2,pick_up_the_black_bowl_next_to_the_plate_and_place_it_on_the_plate,0,0,100,0,0,159,,,,,,,,pick up the black bowl next to the plate and place it on the plate,pick up the black bowl next to the plate and place it on the plate view 0 0 100 0 0 initstate 159,pick_up_the_black_bowl_next_to_the_plate_and_place_it_on_the_plate_view_0_0_100_0_0_initstate_159
538,Robot Initial States,4,1,pick_up_the_black_bowl_next_to_the_plate_and_place_it_on_the_plate,0,0,100,0,0,169,,,,,,,,pick up the black bowl next to the plate and place it on the plate,pick up the black bowl next to the plate and place it on the plate view 0 0 100 0 0 initstate 169,pick_up_the_black_bowl_next_to_the_plate_and_place_it_on_the_plate_view_0_0_100_0_0_initstate_169
539,Robot Initial States,3,2,pick_up_the_black_bowl_next_to_the_plate_and_place_it_on_the_plate,0,0,100,0,0,189,,,,,,,,pick up the black bowl next to the plate and place it on the plate,pick up the black bowl next to the plate and place it on the plate view 0 0 100 0 0 initstate 189,pick_up_the_black_bowl_next_to_the_plate_and_place_it_on_the_plate_view_0_0_100_0_0_initstate_189
540,Robot Initial States,1,4,pick_up_the_black_bowl_next_to_the_plate_and_place_it_on_the_plate,0,0,100,0,0,199,,,,,,,,pick up the black bowl next to the plate and place it on the plate,pick up the black bowl next to the plate and place it on the plate view 0 0 100 0 0 initstate 199,pick_up_the_black_bowl_next_to_the_plate_and_place_it_on_the_plate_view_0_0_100_0_0_initstate_199
541,Robot Initial States,1,4,pick_up_the_black_bowl_next_to_the_plate_and_place_it_on_the_plate,0,0,100,0,0,229,,,,,,,,pick up the black bowl next to the plate and place it on the plate,pick up the black bowl next to the plate and place it on the plate view 0 0 100 0 0 initstate 229,pick_up_the_black_bowl_next_to_the_plate_and_place_it_on_the_plate_view_0_0_100_0_0_initstate_229
542,Robot Initial States,2,3,pick_up_the_black_bowl_next_to_the_plate_and_place_it_on_the_plate,0,0,100,0,0,239,,,,,,,,pick up the black bowl next to the plate and place it on the plate,pick up the black bowl next to the plate and place it on the plate view 0 0 100 0 0 initstate 239,pick_up_the_black_bowl_next_to_the_plate_and_place_it_on_the_plate_view_0_0_100_0_0_initstate_239
543,Robot Initial States,3,2,pick_up_the_black_bowl_next_to_the_plate_and_place_it_on_the_plate,0,0,100,0,0,249,,,,,,,,pick up the black bowl next to the plate and place it on the plate,pick up the black bowl next to the plate and place it on the plate view 0 0 100 0 0 initstate 249,pick_up_the_black_bowl_next_to_the_plate_and_place_it_on_the_plate_view_0_0_100_0_0_initstate_249
544,Robot Initial States,4,1,pick_up_the_black_bowl_next_to_the_plate_and_place_it_on_the_plate,0,0,100,0,0,259,,,,,,,,pick up the black bowl next to the plate and place it on the plate,pick up the black bowl next to the plate and place it on the plate view 0 0 100 0 0 initstate 259,pick_up_the_black_bowl_next_to_the_plate_and_place_it_on_the_plate_view_0_0_100_0_0_initstate_259
545,Robot Initial States,3,2,pick_up_the_black_bowl_next_to_the_plate_and_place_it_on_the_plate,0,0,100,0,0,269,,,,,,,,pick up the black bowl next to the plate and place it on the plate,pick up the black bowl next to the plate and place it on the plate view 0 0 100 0 0 initstate 269,pick_up_the_black_bowl_next_to_the_plate_and_place_it_on_the_plate_view_0_0_100_0_0_initstate_269
546,Robot Initial States,2,3,pick_up_the_black_bowl_next_to_the_plate_and_place_it_on_the_plate,0,0,100,0,0,279,,,,,,,,pick up the black bowl next to the plate and place it on the plate,pick up the black bowl next to the plate and place it on the plate view 0 0 100 0 0 initstate 279,pick_up_the_black_bowl_next_to_the_plate_and_place_it_on_the_plate_view_0_0_100_0_0_initstate_279
547,Robot Initial States,2,3,pick_up_the_black_bowl_next_to_the_plate_and_place_it_on_the_plate,0,0,100,0,0,289,,,,,,,,pick up the black bowl next to the plate and place it on the plate,pick up the black bowl next to the plate and place it on the plate view 0 0 100 0 0 initstate 289,pick_up_the_black_bowl_next_to_the_plate_and_place_it_on_the_plate_view_0_0_100_0_0_initstate_289
548,Robot Initial States,4,1,pick_up_the_black_bowl_next_to_the_plate_and_place_it_on_the_plate,0,0,100,0,0,299,,,,,,,,pick up the black bowl next to the plate and place it on the plate,pick up the black bowl next to the plate and place it on the plate view 0 0 100 0 0 initstate 299,pick_up_the_black_bowl_next_to_the_plate_and_place_it_on_the_plate_view_0_0_100_0_0_initstate_299
549,Robot Initial States,2,3,pick_up_the_black_bowl_next_to_the_plate_and_place_it_on_the_plate,0,0,100,0,0,309,,,,,,,,pick up the black bowl next to the plate and place it on the plate,pick up the black bowl next to the plate and place it on the plate view 0 0 100 0 0 initstate 309,pick_up_the_black_bowl_next_to_the_plate_and_place_it_on_the_plate_view_0_0_100_0_0_initstate_309
550,Robot Initial States,3,2,pick_up_the_black_bowl_next_to_the_plate_and_place_it_on_the_plate,0,0,100,0,0,319,,,,,,,,pick up the black bowl next to the plate and place it on the plate,pick up the black bowl next to the plate and place it on the plate view 0 0 100 0 0 initstate 319,pick_up_the_black_bowl_next_to_the_plate_and_place_it_on_the_plate_view_0_0_100_0_0_initstate_319
551,Robot Initial States,3,2,pick_up_the_black_bowl_next_to_the_plate_and_place_it_on_the_plate,0,0,100,0,0,329,,,,,,,,pick up the black bowl next to the plate and place it on the plate,pick up the black bowl next to the plate and place it on the plate view 0 0 100 0 0 initstate 329,pick_up_the_black_bowl_next_to_the_plate_and_place_it_on_the_plate_view_0_0_100_0_0_initstate_329
552,Robot Initial States,5,0,pick_up_the_black_bowl_next_to_the_plate_and_place_it_on_the_plate,0,0,100,0,0,339,,,,,,,,pick up the black bowl next to the plate and place it on the plate,pick up the black bowl next to the plate and place it on the plate view 0 0 100 0 0 initstate 339,pick_up_the_black_bowl_next_to_the_plate_and_place_it_on_the_plate_view_0_0_100_0_0_initstate_339
553,Robot Initial States,1,4,pick_up_the_black_bowl_next_to_the_plate_and_place_it_on_the_plate,0,0,100,0,0,349,,,,,,,,pick up the black bowl next to the plate and place it on the plate,pick up the black bowl next to the plate and place it on the plate view 0 0 100 0 0 initstate 349,pick_up_the_black_bowl_next_to_the_plate_and_place_it_on_the_plate_view_0_0_100_0_0_initstate_349
554,Robot Initial States,2,3,pick_up_the_black_bowl_next_to_the_plate_and_place_it_on_the_plate,0,0,100,0,0,359,,,,,,,,pick up the black bowl next to the plate and place it on the plate,pick up the black bowl next to the plate and place it on the plate view 0 0 100 0 0 initstate 359,pick_up_the_black_bowl_next_to_the_plate_and_place_it_on_the_plate_view_0_0_100_0_0_initstate_359
555,Robot Initial States,5,0,pick_up_the_black_bowl_next_to_the_plate_and_place_it_on_the_plate,0,0,100,0,0,379,,,,,,,,pick up the black bowl next to the plate and place it on the plate,pick up the black bowl next to the plate and place it on the plate view 0 0 100 0 0 initstate 379,pick_up_the_black_bowl_next_to_the_plate_and_place_it_on_the_plate_view_0_0_100_0_0_initstate_379
556,Robot Initial States,2,3,pick_up_the_black_bowl_next_to_the_plate_and_place_it_on_the_plate,0,0,100,0,0,389,,,,,,,,pick up the black bowl next to the plate and place it on the plate,pick up the black bowl next to the plate and place it on the plate view 0 0 100 0 0 initstate 389,pick_up_the_black_bowl_next_to_the_plate_and_place_it_on_the_plate_view_0_0_100_0_0_initstate_389
557,Robot Initial States,3,2,pick_up_the_black_bowl_next_to_the_plate_and_place_it_on_the_plate,0,0,100,0,0,399,,,,,,,,pick up the black bowl next to the plate and place it on the plate,pick up the black bowl next to the plate and place it on the plate view 0 0 100 0 0 initstate 399,pick_up_the_black_bowl_next_to_the_plate_and_place_it_on_the_plate_view_0_0_100_0_0_initstate_399
558,Robot Initial States,3,2,pick_up_the_black_bowl_next_to_the_plate_and_place_it_on_the_plate,0,0,100,0,0,409,,,,,,,,pick up the black bowl next to the plate and place it on the plate,pick up the black bowl next to the plate and place it on the plate view 0 0 100 0 0 initstate 409,pick_up_the_black_bowl_next_to_the_plate_and_place_it_on_the_plate_view_0_0_100_0_0_initstate_409
559,Robot Initial States,2,3,pick_up_the_black_bowl_next_to_the_plate_and_place_it_on_the_plate,0,0,100,0,0,419,,,,,,,,pick up the black bowl next to the plate and place it on the plate,pick up the black bowl next to the plate and place it on the plate view 0 0 100 0 0 initstate 419,pick_up_the_black_bowl_next_to_the_plate_and_place_it_on_the_plate_view_0_0_100_0_0_initstate_419
560,Robot Initial States,3,2,pick_up_the_black_bowl_next_to_the_plate_and_place_it_on_the_plate,0,0,100,0,0,429,,,,,,,,pick up the black bowl next to the plate and place it on the plate,pick up the black bowl next to the plate and place it on the plate view 0 0 100 0 0 initstate 429,pick_up_the_black_bowl_next_to_the_plate_and_place_it_on_the_plate_view_0_0_100_0_0_initstate_429
561,Robot Initial States,3,2,pick_up_the_black_bowl_next_to_the_plate_and_place_it_on_the_plate,0,0,100,0,0,439,,,,,,,,pick up the black bowl next to the plate and place it on the plate,pick up the black bowl next to the plate and place it on the plate view 0 0 100 0 0 initstate 439,pick_up_the_black_bowl_next_to_the_plate_and_place_it_on_the_plate_view_0_0_100_0_0_initstate_439
562,Robot Initial States,3,2,pick_up_the_black_bowl_next_to_the_plate_and_place_it_on_the_plate,0,0,100,0,0,459,,,,,,,,pick up the black bowl next to the plate and place it on the plate,pick up the black bowl next to the plate and place it on the plate view 0 0 100 0 0 initstate 459,pick_up_the_black_bowl_next_to_the_plate_and_place_it_on_the_plate_view_0_0_100_0_0_initstate_459
563,Robot Initial States,2,3,pick_up_the_black_bowl_next_to_the_plate_and_place_it_on_the_plate,0,0,100,0,0,469,,,,,,,,pick up the black bowl next to the plate and place it on the plate,pick up the black bowl next to the plate and place it on the plate view 0 0 100 0 0 initstate 469,pick_up_the_black_bowl_next_to_the_plate_and_place_it_on_the_plate_view_0_0_100_0_0_initstate_469
564,Robot Initial States,2,3,pick_up_the_black_bowl_next_to_the_plate_and_place_it_on_the_plate,0,0,100,0,0,489,,,,,,,,pick up the black bowl next to the plate and place it on the plate,pick up the black bowl next to the plate and place it on the plate view 0 0 100 0 0 initstate 489,pick_up_the_black_bowl_next_to_the_plate_and_place_it_on_the_plate_view_0_0_100_0_0_initstate_489
565,Robot Initial States,2,3,pick_up_the_black_bowl_next_to_the_plate_and_place_it_on_the_plate,0,0,100,0,0,499,,,,,,,,pick up the black bowl next to the plate and place it on the plate,pick up the black bowl next to the plate and place it on the plate view 0 0 100 0 0 initstate 499,pick_up_the_black_bowl_next_to_the_plate_and_place_it_on_the_plate_view_0_0_100_0_0_initstate_499
566,Robot Initial States,1,4,pick_up_the_black_bowl_on_the_wooden_cabinet_and_place_it_on_the_plate,0,0,100,0,0,10,,,,,,,,pick up the black bowl on the wooden cabinet and place it on the plate,pick up the black bowl on the wooden cabinet and place it on the plate view 0 0 100 0 0 initstate 10,pick_up_the_black_bowl_on_the_wooden_cabinet_and_place_it_on_the_plate_view_0_0_100_0_0_initstate_10
567,Robot Initial States,1,4,pick_up_the_black_bowl_on_the_wooden_cabinet_and_place_it_on_the_plate,0,0,100,0,0,50,,,,,,,,pick up the black bowl on the wooden cabinet and place it on the plate,pick up the black bowl on the wooden cabinet and place it on the plate view 0 0 100 0 0 initstate 50,pick_up_the_black_bowl_on_the_wooden_cabinet_and_place_it_on_the_plate_view_0_0_100_0_0_initstate_50
568,Robot Initial States,1,4,pick_up_the_black_bowl_on_the_wooden_cabinet_and_place_it_on_the_plate,0,0,100,0,0,80,,,,,,,,pick up the black bowl on the wooden cabinet and place it on the plate,pick up the black bowl on the wooden cabinet and place it on the plate view 0 0 100 0 0 initstate 80,pick_up_the_black_bowl_on_the_wooden_cabinet_and_place_it_on_the_plate_view_0_0_100_0_0_initstate_80
569,Robot Initial States,1,4,pick_up_the_black_bowl_on_the_wooden_cabinet_and_place_it_on_the_plate,0,0,100,0,0,90,,,,,,,,pick up the black bowl on the wooden cabinet and place it on the plate,pick up the black bowl on the wooden cabinet and place it on the plate view 0 0 100 0 0 initstate 90,pick_up_the_black_bowl_on_the_wooden_cabinet_and_place_it_on_the_plate_view_0_0_100_0_0_initstate_90
570,Robot Initial States,1,4,pick_up_the_black_bowl_on_the_wooden_cabinet_and_place_it_on_the_plate,0,0,100,0,0,100,,,,,,,,pick up the black bowl on the wooden cabinet and place it on the plate,pick up the black bowl on the wooden cabinet and place it on the plate view 0 0 100 0 0 initstate 100,pick_up_the_black_bowl_on_the_wooden_cabinet_and_place_it_on_the_plate_view_0_0_100_0_0_initstate_100
571,Robot Initial States,4,1,pick_up_the_black_bowl_on_the_wooden_cabinet_and_place_it_on_the_plate,0,0,100,0,0,110,,,,,,,,pick up the black bowl on the wooden cabinet and place it on the plate,pick up the black bowl on the wooden cabinet and place it on the plate view 0 0 100 0 0 initstate 110,pick_up_the_black_bowl_on_the_wooden_cabinet_and_place_it_on_the_plate_view_0_0_100_0_0_initstate_110
572,Robot Initial States,1,4,pick_up_the_black_bowl_on_the_wooden_cabinet_and_place_it_on_the_plate,0,0,100,0,0,120,,,,,,,,pick up the black bowl on the wooden cabinet and place it on the plate,pick up the black bowl on the wooden cabinet and place it on the plate view 0 0 100 0 0 initstate 120,pick_up_the_black_bowl_on_the_wooden_cabinet_and_place_it_on_the_plate_view_0_0_100_0_0_initstate_120
573,Robot Initial States,1,4,pick_up_the_black_bowl_on_the_wooden_cabinet_and_place_it_on_the_plate,0,0,100,0,0,130,,,,,,,,pick up the black bowl on the wooden cabinet and place it on the plate,pick up the black bowl on the wooden cabinet and place it on the plate view 0 0 100 0 0 initstate 130,pick_up_the_black_bowl_on_the_wooden_cabinet_and_place_it_on_the_plate_view_0_0_100_0_0_initstate_130
574,Robot Initial States,2,3,pick_up_the_black_bowl_on_the_wooden_cabinet_and_place_it_on_the_plate,0,0,100,0,0,140,,,,,,,,pick up the black bowl on the wooden cabinet and place it on the plate,pick up the black bowl on the wooden cabinet and place it on the plate view 0 0 100 0 0 initstate 140,pick_up_the_black_bowl_on_the_wooden_cabinet_and_place_it_on_the_plate_view_0_0_100_0_0_initstate_140
575,Robot Initial States,1,4,pick_up_the_black_bowl_on_the_wooden_cabinet_and_place_it_on_the_plate,0,0,100,0,0,150,,,,,,,,pick up the black bowl on the wooden cabinet and place it on the plate,pick up the black bowl on the wooden cabinet and place it on the plate view 0 0 100 0 0 initstate 150,pick_up_the_black_bowl_on_the_wooden_cabinet_and_place_it_on_the_plate_view_0_0_100_0_0_initstate_150
576,Robot Initial States,1,4,pick_up_the_black_bowl_on_the_wooden_cabinet_and_place_it_on_the_plate,0,0,100,0,0,160,,,,,,,,pick up the black bowl on the wooden cabinet and place it on the plate,pick up the black bowl on the wooden cabinet and place it on the plate view 0 0 100 0 0 initstate 160,pick_up_the_black_bowl_on_the_wooden_cabinet_and_place_it_on_the_plate_view_0_0_100_0_0_initstate_160
577,Robot Initial States,4,1,pick_up_the_black_bowl_on_the_wooden_cabinet_and_place_it_on_the_plate,0,0,100,0,0,190,,,,,,,,pick up the black bowl on the wooden cabinet and place it on the plate,pick up the black bowl on the wooden cabinet and place it on the plate view 0 0 100 0 0 initstate 190,pick_up_the_black_bowl_on_the_wooden_cabinet_and_place_it_on_the_plate_view_0_0_100_0_0_initstate_190
578,Robot Initial States,1,4,pick_up_the_black_bowl_on_the_wooden_cabinet_and_place_it_on_the_plate,0,0,100,0,0,200,,,,,,,,pick up the black bowl on the wooden cabinet and place it on the plate,pick up the black bowl on the wooden cabinet and place it on the plate view 0 0 100 0 0 initstate 200,pick_up_the_black_bowl_on_the_wooden_cabinet_and_place_it_on_the_plate_view_0_0_100_0_0_initstate_200
579,Robot Initial States,1,4,pick_up_the_black_bowl_on_the_wooden_cabinet_and_place_it_on_the_plate,0,0,100,0,0,220,,,,,,,,pick up the black bowl on the wooden cabinet and place it on the plate,pick up the black bowl on the wooden cabinet and place it on the plate view 0 0 100 0 0 initstate 220,pick_up_the_black_bowl_on_the_wooden_cabinet_and_place_it_on_the_plate_view_0_0_100_0_0_initstate_220
580,Robot Initial States,2,3,pick_up_the_black_bowl_on_the_wooden_cabinet_and_place_it_on_the_plate,0,0,100,0,0,230,,,,,,,,pick up the black bowl on the wooden cabinet and place it on the plate,pick up the black bowl on the wooden cabinet and place it on the plate view 0 0 100 0 0 initstate 230,pick_up_the_black_bowl_on_the_wooden_cabinet_and_place_it_on_the_plate_view_0_0_100_0_0_initstate_230
581,Robot Initial States,3,2,pick_up_the_black_bowl_on_the_wooden_cabinet_and_place_it_on_the_plate,0,0,100,0,0,240,,,,,,,,pick up the black bowl on the wooden cabinet and place it on the plate,pick up the black bowl on the wooden cabinet and place it on the plate view 0 0 100 0 0 initstate 240,pick_up_the_black_bowl_on_the_wooden_cabinet_and_place_it_on_the_plate_view_0_0_100_0_0_initstate_240
582,Robot Initial States,3,2,pick_up_the_black_bowl_on_the_wooden_cabinet_and_place_it_on_the_plate,0,0,100,0,0,250,,,,,,,,pick up the black bowl on the wooden cabinet and place it on the plate,pick up the black bowl on the wooden cabinet and place it on the plate view 0 0 100 0 0 initstate 250,pick_up_the_black_bowl_on_the_wooden_cabinet_and_place_it_on_the_plate_view_0_0_100_0_0_initstate_250
583,Robot Initial States,4,1,pick_up_the_black_bowl_on_the_wooden_cabinet_and_place_it_on_the_plate,0,0,100,0,0,260,,,,,,,,pick up the black bowl on the wooden cabinet and place it on the plate,pick up the black bowl on the wooden cabinet and place it on the plate view 0 0 100 0 0 initstate 260,pick_up_the_black_bowl_on_the_wooden_cabinet_and_place_it_on_the_plate_view_0_0_100_0_0_initstate_260
584,Robot Initial States,5,0,pick_up_the_black_bowl_on_the_wooden_cabinet_and_place_it_on_the_plate,0,0,100,0,0,270,,,,,,,,pick up the black bowl on the wooden cabinet and place it on the plate,pick up the black bowl on the wooden cabinet and place it on the plate view 0 0 100 0 0 initstate 270,pick_up_the_black_bowl_on_the_wooden_cabinet_and_place_it_on_the_plate_view_0_0_100_0_0_initstate_270
585,Robot Initial States,2,3,pick_up_the_black_bowl_on_the_wooden_cabinet_and_place_it_on_the_plate,0,0,100,0,0,280,,,,,,,,pick up the black bowl on the wooden cabinet and place it on the plate,pick up the black bowl on the wooden cabinet and place it on the plate view 0 0 100 0 0 initstate 280,pick_up_the_black_bowl_on_the_wooden_cabinet_and_place_it_on_the_plate_view_0_0_100_0_0_initstate_280
586,Robot Initial States,1,4,pick_up_the_black_bowl_on_the_wooden_cabinet_and_place_it_on_the_plate,0,0,100,0,0,290,,,,,,,,pick up the black bowl on the wooden cabinet and place it on the plate,pick up the black bowl on the wooden cabinet and place it on the plate view 0 0 100 0 0 initstate 290,pick_up_the_black_bowl_on_the_wooden_cabinet_and_place_it_on_the_plate_view_0_0_100_0_0_initstate_290
587,Robot Initial States,5,0,pick_up_the_black_bowl_on_the_wooden_cabinet_and_place_it_on_the_plate,0,0,100,0,0,300,,,,,,,,pick up the black bowl on the wooden cabinet and place it on the plate,pick up the black bowl on the wooden cabinet and place it on the plate view 0 0 100 0 0 initstate 300,pick_up_the_black_bowl_on_the_wooden_cabinet_and_place_it_on_the_plate_view_0_0_100_0_0_initstate_300
588,Robot Initial States,5,0,pick_up_the_black_bowl_on_the_wooden_cabinet_and_place_it_on_the_plate,0,0,100,0,0,310,,,,,,,,pick up the black bowl on the wooden cabinet and place it on the plate,pick up the black bowl on the wooden cabinet and place it on the plate view 0 0 100 0 0 initstate 310,pick_up_the_black_bowl_on_the_wooden_cabinet_and_place_it_on_the_plate_view_0_0_100_0_0_initstate_310
589,Robot Initial States,3,2,pick_up_the_black_bowl_on_the_wooden_cabinet_and_place_it_on_the_plate,0,0,100,0,0,320,,,,,,,,pick up the black bowl on the wooden cabinet and place it on the plate,pick up the black bowl on the wooden cabinet and place it on the plate view 0 0 100 0 0 initstate 320,pick_up_the_black_bowl_on_the_wooden_cabinet_and_place_it_on_the_plate_view_0_0_100_0_0_initstate_320
590,Robot Initial States,2,3,pick_up_the_black_bowl_on_the_wooden_cabinet_and_place_it_on_the_plate,0,0,100,0,0,330,,,,,,,,pick up the black bowl on the wooden cabinet and place it on the plate,pick up the black bowl on the wooden cabinet and place it on the plate view 0 0 100 0 0 initstate 330,pick_up_the_black_bowl_on_the_wooden_cabinet_and_place_it_on_the_plate_view_0_0_100_0_0_initstate_330
591,Robot Initial States,4,1,pick_up_the_black_bowl_on_the_wooden_cabinet_and_place_it_on_the_plate,0,0,100,0,0,340,,,,,,,,pick up the black bowl on the wooden cabinet and place it on the plate,pick up the black bowl on the wooden cabinet and place it on the plate view 0 0 100 0 0 initstate 340,pick_up_the_black_bowl_on_the_wooden_cabinet_and_place_it_on_the_plate_view_0_0_100_0_0_initstate_340
592,Robot Initial States,4,1,pick_up_the_black_bowl_on_the_wooden_cabinet_and_place_it_on_the_plate,0,0,100,0,0,350,,,,,,,,pick up the black bowl on the wooden cabinet and place it on the plate,pick up the black bowl on the wooden cabinet and place it on the plate view 0 0 100 0 0 initstate 350,pick_up_the_black_bowl_on_the_wooden_cabinet_and_place_it_on_the_plate_view_0_0_100_0_0_initstate_350
593,Robot Initial States,2,3,pick_up_the_black_bowl_on_the_wooden_cabinet_and_place_it_on_the_plate,0,0,100,0,0,360,,,,,,,,pick up the black bowl on the wooden cabinet and place it on the plate,pick up the black bowl on the wooden cabinet and place it on the plate view 0 0 100 0 0 initstate 360,pick_up_the_black_bowl_on_the_wooden_cabinet_and_place_it_on_the_plate_view_0_0_100_0_0_initstate_360
594,Robot Initial States,4,1,pick_up_the_black_bowl_on_the_wooden_cabinet_and_place_it_on_the_plate,0,0,100,0,0,370,,,,,,,,pick up the black bowl on the wooden cabinet and place it on the plate,pick up the black bowl on the wooden cabinet and place it on the plate view 0 0 100 0 0 initstate 370,pick_up_the_black_bowl_on_the_wooden_cabinet_and_place_it_on_the_plate_view_0_0_100_0_0_initstate_370
595,Robot Initial States,2,3,pick_up_the_black_bowl_on_the_wooden_cabinet_and_place_it_on_the_plate,0,0,100,0,0,380,,,,,,,,pick up the black bowl on the wooden cabinet and place it on the plate,pick up the black bowl on the wooden cabinet and place it on the plate view 0 0 100 0 0 initstate 380,pick_up_the_black_bowl_on_the_wooden_cabinet_and_place_it_on_the_plate_view_0_0_100_0_0_initstate_380
596,Robot Initial States,4,1,pick_up_the_black_bowl_on_the_wooden_cabinet_and_place_it_on_the_plate,0,0,100,0,0,390,,,,,,,,pick up the black bowl on the wooden cabinet and place it on the plate,pick up the black bowl on the wooden cabinet and place it on the plate view 0 0 100 0 0 initstate 390,pick_up_the_black_bowl_on_the_wooden_cabinet_and_place_it_on_the_plate_view_0_0_100_0_0_initstate_390
597,Robot Initial States,2,3,pick_up_the_black_bowl_on_the_wooden_cabinet_and_place_it_on_the_plate,0,0,100,0,0,400,,,,,,,,pick up the black bowl on the wooden cabinet and place it on the plate,pick up the black bowl on the wooden cabinet and place it on the plate view 0 0 100 0 0 initstate 400,pick_up_the_black_bowl_on_the_wooden_cabinet_and_place_it_on_the_plate_view_0_0_100_0_0_initstate_400
598,Robot Initial States,3,2,pick_up_the_black_bowl_on_the_wooden_cabinet_and_place_it_on_the_plate,0,0,100,0,0,410,,,,,,,,pick up the black bowl on the wooden cabinet and place it on the plate,pick up the black bowl on the wooden cabinet and place it on the plate view 0 0 100 0 0 initstate 410,pick_up_the_black_bowl_on_the_wooden_cabinet_and_place_it_on_the_plate_view_0_0_100_0_0_initstate_410
599,Robot Initial States,5,0,pick_up_the_black_bowl_on_the_wooden_cabinet_and_place_it_on_the_plate,0,0,100,0,0,420,,,,,,,,pick up the black bowl on the wooden cabinet and place it on the plate,pick up the black bowl on the wooden cabinet and place it on the plate view 0 0 100 0 0 initstate 420,pick_up_the_black_bowl_on_the_wooden_cabinet_and_place_it_on_the_plate_view_0_0_100_0_0_initstate_420
600,Robot Initial States,3,2,pick_up_the_black_bowl_on_the_wooden_cabinet_and_place_it_on_the_plate,0,0,100,0,0,430,,,,,,,,pick up the black bowl on the wooden cabinet and place it on the plate,pick up the black bowl on the wooden cabinet and place it on the plate view 0 0 100 0 0 initstate 430,pick_up_the_black_bowl_on_the_wooden_cabinet_and_place_it_on_the_plate_view_0_0_100_0_0_initstate_430
601,Robot Initial States,5,0,pick_up_the_black_bowl_on_the_wooden_cabinet_and_place_it_on_the_plate,0,0,100,0,0,440,,,,,,,,pick up the black bowl on the wooden cabinet and place it on the plate,pick up the black bowl on the wooden cabinet and place it on the plate view 0 0 100 0 0 initstate 440,pick_up_the_black_bowl_on_the_wooden_cabinet_and_place_it_on_the_plate_view_0_0_100_0_0_initstate_440
602,Robot Initial States,5,0,pick_up_the_black_bowl_on_the_wooden_cabinet_and_place_it_on_the_plate,0,0,100,0,0,450,,,,,,,,pick up the black bowl on the wooden cabinet and place it on the plate,pick up the black bowl on the wooden cabinet and place it on the plate view 0 0 100 0 0 initstate 450,pick_up_the_black_bowl_on_the_wooden_cabinet_and_place_it_on_the_plate_view_0_0_100_0_0_initstate_450
603,Robot Initial States,4,1,pick_up_the_black_bowl_on_the_wooden_cabinet_and_place_it_on_the_plate,0,0,100,0,0,460,,,,,,,,pick up the black bowl on the wooden cabinet and place it on the plate,pick up the black bowl on the wooden cabinet and place it on the plate view 0 0 100 0 0 initstate 460,pick_up_the_black_bowl_on_the_wooden_cabinet_and_place_it_on_the_plate_view_0_0_100_0_0_initstate_460
604,Robot Initial States,3,2,pick_up_the_black_bowl_on_the_wooden_cabinet_and_place_it_on_the_plate,0,0,100,0,0,470,,,,,,,,pick up the black bowl on the wooden cabinet and place it on the plate,pick up the black bowl on the wooden cabinet and place it on the plate view 0 0 100 0 0 initstate 470,pick_up_the_black_bowl_on_the_wooden_cabinet_and_place_it_on_the_plate_view_0_0_100_0_0_initstate_470
605,Robot Initial States,3,2,pick_up_the_black_bowl_on_the_wooden_cabinet_and_place_it_on_the_plate,0,0,100,0,0,480,,,,,,,,pick up the black bowl on the wooden cabinet and place it on the plate,pick up the black bowl on the wooden cabinet and place it on the plate view 0 0 100 0 0 initstate 480,pick_up_the_black_bowl_on_the_wooden_cabinet_and_place_it_on_the_plate_view_0_0_100_0_0_initstate_480
606,Robot Initial States,5,0,pick_up_the_black_bowl_on_the_wooden_cabinet_and_place_it_on_the_plate,0,0,100,0,0,490,,,,,,,,pick up the black bowl on the wooden cabinet and place it on the plate,pick up the black bowl on the wooden cabinet and place it on the plate view 0 0 100 0 0 initstate 490,pick_up_the_black_bowl_on_the_wooden_cabinet_and_place_it_on_the_plate_view_0_0_100_0_0_initstate_490
607,Robot Initial States,3,2,pick_up_the_black_bowl_on_the_wooden_cabinet_and_place_it_on_the_plate,0,0,100,0,0,500,,,,,,,,pick up the black bowl on the wooden cabinet and place it on the plate,pick up the black bowl on the wooden cabinet and place it on the plate view 0 0 100 0 0 initstate 500,pick_up_the_black_bowl_on_the_wooden_cabinet_and_place_it_on_the_plate_view_0_0_100_0_0_initstate_500
608,Camera Viewpoints,1,4,pick_up_the_black_bowl_between_the_plate_and_the_ramekin_and_place_it_on_the_plate,0,0,100,2,352,0,,,,,,,,pick up the black bowl between the plate and the ramekin and place it on the plate,pick up the black bowl between the plate and the ramekin and place it on the plate view 0 0 100 2 352 initstate 0,pick_up_the_black_bowl_between_the_plate_and_the_ramekin_and_place_it_on_the_plate_view_0_0_100_2_352_initstate_0
609,Camera Viewpoints,1,4,pick_up_the_black_bowl_between_the_plate_and_the_ramekin_and_place_it_on_the_plate,0,0,100,2,354,0,,,,,,,,pick up the black bowl between the plate and the ramekin and place it on the plate,pick up the black bowl between the plate and the ramekin and place it on the plate view 0 0 100 2 354 initstate 0,pick_up_the_black_bowl_between_the_plate_and_the_ramekin_and_place_it_on_the_plate_view_0_0_100_2_354_initstate_0
610,Camera Viewpoints,1,4,pick_up_the_black_bowl_between_the_plate_and_the_ramekin_and_place_it_on_the_plate,11,15,100,0,0,0,,,,,,,,pick up the black bowl between the plate and the ramekin and place it on the plate,pick up the black bowl between the plate and the ramekin and place it on the plate view 11 15 100 0 0 initstate 0,pick_up_the_black_bowl_between_the_plate_and_the_ramekin_and_place_it_on_the_plate_view_11_15_100_0_0_initstate_0
611,Camera Viewpoints,2,3,pick_up_the_black_bowl_between_the_plate_and_the_ramekin_and_place_it_on_the_plate,13,15,100,0,0,0,,,,,,,,pick up the black bowl between the plate and the ramekin and place it on the plate,pick up the black bowl between the plate and the ramekin and place it on the plate view 13 15 100 0 0 initstate 0,pick_up_the_black_bowl_between_the_plate_and_the_ramekin_and_place_it_on_the_plate_view_13_15_100_0_0_initstate_0
612,Camera Viewpoints,2,3,pick_up_the_black_bowl_between_the_plate_and_the_ramekin_and_place_it_on_the_plate,14,15,100,0,0,0,,,,,,,,pick up the black bowl between the plate and the ramekin and place it on the plate,pick up the black bowl between the plate and the ramekin and place it on the plate view 14 15 100 0 0 initstate 0,pick_up_the_black_bowl_between_the_plate_and_the_ramekin_and_place_it_on_the_plate_view_14_15_100_0_0_initstate_0
613,Camera Viewpoints,1,4,pick_up_the_black_bowl_between_the_plate_and_the_ramekin_and_place_it_on_the_plate,15,15,100,0,0,0,,,,,,,,pick up the black bowl between the plate and the ramekin and place it on the plate,pick up the black bowl between the plate and the ramekin and place it on the plate view 15 15 100 0 0 initstate 0,pick_up_the_black_bowl_between_the_plate_and_the_ramekin_and_place_it_on_the_plate_view_15_15_100_0_0_initstate_0
614,Camera Viewpoints,2,3,pick_up_the_black_bowl_next_to_the_ramekin_and_place_it_on_the_plate,0,0,115,0,0,0,,,,,,,,pick up the black bowl next to the ramekin and place it on the plate,pick up the black bowl next to the ramekin and place it on the plate view 0 0 115 0 0 initstate 0,pick_up_the_black_bowl_next_to_the_ramekin_and_place_it_on_the_plate_view_0_0_115_0_0_initstate_0
615,Camera Viewpoints,2,3,pick_up_the_black_bowl_next_to_the_ramekin_and_place_it_on_the_plate,0,0,119,0,0,0,,,,,,,,pick up the black bowl next to the ramekin and place it on the plate,pick up the black bowl next to the ramekin and place it on the plate view 0 0 119 0 0 initstate 0,pick_up_the_black_bowl_next_to_the_ramekin_and_place_it_on_the_plate_view_0_0_119_0_0_initstate_0
616,Camera Viewpoints,3,2,pick_up_the_black_bowl_next_to_the_ramekin_and_place_it_on_the_plate,0,0,120,0,0,0,,,,,,,,pick up the black bowl next to the ramekin and place it on the plate,pick up the black bowl next to the ramekin and place it on the plate view 0 0 120 0 0 initstate 0,pick_up_the_black_bowl_next_to_the_ramekin_and_place_it_on_the_plate_view_0_0_120_0_0_initstate_0
617,Camera Viewpoints,1,4,pick_up_the_black_bowl_next_to_the_ramekin_and_place_it_on_the_plate,0,0,100,4,6,0,,,,,,,,pick up the black bowl next to the ramekin and place it on the plate,pick up the black bowl next to the ramekin and place it on the plate view 0 0 100 4 6 initstate 0,pick_up_the_black_bowl_next_to_the_ramekin_and_place_it_on_the_plate_view_0_0_100_4_6_initstate_0
618,Camera Viewpoints,3,2,pick_up_the_black_bowl_next_to_the_ramekin_and_place_it_on_the_plate,0,0,100,4,8,0,,,,,,,,pick up the black bowl next to the ramekin and place it on the plate,pick up the black bowl next to the ramekin and place it on the plate view 0 0 100 4 8 initstate 0,pick_up_the_black_bowl_next_to_the_ramekin_and_place_it_on_the_plate_view_0_0_100_4_8_initstate_0
619,Camera Viewpoints,3,2,pick_up_the_black_bowl_next_to_the_ramekin_and_place_it_on_the_plate,0,0,100,4,10,0,,,,,,,,pick up the black bowl next to the ramekin and place it on the plate,pick up the black bowl next to the ramekin and place it on the plate view 0 0 100 4 10 initstate 0,pick_up_the_black_bowl_next_to_the_ramekin_and_place_it_on_the_plate_view_0_0_100_4_10_initstate_0
620,Camera Viewpoints,4,1,pick_up_the_black_bowl_next_to_the_ramekin_and_place_it_on_the_plate,0,0,100,4,350,0,,,,,,,,pick up the black bowl next to the ramekin and place it on the plate,pick up the black bowl next to the ramekin and place it on the plate view 0 0 100 4 350 initstate 0,pick_up_the_black_bowl_next_to_the_ramekin_and_place_it_on_the_plate_view_0_0_100_4_350_initstate_0
621,Camera Viewpoints,3,2,pick_up_the_black_bowl_next_to_the_ramekin_and_place_it_on_the_plate,0,0,100,4,352,0,,,,,,,,pick up the black bowl next to the ramekin and place it on the plate,pick up the black bowl next to the ramekin and place it on the plate view 0 0 100 4 352 initstate 0,pick_up_the_black_bowl_next_to_the_ramekin_and_place_it_on_the_plate_view_0_0_100_4_352_initstate_0
622,Camera Viewpoints,4,1,pick_up_the_black_bowl_next_to_the_ramekin_and_place_it_on_the_plate,0,0,100,4,354,0,,,,,,,,pick up the black bowl next to the ramekin and place it on the plate,pick up the black bowl next to the ramekin and place it on the plate view 0 0 100 4 354 initstate 0,pick_up_the_black_bowl_next_to_the_ramekin_and_place_it_on_the_plate_view_0_0_100_4_354_initstate_0
623,Camera Viewpoints,5,0,pick_up_the_black_bowl_next_to_the_ramekin_and_place_it_on_the_plate,16,15,100,0,0,0,,,,,,,,pick up the black bowl next to the ramekin and place it on the plate,pick up the black bowl next to the ramekin and place it on the plate view 16 15 100 0 0 initstate 0,pick_up_the_black_bowl_next_to_the_ramekin_and_place_it_on_the_plate_view_16_15_100_0_0_initstate_0
624,Camera Viewpoints,2,3,pick_up_the_black_bowl_next_to_the_ramekin_and_place_it_on_the_plate,17,0,100,0,0,0,,,,,,,,pick up the black bowl next to the ramekin and place it on the plate,pick up the black bowl next to the ramekin and place it on the plate view 17 0 100 0 0 initstate 0,pick_up_the_black_bowl_next_to_the_ramekin_and_place_it_on_the_plate_view_17_0_100_0_0_initstate_0
625,Camera Viewpoints,3,2,pick_up_the_black_bowl_next_to_the_ramekin_and_place_it_on_the_plate,17,15,100,0,0,0,,,,,,,,pick up the black bowl next to the ramekin and place it on the plate,pick up the black bowl next to the ramekin and place it on the plate view 17 15 100 0 0 initstate 0,pick_up_the_black_bowl_next_to_the_ramekin_and_place_it_on_the_plate_view_17_15_100_0_0_initstate_0
626,Camera Viewpoints,2,3,pick_up_the_black_bowl_next_to_the_ramekin_and_place_it_on_the_plate,18,0,100,0,0,0,,,,,,,,pick up the black bowl next to the ramekin and place it on the plate,pick up the black bowl next to the ramekin and place it on the plate view 18 0 100 0 0 initstate 0,pick_up_the_black_bowl_next_to_the_ramekin_and_place_it_on_the_plate_view_18_0_100_0_0_initstate_0
627,Camera Viewpoints,3,2,pick_up_the_black_bowl_next_to_the_ramekin_and_place_it_on_the_plate,18,15,100,0,0,0,,,,,,,,pick up the black bowl next to the ramekin and place it on the plate,pick up the black bowl next to the ramekin and place it on the plate view 18 15 100 0 0 initstate 0,pick_up_the_black_bowl_next_to_the_ramekin_and_place_it_on_the_plate_view_18_15_100_0_0_initstate_0
628,Camera Viewpoints,4,1,pick_up_the_black_bowl_next_to_the_ramekin_and_place_it_on_the_plate,19,0,100,0,0,0,,,,,,,,pick up the black bowl next to the ramekin and place it on the plate,pick up the black bowl next to the ramekin and place it on the plate view 19 0 100 0 0 initstate 0,pick_up_the_black_bowl_next_to_the_ramekin_and_place_it_on_the_plate_view_19_0_100_0_0_initstate_0
629,Camera Viewpoints,3,2,pick_up_the_black_bowl_next_to_the_ramekin_and_place_it_on_the_plate,19,15,100,0,0,0,,,,,,,,pick up the black bowl next to the ramekin and place it on the plate,pick up the black bowl next to the ramekin and place it on the plate view 19 15 100 0 0 initstate 0,pick_up_the_black_bowl_next_to_the_ramekin_and_place_it_on_the_plate_view_19_15_100_0_0_initstate_0
630,Camera Viewpoints,5,0,pick_up_the_black_bowl_next_to_the_ramekin_and_place_it_on_the_plate,20,0,100,0,0,0,,,,,,,,pick up the black bowl next to the ramekin and place it on the plate,pick up the black bowl next to the ramekin and place it on the plate view 20 0 100 0 0 initstate 0,pick_up_the_black_bowl_next_to_the_ramekin_and_place_it_on_the_plate_view_20_0_100_0_0_initstate_0
631,Camera Viewpoints,3,2,pick_up_the_black_bowl_next_to_the_ramekin_and_place_it_on_the_plate,20,15,100,0,0,0,,,,,,,,pick up the black bowl next to the ramekin and place it on the plate,pick up the black bowl next to the ramekin and place it on the plate view 20 15 100 0 0 initstate 0,pick_up_the_black_bowl_next_to_the_ramekin_and_place_it_on_the_plate_view_20_15_100_0_0_initstate_0
632,Camera Viewpoints,5,0,pick_up_the_black_bowl_next_to_the_ramekin_and_place_it_on_the_plate,21,0,100,0,0,0,,,,,,,,pick up the black bowl next to the ramekin and place it on the plate,pick up the black bowl next to the ramekin and place it on the plate view 21 0 100 0 0 initstate 0,pick_up_the_black_bowl_next_to_the_ramekin_and_place_it_on_the_plate_view_21_0_100_0_0_initstate_0
633,Camera Viewpoints,4,1,pick_up_the_black_bowl_next_to_the_ramekin_and_place_it_on_the_plate,21,15,100,0,0,0,,,,,,,,pick up the black bowl next to the ramekin and place it on the plate,pick up the black bowl next to the ramekin and place it on the plate view 21 15 100 0 0 initstate 0,pick_up_the_black_bowl_next_to_the_ramekin_and_place_it_on_the_plate_view_21_15_100_0_0_initstate_0
634,Camera Viewpoints,3,2,pick_up_the_black_bowl_next_to_the_ramekin_and_place_it_on_the_plate,22,0,100,0,0,0,,,,,,,,pick up the black bowl next to the ramekin and place it on the plate,pick up the black bowl next to the ramekin and place it on the plate view 22 0 100 0 0 initstate 0,pick_up_the_black_bowl_next_to_the_ramekin_and_place_it_on_the_plate_view_22_0_100_0_0_initstate_0
635,Camera Viewpoints,5,0,pick_up_the_black_bowl_next_to_the_ramekin_and_place_it_on_the_plate,22,15,100,0,0,0,,,,,,,,pick up the black bowl next to the ramekin and place it on the plate,pick up the black bowl next to the ramekin and place it on the plate view 22 15 100 0 0 initstate 0,pick_up_the_black_bowl_next_to_the_ramekin_and_place_it_on_the_plate_view_22_15_100_0_0_initstate_0
636,Camera Viewpoints,2,3,pick_up_the_black_bowl_next_to_the_ramekin_and_place_it_on_the_plate,23,0,100,0,0,0,,,,,,,,pick up the black bowl next to the ramekin and place it on the plate,pick up the black bowl next to the ramekin and place it on the plate view 23 0 100 0 0 initstate 0,pick_up_the_black_bowl_next_to_the_ramekin_and_place_it_on_the_plate_view_23_0_100_0_0_initstate_0
637,Camera Viewpoints,5,0,pick_up_the_black_bowl_next_to_the_ramekin_and_place_it_on_the_plate,23,15,100,0,0,0,,,,,,,,pick up the black bowl next to the ramekin and place it on the plate,pick up the black bowl next to the ramekin and place it on the plate view 23 15 100 0 0 initstate 0,pick_up_the_black_bowl_next_to_the_ramekin_and_place_it_on_the_plate_view_23_15_100_0_0_initstate_0
638,Camera Viewpoints,3,2,pick_up_the_black_bowl_next_to_the_ramekin_and_place_it_on_the_plate,24,0,100,0,0,0,,,,,,,,pick up the black bowl next to the ramekin and place it on the plate,pick up the black bowl next to the ramekin and place it on the plate view 24 0 100 0 0 initstate 0,pick_up_the_black_bowl_next_to_the_ramekin_and_place_it_on_the_plate_view_24_0_100_0_0_initstate_0
639,Camera Viewpoints,4,1,pick_up_the_black_bowl_next_to_the_ramekin_and_place_it_on_the_plate,24,15,100,0,0,0,,,,,,,,pick up the black bowl next to the ramekin and place it on the plate,pick up the black bowl next to the ramekin and place it on the plate view 24 15 100 0 0 initstate 0,pick_up_the_black_bowl_next_to_the_ramekin_and_place_it_on_the_plate_view_24_15_100_0_0_initstate_0
640,Camera Viewpoints,3,2,pick_up_the_black_bowl_next_to_the_ramekin_and_place_it_on_the_plate,25,0,100,0,0,0,,,,,,,,pick up the black bowl next to the ramekin and place it on the plate,pick up the black bowl next to the ramekin and place it on the plate view 25 0 100 0 0 initstate 0,pick_up_the_black_bowl_next_to_the_ramekin_and_place_it_on_the_plate_view_25_0_100_0_0_initstate_0
641,Camera Viewpoints,5,0,pick_up_the_black_bowl_next_to_the_ramekin_and_place_it_on_the_plate,25,15,100,0,0,0,,,,,,,,pick up the black bowl next to the ramekin and place it on the plate,pick up the black bowl next to the ramekin and place it on the plate view 25 15 100 0 0 initstate 0,pick_up_the_black_bowl_next_to_the_ramekin_and_place_it_on_the_plate_view_25_15_100_0_0_initstate_0
642,Camera Viewpoints,2,3,pick_up_the_black_bowl_next_to_the_ramekin_and_place_it_on_the_plate,26,0,100,0,0,0,,,,,,,,pick up the black bowl next to the ramekin and place it on the plate,pick up the black bowl next to the ramekin and place it on the plate view 26 0 100 0 0 initstate 0,pick_up_the_black_bowl_next_to_the_ramekin_and_place_it_on_the_plate_view_26_0_100_0_0_initstate_0
643,Camera Viewpoints,5,0,pick_up_the_black_bowl_next_to_the_ramekin_and_place_it_on_the_plate,26,15,100,0,0,0,,,,,,,,pick up the black bowl next to the ramekin and place it on the plate,pick up the black bowl next to the ramekin and place it on the plate view 26 15 100 0 0 initstate 0,pick_up_the_black_bowl_next_to_the_ramekin_and_place_it_on_the_plate_view_26_15_100_0_0_initstate_0
644,Camera Viewpoints,4,1,pick_up_the_black_bowl_next_to_the_ramekin_and_place_it_on_the_plate,27,0,100,0,0,0,,,,,,,,pick up the black bowl next to the ramekin and place it on the plate,pick up the black bowl next to the ramekin and place it on the plate view 27 0 100 0 0 initstate 0,pick_up_the_black_bowl_next_to_the_ramekin_and_place_it_on_the_plate_view_27_0_100_0_0_initstate_0
645,Camera Viewpoints,5,0,pick_up_the_black_bowl_next_to_the_ramekin_and_place_it_on_the_plate,27,15,100,0,0,0,,,,,,,,pick up the black bowl next to the ramekin and place it on the plate,pick up the black bowl next to the ramekin and place it on the plate view 27 15 100 0 0 initstate 0,pick_up_the_black_bowl_next_to_the_ramekin_and_place_it_on_the_plate_view_27_15_100_0_0_initstate_0
646,Camera Viewpoints,4,1,pick_up_the_black_bowl_next_to_the_ramekin_and_place_it_on_the_plate,28,0,100,0,0,0,,,,,,,,pick up the black bowl next to the ramekin and place it on the plate,pick up the black bowl next to the ramekin and place it on the plate view 28 0 100 0 0 initstate 0,pick_up_the_black_bowl_next_to_the_ramekin_and_place_it_on_the_plate_view_28_0_100_0_0_initstate_0
647,Camera Viewpoints,4,1,pick_up_the_black_bowl_next_to_the_ramekin_and_place_it_on_the_plate,29,0,100,0,0,0,,,,,,,,pick up the black bowl next to the ramekin and place it on the plate,pick up the black bowl next to the ramekin and place it on the plate view 29 0 100 0 0 initstate 0,pick_up_the_black_bowl_next_to_the_ramekin_and_place_it_on_the_plate_view_29_0_100_0_0_initstate_0
648,Camera Viewpoints,5,0,pick_up_the_black_bowl_next_to_the_ramekin_and_place_it_on_the_plate,29,15,100,0,0,0,,,,,,,,pick up the black bowl next to the ramekin and place it on the plate,pick up the black bowl next to the ramekin and place it on the plate view 29 15 100 0 0 initstate 0,pick_up_the_black_bowl_next_to_the_ramekin_and_place_it_on_the_plate_view_29_15_100_0_0_initstate_0
649,Camera Viewpoints,4,1,pick_up_the_black_bowl_next_to_the_ramekin_and_place_it_on_the_plate,30,0,100,0,0,0,,,,,,,,pick up the black bowl next to the ramekin and place it on the plate,pick up the black bowl next to the ramekin and place it on the plate view 30 0 100 0 0 initstate 0,pick_up_the_black_bowl_next_to_the_ramekin_and_place_it_on_the_plate_view_30_0_100_0_0_initstate_0
650,Camera Viewpoints,5,0,pick_up_the_black_bowl_next_to_the_ramekin_and_place_it_on_the_plate,30,15,100,0,0,0,,,,,,,,pick up the black bowl next to the ramekin and place it on the plate,pick up the black bowl next to the ramekin and place it on the plate view 30 15 100 0 0 initstate 0,pick_up_the_black_bowl_next_to_the_ramekin_and_place_it_on_the_plate_view_30_15_100_0_0_initstate_0
651,Camera Viewpoints,1,4,pick_up_the_black_bowl_from,0,0,122,0,0,0,,,,,,,,pick up the black bowl from,pick up the black bowl from table center and place it on the plate view 0 0 122 0 0 initstate 0,pick_up_the_black_bowl_from_table_center_and_place_it_on_the_plate_view_0_0_122_0_0_initstate_0
652,Camera Viewpoints,1,4,pick_up_the_black_bowl_from,0,0,125,0,0,0,,,,,,,,pick up the black bowl from,pick up the black bowl from table center and place it on the plate view 0 0 125 0 0 initstate 0,pick_up_the_black_bowl_from_table_center_and_place_it_on_the_plate_view_0_0_125_0_0_initstate_0
653,Camera Viewpoints,1,4,pick_up_the_black_bowl_from,0,0,126,0,0,0,,,,,,,,pick up the black bowl from,pick up the black bowl from table center and place it on the plate view 0 0 126 0 0 initstate 0,pick_up_the_black_bowl_from_table_center_and_place_it_on_the_plate_view_0_0_126_0_0_initstate_0
654,Camera Viewpoints,1,4,pick_up_the_black_bowl_from,0,0,127,0,0,0,,,,,,,,pick up the black bowl from,pick up the black bowl from table center and place it on the plate view 0 0 127 0 0 initstate 0,pick_up_the_black_bowl_from_table_center_and_place_it_on_the_plate_view_0_0_127_0_0_initstate_0
655,Camera Viewpoints,1,4,pick_up_the_black_bowl_from,0,0,100,6,6,0,,,,,,,,pick up the black bowl from,pick up the black bowl from table center and place it on the plate view 0 0 100 6 6 initstate 0,pick_up_the_black_bowl_from_table_center_and_place_it_on_the_plate_view_0_0_100_6_6_initstate_0
656,Camera Viewpoints,2,3,pick_up_the_black_bowl_from,0,0,100,6,8,0,,,,,,,,pick up the black bowl from,pick up the black bowl from table center and place it on the plate view 0 0 100 6 8 initstate 0,pick_up_the_black_bowl_from_table_center_and_place_it_on_the_plate_view_0_0_100_6_8_initstate_0
657,Camera Viewpoints,2,3,pick_up_the_black_bowl_from,0,0,100,6,10,0,,,,,,,,pick up the black bowl from,pick up the black bowl from table center and place it on the plate view 0 0 100 6 10 initstate 0,pick_up_the_black_bowl_from_table_center_and_place_it_on_the_plate_view_0_0_100_6_10_initstate_0
658,Camera Viewpoints,1,4,pick_up_the_black_bowl_from,0,0,100,6,350,0,,,,,,,,pick up the black bowl from,pick up the black bowl from table center and place it on the plate view 0 0 100 6 350 initstate 0,pick_up_the_black_bowl_from_table_center_and_place_it_on_the_plate_view_0_0_100_6_350_initstate_0
659,Camera Viewpoints,2,3,pick_up_the_black_bowl_from,0,0,100,6,352,0,,,,,,,,pick up the black bowl from,pick up the black bowl from table center and place it on the plate view 0 0 100 6 352 initstate 0,pick_up_the_black_bowl_from_table_center_and_place_it_on_the_plate_view_0_0_100_6_352_initstate_0
660,Camera Viewpoints,1,4,pick_up_the_black_bowl_from,0,0,100,6,354,0,,,,,,,,pick up the black bowl from,pick up the black bowl from table center and place it on the plate view 0 0 100 6 354 initstate 0,pick_up_the_black_bowl_from_table_center_and_place_it_on_the_plate_view_0_0_100_6_354_initstate_0
661,Camera Viewpoints,1,4,pick_up_the_black_bowl_from,0,0,100,6,356,0,,,,,,,,pick up the black bowl from,pick up the black bowl from table center and place it on the plate view 0 0 100 6 356 initstate 0,pick_up_the_black_bowl_from_table_center_and_place_it_on_the_plate_view_0_0_100_6_356_initstate_0
662,Camera Viewpoints,2,3,pick_up_the_black_bowl_from,31,15,100,0,0,0,,,,,,,,pick up the black bowl from,pick up the black bowl from table center and place it on the plate view 31 15 100 0 0 initstate 0,pick_up_the_black_bowl_from_table_center_and_place_it_on_the_plate_view_31_15_100_0_0_initstate_0
663,Camera Viewpoints,2,3,pick_up_the_black_bowl_from,32,15,100,0,0,0,,,,,,,,pick up the black bowl from,pick up the black bowl from table center and place it on the plate view 32 15 100 0 0 initstate 0,pick_up_the_black_bowl_from_table_center_and_place_it_on_the_plate_view_32_15_100_0_0_initstate_0
664,Camera Viewpoints,2,3,pick_up_the_black_bowl_from,33,15,100,0,0,0,,,,,,,,pick up the black bowl from,pick up the black bowl from table center and place it on the plate view 33 15 100 0 0 initstate 0,pick_up_the_black_bowl_from_table_center_and_place_it_on_the_plate_view_33_15_100_0_0_initstate_0
665,Camera Viewpoints,1,4,pick_up_the_black_bowl_from,34,0,100,0,0,0,,,,,,,,pick up the black bowl from,pick up the black bowl from table center and place it on the plate view 34 0 100 0 0 initstate 0,pick_up_the_black_bowl_from_table_center_and_place_it_on_the_plate_view_34_0_100_0_0_initstate_0
666,Camera Viewpoints,2,3,pick_up_the_black_bowl_from,34,15,100,0,0,0,,,,,,,,pick up the black bowl from,pick up the black bowl from table center and place it on the plate view 34 15 100 0 0 initstate 0,pick_up_the_black_bowl_from_table_center_and_place_it_on_the_plate_view_34_15_100_0_0_initstate_0
667,Camera Viewpoints,2,3,pick_up_the_black_bowl_from,35,15,100,0,0,0,,,,,,,,pick up the black bowl from,pick up the black bowl from table center and place it on the plate view 35 15 100 0 0 initstate 0,pick_up_the_black_bowl_from_table_center_and_place_it_on_the_plate_view_35_15_100_0_0_initstate_0
668,Camera Viewpoints,1,4,pick_up_the_black_bowl_from,36,0,100,0,0,0,,,,,,,,pick up the black bowl from,pick up the black bowl from table center and place it on the plate view 36 0 100 0 0 initstate 0,pick_up_the_black_bowl_from_table_center_and_place_it_on_the_plate_view_36_0_100_0_0_initstate_0
669,Camera Viewpoints,1,4,pick_up_the_black_bowl_from,36,15,100,0,0,0,,,,,,,,pick up the black bowl from,pick up the black bowl from table center and place it on the plate view 36 15 100 0 0 initstate 0,pick_up_the_black_bowl_from_table_center_and_place_it_on_the_plate_view_36_15_100_0_0_initstate_0
670,Camera Viewpoints,1,4,pick_up_the_black_bowl_from,37,0,100,0,0,0,,,,,,,,pick up the black bowl from,pick up the black bowl from table center and place it on the plate view 37 0 100 0 0 initstate 0,pick_up_the_black_bowl_from_table_center_and_place_it_on_the_plate_view_37_0_100_0_0_initstate_0
671,Camera Viewpoints,2,3,pick_up_the_black_bowl_from,37,15,100,0,0,0,,,,,,,,pick up the black bowl from,pick up the black bowl from table center and place it on the plate view 37 15 100 0 0 initstate 0,pick_up_the_black_bowl_from_table_center_and_place_it_on_the_plate_view_37_15_100_0_0_initstate_0
672,Camera Viewpoints,1,4,pick_up_the_black_bowl_from,38,0,100,0,0,0,,,,,,,,pick up the black bowl from,pick up the black bowl from table center and place it on the plate view 38 0 100 0 0 initstate 0,pick_up_the_black_bowl_from_table_center_and_place_it_on_the_plate_view_38_0_100_0_0_initstate_0
673,Camera Viewpoints,2,3,pick_up_the_black_bowl_from,38,15,100,0,0,0,,,,,,,,pick up the black bowl from,pick up the black bowl from table center and place it on the plate view 38 15 100 0 0 initstate 0,pick_up_the_black_bowl_from_table_center_and_place_it_on_the_plate_view_38_15_100_0_0_initstate_0
674,Camera Viewpoints,2,3,pick_up_the_black_bowl_from,39,0,100,0,0,0,,,,,,,,pick up the black bowl from,pick up the black bowl from table center and place it on the plate view 39 0 100 0 0 initstate 0,pick_up_the_black_bowl_from_table_center_and_place_it_on_the_plate_view_39_0_100_0_0_initstate_0
675,Camera Viewpoints,2,3,pick_up_the_black_bowl_from,39,15,100,0,0,0,,,,,,,,pick up the black bowl from,pick up the black bowl from table center and place it on the plate view 39 15 100 0 0 initstate 0,pick_up_the_black_bowl_from_table_center_and_place_it_on_the_plate_view_39_15_100_0_0_initstate_0
676,Camera Viewpoints,2,3,pick_up_the_black_bowl_from,40,0,100,0,0,0,,,,,,,,pick up the black bowl from,pick up the black bowl from table center and place it on the plate view 40 0 100 0 0 initstate 0,pick_up_the_black_bowl_from_table_center_and_place_it_on_the_plate_view_40_0_100_0_0_initstate_0
677,Camera Viewpoints,2,3,pick_up_the_black_bowl_from,40,15,100,0,0,0,,,,,,,,pick up the black bowl from,pick up the black bowl from table center and place it on the plate view 40 15 100 0 0 initstate 0,pick_up_the_black_bowl_from_table_center_and_place_it_on_the_plate_view_40_15_100_0_0_initstate_0
678,Camera Viewpoints,1,4,pick_up_the_black_bowl_from,41,0,100,0,0,0,,,,,,,,pick up the black bowl from,pick up the black bowl from table center and place it on the plate view 41 0 100 0 0 initstate 0,pick_up_the_black_bowl_from_table_center_and_place_it_on_the_plate_view_41_0_100_0_0_initstate_0
679,Camera Viewpoints,2,3,pick_up_the_black_bowl_from,41,15,100,0,0,0,,,,,,,,pick up the black bowl from,pick up the black bowl from table center and place it on the plate view 41 15 100 0 0 initstate 0,pick_up_the_black_bowl_from_table_center_and_place_it_on_the_plate_view_41_15_100_0_0_initstate_0
680,Camera Viewpoints,2,3,pick_up_the_black_bowl_from,42,0,100,0,0,0,,,,,,,,pick up the black bowl from,pick up the black bowl from table center and place it on the plate view 42 0 100 0 0 initstate 0,pick_up_the_black_bowl_from_table_center_and_place_it_on_the_plate_view_42_0_100_0_0_initstate_0
681,Camera Viewpoints,2,3,pick_up_the_black_bowl_from,42,15,100,0,0,0,,,,,,,,pick up the black bowl from,pick up the black bowl from table center and place it on the plate view 42 15 100 0 0 initstate 0,pick_up_the_black_bowl_from_table_center_and_place_it_on_the_plate_view_42_15_100_0_0_initstate_0
682,Camera Viewpoints,2,3,pick_up_the_black_bowl_from,43,15,100,0,0,0,,,,,,,,pick up the black bowl from,pick up the black bowl from table center and place it on the plate view 43 15 100 0 0 initstate 0,pick_up_the_black_bowl_from_table_center_and_place_it_on_the_plate_view_43_15_100_0_0_initstate_0
683,Camera Viewpoints,2,3,pick_up_the_black_bowl_from,44,0,100,0,0,0,,,,,,,,pick up the black bowl from,pick up the black bowl from table center and place it on the plate view 44 0 100 0 0 initstate 0,pick_up_the_black_bowl_from_table_center_and_place_it_on_the_plate_view_44_0_100_0_0_initstate_0
684,Camera Viewpoints,2,3,pick_up_the_black_bowl_from,44,15,100,0,0,0,,,,,,,,pick up the black bowl from,pick up the black bowl from table center and place it on the plate view 44 15 100 0 0 initstate 0,pick_up_the_black_bowl_from_table_center_and_place_it_on_the_plate_view_44_15_100_0_0_initstate_0
685,Camera Viewpoints,2,3,pick_up_the_black_bowl_from,45,15,100,0,0,0,,,,,,,,pick up the black bowl from,pick up the black bowl from table center and place it on the plate view 45 15 100 0 0 initstate 0,pick_up_the_black_bowl_from_table_center_and_place_it_on_the_plate_view_45_15_100_0_0_initstate_0
686,Camera Viewpoints,2,3,pick_up_the_black_bowl_on_the_cookie_box_and_place_it_on_the_plate,0,0,131,0,0,0,,,,,,,,pick up the black bowl on the cookie box and place it on the plate,pick up the black bowl on the cookie box and place it on the plate view 0 0 131 0 0 initstate 0,pick_up_the_black_bowl_on_the_cookie_box_and_place_it_on_the_plate_view_0_0_131_0_0_initstate_0
687,Camera Viewpoints,2,3,pick_up_the_black_bowl_on_the_cookie_box_and_place_it_on_the_plate,0,0,132,0,0,0,,,,,,,,pick up the black bowl on the cookie box and place it on the plate,pick up the black bowl on the cookie box and place it on the plate view 0 0 132 0 0 initstate 0,pick_up_the_black_bowl_on_the_cookie_box_and_place_it_on_the_plate_view_0_0_132_0_0_initstate_0
688,Camera Viewpoints,1,4,pick_up_the_black_bowl_on_the_cookie_box_and_place_it_on_the_plate,0,0,133,0,0,0,,,,,,,,pick up the black bowl on the cookie box and place it on the plate,pick up the black bowl on the cookie box and place it on the plate view 0 0 133 0 0 initstate 0,pick_up_the_black_bowl_on_the_cookie_box_and_place_it_on_the_plate_view_0_0_133_0_0_initstate_0
689,Camera Viewpoints,2,3,pick_up_the_black_bowl_on_the_cookie_box_and_place_it_on_the_plate,0,0,134,0,0,0,,,,,,,,pick up the black bowl on the cookie box and place it on the plate,pick up the black bowl on the cookie box and place it on the plate view 0 0 134 0 0 initstate 0,pick_up_the_black_bowl_on_the_cookie_box_and_place_it_on_the_plate_view_0_0_134_0_0_initstate_0
690,Camera Viewpoints,2,3,pick_up_the_black_bowl_on_the_cookie_box_and_place_it_on_the_plate,0,0,135,0,0,0,,,,,,,,pick up the black bowl on the cookie box and place it on the plate,pick up the black bowl on the cookie box and place it on the plate view 0 0 135 0 0 initstate 0,pick_up_the_black_bowl_on_the_cookie_box_and_place_it_on_the_plate_view_0_0_135_0_0_initstate_0
691,Camera Viewpoints,1,4,pick_up_the_black_bowl_on_the_cookie_box_and_place_it_on_the_plate,0,0,136,0,0,0,,,,,,,,pick up the black bowl on the cookie box and place it on the plate,pick up the black bowl on the cookie box and place it on the plate view 0 0 136 0 0 initstate 0,pick_up_the_black_bowl_on_the_cookie_box_and_place_it_on_the_plate_view_0_0_136_0_0_initstate_0
692,Camera Viewpoints,1,4,pick_up_the_black_bowl_on_the_cookie_box_and_place_it_on_the_plate,0,0,137,0,0,0,,,,,,,,pick up the black bowl on the cookie box and place it on the plate,pick up the black bowl on the cookie box and place it on the plate view 0 0 137 0 0 initstate 0,pick_up_the_black_bowl_on_the_cookie_box_and_place_it_on_the_plate_view_0_0_137_0_0_initstate_0
693,Camera Viewpoints,2,3,pick_up_the_black_bowl_on_the_cookie_box_and_place_it_on_the_plate,0,0,138,0,0,0,,,,,,,,pick up the black bowl on the cookie box and place it on the plate,pick up the black bowl on the cookie box and place it on the plate view 0 0 138 0 0 initstate 0,pick_up_the_black_bowl_on_the_cookie_box_and_place_it_on_the_plate_view_0_0_138_0_0_initstate_0
694,Camera Viewpoints,2,3,pick_up_the_black_bowl_on_the_cookie_box_and_place_it_on_the_plate,0,0,139,0,0,0,,,,,,,,pick up the black bowl on the cookie box and place it on the plate,pick up the black bowl on the cookie box and place it on the plate view 0 0 139 0 0 initstate 0,pick_up_the_black_bowl_on_the_cookie_box_and_place_it_on_the_plate_view_0_0_139_0_0_initstate_0
695,Camera Viewpoints,1,4,pick_up_the_black_bowl_on_the_cookie_box_and_place_it_on_the_plate,0,0,140,0,0,0,,,,,,,,pick up the black bowl on the cookie box and place it on the plate,pick up the black bowl on the cookie box and place it on the plate view 0 0 140 0 0 initstate 0,pick_up_the_black_bowl_on_the_cookie_box_and_place_it_on_the_plate_view_0_0_140_0_0_initstate_0
696,Camera Viewpoints,2,3,pick_up_the_black_bowl_on_the_cookie_box_and_place_it_on_the_plate,0,0,100,8,4,0,,,,,,,,pick up the black bowl on the cookie box and place it on the plate,pick up the black bowl on the cookie box and place it on the plate view 0 0 100 8 4 initstate 0,pick_up_the_black_bowl_on_the_cookie_box_and_place_it_on_the_plate_view_0_0_100_8_4_initstate_0
697,Camera Viewpoints,1,4,pick_up_the_black_bowl_on_the_cookie_box_and_place_it_on_the_plate,0,0,100,8,6,0,,,,,,,,pick up the black bowl on the cookie box and place it on the plate,pick up the black bowl on the cookie box and place it on the plate view 0 0 100 8 6 initstate 0,pick_up_the_black_bowl_on_the_cookie_box_and_place_it_on_the_plate_view_0_0_100_8_6_initstate_0
698,Camera Viewpoints,2,3,pick_up_the_black_bowl_on_the_cookie_box_and_place_it_on_the_plate,0,0,100,8,8,0,,,,,,,,pick up the black bowl on the cookie box and place it on the plate,pick up the black bowl on the cookie box and place it on the plate view 0 0 100 8 8 initstate 0,pick_up_the_black_bowl_on_the_cookie_box_and_place_it_on_the_plate_view_0_0_100_8_8_initstate_0
699,Camera Viewpoints,2,3,pick_up_the_black_bowl_on_the_cookie_box_and_place_it_on_the_plate,0,0,100,8,10,0,,,,,,,,pick up the black bowl on the cookie box and place it on the plate,pick up the black bowl on the cookie box and place it on the plate view 0 0 100 8 10 initstate 0,pick_up_the_black_bowl_on_the_cookie_box_and_place_it_on_the_plate_view_0_0_100_8_10_initstate_0
700,Camera Viewpoints,2,3,pick_up_the_black_bowl_on_the_cookie_box_and_place_it_on_the_plate,0,0,100,8,350,0,,,,,,,,pick up the black bowl on the cookie box and place it on the plate,pick up the black bowl on the cookie box and place it on the plate view 0 0 100 8 350 initstate 0,pick_up_the_black_bowl_on_the_cookie_box_and_place_it_on_the_plate_view_0_0_100_8_350_initstate_0
701,Camera Viewpoints,2,3,pick_up_the_black_bowl_on_the_cookie_box_and_place_it_on_the_plate,0,0,100,8,352,0,,,,,,,,pick up the black bowl on the cookie box and place it on the plate,pick up the black bowl on the cookie box and place it on the plate view 0 0 100 8 352 initstate 0,pick_up_the_black_bowl_on_the_cookie_box_and_place_it_on_the_plate_view_0_0_100_8_352_initstate_0
702,Camera Viewpoints,1,4,pick_up_the_black_bowl_on_the_cookie_box_and_place_it_on_the_plate,0,0,100,8,354,0,,,,,,,,pick up the black bowl on the cookie box and place it on the plate,pick up the black bowl on the cookie box and place it on the plate view 0 0 100 8 354 initstate 0,pick_up_the_black_bowl_on_the_cookie_box_and_place_it_on_the_plate_view_0_0_100_8_354_initstate_0
703,Camera Viewpoints,1,4,pick_up_the_black_bowl_on_the_cookie_box_and_place_it_on_the_plate,0,0,100,8,356,0,,,,,,,,pick up the black bowl on the cookie box and place it on the plate,pick up the black bowl on the cookie box and place it on the plate view 0 0 100 8 356 initstate 0,pick_up_the_black_bowl_on_the_cookie_box_and_place_it_on_the_plate_view_0_0_100_8_356_initstate_0
704,Camera Viewpoints,1,4,pick_up_the_black_bowl_on_the_cookie_box_and_place_it_on_the_plate,0,0,100,8,358,0,,,,,,,,pick up the black bowl on the cookie box and place it on the plate,pick up the black bowl on the cookie box and place it on the plate view 0 0 100 8 358 initstate 0,pick_up_the_black_bowl_on_the_cookie_box_and_place_it_on_the_plate_view_0_0_100_8_358_initstate_0
705,Camera Viewpoints,1,4,pick_up_the_black_bowl_on_the_cookie_box_and_place_it_on_the_plate,46,0,100,0,0,0,,,,,,,,pick up the black bowl on the cookie box and place it on the plate,pick up the black bowl on the cookie box and place it on the plate view 46 0 100 0 0 initstate 0,pick_up_the_black_bowl_on_the_cookie_box_and_place_it_on_the_plate_view_46_0_100_0_0_initstate_0
706,Camera Viewpoints,2,3,pick_up_the_black_bowl_on_the_cookie_box_and_place_it_on_the_plate,46,15,100,0,0,0,,,,,,,,pick up the black bowl on the cookie box and place it on the plate,pick up the black bowl on the cookie box and place it on the plate view 46 15 100 0 0 initstate 0,pick_up_the_black_bowl_on_the_cookie_box_and_place_it_on_the_plate_view_46_15_100_0_0_initstate_0
707,Camera Viewpoints,1,4,pick_up_the_black_bowl_on_the_cookie_box_and_place_it_on_the_plate,47,0,100,0,0,0,,,,,,,,pick up the black bowl on the cookie box and place it on the plate,pick up the black bowl on the cookie box and place it on the plate view 47 0 100 0 0 initstate 0,pick_up_the_black_bowl_on_the_cookie_box_and_place_it_on_the_plate_view_47_0_100_0_0_initstate_0
708,Camera Viewpoints,1,4,pick_up_the_black_bowl_on_the_cookie_box_and_place_it_on_the_plate,47,15,100,0,0,0,,,,,,,,pick up the black bowl on the cookie box and place it on the plate,pick up the black bowl on the cookie box and place it on the plate view 47 15 100 0 0 initstate 0,pick_up_the_black_bowl_on_the_cookie_box_and_place_it_on_the_plate_view_47_15_100_0_0_initstate_0
709,Camera Viewpoints,1,4,pick_up_the_black_bowl_on_the_cookie_box_and_place_it_on_the_plate,48,0,100,0,0,0,,,,,,,,pick up the black bowl on the cookie box and place it on the plate,pick up the black bowl on the cookie box and place it on the plate view 48 0 100 0 0 initstate 0,pick_up_the_black_bowl_on_the_cookie_box_and_place_it_on_the_plate_view_48_0_100_0_0_initstate_0
710,Camera Viewpoints,2,3,pick_up_the_black_bowl_on_the_cookie_box_and_place_it_on_the_plate,48,15,100,0,0,0,,,,,,,,pick up the black bowl on the cookie box and place it on the plate,pick up the black bowl on the cookie box and place it on the plate view 48 15 100 0 0 initstate 0,pick_up_the_black_bowl_on_the_cookie_box_and_place_it_on_the_plate_view_48_15_100_0_0_initstate_0
711,Camera Viewpoints,1,4,pick_up_the_black_bowl_on_the_cookie_box_and_place_it_on_the_plate,49,0,100,0,0,0,,,,,,,,pick up the black bowl on the cookie box and place it on the plate,pick up the black bowl on the cookie box and place it on the plate view 49 0 100 0 0 initstate 0,pick_up_the_black_bowl_on_the_cookie_box_and_place_it_on_the_plate_view_49_0_100_0_0_initstate_0
712,Camera Viewpoints,1,4,pick_up_the_black_bowl_on_the_cookie_box_and_place_it_on_the_plate,49,15,100,0,0,0,,,,,,,,pick up the black bowl on the cookie box and place it on the plate,pick up the black bowl on the cookie box and place it on the plate view 49 15 100 0 0 initstate 0,pick_up_the_black_bowl_on_the_cookie_box_and_place_it_on_the_plate_view_49_15_100_0_0_initstate_0
713,Camera Viewpoints,1,4,pick_up_the_black_bowl_on_the_cookie_box_and_place_it_on_the_plate,50,0,100,0,0,0,,,,,,,,pick up the black bowl on the cookie box and place it on the plate,pick up the black bowl on the cookie box and place it on the plate view 50 0 100 0 0 initstate 0,pick_up_the_black_bowl_on_the_cookie_box_and_place_it_on_the_plate_view_50_0_100_0_0_initstate_0
714,Camera Viewpoints,1,4,pick_up_the_black_bowl_on_the_cookie_box_and_place_it_on_the_plate,50,15,100,0,0,0,,,,,,,,pick up the black bowl on the cookie box and place it on the plate,pick up the black bowl on the cookie box and place it on the plate view 50 15 100 0 0 initstate 0,pick_up_the_black_bowl_on_the_cookie_box_and_place_it_on_the_plate_view_50_15_100_0_0_initstate_0
715,Camera Viewpoints,1,4,pick_up_the_black_bowl_on_the_cookie_box_and_place_it_on_the_plate,51,0,100,0,0,0,,,,,,,,pick up the black bowl on the cookie box and place it on the plate,pick up the black bowl on the cookie box and place it on the plate view 51 0 100 0 0 initstate 0,pick_up_the_black_bowl_on_the_cookie_box_and_place_it_on_the_plate_view_51_0_100_0_0_initstate_0
716,Camera Viewpoints,1,4,pick_up_the_black_bowl_on_the_cookie_box_and_place_it_on_the_plate,51,15,100,0,0,0,,,,,,,,pick up the black bowl on the cookie box and place it on the plate,pick up the black bowl on the cookie box and place it on the plate view 51 15 100 0 0 initstate 0,pick_up_the_black_bowl_on_the_cookie_box_and_place_it_on_the_plate_view_51_15_100_0_0_initstate_0
717,Camera Viewpoints,1,4,pick_up_the_black_bowl_on_the_cookie_box_and_place_it_on_the_plate,52,0,100,0,0,0,,,,,,,,pick up the black bowl on the cookie box and place it on the plate,pick up the black bowl on the cookie box and place it on the plate view 52 0 100 0 0 initstate 0,pick_up_the_black_bowl_on_the_cookie_box_and_place_it_on_the_plate_view_52_0_100_0_0_initstate_0
718,Camera Viewpoints,2,3,pick_up_the_black_bowl_on_the_cookie_box_and_place_it_on_the_plate,52,15,100,0,0,0,,,,,,,,pick up the black bowl on the cookie box and place it on the plate,pick up the black bowl on the cookie box and place it on the plate view 52 15 100 0 0 initstate 0,pick_up_the_black_bowl_on_the_cookie_box_and_place_it_on_the_plate_view_52_15_100_0_0_initstate_0
719,Camera Viewpoints,2,3,pick_up_the_black_bowl_on_the_cookie_box_and_place_it_on_the_plate,53,0,100,0,0,0,,,,,,,,pick up the black bowl on the cookie box and place it on the plate,pick up the black bowl on the cookie box and place it on the plate view 53 0 100 0 0 initstate 0,pick_up_the_black_bowl_on_the_cookie_box_and_place_it_on_the_plate_view_53_0_100_0_0_initstate_0
720,Camera Viewpoints,2,3,pick_up_the_black_bowl_on_the_cookie_box_and_place_it_on_the_plate,53,15,100,0,0,0,,,,,,,,pick up the black bowl on the cookie box and place it on the plate,pick up the black bowl on the cookie box and place it on the plate view 53 15 100 0 0 initstate 0,pick_up_the_black_bowl_on_the_cookie_box_and_place_it_on_the_plate_view_53_15_100_0_0_initstate_0
721,Camera Viewpoints,1,4,pick_up_the_black_bowl_on_the_cookie_box_and_place_it_on_the_plate,54,0,100,0,0,0,,,,,,,,pick up the black bowl on the cookie box and place it on the plate,pick up the black bowl on the cookie box and place it on the plate view 54 0 100 0 0 initstate 0,pick_up_the_black_bowl_on_the_cookie_box_and_place_it_on_the_plate_view_54_0_100_0_0_initstate_0
722,Camera Viewpoints,2,3,pick_up_the_black_bowl_on_the_cookie_box_and_place_it_on_the_plate,54,15,100,0,0,0,,,,,,,,pick up the black bowl on the cookie box and place it on the plate,pick up the black bowl on the cookie box and place it on the plate view 54 15 100 0 0 initstate 0,pick_up_the_black_bowl_on_the_cookie_box_and_place_it_on_the_plate_view_54_15_100_0_0_initstate_0
723,Camera Viewpoints,2,3,pick_up_the_black_bowl_on_the_cookie_box_and_place_it_on_the_plate,55,0,100,0,0,0,,,,,,,,pick up the black bowl on the cookie box and place it on the plate,pick up the black bowl on the cookie box and place it on the plate view 55 0 100 0 0 initstate 0,pick_up_the_black_bowl_on_the_cookie_box_and_place_it_on_the_plate_view_55_0_100_0_0_initstate_0
724,Camera Viewpoints,2,3,pick_up_the_black_bowl_on_the_cookie_box_and_place_it_on_the_plate,55,15,100,0,0,0,,,,,,,,pick up the black bowl on the cookie box and place it on the plate,pick up the black bowl on the cookie box and place it on the plate view 55 15 100 0 0 initstate 0,pick_up_the_black_bowl_on_the_cookie_box_and_place_it_on_the_plate_view_55_15_100_0_0_initstate_0
725,Camera Viewpoints,1,4,pick_up_the_black_bowl_on_the_cookie_box_and_place_it_on_the_plate,56,0,100,0,0,0,,,,,,,,pick up the black bowl on the cookie box and place it on the plate,pick up the black bowl on the cookie box and place it on the plate view 56 0 100 0 0 initstate 0,pick_up_the_black_bowl_on_the_cookie_box_and_place_it_on_the_plate_view_56_0_100_0_0_initstate_0
726,Camera Viewpoints,2,3,pick_up_the_black_bowl_on_the_cookie_box_and_place_it_on_the_plate,56,15,100,0,0,0,,,,,,,,pick up the black bowl on the cookie box and place it on the plate,pick up the black bowl on the cookie box and place it on the plate view 56 15 100 0 0 initstate 0,pick_up_the_black_bowl_on_the_cookie_box_and_place_it_on_the_plate_view_56_15_100_0_0_initstate_0
727,Camera Viewpoints,1,4,pick_up_the_black_bowl_on_the_cookie_box_and_place_it_on_the_plate,57,0,100,0,0,0,,,,,,,,pick up the black bowl on the cookie box and place it on the plate,pick up the black bowl on the cookie box and place it on the plate view 57 0 100 0 0 initstate 0,pick_up_the_black_bowl_on_the_cookie_box_and_place_it_on_the_plate_view_57_0_100_0_0_initstate_0
728,Camera Viewpoints,2,3,pick_up_the_black_bowl_on_the_cookie_box_and_place_it_on_the_plate,57,15,100,0,0,0,,,,,,,,pick up the black bowl on the cookie box and place it on the plate,pick up the black bowl on the cookie box and place it on the plate view 57 15 100 0 0 initstate 0,pick_up_the_black_bowl_on_the_cookie_box_and_place_it_on_the_plate_view_57_15_100_0_0_initstate_0
729,Camera Viewpoints,3,2,pick_up_the_black_bowl_on_the_cookie_box_and_place_it_on_the_plate,58,0,100,0,0,0,,,,,,,,pick up the black bowl on the cookie box and place it on the plate,pick up the black bowl on the cookie box and place it on the plate view 58 0 100 0 0 initstate 0,pick_up_the_black_bowl_on_the_cookie_box_and_place_it_on_the_plate_view_58_0_100_0_0_initstate_0
730,Camera Viewpoints,1,4,pick_up_the_black_bowl_on_the_cookie_box_and_place_it_on_the_plate,58,15,100,0,0,0,,,,,,,,pick up the black bowl on the cookie box and place it on the plate,pick up the black bowl on the cookie box and place it on the plate view 58 15 100 0 0 initstate 0,pick_up_the_black_bowl_on_the_cookie_box_and_place_it_on_the_plate_view_58_15_100_0_0_initstate_0
731,Camera Viewpoints,2,3,pick_up_the_black_bowl_on_the_cookie_box_and_place_it_on_the_plate,59,0,100,0,0,0,,,,,,,,pick up the black bowl on the cookie box and place it on the plate,pick up the black bowl on the cookie box and place it on the plate view 59 0 100 0 0 initstate 0,pick_up_the_black_bowl_on_the_cookie_box_and_place_it_on_the_plate_view_59_0_100_0_0_initstate_0
732,Camera Viewpoints,2,3,pick_up_the_black_bowl_on_the_cookie_box_and_place_it_on_the_plate,59,15,100,0,0,0,,,,,,,,pick up the black bowl on the cookie box and place it on the plate,pick up the black bowl on the cookie box and place it on the plate view 59 15 100 0 0 initstate 0,pick_up_the_black_bowl_on_the_cookie_box_and_place_it_on_the_plate_view_59_15_100_0_0_initstate_0
733,Camera Viewpoints,3,2,pick_up_the_black_bowl_on_the_cookie_box_and_place_it_on_the_plate,60,0,100,0,0,0,,,,,,,,pick up the black bowl on the cookie box and place it on the plate,pick up the black bowl on the cookie box and place it on the plate view 60 0 100 0 0 initstate 0,pick_up_the_black_bowl_on_the_cookie_box_and_place_it_on_the_plate_view_60_0_100_0_0_initstate_0
734,Camera Viewpoints,3,2,pick_up_the_black_bowl_on_the_cookie_box_and_place_it_on_the_plate,60,15,100,0,0,0,,,,,,,,pick up the black bowl on the cookie box and place it on the plate,pick up the black bowl on the cookie box and place it on the plate view 60 15 100 0 0 initstate 0,pick_up_the_black_bowl_on_the_cookie_box_and_place_it_on_the_plate_view_60_15_100_0_0_initstate_0
735,Camera Viewpoints,2,3,pick_up_the_black_bowl_in_the_top_drawer_of_the_wooden_cabinet_and_place_it_on_the_plate,0,0,141,0,0,0,,,,,,,,pick up the black bowl in the top drawer of the wooden cabinet and place it on the plate,pick up the black bowl in the top drawer of the wooden cabinet and place it on the plate view 0 0 141 0 0 initstate 0,pick_up_the_black_bowl_in_the_top_drawer_of_the_wooden_cabinet_and_place_it_on_the_plate_view_0_0_141_0_0_initstate_0
736,Camera Viewpoints,2,3,pick_up_the_black_bowl_in_the_top_drawer_of_the_wooden_cabinet_and_place_it_on_the_plate,0,0,142,0,0,0,,,,,,,,pick up the black bowl in the top drawer of the wooden cabinet and place it on the plate,pick up the black bowl in the top drawer of the wooden cabinet and place it on the plate view 0 0 142 0 0 initstate 0,pick_up_the_black_bowl_in_the_top_drawer_of_the_wooden_cabinet_and_place_it_on_the_plate_view_0_0_142_0_0_initstate_0
737,Camera Viewpoints,3,2,pick_up_the_black_bowl_in_the_top_drawer_of_the_wooden_cabinet_and_place_it_on_the_plate,0,0,143,0,0,0,,,,,,,,pick up the black bowl in the top drawer of the wooden cabinet and place it on the plate,pick up the black bowl in the top drawer of the wooden cabinet and place it on the plate view 0 0 143 0 0 initstate 0,pick_up_the_black_bowl_in_the_top_drawer_of_the_wooden_cabinet_and_place_it_on_the_plate_view_0_0_143_0_0_initstate_0
738,Camera Viewpoints,2,3,pick_up_the_black_bowl_in_the_top_drawer_of_the_wooden_cabinet_and_place_it_on_the_plate,0,0,144,0,0,0,,,,,,,,pick up the black bowl in the top drawer of the wooden cabinet and place it on the plate,pick up the black bowl in the top drawer of the wooden cabinet and place it on the plate view 0 0 144 0 0 initstate 0,pick_up_the_black_bowl_in_the_top_drawer_of_the_wooden_cabinet_and_place_it_on_the_plate_view_0_0_144_0_0_initstate_0
739,Camera Viewpoints,2,3,pick_up_the_black_bowl_in_the_top_drawer_of_the_wooden_cabinet_and_place_it_on_the_plate,0,0,145,0,0,0,,,,,,,,pick up the black bowl in the top drawer of the wooden cabinet and place it on the plate,pick up the black bowl in the top drawer of the wooden cabinet and place it on the plate view 0 0 145 0 0 initstate 0,pick_up_the_black_bowl_in_the_top_drawer_of_the_wooden_cabinet_and_place_it_on_the_plate_view_0_0_145_0_0_initstate_0
740,Camera Viewpoints,2,3,pick_up_the_black_bowl_in_the_top_drawer_of_the_wooden_cabinet_and_place_it_on_the_plate,0,0,146,0,0,0,,,,,,,,pick up the black bowl in the top drawer of the wooden cabinet and place it on the plate,pick up the black bowl in the top drawer of the wooden cabinet and place it on the plate view 0 0 146 0 0 initstate 0,pick_up_the_black_bowl_in_the_top_drawer_of_the_wooden_cabinet_and_place_it_on_the_plate_view_0_0_146_0_0_initstate_0
741,Camera Viewpoints,3,2,pick_up_the_black_bowl_in_the_top_drawer_of_the_wooden_cabinet_and_place_it_on_the_plate,0,0,147,0,0,0,,,,,,,,pick up the black bowl in the top drawer of the wooden cabinet and place it on the plate,pick up the black bowl in the top drawer of the wooden cabinet and place it on the plate view 0 0 147 0 0 initstate 0,pick_up_the_black_bowl_in_the_top_drawer_of_the_wooden_cabinet_and_place_it_on_the_plate_view_0_0_147_0_0_initstate_0
742,Camera Viewpoints,2,3,pick_up_the_black_bowl_in_the_top_drawer_of_the_wooden_cabinet_and_place_it_on_the_plate,0,0,148,0,0,0,,,,,,,,pick up the black bowl in the top drawer of the wooden cabinet and place it on the plate,pick up the black bowl in the top drawer of the wooden cabinet and place it on the plate view 0 0 148 0 0 initstate 0,pick_up_the_black_bowl_in_the_top_drawer_of_the_wooden_cabinet_and_place_it_on_the_plate_view_0_0_148_0_0_initstate_0
743,Camera Viewpoints,2,3,pick_up_the_black_bowl_in_the_top_drawer_of_the_wooden_cabinet_and_place_it_on_the_plate,0,0,149,0,0,0,,,,,,,,pick up the black bowl in the top drawer of the wooden cabinet and place it on the plate,pick up the black bowl in the top drawer of the wooden cabinet and place it on the plate view 0 0 149 0 0 initstate 0,pick_up_the_black_bowl_in_the_top_drawer_of_the_wooden_cabinet_and_place_it_on_the_plate_view_0_0_149_0_0_initstate_0
744,Camera Viewpoints,2,3,pick_up_the_black_bowl_in_the_top_drawer_of_the_wooden_cabinet_and_place_it_on_the_plate,0,0,150,0,0,0,,,,,,,,pick up the black bowl in the top drawer of the wooden cabinet and place it on the plate,pick up the black bowl in the top drawer of the wooden cabinet and place it on the plate view 0 0 150 0 0 initstate 0,pick_up_the_black_bowl_in_the_top_drawer_of_the_wooden_cabinet_and_place_it_on_the_plate_view_0_0_150_0_0_initstate_0
745,Camera Viewpoints,2,3,pick_up_the_black_bowl_in_the_top_drawer_of_the_wooden_cabinet_and_place_it_on_the_plate,0,0,100,10,2,0,,,,,,,,pick up the black bowl in the top drawer of the wooden cabinet and place it on the plate,pick up the black bowl in the top drawer of the wooden cabinet and place it on the plate view 0 0 100 10 2 initstate 0,pick_up_the_black_bowl_in_the_top_drawer_of_the_wooden_cabinet_and_place_it_on_the_plate_view_0_0_100_10_2_initstate_0
746,Camera Viewpoints,2,3,pick_up_the_black_bowl_in_the_top_drawer_of_the_wooden_cabinet_and_place_it_on_the_plate,0,0,100,10,4,0,,,,,,,,pick up the black bowl in the top drawer of the wooden cabinet and place it on the plate,pick up the black bowl in the top drawer of the wooden cabinet and place it on the plate view 0 0 100 10 4 initstate 0,pick_up_the_black_bowl_in_the_top_drawer_of_the_wooden_cabinet_and_place_it_on_the_plate_view_0_0_100_10_4_initstate_0
747,Camera Viewpoints,2,3,pick_up_the_black_bowl_in_the_top_drawer_of_the_wooden_cabinet_and_place_it_on_the_plate,0,0,100,10,6,0,,,,,,,,pick up the black bowl in the top drawer of the wooden cabinet and place it on the plate,pick up the black bowl in the top drawer of the wooden cabinet and place it on the plate view 0 0 100 10 6 initstate 0,pick_up_the_black_bowl_in_the_top_drawer_of_the_wooden_cabinet_and_place_it_on_the_plate_view_0_0_100_10_6_initstate_0
748,Camera Viewpoints,2,3,pick_up_the_black_bowl_in_the_top_drawer_of_the_wooden_cabinet_and_place_it_on_the_plate,0,0,100,10,8,0,,,,,,,,pick up the black bowl in the top drawer of the wooden cabinet and place it on the plate,pick up the black bowl in the top drawer of the wooden cabinet and place it on the plate view 0 0 100 10 8 initstate 0,pick_up_the_black_bowl_in_the_top_drawer_of_the_wooden_cabinet_and_place_it_on_the_plate_view_0_0_100_10_8_initstate_0
749,Camera Viewpoints,2,3,pick_up_the_black_bowl_in_the_top_drawer_of_the_wooden_cabinet_and_place_it_on_the_plate,0,0,100,10,10,0,,,,,,,,pick up the black bowl in the top drawer of the wooden cabinet and place it on the plate,pick up the black bowl in the top drawer of the wooden cabinet and place it on the plate view 0 0 100 10 10 initstate 0,pick_up_the_black_bowl_in_the_top_drawer_of_the_wooden_cabinet_and_place_it_on_the_plate_view_0_0_100_10_10_initstate_0
750,Camera Viewpoints,2,3,pick_up_the_black_bowl_in_the_top_drawer_of_the_wooden_cabinet_and_place_it_on_the_plate,0,0,100,10,350,0,,,,,,,,pick up the black bowl in the top drawer of the wooden cabinet and place it on the plate,pick up the black bowl in the top drawer of the wooden cabinet and place it on the plate view 0 0 100 10 350 initstate 0,pick_up_the_black_bowl_in_the_top_drawer_of_the_wooden_cabinet_and_place_it_on_the_plate_view_0_0_100_10_350_initstate_0
751,Camera Viewpoints,2,3,pick_up_the_black_bowl_in_the_top_drawer_of_the_wooden_cabinet_and_place_it_on_the_plate,0,0,100,10,352,0,,,,,,,,pick up the black bowl in the top drawer of the wooden cabinet and place it on the plate,pick up the black bowl in the top drawer of the wooden cabinet and place it on the plate view 0 0 100 10 352 initstate 0,pick_up_the_black_bowl_in_the_top_drawer_of_the_wooden_cabinet_and_place_it_on_the_plate_view_0_0_100_10_352_initstate_0
752,Camera Viewpoints,2,3,pick_up_the_black_bowl_in_the_top_drawer_of_the_wooden_cabinet_and_place_it_on_the_plate,0,0,100,10,354,0,,,,,,,,pick up the black bowl in the top drawer of the wooden cabinet and place it on the plate,pick up the black bowl in the top drawer of the wooden cabinet and place it on the plate view 0 0 100 10 354 initstate 0,pick_up_the_black_bowl_in_the_top_drawer_of_the_wooden_cabinet_and_place_it_on_the_plate_view_0_0_100_10_354_initstate_0
753,Camera Viewpoints,1,4,pick_up_the_black_bowl_in_the_top_drawer_of_the_wooden_cabinet_and_place_it_on_the_plate,0,0,100,10,356,0,,,,,,,,pick up the black bowl in the top drawer of the wooden cabinet and place it on the plate,pick up the black bowl in the top drawer of the wooden cabinet and place it on the plate view 0 0 100 10 356 initstate 0,pick_up_the_black_bowl_in_the_top_drawer_of_the_wooden_cabinet_and_place_it_on_the_plate_view_0_0_100_10_356_initstate_0
754,Camera Viewpoints,1,4,pick_up_the_black_bowl_in_the_top_drawer_of_the_wooden_cabinet_and_place_it_on_the_plate,0,0,100,10,358,0,,,,,,,,pick up the black bowl in the top drawer of the wooden cabinet and place it on the plate,pick up the black bowl in the top drawer of the wooden cabinet and place it on the plate view 0 0 100 10 358 initstate 0,pick_up_the_black_bowl_in_the_top_drawer_of_the_wooden_cabinet_and_place_it_on_the_plate_view_0_0_100_10_358_initstate_0
755,Camera Viewpoints,3,2,pick_up_the_black_bowl_in_the_top_drawer_of_the_wooden_cabinet_and_place_it_on_the_plate,61,0,100,0,0,0,,,,,,,,pick up the black bowl in the top drawer of the wooden cabinet and place it on the plate,pick up the black bowl in the top drawer of the wooden cabinet and place it on the plate view 61 0 100 0 0 initstate 0,pick_up_the_black_bowl_in_the_top_drawer_of_the_wooden_cabinet_and_place_it_on_the_plate_view_61_0_100_0_0_initstate_0
756,Camera Viewpoints,2,3,pick_up_the_black_bowl_in_the_top_drawer_of_the_wooden_cabinet_and_place_it_on_the_plate,61,15,100,0,0,0,,,,,,,,pick up the black bowl in the top drawer of the wooden cabinet and place it on the plate,pick up the black bowl in the top drawer of the wooden cabinet and place it on the plate view 61 15 100 0 0 initstate 0,pick_up_the_black_bowl_in_the_top_drawer_of_the_wooden_cabinet_and_place_it_on_the_plate_view_61_15_100_0_0_initstate_0
757,Camera Viewpoints,2,3,pick_up_the_black_bowl_in_the_top_drawer_of_the_wooden_cabinet_and_place_it_on_the_plate,62,15,100,0,0,0,,,,,,,,pick up the black bowl in the top drawer of the wooden cabinet and place it on the plate,pick up the black bowl in the top drawer of the wooden cabinet and place it on the plate view 62 15 100 0 0 initstate 0,pick_up_the_black_bowl_in_the_top_drawer_of_the_wooden_cabinet_and_place_it_on_the_plate_view_62_15_100_0_0_initstate_0
758,Camera Viewpoints,3,2,pick_up_the_black_bowl_in_the_top_drawer_of_the_wooden_cabinet_and_place_it_on_the_plate,63,0,100,0,0,0,,,,,,,,pick up the black bowl in the top drawer of the wooden cabinet and place it on the plate,pick up the black bowl in the top drawer of the wooden cabinet and place it on the plate view 63 0 100 0 0 initstate 0,pick_up_the_black_bowl_in_the_top_drawer_of_the_wooden_cabinet_and_place_it_on_the_plate_view_63_0_100_0_0_initstate_0
759,Camera Viewpoints,3,2,pick_up_the_black_bowl_in_the_top_drawer_of_the_wooden_cabinet_and_place_it_on_the_plate,63,15,100,0,0,0,,,,,,,,pick up the black bowl in the top drawer of the wooden cabinet and place it on the plate,pick up the black bowl in the top drawer of the wooden cabinet and place it on the plate view 63 15 100 0 0 initstate 0,pick_up_the_black_bowl_in_the_top_drawer_of_the_wooden_cabinet_and_place_it_on_the_plate_view_63_15_100_0_0_initstate_0
760,Camera Viewpoints,3,2,pick_up_the_black_bowl_in_the_top_drawer_of_the_wooden_cabinet_and_place_it_on_the_plate,64,0,100,0,0,0,,,,,,,,pick up the black bowl in the top drawer of the wooden cabinet and place it on the plate,pick up the black bowl in the top drawer of the wooden cabinet and place it on the plate view 64 0 100 0 0 initstate 0,pick_up_the_black_bowl_in_the_top_drawer_of_the_wooden_cabinet_and_place_it_on_the_plate_view_64_0_100_0_0_initstate_0
761,Camera Viewpoints,2,3,pick_up_the_black_bowl_in_the_top_drawer_of_the_wooden_cabinet_and_place_it_on_the_plate,64,15,100,0,0,0,,,,,,,,pick up the black bowl in the top drawer of the wooden cabinet and place it on the plate,pick up the black bowl in the top drawer of the wooden cabinet and place it on the plate view 64 15 100 0 0 initstate 0,pick_up_the_black_bowl_in_the_top_drawer_of_the_wooden_cabinet_and_place_it_on_the_plate_view_64_15_100_0_0_initstate_0
762,Camera Viewpoints,3,2,pick_up_the_black_bowl_in_the_top_drawer_of_the_wooden_cabinet_and_place_it_on_the_plate,65,0,100,0,0,0,,,,,,,,pick up the black bowl in the top drawer of the wooden cabinet and place it on the plate,pick up the black bowl in the top drawer of the wooden cabinet and place it on the plate view 65 0 100 0 0 initstate 0,pick_up_the_black_bowl_in_the_top_drawer_of_the_wooden_cabinet_and_place_it_on_the_plate_view_65_0_100_0_0_initstate_0
763,Camera Viewpoints,3,2,pick_up_the_black_bowl_in_the_top_drawer_of_the_wooden_cabinet_and_place_it_on_the_plate,65,15,100,0,0,0,,,,,,,,pick up the black bowl in the top drawer of the wooden cabinet and place it on the plate,pick up the black bowl in the top drawer of the wooden cabinet and place it on the plate view 65 15 100 0 0 initstate 0,pick_up_the_black_bowl_in_the_top_drawer_of_the_wooden_cabinet_and_place_it_on_the_plate_view_65_15_100_0_0_initstate_0
764,Camera Viewpoints,3,2,pick_up_the_black_bowl_in_the_top_drawer_of_the_wooden_cabinet_and_place_it_on_the_plate,66,0,100,0,0,0,,,,,,,,pick up the black bowl in the top drawer of the wooden cabinet and place it on the plate,pick up the black bowl in the top drawer of the wooden cabinet and place it on the plate view 66 0 100 0 0 initstate 0,pick_up_the_black_bowl_in_the_top_drawer_of_the_wooden_cabinet_and_place_it_on_the_plate_view_66_0_100_0_0_initstate_0
765,Camera Viewpoints,3,2,pick_up_the_black_bowl_in_the_top_drawer_of_the_wooden_cabinet_and_place_it_on_the_plate,66,15,100,0,0,0,,,,,,,,pick up the black bowl in the top drawer of the wooden cabinet and place it on the plate,pick up the black bowl in the top drawer of the wooden cabinet and place it on the plate view 66 15 100 0 0 initstate 0,pick_up_the_black_bowl_in_the_top_drawer_of_the_wooden_cabinet_and_place_it_on_the_plate_view_66_15_100_0_0_initstate_0
766,Camera Viewpoints,3,2,pick_up_the_black_bowl_in_the_top_drawer_of_the_wooden_cabinet_and_place_it_on_the_plate,67,0,100,0,0,0,,,,,,,,pick up the black bowl in the top drawer of the wooden cabinet and place it on the plate,pick up the black bowl in the top drawer of the wooden cabinet and place it on the plate view 67 0 100 0 0 initstate 0,pick_up_the_black_bowl_in_the_top_drawer_of_the_wooden_cabinet_and_place_it_on_the_plate_view_67_0_100_0_0_initstate_0
767,Camera Viewpoints,3,2,pick_up_the_black_bowl_in_the_top_drawer_of_the_wooden_cabinet_and_place_it_on_the_plate,68,0,100,0,0,0,,,,,,,,pick up the black bowl in the top drawer of the wooden cabinet and place it on the plate,pick up the black bowl in the top drawer of the wooden cabinet and place it on the plate view 68 0 100 0 0 initstate 0,pick_up_the_black_bowl_in_the_top_drawer_of_the_wooden_cabinet_and_place_it_on_the_plate_view_68_0_100_0_0_initstate_0
768,Camera Viewpoints,3,2,pick_up_the_black_bowl_in_the_top_drawer_of_the_wooden_cabinet_and_place_it_on_the_plate,68,15,100,0,0,0,,,,,,,,pick up the black bowl in the top drawer of the wooden cabinet and place it on the plate,pick up the black bowl in the top drawer of the wooden cabinet and place it on the plate view 68 15 100 0 0 initstate 0,pick_up_the_black_bowl_in_the_top_drawer_of_the_wooden_cabinet_and_place_it_on_the_plate_view_68_15_100_0_0_initstate_0
769,Camera Viewpoints,3,2,pick_up_the_black_bowl_in_the_top_drawer_of_the_wooden_cabinet_and_place_it_on_the_plate,69,0,100,0,0,0,,,,,,,,pick up the black bowl in the top drawer of the wooden cabinet and place it on the plate,pick up the black bowl in the top drawer of the wooden cabinet and place it on the plate view 69 0 100 0 0 initstate 0,pick_up_the_black_bowl_in_the_top_drawer_of_the_wooden_cabinet_and_place_it_on_the_plate_view_69_0_100_0_0_initstate_0
770,Camera Viewpoints,3,2,pick_up_the_black_bowl_in_the_top_drawer_of_the_wooden_cabinet_and_place_it_on_the_plate,69,15,100,0,0,0,,,,,,,,pick up the black bowl in the top drawer of the wooden cabinet and place it on the plate,pick up the black bowl in the top drawer of the wooden cabinet and place it on the plate view 69 15 100 0 0 initstate 0,pick_up_the_black_bowl_in_the_top_drawer_of_the_wooden_cabinet_and_place_it_on_the_plate_view_69_15_100_0_0_initstate_0
771,Camera Viewpoints,2,3,pick_up_the_black_bowl_in_the_top_drawer_of_the_wooden_cabinet_and_place_it_on_the_plate,70,0,100,0,0,0,,,,,,,,pick up the black bowl in the top drawer of the wooden cabinet and place it on the plate,pick up the black bowl in the top drawer of the wooden cabinet and place it on the plate view 70 0 100 0 0 initstate 0,pick_up_the_black_bowl_in_the_top_drawer_of_the_wooden_cabinet_and_place_it_on_the_plate_view_70_0_100_0_0_initstate_0
772,Camera Viewpoints,3,2,pick_up_the_black_bowl_in_the_top_drawer_of_the_wooden_cabinet_and_place_it_on_the_plate,70,15,100,0,0,0,,,,,,,,pick up the black bowl in the top drawer of the wooden cabinet and place it on the plate,pick up the black bowl in the top drawer of the wooden cabinet and place it on the plate view 70 15 100 0 0 initstate 0,pick_up_the_black_bowl_in_the_top_drawer_of_the_wooden_cabinet_and_place_it_on_the_plate_view_70_15_100_0_0_initstate_0
773,Camera Viewpoints,3,2,pick_up_the_black_bowl_in_the_top_drawer_of_the_wooden_cabinet_and_place_it_on_the_plate,71,0,100,0,0,0,,,,,,,,pick up the black bowl in the top drawer of the wooden cabinet and place it on the plate,pick up the black bowl in the top drawer of the wooden cabinet and place it on the plate view 71 0 100 0 0 initstate 0,pick_up_the_black_bowl_in_the_top_drawer_of_the_wooden_cabinet_and_place_it_on_the_plate_view_71_0_100_0_0_initstate_0
774,Camera Viewpoints,3,2,pick_up_the_black_bowl_in_the_top_drawer_of_the_wooden_cabinet_and_place_it_on_the_plate,71,15,100,0,0,0,,,,,,,,pick up the black bowl in the top drawer of the wooden cabinet and place it on the plate,pick up the black bowl in the top drawer of the wooden cabinet and place it on the plate view 71 15 100 0 0 initstate 0,pick_up_the_black_bowl_in_the_top_drawer_of_the_wooden_cabinet_and_place_it_on_the_plate_view_71_15_100_0_0_initstate_0
775,Camera Viewpoints,3,2,pick_up_the_black_bowl_in_the_top_drawer_of_the_wooden_cabinet_and_place_it_on_the_plate,72,0,100,0,0,0,,,,,,,,pick up the black bowl in the top drawer of the wooden cabinet and place it on the plate,pick up the black bowl in the top drawer of the wooden cabinet and place it on the plate view 72 0 100 0 0 initstate 0,pick_up_the_black_bowl_in_the_top_drawer_of_the_wooden_cabinet_and_place_it_on_the_plate_view_72_0_100_0_0_initstate_0
776,Camera Viewpoints,3,2,pick_up_the_black_bowl_in_the_top_drawer_of_the_wooden_cabinet_and_place_it_on_the_plate,72,15,100,0,0,0,,,,,,,,pick up the black bowl in the top drawer of the wooden cabinet and place it on the plate,pick up the black bowl in the top drawer of the wooden cabinet and place it on the plate view 72 15 100 0 0 initstate 0,pick_up_the_black_bowl_in_the_top_drawer_of_the_wooden_cabinet_and_place_it_on_the_plate_view_72_15_100_0_0_initstate_0
777,Camera Viewpoints,3,2,pick_up_the_black_bowl_in_the_top_drawer_of_the_wooden_cabinet_and_place_it_on_the_plate,73,0,100,0,0,0,,,,,,,,pick up the black bowl in the top drawer of the wooden cabinet and place it on the plate,pick up the black bowl in the top drawer of the wooden cabinet and place it on the plate view 73 0 100 0 0 initstate 0,pick_up_the_black_bowl_in_the_top_drawer_of_the_wooden_cabinet_and_place_it_on_the_plate_view_73_0_100_0_0_initstate_0
778,Camera Viewpoints,3,2,pick_up_the_black_bowl_in_the_top_drawer_of_the_wooden_cabinet_and_place_it_on_the_plate,73,15,100,0,0,0,,,,,,,,pick up the black bowl in the top drawer of the wooden cabinet and place it on the plate,pick up the black bowl in the top drawer of the wooden cabinet and place it on the plate view 73 15 100 0 0 initstate 0,pick_up_the_black_bowl_in_the_top_drawer_of_the_wooden_cabinet_and_place_it_on_the_plate_view_73_15_100_0_0_initstate_0
779,Camera Viewpoints,3,2,pick_up_the_black_bowl_in_the_top_drawer_of_the_wooden_cabinet_and_place_it_on_the_plate,74,0,100,0,0,0,,,,,,,,pick up the black bowl in the top drawer of the wooden cabinet and place it on the plate,pick up the black bowl in the top drawer of the wooden cabinet and place it on the plate view 74 0 100 0 0 initstate 0,pick_up_the_black_bowl_in_the_top_drawer_of_the_wooden_cabinet_and_place_it_on_the_plate_view_74_0_100_0_0_initstate_0
780,Camera Viewpoints,3,2,pick_up_the_black_bowl_in_the_top_drawer_of_the_wooden_cabinet_and_place_it_on_the_plate,74,15,100,0,0,0,,,,,,,,pick up the black bowl in the top drawer of the wooden cabinet and place it on the plate,pick up the black bowl in the top drawer of the wooden cabinet and place it on the plate view 74 15 100 0 0 initstate 0,pick_up_the_black_bowl_in_the_top_drawer_of_the_wooden_cabinet_and_place_it_on_the_plate_view_74_15_100_0_0_initstate_0
781,Camera Viewpoints,3,2,pick_up_the_black_bowl_in_the_top_drawer_of_the_wooden_cabinet_and_place_it_on_the_plate,75,0,100,0,0,0,,,,,,,,pick up the black bowl in the top drawer of the wooden cabinet and place it on the plate,pick up the black bowl in the top drawer of the wooden cabinet and place it on the plate view 75 0 100 0 0 initstate 0,pick_up_the_black_bowl_in_the_top_drawer_of_the_wooden_cabinet_and_place_it_on_the_plate_view_75_0_100_0_0_initstate_0
782,Camera Viewpoints,3,2,pick_up_the_black_bowl_in_the_top_drawer_of_the_wooden_cabinet_and_place_it_on_the_plate,75,15,100,0,0,0,,,,,,,,pick up the black bowl in the top drawer of the wooden cabinet and place it on the plate,pick up the black bowl in the top drawer of the wooden cabinet and place it on the plate view 75 15 100 0 0 initstate 0,pick_up_the_black_bowl_in_the_top_drawer_of_the_wooden_cabinet_and_place_it_on_the_plate_view_75_15_100_0_0_initstate_0
783,Camera Viewpoints,3,2,pick_up_the_black_bowl_on_the_ramekin_and_place_it_on_the_plate,0,0,151,0,0,0,,,,,,,,pick up the black bowl on the ramekin and place it on the plate,pick up the black bowl on the ramekin and place it on the plate view 0 0 151 0 0 initstate 0,pick_up_the_black_bowl_on_the_ramekin_and_place_it_on_the_plate_view_0_0_151_0_0_initstate_0
784,Camera Viewpoints,3,2,pick_up_the_black_bowl_on_the_ramekin_and_place_it_on_the_plate,0,0,152,0,0,0,,,,,,,,pick up the black bowl on the ramekin and place it on the plate,pick up the black bowl on the ramekin and place it on the plate view 0 0 152 0 0 initstate 0,pick_up_the_black_bowl_on_the_ramekin_and_place_it_on_the_plate_view_0_0_152_0_0_initstate_0
785,Camera Viewpoints,2,3,pick_up_the_black_bowl_on_the_ramekin_and_place_it_on_the_plate,0,0,154,0,0,0,,,,,,,,pick up the black bowl on the ramekin and place it on the plate,pick up the black bowl on the ramekin and place it on the plate view 0 0 154 0 0 initstate 0,pick_up_the_black_bowl_on_the_ramekin_and_place_it_on_the_plate_view_0_0_154_0_0_initstate_0
786,Camera Viewpoints,3,2,pick_up_the_black_bowl_on_the_ramekin_and_place_it_on_the_plate,0,0,155,0,0,0,,,,,,,,pick up the black bowl on the ramekin and place it on the plate,pick up the black bowl on the ramekin and place it on the plate view 0 0 155 0 0 initstate 0,pick_up_the_black_bowl_on_the_ramekin_and_place_it_on_the_plate_view_0_0_155_0_0_initstate_0
787,Camera Viewpoints,3,2,pick_up_the_black_bowl_on_the_ramekin_and_place_it_on_the_plate,0,0,156,0,0,0,,,,,,,,pick up the black bowl on the ramekin and place it on the plate,pick up the black bowl on the ramekin and place it on the plate view 0 0 156 0 0 initstate 0,pick_up_the_black_bowl_on_the_ramekin_and_place_it_on_the_plate_view_0_0_156_0_0_initstate_0
788,Camera Viewpoints,3,2,pick_up_the_black_bowl_on_the_ramekin_and_place_it_on_the_plate,0,0,157,0,0,0,,,,,,,,pick up the black bowl on the ramekin and place it on the plate,pick up the black bowl on the ramekin and place it on the plate view 0 0 157 0 0 initstate 0,pick_up_the_black_bowl_on_the_ramekin_and_place_it_on_the_plate_view_0_0_157_0_0_initstate_0
789,Camera Viewpoints,3,2,pick_up_the_black_bowl_on_the_ramekin_and_place_it_on_the_plate,0,0,158,0,0,0,,,,,,,,pick up the black bowl on the ramekin and place it on the plate,pick up the black bowl on the ramekin and place it on the plate view 0 0 158 0 0 initstate 0,pick_up_the_black_bowl_on_the_ramekin_and_place_it_on_the_plate_view_0_0_158_0_0_initstate_0
790,Camera Viewpoints,3,2,pick_up_the_black_bowl_on_the_ramekin_and_place_it_on_the_plate,0,0,159,0,0,0,,,,,,,,pick up the black bowl on the ramekin and place it on the plate,pick up the black bowl on the ramekin and place it on the plate view 0 0 159 0 0 initstate 0,pick_up_the_black_bowl_on_the_ramekin_and_place_it_on_the_plate_view_0_0_159_0_0_initstate_0
791,Camera Viewpoints,4,1,pick_up_the_black_bowl_on_the_ramekin_and_place_it_on_the_plate,0,0,160,0,0,0,,,,,,,,pick up the black bowl on the ramekin and place it on the plate,pick up the black bowl on the ramekin and place it on the plate view 0 0 160 0 0 initstate 0,pick_up_the_black_bowl_on_the_ramekin_and_place_it_on_the_plate_view_0_0_160_0_0_initstate_0
792,Camera Viewpoints,2,3,pick_up_the_black_bowl_on_the_ramekin_and_place_it_on_the_plate,0,0,100,350,2,0,,,,,,,,pick up the black bowl on the ramekin and place it on the plate,pick up the black bowl on the ramekin and place it on the plate view 0 0 100 350 2 initstate 0,pick_up_the_black_bowl_on_the_ramekin_and_place_it_on_the_plate_view_0_0_100_350_2_initstate_0
793,Camera Viewpoints,3,2,pick_up_the_black_bowl_on_the_ramekin_and_place_it_on_the_plate,0,0,100,350,4,0,,,,,,,,pick up the black bowl on the ramekin and place it on the plate,pick up the black bowl on the ramekin and place it on the plate view 0 0 100 350 4 initstate 0,pick_up_the_black_bowl_on_the_ramekin_and_place_it_on_the_plate_view_0_0_100_350_4_initstate_0
794,Camera Viewpoints,2,3,pick_up_the_black_bowl_on_the_ramekin_and_place_it_on_the_plate,0,0,100,350,6,0,,,,,,,,pick up the black bowl on the ramekin and place it on the plate,pick up the black bowl on the ramekin and place it on the plate view 0 0 100 350 6 initstate 0,pick_up_the_black_bowl_on_the_ramekin_and_place_it_on_the_plate_view_0_0_100_350_6_initstate_0
795,Camera Viewpoints,1,4,pick_up_the_black_bowl_on_the_ramekin_and_place_it_on_the_plate,0,0,100,350,8,0,,,,,,,,pick up the black bowl on the ramekin and place it on the plate,pick up the black bowl on the ramekin and place it on the plate view 0 0 100 350 8 initstate 0,pick_up_the_black_bowl_on_the_ramekin_and_place_it_on_the_plate_view_0_0_100_350_8_initstate_0
796,Camera Viewpoints,2,3,pick_up_the_black_bowl_on_the_ramekin_and_place_it_on_the_plate,0,0,100,350,350,0,,,,,,,,pick up the black bowl on the ramekin and place it on the plate,pick up the black bowl on the ramekin and place it on the plate view 0 0 100 350 350 initstate 0,pick_up_the_black_bowl_on_the_ramekin_and_place_it_on_the_plate_view_0_0_100_350_350_initstate_0
797,Camera Viewpoints,2,3,pick_up_the_black_bowl_on_the_ramekin_and_place_it_on_the_plate,0,0,100,350,352,0,,,,,,,,pick up the black bowl on the ramekin and place it on the plate,pick up the black bowl on the ramekin and place it on the plate view 0 0 100 350 352 initstate 0,pick_up_the_black_bowl_on_the_ramekin_and_place_it_on_the_plate_view_0_0_100_350_352_initstate_0
798,Camera Viewpoints,3,2,pick_up_the_black_bowl_on_the_ramekin_and_place_it_on_the_plate,0,0,100,350,354,0,,,,,,,,pick up the black bowl on the ramekin and place it on the plate,pick up the black bowl on the ramekin and place it on the plate view 0 0 100 350 354 initstate 0,pick_up_the_black_bowl_on_the_ramekin_and_place_it_on_the_plate_view_0_0_100_350_354_initstate_0
799,Camera Viewpoints,1,4,pick_up_the_black_bowl_on_the_ramekin_and_place_it_on_the_plate,0,0,100,350,356,0,,,,,,,,pick up the black bowl on the ramekin and place it on the plate,pick up the black bowl on the ramekin and place it on the plate view 0 0 100 350 356 initstate 0,pick_up_the_black_bowl_on_the_ramekin_and_place_it_on_the_plate_view_0_0_100_350_356_initstate_0
800,Camera Viewpoints,2,3,pick_up_the_black_bowl_on_the_ramekin_and_place_it_on_the_plate,0,0,100,350,358,0,,,,,,,,pick up the black bowl on the ramekin and place it on the plate,pick up the black bowl on the ramekin and place it on the plate view 0 0 100 350 358 initstate 0,pick_up_the_black_bowl_on_the_ramekin_and_place_it_on_the_plate_view_0_0_100_350_358_initstate_0
801,Camera Viewpoints,2,3,pick_up_the_black_bowl_on_the_ramekin_and_place_it_on_the_plate,285,0,100,0,0,0,,,,,,,,pick up the black bowl on the ramekin and place it on the plate,pick up the black bowl on the ramekin and place it on the plate view 285 0 100 0 0 initstate 0,pick_up_the_black_bowl_on_the_ramekin_and_place_it_on_the_plate_view_285_0_100_0_0_initstate_0
802,Camera Viewpoints,3,2,pick_up_the_black_bowl_on_the_ramekin_and_place_it_on_the_plate,285,15,100,0,0,0,,,,,,,,pick up the black bowl on the ramekin and place it on the plate,pick up the black bowl on the ramekin and place it on the plate view 285 15 100 0 0 initstate 0,pick_up_the_black_bowl_on_the_ramekin_and_place_it_on_the_plate_view_285_15_100_0_0_initstate_0
803,Camera Viewpoints,3,2,pick_up_the_black_bowl_on_the_ramekin_and_place_it_on_the_plate,286,15,100,0,0,0,,,,,,,,pick up the black bowl on the ramekin and place it on the plate,pick up the black bowl on the ramekin and place it on the plate view 286 15 100 0 0 initstate 0,pick_up_the_black_bowl_on_the_ramekin_and_place_it_on_the_plate_view_286_15_100_0_0_initstate_0
804,Camera Viewpoints,3,2,pick_up_the_black_bowl_on_the_ramekin_and_place_it_on_the_plate,287,0,100,0,0,0,,,,,,,,pick up the black bowl on the ramekin and place it on the plate,pick up the black bowl on the ramekin and place it on the plate view 287 0 100 0 0 initstate 0,pick_up_the_black_bowl_on_the_ramekin_and_place_it_on_the_plate_view_287_0_100_0_0_initstate_0
805,Camera Viewpoints,4,1,pick_up_the_black_bowl_on_the_ramekin_and_place_it_on_the_plate,287,15,100,0,0,0,,,,,,,,pick up the black bowl on the ramekin and place it on the plate,pick up the black bowl on the ramekin and place it on the plate view 287 15 100 0 0 initstate 0,pick_up_the_black_bowl_on_the_ramekin_and_place_it_on_the_plate_view_287_15_100_0_0_initstate_0
806,Camera Viewpoints,2,3,pick_up_the_black_bowl_on_the_ramekin_and_place_it_on_the_plate,288,0,100,0,0,0,,,,,,,,pick up the black bowl on the ramekin and place it on the plate,pick up the black bowl on the ramekin and place it on the plate view 288 0 100 0 0 initstate 0,pick_up_the_black_bowl_on_the_ramekin_and_place_it_on_the_plate_view_288_0_100_0_0_initstate_0
807,Camera Viewpoints,4,1,pick_up_the_black_bowl_on_the_ramekin_and_place_it_on_the_plate,288,15,100,0,0,0,,,,,,,,pick up the black bowl on the ramekin and place it on the plate,pick up the black bowl on the ramekin and place it on the plate view 288 15 100 0 0 initstate 0,pick_up_the_black_bowl_on_the_ramekin_and_place_it_on_the_plate_view_288_15_100_0_0_initstate_0
808,Camera Viewpoints,3,2,pick_up_the_black_bowl_on_the_ramekin_and_place_it_on_the_plate,289,0,100,0,0,0,,,,,,,,pick up the black bowl on the ramekin and place it on the plate,pick up the black bowl on the ramekin and place it on the plate view 289 0 100 0 0 initstate 0,pick_up_the_black_bowl_on_the_ramekin_and_place_it_on_the_plate_view_289_0_100_0_0_initstate_0
809,Camera Viewpoints,5,0,pick_up_the_black_bowl_on_the_ramekin_and_place_it_on_the_plate,289,15,100,0,0,0,,,,,,,,pick up the black bowl on the ramekin and place it on the plate,pick up the black bowl on the ramekin and place it on the plate view 289 15 100 0 0 initstate 0,pick_up_the_black_bowl_on_the_ramekin_and_place_it_on_the_plate_view_289_15_100_0_0_initstate_0
810,Camera Viewpoints,2,3,pick_up_the_black_bowl_on_the_ramekin_and_place_it_on_the_plate,290,0,100,0,0,0,,,,,,,,pick up the black bowl on the ramekin and place it on the plate,pick up the black bowl on the ramekin and place it on the plate view 290 0 100 0 0 initstate 0,pick_up_the_black_bowl_on_the_ramekin_and_place_it_on_the_plate_view_290_0_100_0_0_initstate_0
811,Camera Viewpoints,4,1,pick_up_the_black_bowl_on_the_ramekin_and_place_it_on_the_plate,290,15,100,0,0,0,,,,,,,,pick up the black bowl on the ramekin and place it on the plate,pick up the black bowl on the ramekin and place it on the plate view 290 15 100 0 0 initstate 0,pick_up_the_black_bowl_on_the_ramekin_and_place_it_on_the_plate_view_290_15_100_0_0_initstate_0
812,Camera Viewpoints,3,2,pick_up_the_black_bowl_on_the_ramekin_and_place_it_on_the_plate,291,0,100,0,0,0,,,,,,,,pick up the black bowl on the ramekin and place it on the plate,pick up the black bowl on the ramekin and place it on the plate view 291 0 100 0 0 initstate 0,pick_up_the_black_bowl_on_the_ramekin_and_place_it_on_the_plate_view_291_0_100_0_0_initstate_0
813,Camera Viewpoints,4,1,pick_up_the_black_bowl_on_the_ramekin_and_place_it_on_the_plate,291,15,100,0,0,0,,,,,,,,pick up the black bowl on the ramekin and place it on the plate,pick up the black bowl on the ramekin and place it on the plate view 291 15 100 0 0 initstate 0,pick_up_the_black_bowl_on_the_ramekin_and_place_it_on_the_plate_view_291_15_100_0_0_initstate_0
814,Camera Viewpoints,2,3,pick_up_the_black_bowl_on_the_ramekin_and_place_it_on_the_plate,292,0,100,0,0,0,,,,,,,,pick up the black bowl on the ramekin and place it on the plate,pick up the black bowl on the ramekin and place it on the plate view 292 0 100 0 0 initstate 0,pick_up_the_black_bowl_on_the_ramekin_and_place_it_on_the_plate_view_292_0_100_0_0_initstate_0
815,Camera Viewpoints,3,2,pick_up_the_black_bowl_on_the_ramekin_and_place_it_on_the_plate,293,0,100,0,0,0,,,,,,,,pick up the black bowl on the ramekin and place it on the plate,pick up the black bowl on the ramekin and place it on the plate view 293 0 100 0 0 initstate 0,pick_up_the_black_bowl_on_the_ramekin_and_place_it_on_the_plate_view_293_0_100_0_0_initstate_0
816,Camera Viewpoints,3,2,pick_up_the_black_bowl_on_the_ramekin_and_place_it_on_the_plate,293,15,100,0,0,0,,,,,,,,pick up the black bowl on the ramekin and place it on the plate,pick up the black bowl on the ramekin and place it on the plate view 293 15 100 0 0 initstate 0,pick_up_the_black_bowl_on_the_ramekin_and_place_it_on_the_plate_view_293_15_100_0_0_initstate_0
817,Camera Viewpoints,2,3,pick_up_the_black_bowl_on_the_ramekin_and_place_it_on_the_plate,294,0,100,0,0,0,,,,,,,,pick up the black bowl on the ramekin and place it on the plate,pick up the black bowl on the ramekin and place it on the plate view 294 0 100 0 0 initstate 0,pick_up_the_black_bowl_on_the_ramekin_and_place_it_on_the_plate_view_294_0_100_0_0_initstate_0
818,Camera Viewpoints,2,3,pick_up_the_black_bowl_on_the_ramekin_and_place_it_on_the_plate,294,15,100,0,0,0,,,,,,,,pick up the black bowl on the ramekin and place it on the plate,pick up the black bowl on the ramekin and place it on the plate view 294 15 100 0 0 initstate 0,pick_up_the_black_bowl_on_the_ramekin_and_place_it_on_the_plate_view_294_15_100_0_0_initstate_0
819,Camera Viewpoints,3,2,pick_up_the_black_bowl_on_the_ramekin_and_place_it_on_the_plate,295,0,100,0,0,0,,,,,,,,pick up the black bowl on the ramekin and place it on the plate,pick up the black bowl on the ramekin and place it on the plate view 295 0 100 0 0 initstate 0,pick_up_the_black_bowl_on_the_ramekin_and_place_it_on_the_plate_view_295_0_100_0_0_initstate_0
820,Camera Viewpoints,3,2,pick_up_the_black_bowl_on_the_ramekin_and_place_it_on_the_plate,295,15,100,0,0,0,,,,,,,,pick up the black bowl on the ramekin and place it on the plate,pick up the black bowl on the ramekin and place it on the plate view 295 15 100 0 0 initstate 0,pick_up_the_black_bowl_on_the_ramekin_and_place_it_on_the_plate_view_295_15_100_0_0_initstate_0
821,Camera Viewpoints,2,3,pick_up_the_black_bowl_on_the_ramekin_and_place_it_on_the_plate,296,0,100,0,0,0,,,,,,,,pick up the black bowl on the ramekin and place it on the plate,pick up the black bowl on the ramekin and place it on the plate view 296 0 100 0 0 initstate 0,pick_up_the_black_bowl_on_the_ramekin_and_place_it_on_the_plate_view_296_0_100_0_0_initstate_0
822,Camera Viewpoints,4,1,pick_up_the_black_bowl_on_the_ramekin_and_place_it_on_the_plate,296,15,100,0,0,0,,,,,,,,pick up the black bowl on the ramekin and place it on the plate,pick up the black bowl on the ramekin and place it on the plate view 296 15 100 0 0 initstate 0,pick_up_the_black_bowl_on_the_ramekin_and_place_it_on_the_plate_view_296_15_100_0_0_initstate_0
823,Camera Viewpoints,4,1,pick_up_the_black_bowl_on_the_ramekin_and_place_it_on_the_plate,297,0,100,0,0,0,,,,,,,,pick up the black bowl on the ramekin and place it on the plate,pick up the black bowl on the ramekin and place it on the plate view 297 0 100 0 0 initstate 0,pick_up_the_black_bowl_on_the_ramekin_and_place_it_on_the_plate_view_297_0_100_0_0_initstate_0
824,Camera Viewpoints,3,2,pick_up_the_black_bowl_on_the_ramekin_and_place_it_on_the_plate,297,15,100,0,0,0,,,,,,,,pick up the black bowl on the ramekin and place it on the plate,pick up the black bowl on the ramekin and place it on the plate view 297 15 100 0 0 initstate 0,pick_up_the_black_bowl_on_the_ramekin_and_place_it_on_the_plate_view_297_15_100_0_0_initstate_0
825,Camera Viewpoints,3,2,pick_up_the_black_bowl_on_the_ramekin_and_place_it_on_the_plate,298,0,100,0,0,0,,,,,,,,pick up the black bowl on the ramekin and place it on the plate,pick up the black bowl on the ramekin and place it on the plate view 298 0 100 0 0 initstate 0,pick_up_the_black_bowl_on_the_ramekin_and_place_it_on_the_plate_view_298_0_100_0_0_initstate_0
826,Camera Viewpoints,4,1,pick_up_the_black_bowl_on_the_ramekin_and_place_it_on_the_plate,298,15,100,0,0,0,,,,,,,,pick up the black bowl on the ramekin and place it on the plate,pick up the black bowl on the ramekin and place it on the plate view 298 15 100 0 0 initstate 0,pick_up_the_black_bowl_on_the_ramekin_and_place_it_on_the_plate_view_298_15_100_0_0_initstate_0
827,Camera Viewpoints,3,2,pick_up_the_black_bowl_on_the_ramekin_and_place_it_on_the_plate,299,0,100,0,0,0,,,,,,,,pick up the black bowl on the ramekin and place it on the plate,pick up the black bowl on the ramekin and place it on the plate view 299 0 100 0 0 initstate 0,pick_up_the_black_bowl_on_the_ramekin_and_place_it_on_the_plate_view_299_0_100_0_0_initstate_0
828,Camera Viewpoints,4,1,pick_up_the_black_bowl_on_the_ramekin_and_place_it_on_the_plate,299,15,100,0,0,0,,,,,,,,pick up the black bowl on the ramekin and place it on the plate,pick up the black bowl on the ramekin and place it on the plate view 299 15 100 0 0 initstate 0,pick_up_the_black_bowl_on_the_ramekin_and_place_it_on_the_plate_view_299_15_100_0_0_initstate_0
829,Camera Viewpoints,2,3,pick_up_the_black_bowl_next_to_the_cookie_box_and_place_it_on_the_plate,0,0,161,0,0,0,,,,,,,,pick up the black bowl next to the cookie box and place it on the plate,pick up the black bowl next to the cookie box and place it on the plate view 0 0 161 0 0 initstate 0,pick_up_the_black_bowl_next_to_the_cookie_box_and_place_it_on_the_plate_view_0_0_161_0_0_initstate_0
830,Camera Viewpoints,2,3,pick_up_the_black_bowl_next_to_the_cookie_box_and_place_it_on_the_plate,0,0,162,0,0,0,,,,,,,,pick up the black bowl next to the cookie box and place it on the plate,pick up the black bowl next to the cookie box and place it on the plate view 0 0 162 0 0 initstate 0,pick_up_the_black_bowl_next_to_the_cookie_box_and_place_it_on_the_plate_view_0_0_162_0_0_initstate_0
831,Camera Viewpoints,2,3,pick_up_the_black_bowl_next_to_the_cookie_box_and_place_it_on_the_plate,0,0,163,0,0,0,,,,,,,,pick up the black bowl next to the cookie box and place it on the plate,pick up the black bowl next to the cookie box and place it on the plate view 0 0 163 0 0 initstate 0,pick_up_the_black_bowl_next_to_the_cookie_box_and_place_it_on_the_plate_view_0_0_163_0_0_initstate_0
832,Camera Viewpoints,3,2,pick_up_the_black_bowl_next_to_the_cookie_box_and_place_it_on_the_plate,0,0,164,0,0,0,,,,,,,,pick up the black bowl next to the cookie box and place it on the plate,pick up the black bowl next to the cookie box and place it on the plate view 0 0 164 0 0 initstate 0,pick_up_the_black_bowl_next_to_the_cookie_box_and_place_it_on_the_plate_view_0_0_164_0_0_initstate_0
833,Camera Viewpoints,1,4,pick_up_the_black_bowl_next_to_the_cookie_box_and_place_it_on_the_plate,0,0,165,0,0,0,,,,,,,,pick up the black bowl next to the cookie box and place it on the plate,pick up the black bowl next to the cookie box and place it on the plate view 0 0 165 0 0 initstate 0,pick_up_the_black_bowl_next_to_the_cookie_box_and_place_it_on_the_plate_view_0_0_165_0_0_initstate_0
834,Camera Viewpoints,2,3,pick_up_the_black_bowl_next_to_the_cookie_box_and_place_it_on_the_plate,0,0,166,0,0,0,,,,,,,,pick up the black bowl next to the cookie box and place it on the plate,pick up the black bowl next to the cookie box and place it on the plate view 0 0 166 0 0 initstate 0,pick_up_the_black_bowl_next_to_the_cookie_box_and_place_it_on_the_plate_view_0_0_166_0_0_initstate_0
835,Camera Viewpoints,2,3,pick_up_the_black_bowl_next_to_the_cookie_box_and_place_it_on_the_plate,0,0,167,0,0,0,,,,,,,,pick up the black bowl next to the cookie box and place it on the plate,pick up the black bowl next to the cookie box and place it on the plate view 0 0 167 0 0 initstate 0,pick_up_the_black_bowl_next_to_the_cookie_box_and_place_it_on_the_plate_view_0_0_167_0_0_initstate_0
836,Camera Viewpoints,1,4,pick_up_the_black_bowl_next_to_the_cookie_box_and_place_it_on_the_plate,0,0,168,0,0,0,,,,,,,,pick up the black bowl next to the cookie box and place it on the plate,pick up the black bowl next to the cookie box and place it on the plate view 0 0 168 0 0 initstate 0,pick_up_the_black_bowl_next_to_the_cookie_box_and_place_it_on_the_plate_view_0_0_168_0_0_initstate_0
837,Camera Viewpoints,2,3,pick_up_the_black_bowl_next_to_the_cookie_box_and_place_it_on_the_plate,0,0,169,0,0,0,,,,,,,,pick up the black bowl next to the cookie box and place it on the plate,pick up the black bowl next to the cookie box and place it on the plate view 0 0 169 0 0 initstate 0,pick_up_the_black_bowl_next_to_the_cookie_box_and_place_it_on_the_plate_view_0_0_169_0_0_initstate_0
838,Camera Viewpoints,2,3,pick_up_the_black_bowl_next_to_the_cookie_box_and_place_it_on_the_plate,0,0,170,0,0,0,,,,,,,,pick up the black bowl next to the cookie box and place it on the plate,pick up the black bowl next to the cookie box and place it on the plate view 0 0 170 0 0 initstate 0,pick_up_the_black_bowl_next_to_the_cookie_box_and_place_it_on_the_plate_view_0_0_170_0_0_initstate_0
839,Camera Viewpoints,2,3,pick_up_the_black_bowl_next_to_the_cookie_box_and_place_it_on_the_plate,0,0,100,352,10,0,,,,,,,,pick up the black bowl next to the cookie box and place it on the plate,pick up the black bowl next to the cookie box and place it on the plate view 0 0 100 352 10 initstate 0,pick_up_the_black_bowl_next_to_the_cookie_box_and_place_it_on_the_plate_view_0_0_100_352_10_initstate_0
840,Camera Viewpoints,3,2,pick_up_the_black_bowl_next_to_the_cookie_box_and_place_it_on_the_plate,0,0,100,352,350,0,,,,,,,,pick up the black bowl next to the cookie box and place it on the plate,pick up the black bowl next to the cookie box and place it on the plate view 0 0 100 352 350 initstate 0,pick_up_the_black_bowl_next_to_the_cookie_box_and_place_it_on_the_plate_view_0_0_100_352_350_initstate_0
841,Camera Viewpoints,2,3,pick_up_the_black_bowl_next_to_the_cookie_box_and_place_it_on_the_plate,0,0,100,352,352,0,,,,,,,,pick up the black bowl next to the cookie box and place it on the plate,pick up the black bowl next to the cookie box and place it on the plate view 0 0 100 352 352 initstate 0,pick_up_the_black_bowl_next_to_the_cookie_box_and_place_it_on_the_plate_view_0_0_100_352_352_initstate_0
842,Camera Viewpoints,3,2,pick_up_the_black_bowl_next_to_the_cookie_box_and_place_it_on_the_plate,300,0,100,0,0,0,,,,,,,,pick up the black bowl next to the cookie box and place it on the plate,pick up the black bowl next to the cookie box and place it on the plate view 300 0 100 0 0 initstate 0,pick_up_the_black_bowl_next_to_the_cookie_box_and_place_it_on_the_plate_view_300_0_100_0_0_initstate_0
843,Camera Viewpoints,3,2,pick_up_the_black_bowl_next_to_the_cookie_box_and_place_it_on_the_plate,300,15,100,0,0,0,,,,,,,,pick up the black bowl next to the cookie box and place it on the plate,pick up the black bowl next to the cookie box and place it on the plate view 300 15 100 0 0 initstate 0,pick_up_the_black_bowl_next_to_the_cookie_box_and_place_it_on_the_plate_view_300_15_100_0_0_initstate_0
844,Camera Viewpoints,3,2,pick_up_the_black_bowl_next_to_the_cookie_box_and_place_it_on_the_plate,301,0,100,0,0,0,,,,,,,,pick up the black bowl next to the cookie box and place it on the plate,pick up the black bowl next to the cookie box and place it on the plate view 301 0 100 0 0 initstate 0,pick_up_the_black_bowl_next_to_the_cookie_box_and_place_it_on_the_plate_view_301_0_100_0_0_initstate_0
845,Camera Viewpoints,3,2,pick_up_the_black_bowl_next_to_the_cookie_box_and_place_it_on_the_plate,301,15,100,0,0,0,,,,,,,,pick up the black bowl next to the cookie box and place it on the plate,pick up the black bowl next to the cookie box and place it on the plate view 301 15 100 0 0 initstate 0,pick_up_the_black_bowl_next_to_the_cookie_box_and_place_it_on_the_plate_view_301_15_100_0_0_initstate_0
846,Camera Viewpoints,3,2,pick_up_the_black_bowl_next_to_the_cookie_box_and_place_it_on_the_plate,302,0,100,0,0,0,,,,,,,,pick up the black bowl next to the cookie box and place it on the plate,pick up the black bowl next to the cookie box and place it on the plate view 302 0 100 0 0 initstate 0,pick_up_the_black_bowl_next_to_the_cookie_box_and_place_it_on_the_plate_view_302_0_100_0_0_initstate_0
847,Camera Viewpoints,3,2,pick_up_the_black_bowl_next_to_the_cookie_box_and_place_it_on_the_plate,302,15,100,0,0,0,,,,,,,,pick up the black bowl next to the cookie box and place it on the plate,pick up the black bowl next to the cookie box and place it on the plate view 302 15 100 0 0 initstate 0,pick_up_the_black_bowl_next_to_the_cookie_box_and_place_it_on_the_plate_view_302_15_100_0_0_initstate_0
848,Camera Viewpoints,2,3,pick_up_the_black_bowl_next_to_the_cookie_box_and_place_it_on_the_plate,303,0,100,0,0,0,,,,,,,,pick up the black bowl next to the cookie box and place it on the plate,pick up the black bowl next to the cookie box and place it on the plate view 303 0 100 0 0 initstate 0,pick_up_the_black_bowl_next_to_the_cookie_box_and_place_it_on_the_plate_view_303_0_100_0_0_initstate_0
849,Camera Viewpoints,3,2,pick_up_the_black_bowl_next_to_the_cookie_box_and_place_it_on_the_plate,303,15,100,0,0,0,,,,,,,,pick up the black bowl next to the cookie box and place it on the plate,pick up the black bowl next to the cookie box and place it on the plate view 303 15 100 0 0 initstate 0,pick_up_the_black_bowl_next_to_the_cookie_box_and_place_it_on_the_plate_view_303_15_100_0_0_initstate_0
850,Camera Viewpoints,3,2,pick_up_the_black_bowl_next_to_the_cookie_box_and_place_it_on_the_plate,304,0,100,0,0,0,,,,,,,,pick up the black bowl next to the cookie box and place it on the plate,pick up the black bowl next to the cookie box and place it on the plate view 304 0 100 0 0 initstate 0,pick_up_the_black_bowl_next_to_the_cookie_box_and_place_it_on_the_plate_view_304_0_100_0_0_initstate_0
851,Camera Viewpoints,3,2,pick_up_the_black_bowl_next_to_the_cookie_box_and_place_it_on_the_plate,305,0,100,0,0,0,,,,,,,,pick up the black bowl next to the cookie box and place it on the plate,pick up the black bowl next to the cookie box and place it on the plate view 305 0 100 0 0 initstate 0,pick_up_the_black_bowl_next_to_the_cookie_box_and_place_it_on_the_plate_view_305_0_100_0_0_initstate_0
852,Camera Viewpoints,3,2,pick_up_the_black_bowl_next_to_the_cookie_box_and_place_it_on_the_plate,305,15,100,0,0,0,,,,,,,,pick up the black bowl next to the cookie box and place it on the plate,pick up the black bowl next to the cookie box and place it on the plate view 305 15 100 0 0 initstate 0,pick_up_the_black_bowl_next_to_the_cookie_box_and_place_it_on_the_plate_view_305_15_100_0_0_initstate_0
853,Camera Viewpoints,3,2,pick_up_the_black_bowl_next_to_the_cookie_box_and_place_it_on_the_plate,306,0,100,0,0,0,,,,,,,,pick up the black bowl next to the cookie box and place it on the plate,pick up the black bowl next to the cookie box and place it on the plate view 306 0 100 0 0 initstate 0,pick_up_the_black_bowl_next_to_the_cookie_box_and_place_it_on_the_plate_view_306_0_100_0_0_initstate_0
854,Camera Viewpoints,3,2,pick_up_the_black_bowl_next_to_the_cookie_box_and_place_it_on_the_plate,306,15,100,0,0,0,,,,,,,,pick up the black bowl next to the cookie box and place it on the plate,pick up the black bowl next to the cookie box and place it on the plate view 306 15 100 0 0 initstate 0,pick_up_the_black_bowl_next_to_the_cookie_box_and_place_it_on_the_plate_view_306_15_100_0_0_initstate_0
855,Camera Viewpoints,2,3,pick_up_the_black_bowl_next_to_the_cookie_box_and_place_it_on_the_plate,307,0,100,0,0,0,,,,,,,,pick up the black bowl next to the cookie box and place it on the plate,pick up the black bowl next to the cookie box and place it on the plate view 307 0 100 0 0 initstate 0,pick_up_the_black_bowl_next_to_the_cookie_box_and_place_it_on_the_plate_view_307_0_100_0_0_initstate_0
856,Camera Viewpoints,2,3,pick_up_the_black_bowl_next_to_the_cookie_box_and_place_it_on_the_plate,307,15,100,0,0,0,,,,,,,,pick up the black bowl next to the cookie box and place it on the plate,pick up the black bowl next to the cookie box and place it on the plate view 307 15 100 0 0 initstate 0,pick_up_the_black_bowl_next_to_the_cookie_box_and_place_it_on_the_plate_view_307_15_100_0_0_initstate_0
857,Camera Viewpoints,2,3,pick_up_the_black_bowl_next_to_the_cookie_box_and_place_it_on_the_plate,308,0,100,0,0,0,,,,,,,,pick up the black bowl next to the cookie box and place it on the plate,pick up the black bowl next to the cookie box and place it on the plate view 308 0 100 0 0 initstate 0,pick_up_the_black_bowl_next_to_the_cookie_box_and_place_it_on_the_plate_view_308_0_100_0_0_initstate_0
858,Camera Viewpoints,3,2,pick_up_the_black_bowl_next_to_the_cookie_box_and_place_it_on_the_plate,308,15,100,0,0,0,,,,,,,,pick up the black bowl next to the cookie box and place it on the plate,pick up the black bowl next to the cookie box and place it on the plate view 308 15 100 0 0 initstate 0,pick_up_the_black_bowl_next_to_the_cookie_box_and_place_it_on_the_plate_view_308_15_100_0_0_initstate_0
859,Camera Viewpoints,2,3,pick_up_the_black_bowl_next_to_the_cookie_box_and_place_it_on_the_plate,309,0,100,0,0,0,,,,,,,,pick up the black bowl next to the cookie box and place it on the plate,pick up the black bowl next to the cookie box and place it on the plate view 309 0 100 0 0 initstate 0,pick_up_the_black_bowl_next_to_the_cookie_box_and_place_it_on_the_plate_view_309_0_100_0_0_initstate_0
860,Camera Viewpoints,3,2,pick_up_the_black_bowl_next_to_the_cookie_box_and_place_it_on_the_plate,309,15,100,0,0,0,,,,,,,,pick up the black bowl next to the cookie box and place it on the plate,pick up the black bowl next to the cookie box and place it on the plate view 309 15 100 0 0 initstate 0,pick_up_the_black_bowl_next_to_the_cookie_box_and_place_it_on_the_plate_view_309_15_100_0_0_initstate_0
861,Camera Viewpoints,3,2,pick_up_the_black_bowl_next_to_the_cookie_box_and_place_it_on_the_plate,310,0,100,0,0,0,,,,,,,,pick up the black bowl next to the cookie box and place it on the plate,pick up the black bowl next to the cookie box and place it on the plate view 310 0 100 0 0 initstate 0,pick_up_the_black_bowl_next_to_the_cookie_box_and_place_it_on_the_plate_view_310_0_100_0_0_initstate_0
862,Camera Viewpoints,3,2,pick_up_the_black_bowl_next_to_the_cookie_box_and_place_it_on_the_plate,310,15,100,0,0,0,,,,,,,,pick up the black bowl next to the cookie box and place it on the plate,pick up the black bowl next to the cookie box and place it on the plate view 310 15 100 0 0 initstate 0,pick_up_the_black_bowl_next_to_the_cookie_box_and_place_it_on_the_plate_view_310_15_100_0_0_initstate_0
863,Camera Viewpoints,2,3,pick_up_the_black_bowl_next_to_the_cookie_box_and_place_it_on_the_plate,311,0,100,0,0,0,,,,,,,,pick up the black bowl next to the cookie box and place it on the plate,pick up the black bowl next to the cookie box and place it on the plate view 311 0 100 0 0 initstate 0,pick_up_the_black_bowl_next_to_the_cookie_box_and_place_it_on_the_plate_view_311_0_100_0_0_initstate_0
864,Camera Viewpoints,3,2,pick_up_the_black_bowl_next_to_the_cookie_box_and_place_it_on_the_plate,311,15,100,0,0,0,,,,,,,,pick up the black bowl next to the cookie box and place it on the plate,pick up the black bowl next to the cookie box and place it on the plate view 311 15 100 0 0 initstate 0,pick_up_the_black_bowl_next_to_the_cookie_box_and_place_it_on_the_plate_view_311_15_100_0_0_initstate_0
865,Camera Viewpoints,2,3,pick_up_the_black_bowl_next_to_the_cookie_box_and_place_it_on_the_plate,312,0,100,0,0,0,,,,,,,,pick up the black bowl next to the cookie box and place it on the plate,pick up the black bowl next to the cookie box and place it on the plate view 312 0 100 0 0 initstate 0,pick_up_the_black_bowl_next_to_the_cookie_box_and_place_it_on_the_plate_view_312_0_100_0_0_initstate_0
866,Camera Viewpoints,2,3,pick_up_the_black_bowl_next_to_the_cookie_box_and_place_it_on_the_plate,312,15,100,0,0,0,,,,,,,,pick up the black bowl next to the cookie box and place it on the plate,pick up the black bowl next to the cookie box and place it on the plate view 312 15 100 0 0 initstate 0,pick_up_the_black_bowl_next_to_the_cookie_box_and_place_it_on_the_plate_view_312_15_100_0_0_initstate_0
867,Camera Viewpoints,2,3,pick_up_the_black_bowl_next_to_the_cookie_box_and_place_it_on_the_plate,313,0,100,0,0,0,,,,,,,,pick up the black bowl next to the cookie box and place it on the plate,pick up the black bowl next to the cookie box and place it on the plate view 313 0 100 0 0 initstate 0,pick_up_the_black_bowl_next_to_the_cookie_box_and_place_it_on_the_plate_view_313_0_100_0_0_initstate_0
868,Camera Viewpoints,3,2,pick_up_the_black_bowl_next_to_the_cookie_box_and_place_it_on_the_plate,313,15,100,0,0,0,,,,,,,,pick up the black bowl next to the cookie box and place it on the plate,pick up the black bowl next to the cookie box and place it on the plate view 313 15 100 0 0 initstate 0,pick_up_the_black_bowl_next_to_the_cookie_box_and_place_it_on_the_plate_view_313_15_100_0_0_initstate_0
869,Camera Viewpoints,3,2,pick_up_the_black_bowl_next_to_the_cookie_box_and_place_it_on_the_plate,314,0,100,0,0,0,,,,,,,,pick up the black bowl next to the cookie box and place it on the plate,pick up the black bowl next to the cookie box and place it on the plate view 314 0 100 0 0 initstate 0,pick_up_the_black_bowl_next_to_the_cookie_box_and_place_it_on_the_plate_view_314_0_100_0_0_initstate_0
870,Camera Viewpoints,3,2,pick_up_the_black_bowl_next_to_the_cookie_box_and_place_it_on_the_plate,314,15,100,0,0,0,,,,,,,,pick up the black bowl next to the cookie box and place it on the plate,pick up the black bowl next to the cookie box and place it on the plate view 314 15 100 0 0 initstate 0,pick_up_the_black_bowl_next_to_the_cookie_box_and_place_it_on_the_plate_view_314_15_100_0_0_initstate_0
871,Camera Viewpoints,3,2,pick_up_the_black_bowl_on_the_stove_and_place_it_on_the_plate,0,0,171,0,0,0,,,,,,,,pick up the black bowl on the stove and place it on the plate,pick up the black bowl on the stove and place it on the plate view 0 0 171 0 0 initstate 0,pick_up_the_black_bowl_on_the_stove_and_place_it_on_the_plate_view_0_0_171_0_0_initstate_0
872,Camera Viewpoints,2,3,pick_up_the_black_bowl_on_the_stove_and_place_it_on_the_plate,0,0,172,0,0,0,,,,,,,,pick up the black bowl on the stove and place it on the plate,pick up the black bowl on the stove and place it on the plate view 0 0 172 0 0 initstate 0,pick_up_the_black_bowl_on_the_stove_and_place_it_on_the_plate_view_0_0_172_0_0_initstate_0
873,Camera Viewpoints,4,1,pick_up_the_black_bowl_on_the_stove_and_place_it_on_the_plate,0,0,173,0,0,0,,,,,,,,pick up the black bowl on the stove and place it on the plate,pick up the black bowl on the stove and place it on the plate view 0 0 173 0 0 initstate 0,pick_up_the_black_bowl_on_the_stove_and_place_it_on_the_plate_view_0_0_173_0_0_initstate_0
874,Camera Viewpoints,2,3,pick_up_the_black_bowl_on_the_stove_and_place_it_on_the_plate,0,0,174,0,0,0,,,,,,,,pick up the black bowl on the stove and place it on the plate,pick up the black bowl on the stove and place it on the plate view 0 0 174 0 0 initstate 0,pick_up_the_black_bowl_on_the_stove_and_place_it_on_the_plate_view_0_0_174_0_0_initstate_0
875,Camera Viewpoints,5,0,pick_up_the_black_bowl_on_the_stove_and_place_it_on_the_plate,0,0,175,0,0,0,,,,,,,,pick up the black bowl on the stove and place it on the plate,pick up the black bowl on the stove and place it on the plate view 0 0 175 0 0 initstate 0,pick_up_the_black_bowl_on_the_stove_and_place_it_on_the_plate_view_0_0_175_0_0_initstate_0
876,Camera Viewpoints,3,2,pick_up_the_black_bowl_on_the_stove_and_place_it_on_the_plate,0,0,176,0,0,0,,,,,,,,pick up the black bowl on the stove and place it on the plate,pick up the black bowl on the stove and place it on the plate view 0 0 176 0 0 initstate 0,pick_up_the_black_bowl_on_the_stove_and_place_it_on_the_plate_view_0_0_176_0_0_initstate_0
877,Camera Viewpoints,3,2,pick_up_the_black_bowl_on_the_stove_and_place_it_on_the_plate,0,0,177,0,0,0,,,,,,,,pick up the black bowl on the stove and place it on the plate,pick up the black bowl on the stove and place it on the plate view 0 0 177 0 0 initstate 0,pick_up_the_black_bowl_on_the_stove_and_place_it_on_the_plate_view_0_0_177_0_0_initstate_0
878,Camera Viewpoints,3,2,pick_up_the_black_bowl_on_the_stove_and_place_it_on_the_plate,0,0,178,0,0,0,,,,,,,,pick up the black bowl on the stove and place it on the plate,pick up the black bowl on the stove and place it on the plate view 0 0 178 0 0 initstate 0,pick_up_the_black_bowl_on_the_stove_and_place_it_on_the_plate_view_0_0_178_0_0_initstate_0
879,Camera Viewpoints,2,3,pick_up_the_black_bowl_on_the_stove_and_place_it_on_the_plate,0,0,179,0,0,0,,,,,,,,pick up the black bowl on the stove and place it on the plate,pick up the black bowl on the stove and place it on the plate view 0 0 179 0 0 initstate 0,pick_up_the_black_bowl_on_the_stove_and_place_it_on_the_plate_view_0_0_179_0_0_initstate_0
880,Camera Viewpoints,2,3,pick_up_the_black_bowl_on_the_stove_and_place_it_on_the_plate,0,0,180,0,0,0,,,,,,,,pick up the black bowl on the stove and place it on the plate,pick up the black bowl on the stove and place it on the plate view 0 0 180 0 0 initstate 0,pick_up_the_black_bowl_on_the_stove_and_place_it_on_the_plate_view_0_0_180_0_0_initstate_0
881,Camera Viewpoints,1,4,pick_up_the_black_bowl_on_the_stove_and_place_it_on_the_plate,0,0,100,354,8,0,,,,,,,,pick up the black bowl on the stove and place it on the plate,pick up the black bowl on the stove and place it on the plate view 0 0 100 354 8 initstate 0,pick_up_the_black_bowl_on_the_stove_and_place_it_on_the_plate_view_0_0_100_354_8_initstate_0
882,Camera Viewpoints,1,4,pick_up_the_black_bowl_on_the_stove_and_place_it_on_the_plate,0,0,100,354,350,0,,,,,,,,pick up the black bowl on the stove and place it on the plate,pick up the black bowl on the stove and place it on the plate view 0 0 100 354 350 initstate 0,pick_up_the_black_bowl_on_the_stove_and_place_it_on_the_plate_view_0_0_100_354_350_initstate_0
883,Camera Viewpoints,1,4,pick_up_the_black_bowl_on_the_stove_and_place_it_on_the_plate,0,0,100,354,354,0,,,,,,,,pick up the black bowl on the stove and place it on the plate,pick up the black bowl on the stove and place it on the plate view 0 0 100 354 354 initstate 0,pick_up_the_black_bowl_on_the_stove_and_place_it_on_the_plate_view_0_0_100_354_354_initstate_0
884,Camera Viewpoints,1,4,pick_up_the_black_bowl_on_the_stove_and_place_it_on_the_plate,0,0,100,354,356,0,,,,,,,,pick up the black bowl on the stove and place it on the plate,pick up the black bowl on the stove and place it on the plate view 0 0 100 354 356 initstate 0,pick_up_the_black_bowl_on_the_stove_and_place_it_on_the_plate_view_0_0_100_354_356_initstate_0
885,Camera Viewpoints,4,1,pick_up_the_black_bowl_on_the_stove_and_place_it_on_the_plate,315,0,100,0,0,0,,,,,,,,pick up the black bowl on the stove and place it on the plate,pick up the black bowl on the stove and place it on the plate view 315 0 100 0 0 initstate 0,pick_up_the_black_bowl_on_the_stove_and_place_it_on_the_plate_view_315_0_100_0_0_initstate_0
886,Camera Viewpoints,3,2,pick_up_the_black_bowl_on_the_stove_and_place_it_on_the_plate,315,15,100,0,0,0,,,,,,,,pick up the black bowl on the stove and place it on the plate,pick up the black bowl on the stove and place it on the plate view 315 15 100 0 0 initstate 0,pick_up_the_black_bowl_on_the_stove_and_place_it_on_the_plate_view_315_15_100_0_0_initstate_0
887,Camera Viewpoints,4,1,pick_up_the_black_bowl_on_the_stove_and_place_it_on_the_plate,316,0,100,0,0,0,,,,,,,,pick up the black bowl on the stove and place it on the plate,pick up the black bowl on the stove and place it on the plate view 316 0 100 0 0 initstate 0,pick_up_the_black_bowl_on_the_stove_and_place_it_on_the_plate_view_316_0_100_0_0_initstate_0
888,Camera Viewpoints,3,2,pick_up_the_black_bowl_on_the_stove_and_place_it_on_the_plate,316,15,100,0,0,0,,,,,,,,pick up the black bowl on the stove and place it on the plate,pick up the black bowl on the stove and place it on the plate view 316 15 100 0 0 initstate 0,pick_up_the_black_bowl_on_the_stove_and_place_it_on_the_plate_view_316_15_100_0_0_initstate_0
889,Camera Viewpoints,4,1,pick_up_the_black_bowl_on_the_stove_and_place_it_on_the_plate,317,0,100,0,0,0,,,,,,,,pick up the black bowl on the stove and place it on the plate,pick up the black bowl on the stove and place it on the plate view 317 0 100 0 0 initstate 0,pick_up_the_black_bowl_on_the_stove_and_place_it_on_the_plate_view_317_0_100_0_0_initstate_0
890,Camera Viewpoints,4,1,pick_up_the_black_bowl_on_the_stove_and_place_it_on_the_plate,317,15,100,0,0,0,,,,,,,,pick up the black bowl on the stove and place it on the plate,pick up the black bowl on the stove and place it on the plate view 317 15 100 0 0 initstate 0,pick_up_the_black_bowl_on_the_stove_and_place_it_on_the_plate_view_317_15_100_0_0_initstate_0
891,Camera Viewpoints,4,1,pick_up_the_black_bowl_on_the_stove_and_place_it_on_the_plate,318,0,100,0,0,0,,,,,,,,pick up the black bowl on the stove and place it on the plate,pick up the black bowl on the stove and place it on the plate view 318 0 100 0 0 initstate 0,pick_up_the_black_bowl_on_the_stove_and_place_it_on_the_plate_view_318_0_100_0_0_initstate_0
892,Camera Viewpoints,5,0,pick_up_the_black_bowl_on_the_stove_and_place_it_on_the_plate,318,15,100,0,0,0,,,,,,,,pick up the black bowl on the stove and place it on the plate,pick up the black bowl on the stove and place it on the plate view 318 15 100 0 0 initstate 0,pick_up_the_black_bowl_on_the_stove_and_place_it_on_the_plate_view_318_15_100_0_0_initstate_0
893,Camera Viewpoints,3,2,pick_up_the_black_bowl_on_the_stove_and_place_it_on_the_plate,319,0,100,0,0,0,,,,,,,,pick up the black bowl on the stove and place it on the plate,pick up the black bowl on the stove and place it on the plate view 319 0 100 0 0 initstate 0,pick_up_the_black_bowl_on_the_stove_and_place_it_on_the_plate_view_319_0_100_0_0_initstate_0
894,Camera Viewpoints,3,2,pick_up_the_black_bowl_on_the_stove_and_place_it_on_the_plate,319,15,100,0,0,0,,,,,,,,pick up the black bowl on the stove and place it on the plate,pick up the black bowl on the stove and place it on the plate view 319 15 100 0 0 initstate 0,pick_up_the_black_bowl_on_the_stove_and_place_it_on_the_plate_view_319_15_100_0_0_initstate_0
895,Camera Viewpoints,2,3,pick_up_the_black_bowl_on_the_stove_and_place_it_on_the_plate,320,0,100,0,0,0,,,,,,,,pick up the black bowl on the stove and place it on the plate,pick up the black bowl on the stove and place it on the plate view 320 0 100 0 0 initstate 0,pick_up_the_black_bowl_on_the_stove_and_place_it_on_the_plate_view_320_0_100_0_0_initstate_0
896,Camera Viewpoints,2,3,pick_up_the_black_bowl_on_the_stove_and_place_it_on_the_plate,320,15,100,0,0,0,,,,,,,,pick up the black bowl on the stove and place it on the plate,pick up the black bowl on the stove and place it on the plate view 320 15 100 0 0 initstate 0,pick_up_the_black_bowl_on_the_stove_and_place_it_on_the_plate_view_320_15_100_0_0_initstate_0
897,Camera Viewpoints,3,2,pick_up_the_black_bowl_on_the_stove_and_place_it_on_the_plate,321,0,100,0,0,0,,,,,,,,pick up the black bowl on the stove and place it on the plate,pick up the black bowl on the stove and place it on the plate view 321 0 100 0 0 initstate 0,pick_up_the_black_bowl_on_the_stove_and_place_it_on_the_plate_view_321_0_100_0_0_initstate_0
898,Camera Viewpoints,5,0,pick_up_the_black_bowl_on_the_stove_and_place_it_on_the_plate,321,15,100,0,0,0,,,,,,,,pick up the black bowl on the stove and place it on the plate,pick up the black bowl on the stove and place it on the plate view 321 15 100 0 0 initstate 0,pick_up_the_black_bowl_on_the_stove_and_place_it_on_the_plate_view_321_15_100_0_0_initstate_0
899,Camera Viewpoints,1,4,pick_up_the_black_bowl_on_the_stove_and_place_it_on_the_plate,322,0,100,0,0,0,,,,,,,,pick up the black bowl on the stove and place it on the plate,pick up the black bowl on the stove and place it on the plate view 322 0 100 0 0 initstate 0,pick_up_the_black_bowl_on_the_stove_and_place_it_on_the_plate_view_322_0_100_0_0_initstate_0
900,Camera Viewpoints,4,1,pick_up_the_black_bowl_on_the_stove_and_place_it_on_the_plate,322,15,100,0,0,0,,,,,,,,pick up the black bowl on the stove and place it on the plate,pick up the black bowl on the stove and place it on the plate view 322 15 100 0 0 initstate 0,pick_up_the_black_bowl_on_the_stove_and_place_it_on_the_plate_view_322_15_100_0_0_initstate_0
901,Camera Viewpoints,2,3,pick_up_the_black_bowl_on_the_stove_and_place_it_on_the_plate,323,0,100,0,0,0,,,,,,,,pick up the black bowl on the stove and place it on the plate,pick up the black bowl on the stove and place it on the plate view 323 0 100 0 0 initstate 0,pick_up_the_black_bowl_on_the_stove_and_place_it_on_the_plate_view_323_0_100_0_0_initstate_0
902,Camera Viewpoints,5,0,pick_up_the_black_bowl_on_the_stove_and_place_it_on_the_plate,323,15,100,0,0,0,,,,,,,,pick up the black bowl on the stove and place it on the plate,pick up the black bowl on the stove and place it on the plate view 323 15 100 0 0 initstate 0,pick_up_the_black_bowl_on_the_stove_and_place_it_on_the_plate_view_323_15_100_0_0_initstate_0
903,Camera Viewpoints,3,2,pick_up_the_black_bowl_on_the_stove_and_place_it_on_the_plate,324,0,100,0,0,0,,,,,,,,pick up the black bowl on the stove and place it on the plate,pick up the black bowl on the stove and place it on the plate view 324 0 100 0 0 initstate 0,pick_up_the_black_bowl_on_the_stove_and_place_it_on_the_plate_view_324_0_100_0_0_initstate_0
904,Camera Viewpoints,4,1,pick_up_the_black_bowl_on_the_stove_and_place_it_on_the_plate,324,15,100,0,0,0,,,,,,,,pick up the black bowl on the stove and place it on the plate,pick up the black bowl on the stove and place it on the plate view 324 15 100 0 0 initstate 0,pick_up_the_black_bowl_on_the_stove_and_place_it_on_the_plate_view_324_15_100_0_0_initstate_0
905,Camera Viewpoints,4,1,pick_up_the_black_bowl_on_the_stove_and_place_it_on_the_plate,325,0,100,0,0,0,,,,,,,,pick up the black bowl on the stove and place it on the plate,pick up the black bowl on the stove and place it on the plate view 325 0 100 0 0 initstate 0,pick_up_the_black_bowl_on_the_stove_and_place_it_on_the_plate_view_325_0_100_0_0_initstate_0
906,Camera Viewpoints,2,3,pick_up_the_black_bowl_on_the_stove_and_place_it_on_the_plate,325,15,100,0,0,0,,,,,,,,pick up the black bowl on the stove and place it on the plate,pick up the black bowl on the stove and place it on the plate view 325 15 100 0 0 initstate 0,pick_up_the_black_bowl_on_the_stove_and_place_it_on_the_plate_view_325_15_100_0_0_initstate_0
907,Camera Viewpoints,3,2,pick_up_the_black_bowl_on_the_stove_and_place_it_on_the_plate,326,0,100,0,0,0,,,,,,,,pick up the black bowl on the stove and place it on the plate,pick up the black bowl on the stove and place it on the plate view 326 0 100 0 0 initstate 0,pick_up_the_black_bowl_on_the_stove_and_place_it_on_the_plate_view_326_0_100_0_0_initstate_0
908,Camera Viewpoints,2,3,pick_up_the_black_bowl_on_the_stove_and_place_it_on_the_plate,326,15,100,0,0,0,,,,,,,,pick up the black bowl on the stove and place it on the plate,pick up the black bowl on the stove and place it on the plate view 326 15 100 0 0 initstate 0,pick_up_the_black_bowl_on_the_stove_and_place_it_on_the_plate_view_326_15_100_0_0_initstate_0
909,Camera Viewpoints,2,3,pick_up_the_black_bowl_on_the_stove_and_place_it_on_the_plate,327,15,100,0,0,0,,,,,,,,pick up the black bowl on the stove and place it on the plate,pick up the black bowl on the stove and place it on the plate view 327 15 100 0 0 initstate 0,pick_up_the_black_bowl_on_the_stove_and_place_it_on_the_plate_view_327_15_100_0_0_initstate_0
910,Camera Viewpoints,3,2,pick_up_the_black_bowl_on_the_stove_and_place_it_on_the_plate,328,0,100,0,0,0,,,,,,,,pick up the black bowl on the stove and place it on the plate,pick up the black bowl on the stove and place it on the plate view 328 0 100 0 0 initstate 0,pick_up_the_black_bowl_on_the_stove_and_place_it_on_the_plate_view_328_0_100_0_0_initstate_0
911,Camera Viewpoints,3,2,pick_up_the_black_bowl_on_the_stove_and_place_it_on_the_plate,328,15,100,0,0,0,,,,,,,,pick up the black bowl on the stove and place it on the plate,pick up the black bowl on the stove and place it on the plate view 328 15 100 0 0 initstate 0,pick_up_the_black_bowl_on_the_stove_and_place_it_on_the_plate_view_328_15_100_0_0_initstate_0
912,Camera Viewpoints,2,3,pick_up_the_black_bowl_on_the_stove_and_place_it_on_the_plate,329,0,100,0,0,0,,,,,,,,pick up the black bowl on the stove and place it on the plate,pick up the black bowl on the stove and place it on the plate view 329 0 100 0 0 initstate 0,pick_up_the_black_bowl_on_the_stove_and_place_it_on_the_plate_view_329_0_100_0_0_initstate_0
913,Camera Viewpoints,2,3,pick_up_the_black_bowl_on_the_stove_and_place_it_on_the_plate,329,15,100,0,0,0,,,,,,,,pick up the black bowl on the stove and place it on the plate,pick up the black bowl on the stove and place it on the plate view 329 15 100 0 0 initstate 0,pick_up_the_black_bowl_on_the_stove_and_place_it_on_the_plate_view_329_15_100_0_0_initstate_0
914,Camera Viewpoints,4,1,pick_up_the_black_bowl_next_to_the_plate_and_place_it_on_the_plate,0,0,181,0,0,0,,,,,,,,pick up the black bowl next to the plate and place it on the plate,pick up the black bowl next to the plate and place it on the plate view 0 0 181 0 0 initstate 0,pick_up_the_black_bowl_next_to_the_plate_and_place_it_on_the_plate_view_0_0_181_0_0_initstate_0
915,Camera Viewpoints,3,2,pick_up_the_black_bowl_next_to_the_plate_and_place_it_on_the_plate,0,0,182,0,0,0,,,,,,,,pick up the black bowl next to the plate and place it on the plate,pick up the black bowl next to the plate and place it on the plate view 0 0 182 0 0 initstate 0,pick_up_the_black_bowl_next_to_the_plate_and_place_it_on_the_plate_view_0_0_182_0_0_initstate_0
916,Camera Viewpoints,3,2,pick_up_the_black_bowl_next_to_the_plate_and_place_it_on_the_plate,0,0,183,0,0,0,,,,,,,,pick up the black bowl next to the plate and place it on the plate,pick up the black bowl next to the plate and place it on the plate view 0 0 183 0 0 initstate 0,pick_up_the_black_bowl_next_to_the_plate_and_place_it_on_the_plate_view_0_0_183_0_0_initstate_0
917,Camera Viewpoints,3,2,pick_up_the_black_bowl_next_to_the_plate_and_place_it_on_the_plate,0,0,184,0,0,0,,,,,,,,pick up the black bowl next to the plate and place it on the plate,pick up the black bowl next to the plate and place it on the plate view 0 0 184 0 0 initstate 0,pick_up_the_black_bowl_next_to_the_plate_and_place_it_on_the_plate_view_0_0_184_0_0_initstate_0
918,Camera Viewpoints,4,1,pick_up_the_black_bowl_next_to_the_plate_and_place_it_on_the_plate,0,0,185,0,0,0,,,,,,,,pick up the black bowl next to the plate and place it on the plate,pick up the black bowl next to the plate and place it on the plate view 0 0 185 0 0 initstate 0,pick_up_the_black_bowl_next_to_the_plate_and_place_it_on_the_plate_view_0_0_185_0_0_initstate_0
919,Camera Viewpoints,3,2,pick_up_the_black_bowl_next_to_the_plate_and_place_it_on_the_plate,0,0,186,0,0,0,,,,,,,,pick up the black bowl next to the plate and place it on the plate,pick up the black bowl next to the plate and place it on the plate view 0 0 186 0 0 initstate 0,pick_up_the_black_bowl_next_to_the_plate_and_place_it_on_the_plate_view_0_0_186_0_0_initstate_0
920,Camera Viewpoints,3,2,pick_up_the_black_bowl_next_to_the_plate_and_place_it_on_the_plate,0,0,187,0,0,0,,,,,,,,pick up the black bowl next to the plate and place it on the plate,pick up the black bowl next to the plate and place it on the plate view 0 0 187 0 0 initstate 0,pick_up_the_black_bowl_next_to_the_plate_and_place_it_on_the_plate_view_0_0_187_0_0_initstate_0
921,Camera Viewpoints,3,2,pick_up_the_black_bowl_next_to_the_plate_and_place_it_on_the_plate,0,0,188,0,0,0,,,,,,,,pick up the black bowl next to the plate and place it on the plate,pick up the black bowl next to the plate and place it on the plate view 0 0 188 0 0 initstate 0,pick_up_the_black_bowl_next_to_the_plate_and_place_it_on_the_plate_view_0_0_188_0_0_initstate_0
922,Camera Viewpoints,3,2,pick_up_the_black_bowl_next_to_the_plate_and_place_it_on_the_plate,0,0,189,0,0,0,,,,,,,,pick up the black bowl next to the plate and place it on the plate,pick up the black bowl next to the plate and place it on the plate view 0 0 189 0 0 initstate 0,pick_up_the_black_bowl_next_to_the_plate_and_place_it_on_the_plate_view_0_0_189_0_0_initstate_0
923,Camera Viewpoints,4,1,pick_up_the_black_bowl_next_to_the_plate_and_place_it_on_the_plate,0,0,190,0,0,0,,,,,,,,pick up the black bowl next to the plate and place it on the plate,pick up the black bowl next to the plate and place it on the plate view 0 0 190 0 0 initstate 0,pick_up_the_black_bowl_next_to_the_plate_and_place_it_on_the_plate_view_0_0_190_0_0_initstate_0
924,Camera Viewpoints,2,3,pick_up_the_black_bowl_next_to_the_plate_and_place_it_on_the_plate,0,0,100,356,6,0,,,,,,,,pick up the black bowl next to the plate and place it on the plate,pick up the black bowl next to the plate and place it on the plate view 0 0 100 356 6 initstate 0,pick_up_the_black_bowl_next_to_the_plate_and_place_it_on_the_plate_view_0_0_100_356_6_initstate_0
925,Camera Viewpoints,2,3,pick_up_the_black_bowl_next_to_the_plate_and_place_it_on_the_plate,0,0,100,356,8,0,,,,,,,,pick up the black bowl next to the plate and place it on the plate,pick up the black bowl next to the plate and place it on the plate view 0 0 100 356 8 initstate 0,pick_up_the_black_bowl_next_to_the_plate_and_place_it_on_the_plate_view_0_0_100_356_8_initstate_0
926,Camera Viewpoints,1,4,pick_up_the_black_bowl_next_to_the_plate_and_place_it_on_the_plate,0,0,100,356,10,0,,,,,,,,pick up the black bowl next to the plate and place it on the plate,pick up the black bowl next to the plate and place it on the plate view 0 0 100 356 10 initstate 0,pick_up_the_black_bowl_next_to_the_plate_and_place_it_on_the_plate_view_0_0_100_356_10_initstate_0
927,Camera Viewpoints,3,2,pick_up_the_black_bowl_next_to_the_plate_and_place_it_on_the_plate,0,0,100,356,350,0,,,,,,,,pick up the black bowl next to the plate and place it on the plate,pick up the black bowl next to the plate and place it on the plate view 0 0 100 356 350 initstate 0,pick_up_the_black_bowl_next_to_the_plate_and_place_it_on_the_plate_view_0_0_100_356_350_initstate_0
928,Camera Viewpoints,2,3,pick_up_the_black_bowl_next_to_the_plate_and_place_it_on_the_plate,330,0,100,0,0,0,,,,,,,,pick up the black bowl next to the plate and place it on the plate,pick up the black bowl next to the plate and place it on the plate view 330 0 100 0 0 initstate 0,pick_up_the_black_bowl_next_to_the_plate_and_place_it_on_the_plate_view_330_0_100_0_0_initstate_0
929,Camera Viewpoints,3,2,pick_up_the_black_bowl_next_to_the_plate_and_place_it_on_the_plate,330,15,100,0,0,0,,,,,,,,pick up the black bowl next to the plate and place it on the plate,pick up the black bowl next to the plate and place it on the plate view 330 15 100 0 0 initstate 0,pick_up_the_black_bowl_next_to_the_plate_and_place_it_on_the_plate_view_330_15_100_0_0_initstate_0
930,Camera Viewpoints,2,3,pick_up_the_black_bowl_next_to_the_plate_and_place_it_on_the_plate,331,0,100,0,0,0,,,,,,,,pick up the black bowl next to the plate and place it on the plate,pick up the black bowl next to the plate and place it on the plate view 331 0 100 0 0 initstate 0,pick_up_the_black_bowl_next_to_the_plate_and_place_it_on_the_plate_view_331_0_100_0_0_initstate_0
931,Camera Viewpoints,2,3,pick_up_the_black_bowl_next_to_the_plate_and_place_it_on_the_plate,331,15,100,0,0,0,,,,,,,,pick up the black bowl next to the plate and place it on the plate,pick up the black bowl next to the plate and place it on the plate view 331 15 100 0 0 initstate 0,pick_up_the_black_bowl_next_to_the_plate_and_place_it_on_the_plate_view_331_15_100_0_0_initstate_0
932,Camera Viewpoints,3,2,pick_up_the_black_bowl_next_to_the_plate_and_place_it_on_the_plate,332,0,100,0,0,0,,,,,,,,pick up the black bowl next to the plate and place it on the plate,pick up the black bowl next to the plate and place it on the plate view 332 0 100 0 0 initstate 0,pick_up_the_black_bowl_next_to_the_plate_and_place_it_on_the_plate_view_332_0_100_0_0_initstate_0
933,Camera Viewpoints,1,4,pick_up_the_black_bowl_next_to_the_plate_and_place_it_on_the_plate,332,15,100,0,0,0,,,,,,,,pick up the black bowl next to the plate and place it on the plate,pick up the black bowl next to the plate and place it on the plate view 332 15 100 0 0 initstate 0,pick_up_the_black_bowl_next_to_the_plate_and_place_it_on_the_plate_view_332_15_100_0_0_initstate_0
934,Camera Viewpoints,2,3,pick_up_the_black_bowl_next_to_the_plate_and_place_it_on_the_plate,333,0,100,0,0,0,,,,,,,,pick up the black bowl next to the plate and place it on the plate,pick up the black bowl next to the plate and place it on the plate view 333 0 100 0 0 initstate 0,pick_up_the_black_bowl_next_to_the_plate_and_place_it_on_the_plate_view_333_0_100_0_0_initstate_0
935,Camera Viewpoints,1,4,pick_up_the_black_bowl_next_to_the_plate_and_place_it_on_the_plate,333,15,100,0,0,0,,,,,,,,pick up the black bowl next to the plate and place it on the plate,pick up the black bowl next to the plate and place it on the plate view 333 15 100 0 0 initstate 0,pick_up_the_black_bowl_next_to_the_plate_and_place_it_on_the_plate_view_333_15_100_0_0_initstate_0
936,Camera Viewpoints,2,3,pick_up_the_black_bowl_next_to_the_plate_and_place_it_on_the_plate,334,0,100,0,0,0,,,,,,,,pick up the black bowl next to the plate and place it on the plate,pick up the black bowl next to the plate and place it on the plate view 334 0 100 0 0 initstate 0,pick_up_the_black_bowl_next_to_the_plate_and_place_it_on_the_plate_view_334_0_100_0_0_initstate_0
937,Camera Viewpoints,2,3,pick_up_the_black_bowl_next_to_the_plate_and_place_it_on_the_plate,334,15,100,0,0,0,,,,,,,,pick up the black bowl next to the plate and place it on the plate,pick up the black bowl next to the plate and place it on the plate view 334 15 100 0 0 initstate 0,pick_up_the_black_bowl_next_to_the_plate_and_place_it_on_the_plate_view_334_15_100_0_0_initstate_0
938,Camera Viewpoints,2,3,pick_up_the_black_bowl_next_to_the_plate_and_place_it_on_the_plate,335,0,100,0,0,0,,,,,,,,pick up the black bowl next to the plate and place it on the plate,pick up the black bowl next to the plate and place it on the plate view 335 0 100 0 0 initstate 0,pick_up_the_black_bowl_next_to_the_plate_and_place_it_on_the_plate_view_335_0_100_0_0_initstate_0
939,Camera Viewpoints,3,2,pick_up_the_black_bowl_next_to_the_plate_and_place_it_on_the_plate,335,15,100,0,0,0,,,,,,,,pick up the black bowl next to the plate and place it on the plate,pick up the black bowl next to the plate and place it on the plate view 335 15 100 0 0 initstate 0,pick_up_the_black_bowl_next_to_the_plate_and_place_it_on_the_plate_view_335_15_100_0_0_initstate_0
940,Camera Viewpoints,4,1,pick_up_the_black_bowl_next_to_the_plate_and_place_it_on_the_plate,336,15,100,0,0,0,,,,,,,,pick up the black bowl next to the plate and place it on the plate,pick up the black bowl next to the plate and place it on the plate view 336 15 100 0 0 initstate 0,pick_up_the_black_bowl_next_to_the_plate_and_place_it_on_the_plate_view_336_15_100_0_0_initstate_0
941,Camera Viewpoints,1,4,pick_up_the_black_bowl_next_to_the_plate_and_place_it_on_the_plate,338,0,100,0,0,0,,,,,,,,pick up the black bowl next to the plate and place it on the plate,pick up the black bowl next to the plate and place it on the plate view 338 0 100 0 0 initstate 0,pick_up_the_black_bowl_next_to_the_plate_and_place_it_on_the_plate_view_338_0_100_0_0_initstate_0
942,Camera Viewpoints,2,3,pick_up_the_black_bowl_next_to_the_plate_and_place_it_on_the_plate,338,15,100,0,0,0,,,,,,,,pick up the black bowl next to the plate and place it on the plate,pick up the black bowl next to the plate and place it on the plate view 338 15 100 0 0 initstate 0,pick_up_the_black_bowl_next_to_the_plate_and_place_it_on_the_plate_view_338_15_100_0_0_initstate_0
943,Camera Viewpoints,1,4,pick_up_the_black_bowl_next_to_the_plate_and_place_it_on_the_plate,340,0,100,0,0,0,,,,,,,,pick up the black bowl next to the plate and place it on the plate,pick up the black bowl next to the plate and place it on the plate view 340 0 100 0 0 initstate 0,pick_up_the_black_bowl_next_to_the_plate_and_place_it_on_the_plate_view_340_0_100_0_0_initstate_0
944,Camera Viewpoints,2,3,pick_up_the_black_bowl_next_to_the_plate_and_place_it_on_the_plate,340,15,100,0,0,0,,,,,,,,pick up the black bowl next to the plate and place it on the plate,pick up the black bowl next to the plate and place it on the plate view 340 15 100 0 0 initstate 0,pick_up_the_black_bowl_next_to_the_plate_and_place_it_on_the_plate_view_340_15_100_0_0_initstate_0
945,Camera Viewpoints,1,4,pick_up_the_black_bowl_next_to_the_plate_and_place_it_on_the_plate,343,15,100,0,0,0,,,,,,,,pick up the black bowl next to the plate and place it on the plate,pick up the black bowl next to the plate and place it on the plate view 343 15 100 0 0 initstate 0,pick_up_the_black_bowl_next_to_the_plate_and_place_it_on_the_plate_view_343_15_100_0_0_initstate_0
946,Camera Viewpoints,1,4,pick_up_the_black_bowl_next_to_the_plate_and_place_it_on_the_plate,344,0,100,0,0,0,,,,,,,,pick up the black bowl next to the plate and place it on the plate,pick up the black bowl next to the plate and place it on the plate view 344 0 100 0 0 initstate 0,pick_up_the_black_bowl_next_to_the_plate_and_place_it_on_the_plate_view_344_0_100_0_0_initstate_0
947,Camera Viewpoints,4,1,pick_up_the_black_bowl_on_the_wooden_cabinet_and_place_it_on_the_plate,0,0,191,0,0,0,,,,,,,,pick up the black bowl on the wooden cabinet and place it on the plate,pick up the black bowl on the wooden cabinet and place it on the plate view 0 0 191 0 0 initstate 0,pick_up_the_black_bowl_on_the_wooden_cabinet_and_place_it_on_the_plate_view_0_0_191_0_0_initstate_0
948,Camera Viewpoints,2,3,pick_up_the_black_bowl_on_the_wooden_cabinet_and_place_it_on_the_plate,0,0,192,0,0,0,,,,,,,,pick up the black bowl on the wooden cabinet and place it on the plate,pick up the black bowl on the wooden cabinet and place it on the plate view 0 0 192 0 0 initstate 0,pick_up_the_black_bowl_on_the_wooden_cabinet_and_place_it_on_the_plate_view_0_0_192_0_0_initstate_0
949,Camera Viewpoints,3,2,pick_up_the_black_bowl_on_the_wooden_cabinet_and_place_it_on_the_plate,0,0,193,0,0,0,,,,,,,,pick up the black bowl on the wooden cabinet and place it on the plate,pick up the black bowl on the wooden cabinet and place it on the plate view 0 0 193 0 0 initstate 0,pick_up_the_black_bowl_on_the_wooden_cabinet_and_place_it_on_the_plate_view_0_0_193_0_0_initstate_0
950,Camera Viewpoints,3,2,pick_up_the_black_bowl_on_the_wooden_cabinet_and_place_it_on_the_plate,0,0,194,0,0,0,,,,,,,,pick up the black bowl on the wooden cabinet and place it on the plate,pick up the black bowl on the wooden cabinet and place it on the plate view 0 0 194 0 0 initstate 0,pick_up_the_black_bowl_on_the_wooden_cabinet_and_place_it_on_the_plate_view_0_0_194_0_0_initstate_0
951,Camera Viewpoints,2,3,pick_up_the_black_bowl_on_the_wooden_cabinet_and_place_it_on_the_plate,0,0,195,0,0,0,,,,,,,,pick up the black bowl on the wooden cabinet and place it on the plate,pick up the black bowl on the wooden cabinet and place it on the plate view 0 0 195 0 0 initstate 0,pick_up_the_black_bowl_on_the_wooden_cabinet_and_place_it_on_the_plate_view_0_0_195_0_0_initstate_0
952,Camera Viewpoints,4,1,pick_up_the_black_bowl_on_the_wooden_cabinet_and_place_it_on_the_plate,0,0,196,0,0,0,,,,,,,,pick up the black bowl on the wooden cabinet and place it on the plate,pick up the black bowl on the wooden cabinet and place it on the plate view 0 0 196 0 0 initstate 0,pick_up_the_black_bowl_on_the_wooden_cabinet_and_place_it_on_the_plate_view_0_0_196_0_0_initstate_0
953,Camera Viewpoints,4,1,pick_up_the_black_bowl_on_the_wooden_cabinet_and_place_it_on_the_plate,0,0,197,0,0,0,,,,,,,,pick up the black bowl on the wooden cabinet and place it on the plate,pick up the black bowl on the wooden cabinet and place it on the plate view 0 0 197 0 0 initstate 0,pick_up_the_black_bowl_on_the_wooden_cabinet_and_place_it_on_the_plate_view_0_0_197_0_0_initstate_0
954,Camera Viewpoints,3,2,pick_up_the_black_bowl_on_the_wooden_cabinet_and_place_it_on_the_plate,0,0,198,0,0,0,,,,,,,,pick up the black bowl on the wooden cabinet and place it on the plate,pick up the black bowl on the wooden cabinet and place it on the plate view 0 0 198 0 0 initstate 0,pick_up_the_black_bowl_on_the_wooden_cabinet_and_place_it_on_the_plate_view_0_0_198_0_0_initstate_0
955,Camera Viewpoints,2,3,pick_up_the_black_bowl_on_the_wooden_cabinet_and_place_it_on_the_plate,0,0,199,0,0,0,,,,,,,,pick up the black bowl on the wooden cabinet and place it on the plate,pick up the black bowl on the wooden cabinet and place it on the plate view 0 0 199 0 0 initstate 0,pick_up_the_black_bowl_on_the_wooden_cabinet_and_place_it_on_the_plate_view_0_0_199_0_0_initstate_0
956,Camera Viewpoints,3,2,pick_up_the_black_bowl_on_the_wooden_cabinet_and_place_it_on_the_plate,0,0,200,0,0,0,,,,,,,,pick up the black bowl on the wooden cabinet and place it on the plate,pick up the black bowl on the wooden cabinet and place it on the plate view 0 0 200 0 0 initstate 0,pick_up_the_black_bowl_on_the_wooden_cabinet_and_place_it_on_the_plate_view_0_0_200_0_0_initstate_0
957,Camera Viewpoints,1,4,pick_up_the_black_bowl_on_the_wooden_cabinet_and_place_it_on_the_plate,0,0,100,358,6,0,,,,,,,,pick up the black bowl on the wooden cabinet and place it on the plate,pick up the black bowl on the wooden cabinet and place it on the plate view 0 0 100 358 6 initstate 0,pick_up_the_black_bowl_on_the_wooden_cabinet_and_place_it_on_the_plate_view_0_0_100_358_6_initstate_0
958,Camera Viewpoints,1,4,pick_up_the_black_bowl_on_the_wooden_cabinet_and_place_it_on_the_plate,0,0,100,358,8,0,,,,,,,,pick up the black bowl on the wooden cabinet and place it on the plate,pick up the black bowl on the wooden cabinet and place it on the plate view 0 0 100 358 8 initstate 0,pick_up_the_black_bowl_on_the_wooden_cabinet_and_place_it_on_the_plate_view_0_0_100_358_8_initstate_0
959,Camera Viewpoints,1,4,pick_up_the_black_bowl_on_the_wooden_cabinet_and_place_it_on_the_plate,0,0,100,358,10,0,,,,,,,,pick up the black bowl on the wooden cabinet and place it on the plate,pick up the black bowl on the wooden cabinet and place it on the plate view 0 0 100 358 10 initstate 0,pick_up_the_black_bowl_on_the_wooden_cabinet_and_place_it_on_the_plate_view_0_0_100_358_10_initstate_0
960,Camera Viewpoints,4,1,pick_up_the_black_bowl_on_the_wooden_cabinet_and_place_it_on_the_plate,0,0,100,358,350,0,,,,,,,,pick up the black bowl on the wooden cabinet and place it on the plate,pick up the black bowl on the wooden cabinet and place it on the plate view 0 0 100 358 350 initstate 0,pick_up_the_black_bowl_on_the_wooden_cabinet_and_place_it_on_the_plate_view_0_0_100_358_350_initstate_0
961,Camera Viewpoints,2,3,pick_up_the_black_bowl_on_the_wooden_cabinet_and_place_it_on_the_plate,0,0,100,358,352,0,,,,,,,,pick up the black bowl on the wooden cabinet and place it on the plate,pick up the black bowl on the wooden cabinet and place it on the plate view 0 0 100 358 352 initstate 0,pick_up_the_black_bowl_on_the_wooden_cabinet_and_place_it_on_the_plate_view_0_0_100_358_352_initstate_0
962,Camera Viewpoints,2,3,pick_up_the_black_bowl_on_the_wooden_cabinet_and_place_it_on_the_plate,0,0,100,358,354,0,,,,,,,,pick up the black bowl on the wooden cabinet and place it on the plate,pick up the black bowl on the wooden cabinet and place it on the plate view 0 0 100 358 354 initstate 0,pick_up_the_black_bowl_on_the_wooden_cabinet_and_place_it_on_the_plate_view_0_0_100_358_354_initstate_0
963,Camera Viewpoints,1,4,pick_up_the_black_bowl_on_the_wooden_cabinet_and_place_it_on_the_plate,0,0,100,358,356,0,,,,,,,,pick up the black bowl on the wooden cabinet and place it on the plate,pick up the black bowl on the wooden cabinet and place it on the plate view 0 0 100 358 356 initstate 0,pick_up_the_black_bowl_on_the_wooden_cabinet_and_place_it_on_the_plate_view_0_0_100_358_356_initstate_0
964,Camera Viewpoints,2,3,pick_up_the_black_bowl_on_the_wooden_cabinet_and_place_it_on_the_plate,0,0,100,358,358,0,,,,,,,,pick up the black bowl on the wooden cabinet and place it on the plate,pick up the black bowl on the wooden cabinet and place it on the plate view 0 0 100 358 358 initstate 0,pick_up_the_black_bowl_on_the_wooden_cabinet_and_place_it_on_the_plate_view_0_0_100_358_358_initstate_0
965,Camera Viewpoints,1,4,pick_up_the_black_bowl_on_the_wooden_cabinet_and_place_it_on_the_plate,345,0,100,0,0,0,,,,,,,,pick up the black bowl on the wooden cabinet and place it on the plate,pick up the black bowl on the wooden cabinet and place it on the plate view 345 0 100 0 0 initstate 0,pick_up_the_black_bowl_on_the_wooden_cabinet_and_place_it_on_the_plate_view_345_0_100_0_0_initstate_0
966,Camera Viewpoints,5,0,pick_up_the_black_bowl_on_the_wooden_cabinet_and_place_it_on_the_plate,345,15,100,0,0,0,,,,,,,,pick up the black bowl on the wooden cabinet and place it on the plate,pick up the black bowl on the wooden cabinet and place it on the plate view 345 15 100 0 0 initstate 0,pick_up_the_black_bowl_on_the_wooden_cabinet_and_place_it_on_the_plate_view_345_15_100_0_0_initstate_0
967,Camera Viewpoints,2,3,pick_up_the_black_bowl_on_the_wooden_cabinet_and_place_it_on_the_plate,346,0,100,0,0,0,,,,,,,,pick up the black bowl on the wooden cabinet and place it on the plate,pick up the black bowl on the wooden cabinet and place it on the plate view 346 0 100 0 0 initstate 0,pick_up_the_black_bowl_on_the_wooden_cabinet_and_place_it_on_the_plate_view_346_0_100_0_0_initstate_0
968,Camera Viewpoints,5,0,pick_up_the_black_bowl_on_the_wooden_cabinet_and_place_it_on_the_plate,346,15,100,0,0,0,,,,,,,,pick up the black bowl on the wooden cabinet and place it on the plate,pick up the black bowl on the wooden cabinet and place it on the plate view 346 15 100 0 0 initstate 0,pick_up_the_black_bowl_on_the_wooden_cabinet_and_place_it_on_the_plate_view_346_15_100_0_0_initstate_0
969,Camera Viewpoints,5,0,pick_up_the_black_bowl_on_the_wooden_cabinet_and_place_it_on_the_plate,347,15,100,0,0,0,,,,,,,,pick up the black bowl on the wooden cabinet and place it on the plate,pick up the black bowl on the wooden cabinet and place it on the plate view 347 15 100 0 0 initstate 0,pick_up_the_black_bowl_on_the_wooden_cabinet_and_place_it_on_the_plate_view_347_15_100_0_0_initstate_0
970,Camera Viewpoints,1,4,pick_up_the_black_bowl_on_the_wooden_cabinet_and_place_it_on_the_plate,348,0,100,0,0,0,,,,,,,,pick up the black bowl on the wooden cabinet and place it on the plate,pick up the black bowl on the wooden cabinet and place it on the plate view 348 0 100 0 0 initstate 0,pick_up_the_black_bowl_on_the_wooden_cabinet_and_place_it_on_the_plate_view_348_0_100_0_0_initstate_0
971,Camera Viewpoints,5,0,pick_up_the_black_bowl_on_the_wooden_cabinet_and_place_it_on_the_plate,348,15,100,0,0,0,,,,,,,,pick up the black bowl on the wooden cabinet and place it on the plate,pick up the black bowl on the wooden cabinet and place it on the plate view 348 15 100 0 0 initstate 0,pick_up_the_black_bowl_on_the_wooden_cabinet_and_place_it_on_the_plate_view_348_15_100_0_0_initstate_0
972,Camera Viewpoints,1,4,pick_up_the_black_bowl_on_the_wooden_cabinet_and_place_it_on_the_plate,349,0,100,0,0,0,,,,,,,,pick up the black bowl on the wooden cabinet and place it on the plate,pick up the black bowl on the wooden cabinet and place it on the plate view 349 0 100 0 0 initstate 0,pick_up_the_black_bowl_on_the_wooden_cabinet_and_place_it_on_the_plate_view_349_0_100_0_0_initstate_0
973,Camera Viewpoints,4,1,pick_up_the_black_bowl_on_the_wooden_cabinet_and_place_it_on_the_plate,349,15,100,0,0,0,,,,,,,,pick up the black bowl on the wooden cabinet and place it on the plate,pick up the black bowl on the wooden cabinet and place it on the plate view 349 15 100 0 0 initstate 0,pick_up_the_black_bowl_on_the_wooden_cabinet_and_place_it_on_the_plate_view_349_15_100_0_0_initstate_0
974,Camera Viewpoints,5,0,pick_up_the_black_bowl_on_the_wooden_cabinet_and_place_it_on_the_plate,350,15,100,0,0,0,,,,,,,,pick up the black bowl on the wooden cabinet and place it on the plate,pick up the black bowl on the wooden cabinet and place it on the plate view 350 15 100 0 0 initstate 0,pick_up_the_black_bowl_on_the_wooden_cabinet_and_place_it_on_the_plate_view_350_15_100_0_0_initstate_0
975,Camera Viewpoints,4,1,pick_up_the_black_bowl_on_the_wooden_cabinet_and_place_it_on_the_plate,351,15,100,0,0,0,,,,,,,,pick up the black bowl on the wooden cabinet and place it on the plate,pick up the black bowl on the wooden cabinet and place it on the plate view 351 15 100 0 0 initstate 0,pick_up_the_black_bowl_on_the_wooden_cabinet_and_place_it_on_the_plate_view_351_15_100_0_0_initstate_0
976,Camera Viewpoints,5,0,pick_up_the_black_bowl_on_the_wooden_cabinet_and_place_it_on_the_plate,352,15,100,0,0,0,,,,,,,,pick up the black bowl on the wooden cabinet and place it on the plate,pick up the black bowl on the wooden cabinet and place it on the plate view 352 15 100 0 0 initstate 0,pick_up_the_black_bowl_on_the_wooden_cabinet_and_place_it_on_the_plate_view_352_15_100_0_0_initstate_0
977,Camera Viewpoints,4,1,pick_up_the_black_bowl_on_the_wooden_cabinet_and_place_it_on_the_plate,353,15,100,0,0,0,,,,,,,,pick up the black bowl on the wooden cabinet and place it on the plate,pick up the black bowl on the wooden cabinet and place it on the plate view 353 15 100 0 0 initstate 0,pick_up_the_black_bowl_on_the_wooden_cabinet_and_place_it_on_the_plate_view_353_15_100_0_0_initstate_0
978,Camera Viewpoints,4,1,pick_up_the_black_bowl_on_the_wooden_cabinet_and_place_it_on_the_plate,354,15,100,0,0,0,,,,,,,,pick up the black bowl on the wooden cabinet and place it on the plate,pick up the black bowl on the wooden cabinet and place it on the plate view 354 15 100 0 0 initstate 0,pick_up_the_black_bowl_on_the_wooden_cabinet_and_place_it_on_the_plate_view_354_15_100_0_0_initstate_0
979,Camera Viewpoints,3,2,pick_up_the_black_bowl_on_the_wooden_cabinet_and_place_it_on_the_plate,355,15,100,0,0,0,,,,,,,,pick up the black bowl on the wooden cabinet and place it on the plate,pick up the black bowl on the wooden cabinet and place it on the plate view 355 15 100 0 0 initstate 0,pick_up_the_black_bowl_on_the_wooden_cabinet_and_place_it_on_the_plate_view_355_15_100_0_0_initstate_0
980,Camera Viewpoints,5,0,pick_up_the_black_bowl_on_the_wooden_cabinet_and_place_it_on_the_plate,356,15,100,0,0,0,,,,,,,,pick up the black bowl on the wooden cabinet and place it on the plate,pick up the black bowl on the wooden cabinet and place it on the plate view 356 15 100 0 0 initstate 0,pick_up_the_black_bowl_on_the_wooden_cabinet_and_place_it_on_the_plate_view_356_15_100_0_0_initstate_0
981,Camera Viewpoints,4,1,pick_up_the_black_bowl_on_the_wooden_cabinet_and_place_it_on_the_plate,357,15,100,0,0,0,,,,,,,,pick up the black bowl on the wooden cabinet and place it on the plate,pick up the black bowl on the wooden cabinet and place it on the plate view 357 15 100 0 0 initstate 0,pick_up_the_black_bowl_on_the_wooden_cabinet_and_place_it_on_the_plate_view_357_15_100_0_0_initstate_0
982,Camera Viewpoints,3,2,pick_up_the_black_bowl_on_the_wooden_cabinet_and_place_it_on_the_plate,358,15,100,0,0,0,,,,,,,,pick up the black bowl on the wooden cabinet and place it on the plate,pick up the black bowl on the wooden cabinet and place it on the plate view 358 15 100 0 0 initstate 0,pick_up_the_black_bowl_on_the_wooden_cabinet_and_place_it_on_the_plate_view_358_15_100_0_0_initstate_0
983,Camera Viewpoints,3,2,pick_up_the_black_bowl_on_the_wooden_cabinet_and_place_it_on_the_plate,359,15,100,0,0,0,,,,,,,,pick up the black bowl on the wooden cabinet and place it on the plate,pick up the black bowl on the wooden cabinet and place it on the plate view 359 15 100 0 0 initstate 0,pick_up_the_black_bowl_on_the_wooden_cabinet_and_place_it_on_the_plate_view_359_15_100_0_0_initstate_0
984,Language Instructions,2,3,pick_up_the_black_bowl_between_the_plate_and_the_ramekin_and_place_it_on_the_plate,0,0,100,0,0,0,,,,,1,,,grasp the darkhued rounded container situated between the flat dish used for serving food and the small glazed ceramic dish and set it down onto the flat dish used for serving food,grasp the darkhued rounded container situated between the flat dish used for serving food and the small glazed ceramic dish and set it down onto the flat dish used for serving food,pick_up_the_black_bowl_between_the_plate_and_the_ramekin_and_place_it_on_the_plate_language_1_view_0_0_100_0_0_initstate_0
985,Language Instructions,2,3,pick_up_the_black_bowl_between_the_plate_and_the_ramekin_and_place_it_on_the_plate,0,0,100,0,0,0,,,,,2,,,could you put the black bowl on the plate for me its the one sitting between the plate and the ramekin,could you put the black bowl on the plate for me its the one sitting between the plate and the ramekin,pick_up_the_black_bowl_between_the_plate_and_the_ramekin_and_place_it_on_the_plate_language_2_view_0_0_100_0_0_initstate_0
986,Language Instructions,2,3,pick_up_the_black_bowl_between_the_plate_and_the_ramekin_and_place_it_on_the_plate,0,0,100,0,0,0,,,,,3,,,pick up the darkcolored rounded container between the flat dish for main courses and the small ceramic dish typically used for baking and serving and place it on the flat dish for main courses,pick up the darkcolored rounded container between the flat dish for main courses and the small ceramic dish typically used for baking and serving and place it on the flat dish for main courses,pick_up_the_black_bowl_between_the_plate_and_the_ramekin_and_place_it_on_the_plate_language_3_view_0_0_100_0_0_initstate_0
987,Language Instructions,2,3,pick_up_the_black_bowl_between_the_plate_and_the_ramekin_and_place_it_on_the_plate,0,0,100,0,0,0,,,,,4,,,please locate the black bowl situated between the plate and ramekin then carefully place it on the plate,please locate the black bowl situated between the plate and ramekin then carefully place it on the plate,pick_up_the_black_bowl_between_the_plate_and_the_ramekin_and_place_it_on_the_plate_language_4_view_0_0_100_0_0_initstate_0
988,Language Instructions,1,4,pick_up_the_black_bowl_between_the_plate_and_the_ramekin_and_place_it_on_the_plate,0,0,100,0,0,0,,,,,5,,,would you mind helping me by picking up the black bowl between the plate and ramekin and placing it on the plate,would you mind helping me by picking up the black bowl between the plate and ramekin and placing it on the plate,pick_up_the_black_bowl_between_the_plate_and_the_ramekin_and_place_it_on_the_plate_language_5_view_0_0_100_0_0_initstate_0
989,Language Instructions,4,1,pick_up_the_black_bowl_between_the_plate_and_the_ramekin_and_place_it_on_the_plate,0,0,100,0,0,0,,,,,6,,,grasp the darkhued curved container situated in the narrow space separating the flat dish and the small ceramic dish and position it atop the flat dish,grasp the darkhued curved container situated in the narrow space separating the flat dish and the small ceramic dish and position it atop the flat dish,pick_up_the_black_bowl_between_the_plate_and_the_ramekin_and_place_it_on_the_plate_language_6_view_0_0_100_0_0_initstate_0
990,Language Instructions,3,2,pick_up_the_black_bowl_between_the_plate_and_the_ramekin_and_place_it_on_the_plate,0,0,100,0,0,0,,,,,7,,,collect the black bowl located amid the plate and the ramekin and set it atop the plate,collect the black bowl located amid the plate and the ramekin and set it atop the plate,pick_up_the_black_bowl_between_the_plate_and_the_ramekin_and_place_it_on_the_plate_language_7_view_0_0_100_0_0_initstate_0
991,Language Instructions,4,1,pick_up_the_black_bowl_between_the_plate_and_the_ramekin_and_place_it_on_the_plate,0,0,100,0,0,0,,,,,8,,,the table setting isnt quite right please pick up the black bowl between the plate and ramekin and place it on the plate,the table setting isnt quite right please pick up the black bowl between the plate and ramekin and place it on the plate,pick_up_the_black_bowl_between_the_plate_and_the_ramekin_and_place_it_on_the_plate_language_8_view_0_0_100_0_0_initstate_0
992,Language Instructions,3,2,pick_up_the_black_bowl_between_the_plate_and_the_ramekin_and_place_it_on_the_plate,0,0,100,0,0,0,,,,,9,,,lets rearrange the table pick up the black bowl between the plate and ramekin and place it on the plate,lets rearrange the table pick up the black bowl between the plate and ramekin and place it on the plate,pick_up_the_black_bowl_between_the_plate_and_the_ramekin_and_place_it_on_the_plate_language_9_view_0_0_100_0_0_initstate_0
993,Language Instructions,3,2,pick_up_the_black_bowl_between_the_plate_and_the_ramekin_and_place_it_on_the_plate,0,0,100,0,0,0,,,,,10,,,can you place the black bowl thats between the plate and the ramekin on top of the plate,can you place the black bowl thats between the plate and the ramekin on top of the plate,pick_up_the_black_bowl_between_the_plate_and_the_ramekin_and_place_it_on_the_plate_language_10_view_0_0_100_0_0_initstate_0
994,Language Instructions,1,4,pick_up_the_black_bowl_between_the_plate_and_the_ramekin_and_place_it_on_the_plate,0,0,100,0,0,0,,,,,11,,,lift the dark bowl situated between the dish and the ramekin and set it on the plate,lift the dark bowl situated between the dish and the ramekin and set it on the plate,pick_up_the_black_bowl_between_the_plate_and_the_ramekin_and_place_it_on_the_plate_language_11_view_0_0_100_0_0_initstate_0
995,Language Instructions,1,4,pick_up_the_black_bowl_between_the_plate_and_the_ramekin_and_place_it_on_the_plate,0,0,100,0,0,0,,,,,12,,,would you be so kind as to pick up the black bowl thats between the plate and ramekin and place it on the plate,would you be so kind as to pick up the black bowl thats between the plate and ramekin and place it on the plate,pick_up_the_black_bowl_between_the_plate_and_the_ramekin_and_place_it_on_the_plate_language_12_view_0_0_100_0_0_initstate_0
996,Language Instructions,3,2,pick_up_the_black_bowl_between_the_plate_and_the_ramekin_and_place_it_on_the_plate,0,0,100,0,0,0,,,,,13,,,grasp the darkcolored vessel located between the item for holding a main course and the small dish designed for baking and serving and rest it upon the item designed to hold a main course,grasp the darkcolored vessel located between the item for holding a main course and the small dish designed for baking and serving and rest it upon the item designed to hold a main course,pick_up_the_black_bowl_between_the_plate_and_the_ramekin_and_place_it_on_the_plate_language_13_view_0_0_100_0_0_initstate_0
997,Language Instructions,1,4,pick_up_the_black_bowl_between_the_plate_and_the_ramekin_and_place_it_on_the_plate,0,0,100,0,0,0,,,,,14,,,could you move the black bowl thats between the plate and the ramekin onto the plate itself,could you move the black bowl thats between the plate and the ramekin onto the plate itself,pick_up_the_black_bowl_between_the_plate_and_the_ramekin_and_place_it_on_the_plate_language_14_view_0_0_100_0_0_initstate_0
998,Language Instructions,2,3,pick_up_the_black_bowl_between_the_plate_and_the_ramekin_and_place_it_on_the_plate,0,0,100,0,0,0,,,,,15,,,lift the darkhued container situated between the flat dish and the small baking dish and set it upon the flat dish,lift the darkhued container situated between the flat dish and the small baking dish and set it upon the flat dish,pick_up_the_black_bowl_between_the_plate_and_the_ramekin_and_place_it_on_the_plate_language_15_view_0_0_100_0_0_initstate_0
999,Language Instructions,1,4,pick_up_the_black_bowl_between_the_plate_and_the_ramekin_and_place_it_on_the_plate,0,0,100,0,0,0,,,,,18,,,grasp the dark bowl situated between the dish and the ramekin and set it atop the plate,grasp the dark bowl situated between the dish and the ramekin and set it atop the plate,pick_up_the_black_bowl_between_the_plate_and_the_ramekin_and_place_it_on_the_plate_language_18_view_0_0_100_0_0_initstate_0
1000,Language Instructions,3,2,pick_up_the_black_bowl_between_the_plate_and_the_ramekin_and_place_it_on_the_plate,0,0,100,0,0,0,,,,,19,,,could you please pick up the black bowl thats positioned between the plate and the ramekin then place it on top of the plate,could you please pick up the black bowl thats positioned between the plate and the ramekin then place it on top of the plate,pick_up_the_black_bowl_between_the_plate_and_the_ramekin_and_place_it_on_the_plate_language_19_view_0_0_100_0_0_initstate_0
1001,Language Instructions,2,3,pick_up_the_black_bowl_between_the_plate_and_the_ramekin_and_place_it_on_the_plate,0,0,100,0,0,0,,,,,20,,,can you place the black bowl on the plate for me its currently between a plate and a ramekin,can you place the black bowl on the plate for me its currently between a plate and a ramekin,pick_up_the_black_bowl_between_the_plate_and_the_ramekin_and_place_it_on_the_plate_language_20_view_0_0_100_0_0_initstate_0
1002,Language Instructions,2,3,pick_up_the_black_bowl_between_the_plate_and_the_ramekin_and_place_it_on_the_plate,0,0,100,0,0,0,,,,,21,,,lift the dark bowl situated between the dish and the ramekin and position it on the plate,lift the dark bowl situated between the dish and the ramekin and position it on the plate,pick_up_the_black_bowl_between_the_plate_and_the_ramekin_and_place_it_on_the_plate_language_21_view_0_0_100_0_0_initstate_0
1003,Language Instructions,1,4,pick_up_the_black_bowl_between_the_plate_and_the_ramekin_and_place_it_on_the_plate,0,0,100,0,0,0,,,,,22,,,the black bowl needs relocation please pick it up from between the plate and ramekin and put it on the plate,the black bowl needs relocation please pick it up from between the plate and ramekin and put it on the plate,pick_up_the_black_bowl_between_the_plate_and_the_ramekin_and_place_it_on_the_plate_language_22_view_0_0_100_0_0_initstate_0
1004,Language Instructions,1,4,pick_up_the_black_bowl_between_the_plate_and_the_ramekin_and_place_it_on_the_plate,0,0,100,0,0,0,,,,,23,,,lift the darkhued dish situated between the flat dish and the small baking dish then set it atop the flat dish,lift the darkhued dish situated between the flat dish and the small baking dish then set it atop the flat dish,pick_up_the_black_bowl_between_the_plate_and_the_ramekin_and_place_it_on_the_plate_language_23_view_0_0_100_0_0_initstate_0
1005,Language Instructions,2,3,pick_up_the_black_bowl_between_the_plate_and_the_ramekin_and_place_it_on_the_plate,0,0,100,0,0,0,,,,,24,,,for better table organization would you pick up the black bowl between the plate and ramekin and move it to the plate,for better table organization would you pick up the black bowl between the plate and ramekin and move it to the plate,pick_up_the_black_bowl_between_the_plate_and_the_ramekin_and_place_it_on_the_plate_language_24_view_0_0_100_0_0_initstate_0
1006,Language Instructions,4,1,pick_up_the_black_bowl_between_the_plate_and_the_ramekin_and_place_it_on_the_plate,0,0,100,0,0,0,,,,,25,,,pick up the darkcolored concave dish located between the flat dish for serving food and the small round baking dish and place it on the flat dish for serving food,pick up the darkcolored concave dish located between the flat dish for serving food and the small round baking dish and place it on the flat dish for serving food,pick_up_the_black_bowl_between_the_plate_and_the_ramekin_and_place_it_on_the_plate_language_25_view_0_0_100_0_0_initstate_0
1007,Language Instructions,3,2,pick_up_the_black_bowl_between_the_plate_and_the_ramekin_and_place_it_on_the_plate,0,0,100,0,0,0,,,,,26,,,could you put the black bowl thats between the plate and the ramekin onto the plate,could you put the black bowl thats between the plate and the ramekin onto the plate,pick_up_the_black_bowl_between_the_plate_and_the_ramekin_and_place_it_on_the_plate_language_26_view_0_0_100_0_0_initstate_0
1008,Language Instructions,3,2,pick_up_the_black_bowl_between_the_plate_and_the_ramekin_and_place_it_on_the_plate,0,0,100,0,0,0,,,,,27,,,before our guests arrive please pick up the black bowl between the plate and ramekin and place it on the plate,before our guests arrive please pick up the black bowl between the plate and ramekin and place it on the plate,pick_up_the_black_bowl_between_the_plate_and_the_ramekin_and_place_it_on_the_plate_language_27_view_0_0_100_0_0_initstate_0
1009,Language Instructions,3,2,pick_up_the_black_bowl_between_the_plate_and_the_ramekin_and_place_it_on_the_plate,0,0,100,0,0,0,,,,,28,,,could you move the black bowl thats between the plate and the ramekin onto the plate,could you move the black bowl thats between the plate and the ramekin onto the plate,pick_up_the_black_bowl_between_the_plate_and_the_ramekin_and_place_it_on_the_plate_language_28_view_0_0_100_0_0_initstate_0
1010,Language Instructions,3,2,pick_up_the_black_bowl_between_the_plate_and_the_ramekin_and_place_it_on_the_plate,0,0,100,0,0,0,,,,,30,,,for our dining setup id appreciate if you could pick up the black bowl between the plate and ramekin and move it to the plate,for our dining setup id appreciate if you could pick up the black bowl between the plate and ramekin and move it to the plate,pick_up_the_black_bowl_between_the_plate_and_the_ramekin_and_place_it_on_the_plate_language_30_view_0_0_100_0_0_initstate_0
1011,Language Instructions,2,3,pick_up_the_black_bowl_between_the_plate_and_the_ramekin_and_place_it_on_the_plate,0,0,100,0,0,0,,,,,31,,,grasp the dark bowl situated between the dish and the ramekin then set it atop the plate,grasp the dark bowl situated between the dish and the ramekin then set it atop the plate,pick_up_the_black_bowl_between_the_plate_and_the_ramekin_and_place_it_on_the_plate_language_31_view_0_0_100_0_0_initstate_0
1012,Language Instructions,3,2,pick_up_the_black_bowl_between_the_plate_and_the_ramekin_and_place_it_on_the_plate,0,0,100,0,0,0,,,,,32,,,could you move the black bowl thats between the plate and the ramekin onto the plate for me,could you move the black bowl thats between the plate and the ramekin onto the plate for me,pick_up_the_black_bowl_between_the_plate_and_the_ramekin_and_place_it_on_the_plate_language_32_view_0_0_100_0_0_initstate_0
1013,Language Instructions,2,3,pick_up_the_black_bowl_between_the_plate_and_the_ramekin_and_place_it_on_the_plate,0,0,100,0,0,0,,,,,33,,,pick up the darkcolored curved dish located between the flat dish used for main courses and the small glazed dish typically used for baking and serving and place it on the flat dish used for main courses,pick up the darkcolored curved dish located between the flat dish used for main courses and the small glazed dish typically used for baking and serving and place it on the flat dish used for main courses,pick_up_the_black_bowl_between_the_plate_and_the_ramekin_and_place_it_on_the_plate_language_33_view_0_0_100_0_0_initstate_0
1014,Language Instructions,2,3,pick_up_the_black_bowl_between_the_plate_and_the_ramekin_and_place_it_on_the_plate,0,0,100,0,0,0,,,,,34,,,remember how we organized the table now pick up the black bowl between the plate and ramekin and put it on the plate,remember how we organized the table now pick up the black bowl between the plate and ramekin and put it on the plate,pick_up_the_black_bowl_between_the_plate_and_the_ramekin_and_place_it_on_the_plate_language_34_view_0_0_100_0_0_initstate_0
1015,Language Instructions,4,1,pick_up_the_black_bowl_between_the_plate_and_the_ramekin_and_place_it_on_the_plate,0,0,100,0,0,0,,,,,36,,,could you place the black bowl thats between the plate and the ramekin right on the plate for me,could you place the black bowl thats between the plate and the ramekin right on the plate for me,pick_up_the_black_bowl_between_the_plate_and_the_ramekin_and_place_it_on_the_plate_language_36_view_0_0_100_0_0_initstate_0
1016,Language Instructions,1,4,pick_up_the_black_bowl_between_the_plate_and_the_ramekin_and_place_it_on_the_plate,0,0,100,0,0,0,,,,,37,,,lift the dark colored dish situated between the flat dish used for main courses and the small dish often used for baking desserts then set it atop the flat dish used for main courses,lift the dark colored dish situated between the flat dish used for main courses and the small dish often used for baking desserts then set it atop the flat dish used for main courses,pick_up_the_black_bowl_between_the_plate_and_the_ramekin_and_place_it_on_the_plate_language_37_view_0_0_100_0_0_initstate_0
1017,Language Instructions,1,4,pick_up_the_black_bowl_between_the_plate_and_the_ramekin_and_place_it_on_the_plate,0,0,100,0,0,0,,,,,38,,,lets adjust the table arrangement pick up the black bowl located between the plate and ramekin and put it on the plate,lets adjust the table arrangement pick up the black bowl located between the plate and ramekin and put it on the plate,pick_up_the_black_bowl_between_the_plate_and_the_ramekin_and_place_it_on_the_plate_language_38_view_0_0_100_0_0_initstate_0
1018,Language Instructions,1,4,pick_up_the_black_bowl_between_the_plate_and_the_ramekin_and_place_it_on_the_plate,0,0,100,0,0,0,,,,,39,,,lift the darkcolored rounded vessel situated between the flat dish and the small ceramic baking dish and position it atop the flat dish,lift the darkcolored rounded vessel situated between the flat dish and the small ceramic baking dish and position it atop the flat dish,pick_up_the_black_bowl_between_the_plate_and_the_ramekin_and_place_it_on_the_plate_language_39_view_0_0_100_0_0_initstate_0
1019,Language Instructions,2,3,pick_up_the_black_bowl_between_the_plate_and_the_ramekin_and_place_it_on_the_plate,0,0,100,0,0,0,,,,,40,,,pick up the darkcolored rounded container between the flat dish for meals and the small dish used typically for baking and place it on the flat dish for meals,pick up the darkcolored rounded container between the flat dish for meals and the small dish used typically for baking and place it on the flat dish for meals,pick_up_the_black_bowl_between_the_plate_and_the_ramekin_and_place_it_on_the_plate_language_40_view_0_0_100_0_0_initstate_0
1020,Language Instructions,2,3,pick_up_the_black_bowl_between_the_plate_and_the_ramekin_and_place_it_on_the_plate,0,0,100,0,0,0,,,,,41,,,lift the darkcolored spherical vessel located midway between the flat dish and the small ceramic baking dish then position it atop the flat dish,lift the darkcolored spherical vessel located midway between the flat dish and the small ceramic baking dish then position it atop the flat dish,pick_up_the_black_bowl_between_the_plate_and_the_ramekin_and_place_it_on_the_plate_language_41_view_0_0_100_0_0_initstate_0
1021,Language Instructions,3,2,pick_up_the_black_bowl_between_the_plate_and_the_ramekin_and_place_it_on_the_plate,0,0,100,0,0,0,,,,,42,,,pick up the darkcolored rounded dish situated between the flatbased dish for main meals and the small dish typically used for serving sauces then place it onto the flatbased dish for main meals,pick up the darkcolored rounded dish situated between the flatbased dish for main meals and the small dish typically used for serving sauces then place it onto the flatbased dish for main meals,pick_up_the_black_bowl_between_the_plate_and_the_ramekin_and_place_it_on_the_plate_language_42_view_0_0_100_0_0_initstate_0
1022,Language Instructions,1,4,pick_up_the_black_bowl_between_the_plate_and_the_ramekin_and_place_it_on_the_plate,0,0,100,0,0,0,,,,,43,,,the black bowl between the plate and ramekin needs to be moved please place it on the plate when you have a moment,the black bowl between the plate and ramekin needs to be moved please place it on the plate when you have a moment,pick_up_the_black_bowl_between_the_plate_and_the_ramekin_and_place_it_on_the_plate_language_43_view_0_0_100_0_0_initstate_0
1023,Language Instructions,3,2,pick_up_the_black_bowl_between_the_plate_and_the_ramekin_and_place_it_on_the_plate,0,0,100,0,0,0,,,,,44,,,could you place the black bowl onto the plate for me its the one sitting between another plate and a ramekin,could you place the black bowl onto the plate for me its the one sitting between another plate and a ramekin,pick_up_the_black_bowl_between_the_plate_and_the_ramekin_and_place_it_on_the_plate_language_44_view_0_0_100_0_0_initstate_0
1024,Language Instructions,3,2,pick_up_the_black_bowl_between_the_plate_and_the_ramekin_and_place_it_on_the_plate,0,0,100,0,0,0,,,,,45,,,grasp the black bowl located between the plate and the ramekin and set it on the plate,grasp the black bowl located between the plate and the ramekin and set it on the plate,pick_up_the_black_bowl_between_the_plate_and_the_ramekin_and_place_it_on_the_plate_language_45_view_0_0_100_0_0_initstate_0
1025,Language Instructions,3,2,pick_up_the_black_bowl_between_the_plate_and_the_ramekin_and_place_it_on_the_plate,0,0,100,0,0,0,,,,,46,,,lift the black dish positioned between the plate and the ramekin and set it on the plate,lift the black dish positioned between the plate and the ramekin and set it on the plate,pick_up_the_black_bowl_between_the_plate_and_the_ramekin_and_place_it_on_the_plate_language_46_view_0_0_100_0_0_initstate_0
1026,Language Instructions,4,1,pick_up_the_black_bowl_between_the_plate_and_the_ramekin_and_place_it_on_the_plate,0,0,100,0,0,0,,,,,47,,,lift the darkcolored vessel located between the flat dish used for main courses and the small dish often used for baking desserts then set it upon the flat dish used for main courses,lift the darkcolored vessel located between the flat dish used for main courses and the small dish often used for baking desserts then set it upon the flat dish used for main courses,pick_up_the_black_bowl_between_the_plate_and_the_ramekin_and_place_it_on_the_plate_language_47_view_0_0_100_0_0_initstate_0
1027,Language Instructions,3,2,pick_up_the_black_bowl_between_the_plate_and_the_ramekin_and_place_it_on_the_plate,0,0,100,0,0,0,,,,,48,,,for our dinner setup i need you to pick up the black bowl between the plate and ramekin and place it on the plate,for our dinner setup i need you to pick up the black bowl between the plate and ramekin and place it on the plate,pick_up_the_black_bowl_between_the_plate_and_the_ramekin_and_place_it_on_the_plate_language_48_view_0_0_100_0_0_initstate_0
1028,Language Instructions,2,3,pick_up_the_black_bowl_between_the_plate_and_the_ramekin_and_place_it_on_the_plate,0,0,100,0,0,0,,,,,49,,,for proper table arrangement pick up the black bowl positioned between the plate and ramekin and set it on the plate,for proper table arrangement pick up the black bowl positioned between the plate and ramekin and set it on the plate,pick_up_the_black_bowl_between_the_plate_and_the_ramekin_and_place_it_on_the_plate_language_49_view_0_0_100_0_0_initstate_0
1029,Language Instructions,2,3,pick_up_the_black_bowl_between_the_plate_and_the_ramekin_and_place_it_on_the_plate,0,0,100,0,0,0,,,,,50,,,before we start cooking could you pick up the black bowl between the plate and ramekin and transfer it to the plate,before we start cooking could you pick up the black bowl between the plate and ramekin and transfer it to the plate,pick_up_the_black_bowl_between_the_plate_and_the_ramekin_and_place_it_on_the_plate_language_50_view_0_0_100_0_0_initstate_0
1030,Language Instructions,1,4,pick_up_the_black_bowl_next_to_the_ramekin_and_place_it_on_the_plate,0,0,100,0,0,0,,,,,1,,,pick up the darkcolored concave container near the small glazed baking dish and place it on the flat dish used for serving food,pick up the darkcolored concave container near the small glazed baking dish and place it on the flat dish used for serving food,pick_up_the_black_bowl_next_to_the_ramekin_and_place_it_on_the_plate_language_1_view_0_0_100_0_0_initstate_0
1031,Language Instructions,1,4,pick_up_the_black_bowl_next_to_the_ramekin_and_place_it_on_the_plate,0,0,100,0,0,0,,,,,2,,,could you put the black bowl thats next to the ramekin on the plate thanks,could you put the black bowl thats next to the ramekin on the plate thanks,pick_up_the_black_bowl_next_to_the_ramekin_and_place_it_on_the_plate_language_2_view_0_0_100_0_0_initstate_0
1032,Language Instructions,2,3,pick_up_the_black_bowl_next_to_the_ramekin_and_place_it_on_the_plate,0,0,100,0,0,0,,,,,3,,,could you put the black bowl thats next to the ramekin on the plate,could you put the black bowl thats next to the ramekin on the plate,pick_up_the_black_bowl_next_to_the_ramekin_and_place_it_on_the_plate_language_3_view_0_0_100_0_0_initstate_0
1033,Language Instructions,1,4,pick_up_the_black_bowl_next_to_the_ramekin_and_place_it_on_the_plate,0,0,100,0,0,0,,,,,5,,,for proper meal presentation take the black bowl next to the ramekin and arrange it on the plate,for proper meal presentation take the black bowl next to the ramekin and arrange it on the plate,pick_up_the_black_bowl_next_to_the_ramekin_and_place_it_on_the_plate_language_5_view_0_0_100_0_0_initstate_0
1034,Language Instructions,3,2,pick_up_the_black_bowl_next_to_the_ramekin_and_place_it_on_the_plate,0,0,100,0,0,0,,,,,6,,,please pick up the black bowl beside the ramekin and transfer it onto the plate its for our dinner setup,please pick up the black bowl beside the ramekin and transfer it onto the plate its for our dinner setup,pick_up_the_black_bowl_next_to_the_ramekin_and_place_it_on_the_plate_language_6_view_0_0_100_0_0_initstate_0
1035,Language Instructions,1,4,pick_up_the_black_bowl_next_to_the_ramekin_and_place_it_on_the_plate,0,0,100,0,0,0,,,,,7,,,grasp the darkhued rounded food container situated adjacent to the small baking dish and set it down on the flat dish for serving meals,grasp the darkhued rounded food container situated adjacent to the small baking dish and set it down on the flat dish for serving meals,pick_up_the_black_bowl_next_to_the_ramekin_and_place_it_on_the_plate_language_7_view_0_0_100_0_0_initstate_0
1036,Language Instructions,4,1,pick_up_the_black_bowl_next_to_the_ramekin_and_place_it_on_the_plate,0,0,100,0,0,0,,,,,8,,,could you put the black bowl thats beside the ramekin onto the plate for me,could you put the black bowl thats beside the ramekin onto the plate for me,pick_up_the_black_bowl_next_to_the_ramekin_and_place_it_on_the_plate_language_8_view_0_0_100_0_0_initstate_0
1037,Language Instructions,2,3,pick_up_the_black_bowl_next_to_the_ramekin_and_place_it_on_the_plate,0,0,100,0,0,0,,,,,10,,,attention please pick up the black bowl positioned next to the ramekin and place it onto the plate,attention please pick up the black bowl positioned next to the ramekin and place it onto the plate,pick_up_the_black_bowl_next_to_the_ramekin_and_place_it_on_the_plate_language_10_view_0_0_100_0_0_initstate_0
1038,Language Instructions,5,0,pick_up_the_black_bowl_next_to_the_ramekin_and_place_it_on_the_plate,0,0,100,0,0,0,,,,,14,,,id appreciate if you could pick up the black bowl adjacent to the ramekin and move it onto the plate,id appreciate if you could pick up the black bowl adjacent to the ramekin and move it onto the plate,pick_up_the_black_bowl_next_to_the_ramekin_and_place_it_on_the_plate_language_14_view_0_0_100_0_0_initstate_0
1039,Language Instructions,4,1,pick_up_the_black_bowl_next_to_the_ramekin_and_place_it_on_the_plate,0,0,100,0,0,0,,,,,15,,,could you put the black bowl thats beside the ramekin onto the plate,could you put the black bowl thats beside the ramekin onto the plate,pick_up_the_black_bowl_next_to_the_ramekin_and_place_it_on_the_plate_language_15_view_0_0_100_0_0_initstate_0
1040,Language Instructions,1,4,pick_up_the_black_bowl_next_to_the_ramekin_and_place_it_on_the_plate,0,0,100,0,0,0,,,,,16,,,grasp the darkcolored container located beside the small baking dish and set it down onto the flat dish designed for main courses,grasp the darkcolored container located beside the small baking dish and set it down onto the flat dish designed for main courses,pick_up_the_black_bowl_next_to_the_ramekin_and_place_it_on_the_plate_language_16_view_0_0_100_0_0_initstate_0
1041,Language Instructions,3,2,pick_up_the_black_bowl_next_to_the_ramekin_and_place_it_on_the_plate,0,0,100,0,0,0,,,,,18,,,could you put the black bowl thats next to the ramekin on the plate,could you put the black bowl thats next to the ramekin on the plate,pick_up_the_black_bowl_next_to_the_ramekin_and_place_it_on_the_plate_language_18_view_0_0_100_0_0_initstate_0
1042,Language Instructions,4,1,pick_up_the_black_bowl_next_to_the_ramekin_and_place_it_on_the_plate,0,0,100,0,0,0,,,,,20,,,grab the dark bowl beside the ramekin and set it on the dish,grab the dark bowl beside the ramekin and set it on the dish,pick_up_the_black_bowl_next_to_the_ramekin_and_place_it_on_the_plate_language_20_view_0_0_100_0_0_initstate_0
1043,Language Instructions,4,1,pick_up_the_black_bowl_next_to_the_ramekin_and_place_it_on_the_plate,0,0,100,0,0,0,,,,,21,,,pick up the darkhued vessel situated adjacent to the small rounded cooking dish and place it on the flat dish used for serving meals,pick up the darkhued vessel situated adjacent to the small rounded cooking dish and place it on the flat dish used for serving meals,pick_up_the_black_bowl_next_to_the_ramekin_and_place_it_on_the_plate_language_21_view_0_0_100_0_0_initstate_0
1044,Language Instructions,5,0,pick_up_the_black_bowl_next_to_the_ramekin_and_place_it_on_the_plate,0,0,100,0,0,0,,,,,24,,,the recipe calls for the black bowl please retrieve it from next to the ramekin and position it on the plate,the recipe calls for the black bowl please retrieve it from next to the ramekin and position it on the plate,pick_up_the_black_bowl_next_to_the_ramekin_and_place_it_on_the_plate_language_24_view_0_0_100_0_0_initstate_0
1045,Language Instructions,4,1,pick_up_the_black_bowl_next_to_the_ramekin_and_place_it_on_the_plate,0,0,100,0,0,0,,,,,25,,,pick up the darkcolored dish located adjacent to the small baking dish and position it on the flat serving item,pick up the darkcolored dish located adjacent to the small baking dish and position it on the flat serving item,pick_up_the_black_bowl_next_to_the_ramekin_and_place_it_on_the_plate_language_25_view_0_0_100_0_0_initstate_0
1046,Language Instructions,4,1,pick_up_the_black_bowl_next_to_the_ramekin_and_place_it_on_the_plate,0,0,100,0,0,0,,,,,26,,,in our kitchen organization please transfer the black bowl from its spot near the ramekin to the plate,in our kitchen organization please transfer the black bowl from its spot near the ramekin to the plate,pick_up_the_black_bowl_next_to_the_ramekin_and_place_it_on_the_plate_language_26_view_0_0_100_0_0_initstate_0
1047,Language Instructions,1,4,pick_up_the_black_bowl_next_to_the_ramekin_and_place_it_on_the_plate,0,0,100,0,0,0,,,,,27,,,select the darkhued round container adjacent to the small baking dish and position it atop the flat dish for serving food,select the darkhued round container adjacent to the small baking dish and position it atop the flat dish for serving food,pick_up_the_black_bowl_next_to_the_ramekin_and_place_it_on_the_plate_language_27_view_0_0_100_0_0_initstate_0
1048,Language Instructions,2,3,pick_up_the_black_bowl_next_to_the_ramekin_and_place_it_on_the_plate,0,0,100,0,0,0,,,,,28,,,lift the darkcolored dish located beside the small baking dish and position it on the flat dish used for serving food,lift the darkcolored dish located beside the small baking dish and position it on the flat dish used for serving food,pick_up_the_black_bowl_next_to_the_ramekin_and_place_it_on_the_plate_language_28_view_0_0_100_0_0_initstate_0
1049,Language Instructions,1,4,pick_up_the_black_bowl_next_to_the_ramekin_and_place_it_on_the_plate,0,0,100,0,0,0,,,,,29,,,collect the darkcolored bowl adjacent to the ramekin and position it on the dish,collect the darkcolored bowl adjacent to the ramekin and position it on the dish,pick_up_the_black_bowl_next_to_the_ramekin_and_place_it_on_the_plate_language_29_view_0_0_100_0_0_initstate_0
1050,Language Instructions,4,1,pick_up_the_black_bowl_next_to_the_ramekin_and_place_it_on_the_plate,0,0,100,0,0,0,,,,,30,,,as part of todays cooking prep please collect the black bowl near the ramekin and put it on the plate,as part of todays cooking prep please collect the black bowl near the ramekin and put it on the plate,pick_up_the_black_bowl_next_to_the_ramekin_and_place_it_on_the_plate_language_30_view_0_0_100_0_0_initstate_0
1051,Language Instructions,3,2,pick_up_the_black_bowl_next_to_the_ramekin_and_place_it_on_the_plate,0,0,100,0,0,0,,,,,32,,,for our baking project pick up the black bowl near the ramekin and position it on the plate,for our baking project pick up the black bowl near the ramekin and position it on the plate,pick_up_the_black_bowl_next_to_the_ramekin_and_place_it_on_the_plate_language_32_view_0_0_100_0_0_initstate_0
1052,Language Instructions,1,4,pick_up_the_black_bowl_next_to_the_ramekin_and_place_it_on_the_plate,0,0,100,0,0,0,,,,,34,,,lift the black bowl beside the ramekin and set it on the plate,lift the black bowl beside the ramekin and set it on the plate,pick_up_the_black_bowl_next_to_the_ramekin_and_place_it_on_the_plate_language_34_view_0_0_100_0_0_initstate_0
1053,Language Instructions,4,1,pick_up_the_black_bowl_next_to_the_ramekin_and_place_it_on_the_plate,0,0,100,0,0,0,,,,,36,,,before we start cooking could you move the black bowl its next to the ramekin place it on the plate,before we start cooking could you move the black bowl its next to the ramekin place it on the plate,pick_up_the_black_bowl_next_to_the_ramekin_and_place_it_on_the_plate_language_36_view_0_0_100_0_0_initstate_0
1054,Language Instructions,4,1,pick_up_the_black_bowl_next_to_the_ramekin_and_place_it_on_the_plate,0,0,100,0,0,0,,,,,40,,,lift the black dish adjacent to the ramekin and set it upon the platter,lift the black dish adjacent to the ramekin and set it upon the platter,pick_up_the_black_bowl_next_to_the_ramekin_and_place_it_on_the_plate_language_40_view_0_0_100_0_0_initstate_0
1055,Language Instructions,4,1,pick_up_the_black_bowl_next_to_the_ramekin_and_place_it_on_the_plate,0,0,100,0,0,0,,,,,41,,,grab the darkcolored dish adjacent to the small ceramic dish and set it upon the flat dish used for serving food,grab the darkcolored dish adjacent to the small ceramic dish and set it upon the flat dish used for serving food,pick_up_the_black_bowl_next_to_the_ramekin_and_place_it_on_the_plate_language_41_view_0_0_100_0_0_initstate_0
1056,Language Instructions,5,0,pick_up_the_black_bowl_next_to_the_ramekin_and_place_it_on_the_plate,0,0,100,0,0,0,,,,,44,,,pick up the darkhued rounded container beside the small baking dish and position it on the flat dish used for meals,pick up the darkhued rounded container beside the small baking dish and position it on the flat dish used for meals,pick_up_the_black_bowl_next_to_the_ramekin_and_place_it_on_the_plate_language_44_view_0_0_100_0_0_initstate_0
1057,Language Instructions,4,1,pick_up_the_black_bowl_next_to_the_ramekin_and_place_it_on_the_plate,0,0,100,0,0,0,,,,,45,,,could you put the black bowl thats next to the ramekin onto the plate,could you put the black bowl thats next to the ramekin onto the plate,pick_up_the_black_bowl_next_to_the_ramekin_and_place_it_on_the_plate_language_45_view_0_0_100_0_0_initstate_0
1058,Language Instructions,1,4,pick_up_the_black_bowl_next_to_the_ramekin_and_place_it_on_the_plate,0,0,100,0,0,0,,,,,46,,,could you assist with this task pick up the black bowl thats next to the ramekin and put it on the plate,could you assist with this task pick up the black bowl thats next to the ramekin and put it on the plate,pick_up_the_black_bowl_next_to_the_ramekin_and_place_it_on_the_plate_language_46_view_0_0_100_0_0_initstate_0
1059,Language Instructions,4,1,pick_up_the_black_bowl_next_to_the_ramekin_and_place_it_on_the_plate,0,0,100,0,0,0,,,,,47,,,pick up the darkcolored dish located adjacent to the small baking dish and position it atop the flat dinnerware item,pick up the darkcolored dish located adjacent to the small baking dish and position it atop the flat dinnerware item,pick_up_the_black_bowl_next_to_the_ramekin_and_place_it_on_the_plate_language_47_view_0_0_100_0_0_initstate_0
1060,Language Instructions,1,4,pick_up_the_black_bowl_next_to_the_ramekin_and_place_it_on_the_plate,0,0,100,0,0,0,,,,,49,,,could you make sure the black bowl thats next to the ramekin is on the plate,could you make sure the black bowl thats next to the ramekin is on the plate,pick_up_the_black_bowl_next_to_the_ramekin_and_place_it_on_the_plate_language_49_view_0_0_100_0_0_initstate_0
1061,Language Instructions,2,3,pick_up_the_black_bowl_next_to_the_ramekin_and_place_it_on_the_plate,0,0,100,0,0,0,,,,,50,,,lift the darkhued mixing container adjacent to the small baking dish and set it atop the dish used for serving meals,lift the darkhued mixing container adjacent to the small baking dish and set it atop the dish used for serving meals,pick_up_the_black_bowl_next_to_the_ramekin_and_place_it_on_the_plate_language_50_view_0_0_100_0_0_initstate_0
1062,Language Instructions,1,4,pick_up_the_black_bowl_from,0,0,100,0,0,0,,,,,1,,,retrieve the darkhued concave container from the middle of the flat surface for meals and set it atop the flat dish,retrieve the darkhued concave container from the middle of the flat surface for meals and set it atop the flat dish,pick_up_the_black_bowl_from_table_center_and_place_it_on_the_plate_language_1_view_0_0_100_0_0_initstate_0
1063,Language Instructions,2,3,pick_up_the_black_bowl_from,0,0,100,0,0,0,,,,,4,,,lift the darkcolored concave vessel situated in the middle of the dining surface and set it on the flat circular dish,lift the darkcolored concave vessel situated in the middle of the dining surface and set it on the flat circular dish,pick_up_the_black_bowl_from_table_center_and_place_it_on_the_plate_language_4_view_0_0_100_0_0_initstate_0
1064,Language Instructions,3,2,pick_up_the_black_bowl_from,0,0,100,0,0,0,,,,,6,,,please pick up the black bowl from the table center and place it on the plate its for tonights special dinner,please pick up the black bowl from the table center and place it on the plate its for tonights special dinner,pick_up_the_black_bowl_from_table_center_and_place_it_on_the_plate_language_6_view_0_0_100_0_0_initstate_0
1065,Language Instructions,3,2,pick_up_the_black_bowl_from,0,0,100,0,0,0,,,,,7,,,pick up the darkcolored food container from the middle of the surface used for meals and place it on the flat dish,pick up the darkcolored food container from the middle of the surface used for meals and place it on the flat dish,pick_up_the_black_bowl_from_table_center_and_place_it_on_the_plate_language_7_view_0_0_100_0_0_initstate_0
1066,Language Instructions,4,1,pick_up_the_black_bowl_from,0,0,100,0,0,0,,,,,8,,,lift the black bowl from the middle of the table and set it on the plate,lift the black bowl from the middle of the table and set it on the plate,pick_up_the_black_bowl_from_table_center_and_place_it_on_the_plate_language_8_view_0_0_100_0_0_initstate_0
1067,Language Instructions,2,3,pick_up_the_black_bowl_from,0,0,100,0,0,0,,,,,10,,,pick up the black bowl from table center and place it on the plate this is the first step in our meal preparation,pick up the black bowl from table center and place it on the plate this is the first step in our meal preparation,pick_up_the_black_bowl_from_table_center_and_place_it_on_the_plate_language_10_view_0_0_100_0_0_initstate_0
1068,Language Instructions,3,2,pick_up_the_black_bowl_from,0,0,100,0,0,0,,,,,11,,,retrieve the darkhued mixing vessel from the middle of the dining surface and position it atop the dish,retrieve the darkhued mixing vessel from the middle of the dining surface and position it atop the dish,pick_up_the_black_bowl_from_table_center_and_place_it_on_the_plate_language_11_view_0_0_100_0_0_initstate_0
1069,Language Instructions,4,1,pick_up_the_black_bowl_from,0,0,100,0,0,0,,,,,12,,,could you move the black bowl from the center of the table to the plate,could you move the black bowl from the center of the table to the plate,pick_up_the_black_bowl_from_table_center_and_place_it_on_the_plate_language_12_view_0_0_100_0_0_initstate_0
1070,Language Instructions,1,4,pick_up_the_black_bowl_from,0,0,100,0,0,0,,,,,16,,,pick up the darkcolored rounded vessel from the middle of the flat surface used for dining and place it on the flat dish,pick up the darkcolored rounded vessel from the middle of the flat surface used for dining and place it on the flat dish,pick_up_the_black_bowl_from_table_center_and_place_it_on_the_plate_language_16_view_0_0_100_0_0_initstate_0
1071,Language Instructions,3,2,pick_up_the_black_bowl_from,0,0,100,0,0,0,,,,,17,,,in preparation for dinner service please move the black bowl from the table center to the plate,in preparation for dinner service please move the black bowl from the table center to the plate,pick_up_the_black_bowl_from_table_center_and_place_it_on_the_plate_language_17_view_0_0_100_0_0_initstate_0
1072,Language Instructions,2,3,pick_up_the_black_bowl_from,0,0,100,0,0,0,,,,,20,,,lift the black bowl from the center of the table and position it on the plate,lift the black bowl from the center of the table and position it on the plate,pick_up_the_black_bowl_from_table_center_and_place_it_on_the_plate_language_20_view_0_0_100_0_0_initstate_0
1073,Language Instructions,1,4,pick_up_the_black_bowl_from,0,0,100,0,0,0,,,,,21,,,lift the darkhued rounded food container from the middle of the eating surface and set it onto the flat dish,lift the darkhued rounded food container from the middle of the eating surface and set it onto the flat dish,pick_up_the_black_bowl_from_table_center_and_place_it_on_the_plate_language_21_view_0_0_100_0_0_initstate_0
1074,Language Instructions,4,1,pick_up_the_black_bowl_from,0,0,100,0,0,0,,,,,22,,,pick up the darkcolored vessel used for eating from the middle of the eating surface and place it onto the flat dish,pick up the darkcolored vessel used for eating from the middle of the eating surface and place it onto the flat dish,pick_up_the_black_bowl_from_table_center_and_place_it_on_the_plate_language_22_view_0_0_100_0_0_initstate_0
1075,Language Instructions,1,4,pick_up_the_black_bowl_from,0,0,100,0,0,0,,,,,23,,,could you move the black bowl from the center of the table onto the plate,could you move the black bowl from the center of the table onto the plate,pick_up_the_black_bowl_from_table_center_and_place_it_on_the_plate_language_23_view_0_0_100_0_0_initstate_0
1076,Language Instructions,5,0,pick_up_the_black_bowl_from,0,0,100,0,0,0,,,,,25,,,pick up the darkcolored dish from the middle of the eating surface and place it on the flat dining item,pick up the darkcolored dish from the middle of the eating surface and place it on the flat dining item,pick_up_the_black_bowl_from_table_center_and_place_it_on_the_plate_language_25_view_0_0_100_0_0_initstate_0
1077,Language Instructions,1,4,pick_up_the_black_bowl_from,0,0,100,0,0,0,,,,,26,,,pick up the dark rounded container from the middle of the eating surface and place it on the flat dish,pick up the dark rounded container from the middle of the eating surface and place it on the flat dish,pick_up_the_black_bowl_from_table_center_and_place_it_on_the_plate_language_26_view_0_0_100_0_0_initstate_0
1078,Language Instructions,5,0,pick_up_the_black_bowl_from,0,0,100,0,0,0,,,,,31,,,the chef requests that you pick up the black bowl from the table center and place it on the plate before continuing,the chef requests that you pick up the black bowl from the table center and place it on the plate before continuing,pick_up_the_black_bowl_from_table_center_and_place_it_on_the_plate_language_31_view_0_0_100_0_0_initstate_0
1079,Language Instructions,3,2,pick_up_the_black_bowl_from,0,0,100,0,0,0,,,,,32,,,hey there could you do me a favor and move the black bowl from the tables center onto the plate,hey there could you do me a favor and move the black bowl from the tables center onto the plate,pick_up_the_black_bowl_from_table_center_and_place_it_on_the_plate_language_32_view_0_0_100_0_0_initstate_0
1080,Language Instructions,3,2,pick_up_the_black_bowl_from,0,0,100,0,0,0,,,,,33,,,would you be so kind as to transfer the black bowl from the center of the table to the plate,would you be so kind as to transfer the black bowl from the center of the table to the plate,pick_up_the_black_bowl_from_table_center_and_place_it_on_the_plate_language_33_view_0_0_100_0_0_initstate_0
1081,Language Instructions,2,3,pick_up_the_black_bowl_from,0,0,100,0,0,0,,,,,35,,,could you move the black bowl from the center of the table onto the plate thank you,could you move the black bowl from the center of the table onto the plate thank you,pick_up_the_black_bowl_from_table_center_and_place_it_on_the_plate_language_35_view_0_0_100_0_0_initstate_0
1082,Language Instructions,1,4,pick_up_the_black_bowl_from,0,0,100,0,0,0,,,,,37,,,can you put the black bowl from the center of the table onto the plate,can you put the black bowl from the center of the table onto the plate,pick_up_the_black_bowl_from_table_center_and_place_it_on_the_plate_language_37_view_0_0_100_0_0_initstate_0
1083,Language Instructions,2,3,pick_up_the_black_bowl_from,0,0,100,0,0,0,,,,,39,,,ensure the black bowl from the center of the table is resting on the plate,ensure the black bowl from the center of the table is resting on the plate,pick_up_the_black_bowl_from_table_center_and_place_it_on_the_plate_language_39_view_0_0_100_0_0_initstate_0
1084,Language Instructions,1,4,pick_up_the_black_bowl_from,0,0,100,0,0,0,,,,,40,,,for our dinner setup i need you to pick up the black bowl from the center of the table and position it on the plate,for our dinner setup i need you to pick up the black bowl from the center of the table and position it on the plate,pick_up_the_black_bowl_from_table_center_and_place_it_on_the_plate_language_40_view_0_0_100_0_0_initstate_0
1085,Language Instructions,1,4,pick_up_the_black_bowl_from,0,0,100,0,0,0,,,,,41,,,grasp the darkhued concave dish from the middle of the dining surface and set it on the flat circular dish,grasp the darkhued concave dish from the middle of the dining surface and set it on the flat circular dish,pick_up_the_black_bowl_from_table_center_and_place_it_on_the_plate_language_41_view_0_0_100_0_0_initstate_0
1086,Language Instructions,1,4,pick_up_the_black_bowl_from,0,0,100,0,0,0,,,,,42,,,could you put the black bowl from the center of the table onto the plate,could you put the black bowl from the center of the table onto the plate,pick_up_the_black_bowl_from_table_center_and_place_it_on_the_plate_language_42_view_0_0_100_0_0_initstate_0
1087,Language Instructions,2,3,pick_up_the_black_bowl_from,0,0,100,0,0,0,,,,,43,,,grasp the dark bowl from the middle of the table and set it on the dish,grasp the dark bowl from the middle of the table and set it on the dish,pick_up_the_black_bowl_from_table_center_and_place_it_on_the_plate_language_43_view_0_0_100_0_0_initstate_0
1088,Language Instructions,5,0,pick_up_the_black_bowl_from,0,0,100,0,0,0,,,,,48,,,on this sunny afternoon could you pick up the black bowl from the center of the table and carefully place it on the plate,on this sunny afternoon could you pick up the black bowl from the center of the table and carefully place it on the plate,pick_up_the_black_bowl_from_table_center_and_place_it_on_the_plate_language_48_view_0_0_100_0_0_initstate_0
1089,Language Instructions,1,4,pick_up_the_black_bowl_from,0,0,100,0,0,0,,,,,49,,,id appreciate if you could pick up the black bowl from the table and place it on the plate its part of our table setting,id appreciate if you could pick up the black bowl from the table and place it on the plate its part of our table setting,pick_up_the_black_bowl_from_table_center_and_place_it_on_the_plate_language_49_view_0_0_100_0_0_initstate_0
1090,Language Instructions,5,0,pick_up_the_black_bowl_on_the_cookie_box_and_place_it_on_the_plate,0,0,100,0,0,0,,,,,1,,,lift the darkhued container located on top of the container of baked treats and set it on the dish,lift the darkhued container located on top of the container of baked treats and set it on the dish,pick_up_the_black_bowl_on_the_cookie_box_and_place_it_on_the_plate_language_1_view_0_0_100_0_0_initstate_0
1091,Language Instructions,2,3,pick_up_the_black_bowl_on_the_cookie_box_and_place_it_on_the_plate,0,0,100,0,0,0,,,,,2,,,lift the darkcolored circular dish resting on the container of baked sweets and set it down on the flat dish used for serving food,lift the darkcolored circular dish resting on the container of baked sweets and set it down on the flat dish used for serving food,pick_up_the_black_bowl_on_the_cookie_box_and_place_it_on_the_plate_language_2_view_0_0_100_0_0_initstate_0
1092,Language Instructions,5,0,pick_up_the_black_bowl_on_the_cookie_box_and_place_it_on_the_plate,0,0,100,0,0,0,,,,,3,,,lift the dark bowl from the biscuit box and set it on the plate,lift the dark bowl from the biscuit box and set it on the plate,pick_up_the_black_bowl_on_the_cookie_box_and_place_it_on_the_plate_language_3_view_0_0_100_0_0_initstate_0
1093,Language Instructions,4,1,pick_up_the_black_bowl_on_the_cookie_box_and_place_it_on_the_plate,0,0,100,0,0,0,,,,,4,,,for safety reasons please pick up the black bowl thats on the cookie box and put it on the plate,for safety reasons please pick up the black bowl thats on the cookie box and put it on the plate,pick_up_the_black_bowl_on_the_cookie_box_and_place_it_on_the_plate_language_4_view_0_0_100_0_0_initstate_0
1094,Language Instructions,2,3,pick_up_the_black_bowl_on_the_cookie_box_and_place_it_on_the_plate,0,0,100,0,0,0,,,,,5,,,lift the dark bowl on the biscuit tin and set it on the dish,lift the dark bowl on the biscuit tin and set it on the dish,pick_up_the_black_bowl_on_the_cookie_box_and_place_it_on_the_plate_language_5_view_0_0_100_0_0_initstate_0
1095,Language Instructions,2,3,pick_up_the_black_bowl_on_the_cookie_box_and_place_it_on_the_plate,0,0,100,0,0,0,,,,,6,,,lift the darkhued round container located on top of the container for baked treats and position it on the flat dish designed for serving food,lift the darkhued round container located on top of the container for baked treats and position it on the flat dish designed for serving food,pick_up_the_black_bowl_on_the_cookie_box_and_place_it_on_the_plate_language_6_view_0_0_100_0_0_initstate_0
1096,Language Instructions,3,2,pick_up_the_black_bowl_on_the_cookie_box_and_place_it_on_the_plate,0,0,100,0,0,0,,,,,7,,,pick up the darkly colored curved container on the container of baked sweet treats and place it on the flat dish designed for serving food,pick up the darkly colored curved container on the container of baked sweet treats and place it on the flat dish designed for serving food,pick_up_the_black_bowl_on_the_cookie_box_and_place_it_on_the_plate_language_7_view_0_0_100_0_0_initstate_0
1097,Language Instructions,4,1,pick_up_the_black_bowl_on_the_cookie_box_and_place_it_on_the_plate,0,0,100,0,0,0,,,,,8,,,the black bowl needs to be relocated from the cookie box to the plate would you handle that,the black bowl needs to be relocated from the cookie box to the plate would you handle that,pick_up_the_black_bowl_on_the_cookie_box_and_place_it_on_the_plate_language_8_view_0_0_100_0_0_initstate_0
1098,Language Instructions,3,2,pick_up_the_black_bowl_on_the_cookie_box_and_place_it_on_the_plate,0,0,100,0,0,0,,,,,10,,,lift the dark bowl atop the biscuit container and set it on the dish,lift the dark bowl atop the biscuit container and set it on the dish,pick_up_the_black_bowl_on_the_cookie_box_and_place_it_on_the_plate_language_10_view_0_0_100_0_0_initstate_0
1099,Language Instructions,4,1,pick_up_the_black_bowl_on_the_cookie_box_and_place_it_on_the_plate,0,0,100,0,0,0,,,,,12,,,the black bowl is sitting on the cookie box your task is to pick it up and place it on the plate,the black bowl is sitting on the cookie box your task is to pick it up and place it on the plate,pick_up_the_black_bowl_on_the_cookie_box_and_place_it_on_the_plate_language_12_view_0_0_100_0_0_initstate_0
1100,Language Instructions,5,0,pick_up_the_black_bowl_on_the_cookie_box_and_place_it_on_the_plate,0,0,100,0,0,0,,,,,14,,,carefully pick up the black bowl thats placed on the cookie box and then position it on the plate,carefully pick up the black bowl thats placed on the cookie box and then position it on the plate,pick_up_the_black_bowl_on_the_cookie_box_and_place_it_on_the_plate_language_14_view_0_0_100_0_0_initstate_0
1101,Language Instructions,3,2,pick_up_the_black_bowl_on_the_cookie_box_and_place_it_on_the_plate,0,0,100,0,0,0,,,,,16,,,lift the dark dish from the biscuit container and set it onto the platter,lift the dark dish from the biscuit container and set it onto the platter,pick_up_the_black_bowl_on_the_cookie_box_and_place_it_on_the_plate_language_16_view_0_0_100_0_0_initstate_0
1102,Language Instructions,3,2,pick_up_the_black_bowl_on_the_cookie_box_and_place_it_on_the_plate,0,0,100,0,0,0,,,,,17,,,pick up the darkcolored vessel resting on the container of baked treats and place it on the flat dish used for serving food,pick up the darkcolored vessel resting on the container of baked treats and place it on the flat dish used for serving food,pick_up_the_black_bowl_on_the_cookie_box_and_place_it_on_the_plate_language_17_view_0_0_100_0_0_initstate_0
1103,Language Instructions,4,1,pick_up_the_black_bowl_on_the_cookie_box_and_place_it_on_the_plate,0,0,100,0,0,0,,,,,18,,,lift the darkhued dish resting atop the container of baked treats and set it on the flatware designed for individual servings,lift the darkhued dish resting atop the container of baked treats and set it on the flatware designed for individual servings,pick_up_the_black_bowl_on_the_cookie_box_and_place_it_on_the_plate_language_18_view_0_0_100_0_0_initstate_0
1104,Language Instructions,1,4,pick_up_the_black_bowl_on_the_cookie_box_and_place_it_on_the_plate,0,0,100,0,0,0,,,,,19,,,lift the darkhued container resting atop the container of baked sweets and set it down on the dish for eating,lift the darkhued container resting atop the container of baked sweets and set it down on the dish for eating,pick_up_the_black_bowl_on_the_cookie_box_and_place_it_on_the_plate_language_19_view_0_0_100_0_0_initstate_0
1105,Language Instructions,4,1,pick_up_the_black_bowl_on_the_cookie_box_and_place_it_on_the_plate,0,0,100,0,0,0,,,,,20,,,to continue with our baking we need the black bowl moved from the cookie box to the plate,to continue with our baking we need the black bowl moved from the cookie box to the plate,pick_up_the_black_bowl_on_the_cookie_box_and_place_it_on_the_plate_language_20_view_0_0_100_0_0_initstate_0
1106,Language Instructions,2,3,pick_up_the_black_bowl_on_the_cookie_box_and_place_it_on_the_plate,0,0,100,0,0,0,,,,,22,,,can you place the black bowl thats on the cookie box onto the plate,can you place the black bowl thats on the cookie box onto the plate,pick_up_the_black_bowl_on_the_cookie_box_and_place_it_on_the_plate_language_22_view_0_0_100_0_0_initstate_0
1107,Language Instructions,1,4,pick_up_the_black_bowl_on_the_cookie_box_and_place_it_on_the_plate,0,0,100,0,0,0,,,,,23,,,could you please pick up the black bowl thats on top of the cookie box and then place it onto the plate,could you please pick up the black bowl thats on top of the cookie box and then place it onto the plate,pick_up_the_black_bowl_on_the_cookie_box_and_place_it_on_the_plate_language_23_view_0_0_100_0_0_initstate_0
1108,Language Instructions,3,2,pick_up_the_black_bowl_on_the_cookie_box_and_place_it_on_the_plate,0,0,100,0,0,0,,,,,24,,,retrieve the darkcolored vessel resting atop the container of baked treats and position it on the dish,retrieve the darkcolored vessel resting atop the container of baked treats and position it on the dish,pick_up_the_black_bowl_on_the_cookie_box_and_place_it_on_the_plate_language_24_view_0_0_100_0_0_initstate_0
1109,Language Instructions,5,0,pick_up_the_black_bowl_on_the_cookie_box_and_place_it_on_the_plate,0,0,100,0,0,0,,,,,25,,,could you put the black bowl thats on the cookie box onto the plate,could you put the black bowl thats on the cookie box onto the plate,pick_up_the_black_bowl_on_the_cookie_box_and_place_it_on_the_plate_language_25_view_0_0_100_0_0_initstate_0
1110,Language Instructions,2,3,pick_up_the_black_bowl_on_the_cookie_box_and_place_it_on_the_plate,0,0,100,0,0,0,,,,,26,,,before the guests arrive could you transfer the black bowl from the cookie box to the plate,before the guests arrive could you transfer the black bowl from the cookie box to the plate,pick_up_the_black_bowl_on_the_cookie_box_and_place_it_on_the_plate_language_26_view_0_0_100_0_0_initstate_0
1111,Language Instructions,3,2,pick_up_the_black_bowl_on_the_cookie_box_and_place_it_on_the_plate,0,0,100,0,0,0,,,,,27,,,lift the darkcolored circular container resting atop the container of baked treats and set it down on the flat dish designated for meals,lift the darkcolored circular container resting atop the container of baked treats and set it down on the flat dish designated for meals,pick_up_the_black_bowl_on_the_cookie_box_and_place_it_on_the_plate_language_27_view_0_0_100_0_0_initstate_0
1112,Language Instructions,2,3,pick_up_the_black_bowl_on_the_cookie_box_and_place_it_on_the_plate,0,0,100,0,0,0,,,,,29,,,could you move the black bowl from the cookie box to the plate,could you move the black bowl from the cookie box to the plate,pick_up_the_black_bowl_on_the_cookie_box_and_place_it_on_the_plate_language_29_view_0_0_100_0_0_initstate_0
1113,Language Instructions,1,4,pick_up_the_black_bowl_on_the_cookie_box_and_place_it_on_the_plate,0,0,100,0,0,0,,,,,30,,,the recipe says we need the black bowl its on the cookie box could you move it to the plate,the recipe says we need the black bowl its on the cookie box could you move it to the plate,pick_up_the_black_bowl_on_the_cookie_box_and_place_it_on_the_plate_language_30_view_0_0_100_0_0_initstate_0
1114,Language Instructions,1,4,pick_up_the_black_bowl_on_the_cookie_box_and_place_it_on_the_plate,0,0,100,0,0,0,,,,,31,,,pick up the darkcolored rounded container resting on the container of baked sweet treats and place it on the flat dish for serving food,pick up the darkcolored rounded container resting on the container of baked sweet treats and place it on the flat dish for serving food,pick_up_the_black_bowl_on_the_cookie_box_and_place_it_on_the_plate_language_31_view_0_0_100_0_0_initstate_0
1115,Language Instructions,1,4,pick_up_the_black_bowl_on_the_cookie_box_and_place_it_on_the_plate,0,0,100,0,0,0,,,,,32,,,before we start cooking pick up that black bowl from the cookie box and set it down on the plate,before we start cooking pick up that black bowl from the cookie box and set it down on the plate,pick_up_the_black_bowl_on_the_cookie_box_and_place_it_on_the_plate_language_32_view_0_0_100_0_0_initstate_0
1116,Language Instructions,4,1,pick_up_the_black_bowl_on_the_cookie_box_and_place_it_on_the_plate,0,0,100,0,0,0,,,,,33,,,grasp the dark bowl atop the biscuit container and set it onto the dish,grasp the dark bowl atop the biscuit container and set it onto the dish,pick_up_the_black_bowl_on_the_cookie_box_and_place_it_on_the_plate_language_33_view_0_0_100_0_0_initstate_0
1117,Language Instructions,1,4,pick_up_the_black_bowl_on_the_cookie_box_and_place_it_on_the_plate,0,0,100,0,0,0,,,,,34,,,for our baking project pick up the black bowl resting on the cookie box and transfer it to the plate,for our baking project pick up the black bowl resting on the cookie box and transfer it to the plate,pick_up_the_black_bowl_on_the_cookie_box_and_place_it_on_the_plate_language_34_view_0_0_100_0_0_initstate_0
1118,Language Instructions,3,2,pick_up_the_black_bowl_on_the_cookie_box_and_place_it_on_the_plate,0,0,100,0,0,0,,,,,36,,,lets prepare the workspace take the black bowl from the cookie box and place it on the plate,lets prepare the workspace take the black bowl from the cookie box and place it on the plate,pick_up_the_black_bowl_on_the_cookie_box_and_place_it_on_the_plate_language_36_view_0_0_100_0_0_initstate_0
1119,Language Instructions,2,3,pick_up_the_black_bowl_on_the_cookie_box_and_place_it_on_the_plate,0,0,100,0,0,0,,,,,37,,,pick up the darkcolored rounded container on the container of baked treats and place it on the flat dish,pick up the darkcolored rounded container on the container of baked treats and place it on the flat dish,pick_up_the_black_bowl_on_the_cookie_box_and_place_it_on_the_plate_language_37_view_0_0_100_0_0_initstate_0
1120,Language Instructions,1,4,pick_up_the_black_bowl_on_the_cookie_box_and_place_it_on_the_plate,0,0,100,0,0,0,,,,,38,,,grab the black dish from the biscuit box and set it on the platter,grab the black dish from the biscuit box and set it on the platter,pick_up_the_black_bowl_on_the_cookie_box_and_place_it_on_the_plate_language_38_view_0_0_100_0_0_initstate_0
1121,Language Instructions,4,1,pick_up_the_black_bowl_on_the_cookie_box_and_place_it_on_the_plate,0,0,100,0,0,0,,,,,39,,,lift the dark bowl situated on the biscuit container and set it on the dish,lift the dark bowl situated on the biscuit container and set it on the dish,pick_up_the_black_bowl_on_the_cookie_box_and_place_it_on_the_plate_language_39_view_0_0_100_0_0_initstate_0
1122,Language Instructions,2,3,pick_up_the_black_bowl_on_the_cookie_box_and_place_it_on_the_plate,0,0,100,0,0,0,,,,,40,,,lift the darkhued vessel resting atop the container of baked treats and set it down on the flat dish designed for serving food,lift the darkhued vessel resting atop the container of baked treats and set it down on the flat dish designed for serving food,pick_up_the_black_bowl_on_the_cookie_box_and_place_it_on_the_plate_language_40_view_0_0_100_0_0_initstate_0
1123,Language Instructions,4,1,pick_up_the_black_bowl_on_the_cookie_box_and_place_it_on_the_plate,0,0,100,0,0,0,,,,,41,,,id appreciate if you could grab the black bowl sitting on the cookie box and move it to the plate,id appreciate if you could grab the black bowl sitting on the cookie box and move it to the plate,pick_up_the_black_bowl_on_the_cookie_box_and_place_it_on_the_plate_language_41_view_0_0_100_0_0_initstate_0
1124,Language Instructions,1,4,pick_up_the_black_bowl_on_the_cookie_box_and_place_it_on_the_plate,0,0,100,0,0,0,,,,,42,,,lift the dark bowl atop the biscuit tin and set it on the dish,lift the dark bowl atop the biscuit tin and set it on the dish,pick_up_the_black_bowl_on_the_cookie_box_and_place_it_on_the_plate_language_42_view_0_0_100_0_0_initstate_0
1125,Language Instructions,3,2,pick_up_the_black_bowl_on_the_cookie_box_and_place_it_on_the_plate,0,0,100,0,0,0,,,,,43,,,pick up the darkcolored rounded container on the package of baked sweet treats and place it on the flat dish,pick up the darkcolored rounded container on the package of baked sweet treats and place it on the flat dish,pick_up_the_black_bowl_on_the_cookie_box_and_place_it_on_the_plate_language_43_view_0_0_100_0_0_initstate_0
1126,Language Instructions,3,2,pick_up_the_black_bowl_on_the_cookie_box_and_place_it_on_the_plate,0,0,100,0,0,0,,,,,44,,,can you move the black bowl from the cookie box to the plate,can you move the black bowl from the cookie box to the plate,pick_up_the_black_bowl_on_the_cookie_box_and_place_it_on_the_plate_language_44_view_0_0_100_0_0_initstate_0
1127,Language Instructions,2,3,pick_up_the_black_bowl_on_the_cookie_box_and_place_it_on_the_plate,0,0,100,0,0,0,,,,,45,,,can you place the black bowl from the cookie box onto the plate,can you place the black bowl from the cookie box onto the plate,pick_up_the_black_bowl_on_the_cookie_box_and_place_it_on_the_plate_language_45_view_0_0_100_0_0_initstate_0
1128,Language Instructions,4,1,pick_up_the_black_bowl_on_the_cookie_box_and_place_it_on_the_plate,0,0,100,0,0,0,,,,,46,,,pick up the darkcolored rounded container on the container of baked treats and place it on the flat dish for serving food,pick up the darkcolored rounded container on the container of baked treats and place it on the flat dish for serving food,pick_up_the_black_bowl_on_the_cookie_box_and_place_it_on_the_plate_language_46_view_0_0_100_0_0_initstate_0
1129,Language Instructions,4,1,pick_up_the_black_bowl_on_the_cookie_box_and_place_it_on_the_plate,0,0,100,0,0,0,,,,,47,,,lift the dark bowl from the biscuit container and position it on the dish,lift the dark bowl from the biscuit container and position it on the dish,pick_up_the_black_bowl_on_the_cookie_box_and_place_it_on_the_plate_language_47_view_0_0_100_0_0_initstate_0
1130,Language Instructions,4,1,pick_up_the_black_bowl_on_the_cookie_box_and_place_it_on_the_plate,0,0,100,0,0,0,,,,,48,,,pick up the darkcolored vessel on top of the container holding cookies and place it on the flat dish,pick up the darkcolored vessel on top of the container holding cookies and place it on the flat dish,pick_up_the_black_bowl_on_the_cookie_box_and_place_it_on_the_plate_language_48_view_0_0_100_0_0_initstate_0
1131,Language Instructions,1,4,pick_up_the_black_bowl_on_the_cookie_box_and_place_it_on_the_plate,0,0,100,0,0,0,,,,,49,,,pick up the darkhued vessel resting on the container of baked treats and place it on the flat dish,pick up the darkhued vessel resting on the container of baked treats and place it on the flat dish,pick_up_the_black_bowl_on_the_cookie_box_and_place_it_on_the_plate_language_49_view_0_0_100_0_0_initstate_0
1132,Language Instructions,1,4,pick_up_the_black_bowl_in_the_top_drawer_of_the_wooden_cabinet_and_place_it_on_the_plate,0,0,100,0,0,0,,,,,1,,,the black bowl in the top drawer of the wooden cabinet yes that one please pick it up and place it on the plate,the black bowl in the top drawer of the wooden cabinet yes that one please pick it up and place it on the plate,pick_up_the_black_bowl_in_the_top_drawer_of_the_wooden_cabinet_and_place_it_on_the_plate_language_1_view_0_0_100_0_0_initstate_0
1133,Language Instructions,5,0,pick_up_the_black_bowl_in_the_top_drawer_of_the_wooden_cabinet_and_place_it_on_the_plate,0,0,100,0,0,0,,,,,2,,,as part of our kitchen organization please pick up the black bowl in the top drawer of the wooden cabinet and position it on the plate,as part of our kitchen organization please pick up the black bowl in the top drawer of the wooden cabinet and position it on the plate,pick_up_the_black_bowl_in_the_top_drawer_of_the_wooden_cabinet_and_place_it_on_the_plate_language_2_view_0_0_100_0_0_initstate_0
1134,Language Instructions,5,0,pick_up_the_black_bowl_in_the_top_drawer_of_the_wooden_cabinet_and_place_it_on_the_plate,0,0,100,0,0,0,,,,,5,,,carefully pick up the black bowl youll find in the top drawer of the wooden cabinet then place it on the plate without dropping it,carefully pick up the black bowl youll find in the top drawer of the wooden cabinet then place it on the plate without dropping it,pick_up_the_black_bowl_in_the_top_drawer_of_the_wooden_cabinet_and_place_it_on_the_plate_language_5_view_0_0_100_0_0_initstate_0
1135,Language Instructions,3,2,pick_up_the_black_bowl_in_the_top_drawer_of_the_wooden_cabinet_and_place_it_on_the_plate,0,0,100,0,0,0,,,,,7,,,before the guests arrive pick up the black bowl in the top drawer of the wooden cabinet and place it on the plate on the counter,before the guests arrive pick up the black bowl in the top drawer of the wooden cabinet and place it on the plate on the counter,pick_up_the_black_bowl_in_the_top_drawer_of_the_wooden_cabinet_and_place_it_on_the_plate_language_7_view_0_0_100_0_0_initstate_0
1136,Language Instructions,1,4,pick_up_the_black_bowl_in_the_top_drawer_of_the_wooden_cabinet_and_place_it_on_the_plate,0,0,100,0,0,0,,,,,8,,,grab the dark bowl from the upper drawer of the timber cupboard and set it on the dish,grab the dark bowl from the upper drawer of the timber cupboard and set it on the dish,pick_up_the_black_bowl_in_the_top_drawer_of_the_wooden_cabinet_and_place_it_on_the_plate_language_8_view_0_0_100_0_0_initstate_0
1137,Language Instructions,5,0,pick_up_the_black_bowl_in_the_top_drawer_of_the_wooden_cabinet_and_place_it_on_the_plate,0,0,100,0,0,0,,,,,9,,,for our dinner setup pick up the black bowl in the top drawer of the wooden cabinet and place it carefully on the plate,for our dinner setup pick up the black bowl in the top drawer of the wooden cabinet and place it carefully on the plate,pick_up_the_black_bowl_in_the_top_drawer_of_the_wooden_cabinet_and_place_it_on_the_plate_language_9_view_0_0_100_0_0_initstate_0
1138,Language Instructions,2,3,pick_up_the_black_bowl_in_the_top_drawer_of_the_wooden_cabinet_and_place_it_on_the_plate,0,0,100,0,0,0,,,,,10,,,retrieve the dark bowl from the upper drawer of the timber cabinet and set it on the dish,retrieve the dark bowl from the upper drawer of the timber cabinet and set it on the dish,pick_up_the_black_bowl_in_the_top_drawer_of_the_wooden_cabinet_and_place_it_on_the_plate_language_10_view_0_0_100_0_0_initstate_0
1139,Language Instructions,2,3,pick_up_the_black_bowl_in_the_top_drawer_of_the_wooden_cabinet_and_place_it_on_the_plate,0,0,100,0,0,0,,,,,11,,,as the first step in our cooking process pick up the black bowl from the top drawer of the wooden cabinet and place it on the plate,as the first step in our cooking process pick up the black bowl from the top drawer of the wooden cabinet and place it on the plate,pick_up_the_black_bowl_in_the_top_drawer_of_the_wooden_cabinet_and_place_it_on_the_plate_language_11_view_0_0_100_0_0_initstate_0
1140,Language Instructions,4,1,pick_up_the_black_bowl_in_the_top_drawer_of_the_wooden_cabinet_and_place_it_on_the_plate,0,0,100,0,0,0,,,,,12,,,retrieve the black bowl from the upper drawer of the timber cupboard and set it on the plate,retrieve the black bowl from the upper drawer of the timber cupboard and set it on the plate,pick_up_the_black_bowl_in_the_top_drawer_of_the_wooden_cabinet_and_place_it_on_the_plate_language_12_view_0_0_100_0_0_initstate_0
1141,Language Instructions,5,0,pick_up_the_black_bowl_in_the_top_drawer_of_the_wooden_cabinet_and_place_it_on_the_plate,0,0,100,0,0,0,,,,,13,,,for our baking project first pick up the black bowl in the top drawer of the wooden cabinet and place it on the plate,for our baking project first pick up the black bowl in the top drawer of the wooden cabinet and place it on the plate,pick_up_the_black_bowl_in_the_top_drawer_of_the_wooden_cabinet_and_place_it_on_the_plate_language_13_view_0_0_100_0_0_initstate_0
1142,Language Instructions,2,3,pick_up_the_black_bowl_in_the_top_drawer_of_the_wooden_cabinet_and_place_it_on_the_plate,0,0,100,0,0,0,,,,,15,,,ensure the black bowl from the top drawer of the wooden cabinet is on the plate,ensure the black bowl from the top drawer of the wooden cabinet is on the plate,pick_up_the_black_bowl_in_the_top_drawer_of_the_wooden_cabinet_and_place_it_on_the_plate_language_15_view_0_0_100_0_0_initstate_0
1143,Language Instructions,5,0,pick_up_the_black_bowl_in_the_top_drawer_of_the_wooden_cabinet_and_place_it_on_the_plate,0,0,100,0,0,0,,,,,17,,,i need that black one pick up the black bowl from the top drawer of the wooden cabinet and place it on the plate immediately,i need that black one pick up the black bowl from the top drawer of the wooden cabinet and place it on the plate immediately,pick_up_the_black_bowl_in_the_top_drawer_of_the_wooden_cabinet_and_place_it_on_the_plate_language_17_view_0_0_100_0_0_initstate_0
1144,Language Instructions,1,4,pick_up_the_black_bowl_in_the_top_drawer_of_the_wooden_cabinet_and_place_it_on_the_plate,0,0,100,0,0,0,,,,,18,,,pick up the darkhued rounded container located in the upper storage area of the timber storage unit and place it on the flat dish,pick up the darkhued rounded container located in the upper storage area of the timber storage unit and place it on the flat dish,pick_up_the_black_bowl_in_the_top_drawer_of_the_wooden_cabinet_and_place_it_on_the_plate_language_18_view_0_0_100_0_0_initstate_0
1145,Language Instructions,5,0,pick_up_the_black_bowl_in_the_top_drawer_of_the_wooden_cabinet_and_place_it_on_the_plate,0,0,100,0,0,0,,,,,19,,,collect the darkhued circular container stored in the uppermost sliding compartment of the timber storage unit and position it on the flat typically round dish,collect the darkhued circular container stored in the uppermost sliding compartment of the timber storage unit and position it on the flat typically round dish,pick_up_the_black_bowl_in_the_top_drawer_of_the_wooden_cabinet_and_place_it_on_the_plate_language_19_view_0_0_100_0_0_initstate_0
1146,Language Instructions,1,4,pick_up_the_black_bowl_in_the_top_drawer_of_the_wooden_cabinet_and_place_it_on_the_plate,0,0,100,0,0,0,,,,,20,,,retrieve the darkhued concaved vessel located within the uppermost storage compartment of the timber construct and position it on the dish,retrieve the darkhued concaved vessel located within the uppermost storage compartment of the timber construct and position it on the dish,pick_up_the_black_bowl_in_the_top_drawer_of_the_wooden_cabinet_and_place_it_on_the_plate_language_20_view_0_0_100_0_0_initstate_0
1147,Language Instructions,2,3,pick_up_the_black_bowl_in_the_top_drawer_of_the_wooden_cabinet_and_place_it_on_the_plate,0,0,100,0,0,0,,,,,21,,,pick up the darkcolored rounded container in the uppermost storage compartment of the timber storage unit and place it on the ceramic dish,pick up the darkcolored rounded container in the uppermost storage compartment of the timber storage unit and place it on the ceramic dish,pick_up_the_black_bowl_in_the_top_drawer_of_the_wooden_cabinet_and_place_it_on_the_plate_language_21_view_0_0_100_0_0_initstate_0
1148,Language Instructions,1,4,pick_up_the_black_bowl_in_the_top_drawer_of_the_wooden_cabinet_and_place_it_on_the_plate,0,0,100,0,0,0,,,,,24,,,remember that black bowl we used yesterday please pick it up from the top drawer of the wooden cabinet and place it on the plate,remember that black bowl we used yesterday please pick it up from the top drawer of the wooden cabinet and place it on the plate,pick_up_the_black_bowl_in_the_top_drawer_of_the_wooden_cabinet_and_place_it_on_the_plate_language_24_view_0_0_100_0_0_initstate_0
1149,Language Instructions,1,4,pick_up_the_black_bowl_in_the_top_drawer_of_the_wooden_cabinet_and_place_it_on_the_plate,0,0,100,0,0,0,,,,,25,,,before we start cooking pick up the black bowl in the top drawer of the wooden cabinet and place it on the clean plate,before we start cooking pick up the black bowl in the top drawer of the wooden cabinet and place it on the clean plate,pick_up_the_black_bowl_in_the_top_drawer_of_the_wooden_cabinet_and_place_it_on_the_plate_language_25_view_0_0_100_0_0_initstate_0
1150,Language Instructions,3,2,pick_up_the_black_bowl_in_the_top_drawer_of_the_wooden_cabinet_and_place_it_on_the_plate,0,0,100,0,0,0,,,,,27,,,could you place the black bowl from the top drawer of the wooden cabinet onto the plate,could you place the black bowl from the top drawer of the wooden cabinet onto the plate,pick_up_the_black_bowl_in_the_top_drawer_of_the_wooden_cabinet_and_place_it_on_the_plate_language_27_view_0_0_100_0_0_initstate_0
1151,Language Instructions,1,4,pick_up_the_black_bowl_in_the_top_drawer_of_the_wooden_cabinet_and_place_it_on_the_plate,0,0,100,0,0,0,,,,,28,,,pick up the darkhued curved vessel located in the uppermost sliding storage compartment of the timber storage unit and place it on the flat ceramic dish,pick up the darkhued curved vessel located in the uppermost sliding storage compartment of the timber storage unit and place it on the flat ceramic dish,pick_up_the_black_bowl_in_the_top_drawer_of_the_wooden_cabinet_and_place_it_on_the_plate_language_28_view_0_0_100_0_0_initstate_0
1152,Language Instructions,1,4,pick_up_the_black_bowl_in_the_top_drawer_of_the_wooden_cabinet_and_place_it_on_the_plate,0,0,100,0,0,0,,,,,29,,,retrieve the darkhued mixing container located in the upper storage compartment of the timber storage unit and position it onto the flat dish,retrieve the darkhued mixing container located in the upper storage compartment of the timber storage unit and position it onto the flat dish,pick_up_the_black_bowl_in_the_top_drawer_of_the_wooden_cabinet_and_place_it_on_the_plate_language_29_view_0_0_100_0_0_initstate_0
1153,Language Instructions,4,1,pick_up_the_black_bowl_in_the_top_drawer_of_the_wooden_cabinet_and_place_it_on_the_plate,0,0,100,0,0,0,,,,,30,,,could you do me a favor pick up the black bowl in the top drawer of the wooden cabinet and place it on the plate near the sink,could you do me a favor pick up the black bowl in the top drawer of the wooden cabinet and place it on the plate near the sink,pick_up_the_black_bowl_in_the_top_drawer_of_the_wooden_cabinet_and_place_it_on_the_plate_language_30_view_0_0_100_0_0_initstate_0
1154,Language Instructions,5,0,pick_up_the_black_bowl_in_the_top_drawer_of_the_wooden_cabinet_and_place_it_on_the_plate,0,0,100,0,0,0,,,,,31,,,can you put the black bowl from the top drawer of the wooden cabinet on the plate,can you put the black bowl from the top drawer of the wooden cabinet on the plate,pick_up_the_black_bowl_in_the_top_drawer_of_the_wooden_cabinet_and_place_it_on_the_plate_language_31_view_0_0_100_0_0_initstate_0
1155,Language Instructions,4,1,pick_up_the_black_bowl_in_the_top_drawer_of_the_wooden_cabinet_and_place_it_on_the_plate,0,0,100,0,0,0,,,,,33,,,retrieve the dark bowl from the upper drawer of the wooden cupboard and set it on the plate,retrieve the dark bowl from the upper drawer of the wooden cupboard and set it on the plate,pick_up_the_black_bowl_in_the_top_drawer_of_the_wooden_cabinet_and_place_it_on_the_plate_language_33_view_0_0_100_0_0_initstate_0
1156,Language Instructions,4,1,pick_up_the_black_bowl_in_the_top_drawer_of_the_wooden_cabinet_and_place_it_on_the_plate,0,0,100,0,0,0,,,,,35,,,its time to set the table pick up the black bowl in the top drawer of the wooden cabinet and place it on the plate,its time to set the table pick up the black bowl in the top drawer of the wooden cabinet and place it on the plate,pick_up_the_black_bowl_in_the_top_drawer_of_the_wooden_cabinet_and_place_it_on_the_plate_language_35_view_0_0_100_0_0_initstate_0
1157,Language Instructions,4,1,pick_up_the_black_bowl_in_the_top_drawer_of_the_wooden_cabinet_and_place_it_on_the_plate,0,0,100,0,0,0,,,,,36,,,lift the black bowl from the upper drawer of the wooden cupboard and set it on the plate,lift the black bowl from the upper drawer of the wooden cupboard and set it on the plate,pick_up_the_black_bowl_in_the_top_drawer_of_the_wooden_cabinet_and_place_it_on_the_plate_language_36_view_0_0_100_0_0_initstate_0
1158,Language Instructions,2,3,pick_up_the_black_bowl_in_the_top_drawer_of_the_wooden_cabinet_and_place_it_on_the_plate,0,0,100,0,0,0,,,,,37,,,retrieve the dark bowl from the upper drawer of the timber cupboard and set it upon the dish,retrieve the dark bowl from the upper drawer of the timber cupboard and set it upon the dish,pick_up_the_black_bowl_in_the_top_drawer_of_the_wooden_cabinet_and_place_it_on_the_plate_language_37_view_0_0_100_0_0_initstate_0
1159,Language Instructions,2,3,pick_up_the_black_bowl_in_the_top_drawer_of_the_wooden_cabinet_and_place_it_on_the_plate,0,0,100,0,0,0,,,,,38,,,retrieve the darkhued vessel located in the uppermost storage compartment of the timber storage structure and position it on the flat dish,retrieve the darkhued vessel located in the uppermost storage compartment of the timber storage structure and position it on the flat dish,pick_up_the_black_bowl_in_the_top_drawer_of_the_wooden_cabinet_and_place_it_on_the_plate_language_38_view_0_0_100_0_0_initstate_0
1160,Language Instructions,1,4,pick_up_the_black_bowl_in_the_top_drawer_of_the_wooden_cabinet_and_place_it_on_the_plate,0,0,100,0,0,0,,,,,39,,,grasp the darkhued dish stored in the upper storage compartment of the timber storage unit and set it upon the dish used for eating,grasp the darkhued dish stored in the upper storage compartment of the timber storage unit and set it upon the dish used for eating,pick_up_the_black_bowl_in_the_top_drawer_of_the_wooden_cabinet_and_place_it_on_the_plate_language_39_view_0_0_100_0_0_initstate_0
1161,Language Instructions,5,0,pick_up_the_black_bowl_in_the_top_drawer_of_the_wooden_cabinet_and_place_it_on_the_plate,0,0,100,0,0,0,,,,,40,,,lift the dark bowl from the upper drawer of the timber cupboard and set it on the dish,lift the dark bowl from the upper drawer of the timber cupboard and set it on the dish,pick_up_the_black_bowl_in_the_top_drawer_of_the_wooden_cabinet_and_place_it_on_the_plate_language_40_view_0_0_100_0_0_initstate_0
1162,Language Instructions,4,1,pick_up_the_black_bowl_in_the_top_drawer_of_the_wooden_cabinet_and_place_it_on_the_plate,0,0,100,0,0,0,,,,,41,,,lift the black dish from the upper drawer of the wood cupboard and set it on the plate,lift the black dish from the upper drawer of the wood cupboard and set it on the plate,pick_up_the_black_bowl_in_the_top_drawer_of_the_wooden_cabinet_and_place_it_on_the_plate_language_41_view_0_0_100_0_0_initstate_0
1163,Language Instructions,5,0,pick_up_the_black_bowl_in_the_top_drawer_of_the_wooden_cabinet_and_place_it_on_the_plate,0,0,100,0,0,0,,,,,43,,,on this lovely morning could you please pick up the black bowl from the top drawer of the wooden cabinet and place it gently on the plate,on this lovely morning could you please pick up the black bowl from the top drawer of the wooden cabinet and place it gently on the plate,pick_up_the_black_bowl_in_the_top_drawer_of_the_wooden_cabinet_and_place_it_on_the_plate_language_43_view_0_0_100_0_0_initstate_0
1164,Language Instructions,5,0,pick_up_the_black_bowl_in_the_top_drawer_of_the_wooden_cabinet_and_place_it_on_the_plate,0,0,100,0,0,0,,,,,44,,,pick up the darkcolored circular container in the uppermost storage compartment of the timber storage unit and place it on the flat dish,pick up the darkcolored circular container in the uppermost storage compartment of the timber storage unit and place it on the flat dish,pick_up_the_black_bowl_in_the_top_drawer_of_the_wooden_cabinet_and_place_it_on_the_plate_language_44_view_0_0_100_0_0_initstate_0
1165,Language Instructions,1,4,pick_up_the_black_bowl_in_the_top_drawer_of_the_wooden_cabinet_and_place_it_on_the_plate,0,0,100,0,0,0,,,,,45,,,retrieve the darkcolored receptacle situated within the uppermost storage compartment of the timber storage unit and position it onto the dish,retrieve the darkcolored receptacle situated within the uppermost storage compartment of the timber storage unit and position it onto the dish,pick_up_the_black_bowl_in_the_top_drawer_of_the_wooden_cabinet_and_place_it_on_the_plate_language_45_view_0_0_100_0_0_initstate_0
1166,Language Instructions,2,3,pick_up_the_black_bowl_in_the_top_drawer_of_the_wooden_cabinet_and_place_it_on_the_plate,0,0,100,0,0,0,,,,,46,,,pick up the darkhued rounded kitchen container from the uppermost sliding compartment in the timber storage unit and place it on the flat dish,pick up the darkhued rounded kitchen container from the uppermost sliding compartment in the timber storage unit and place it on the flat dish,pick_up_the_black_bowl_in_the_top_drawer_of_the_wooden_cabinet_and_place_it_on_the_plate_language_46_view_0_0_100_0_0_initstate_0
1167,Language Instructions,1,4,pick_up_the_black_bowl_in_the_top_drawer_of_the_wooden_cabinet_and_place_it_on_the_plate,0,0,100,0,0,0,,,,,48,,,could you move the black bowl from the top drawer of the wooden cabinet to the plate please,could you move the black bowl from the top drawer of the wooden cabinet to the plate please,pick_up_the_black_bowl_in_the_top_drawer_of_the_wooden_cabinet_and_place_it_on_the_plate_language_48_view_0_0_100_0_0_initstate_0
1168,Language Instructions,5,0,pick_up_the_black_bowl_in_the_top_drawer_of_the_wooden_cabinet_and_place_it_on_the_plate,0,0,100,0,0,0,,,,,49,,,retrieve the darkhued vessel stored within the uppermost compartment of the timber storage unit and position it on the dish,retrieve the darkhued vessel stored within the uppermost compartment of the timber storage unit and position it on the dish,pick_up_the_black_bowl_in_the_top_drawer_of_the_wooden_cabinet_and_place_it_on_the_plate_language_49_view_0_0_100_0_0_initstate_0
1169,Language Instructions,2,3,pick_up_the_black_bowl_on_the_ramekin_and_place_it_on_the_plate,0,0,100,0,0,0,,,,,1,,,grasp the dark bowl atop the small dish and set it on the plate,grasp the dark bowl atop the small dish and set it on the plate,pick_up_the_black_bowl_on_the_ramekin_and_place_it_on_the_plate_language_1_view_0_0_100_0_0_initstate_0
1170,Language Instructions,1,4,pick_up_the_black_bowl_on_the_ramekin_and_place_it_on_the_plate,0,0,100,0,0,0,,,,,2,,,grasp the black dish atop the small ceramic and set it on the platter,grasp the black dish atop the small ceramic and set it on the platter,pick_up_the_black_bowl_on_the_ramekin_and_place_it_on_the_plate_language_2_view_0_0_100_0_0_initstate_0
1171,Language Instructions,2,3,pick_up_the_black_bowl_on_the_ramekin_and_place_it_on_the_plate,0,0,100,0,0,0,,,,,6,,,on this lovely afternoon would you mind picking up the black bowl from the ramekin and transferring it to the plate,on this lovely afternoon would you mind picking up the black bowl from the ramekin and transferring it to the plate,pick_up_the_black_bowl_on_the_ramekin_and_place_it_on_the_plate_language_6_view_0_0_100_0_0_initstate_0
1172,Language Instructions,5,0,pick_up_the_black_bowl_on_the_ramekin_and_place_it_on_the_plate,0,0,100,0,0,0,,,,,8,,,the black bowl needs to be moved please pick it up from the ramekin and place it gently on the plate,the black bowl needs to be moved please pick it up from the ramekin and place it gently on the plate,pick_up_the_black_bowl_on_the_ramekin_and_place_it_on_the_plate_language_8_view_0_0_100_0_0_initstate_0
1173,Language Instructions,3,2,pick_up_the_black_bowl_on_the_ramekin_and_place_it_on_the_plate,0,0,100,0,0,0,,,,,10,,,pick up the darkcolored concave dish on the small ceramic dish and place it on the broad flat dish serving as a base for meals,pick up the darkcolored concave dish on the small ceramic dish and place it on the broad flat dish serving as a base for meals,pick_up_the_black_bowl_on_the_ramekin_and_place_it_on_the_plate_language_10_view_0_0_100_0_0_initstate_0
1174,Language Instructions,4,1,pick_up_the_black_bowl_on_the_ramekin_and_place_it_on_the_plate,0,0,100,0,0,0,,,,,13,,,grasp the darkcolored dish resting on the small glazed ceramic dish and relocate it to the flat dish used for serving meals,grasp the darkcolored dish resting on the small glazed ceramic dish and relocate it to the flat dish used for serving meals,pick_up_the_black_bowl_on_the_ramekin_and_place_it_on_the_plate_language_13_view_0_0_100_0_0_initstate_0
1175,Language Instructions,4,1,pick_up_the_black_bowl_on_the_ramekin_and_place_it_on_the_plate,0,0,100,0,0,0,,,,,14,,,pick up the darkhued circular container on the small glazed ceramic dish and place it on the flat dishware for serving food,pick up the darkhued circular container on the small glazed ceramic dish and place it on the flat dishware for serving food,pick_up_the_black_bowl_on_the_ramekin_and_place_it_on_the_plate_language_14_view_0_0_100_0_0_initstate_0
1176,Language Instructions,1,4,pick_up_the_black_bowl_on_the_ramekin_and_place_it_on_the_plate,0,0,100,0,0,0,,,,,15,,,could you ensure that the black bowl from the ramekin is now on the plate,could you ensure that the black bowl from the ramekin is now on the plate,pick_up_the_black_bowl_on_the_ramekin_and_place_it_on_the_plate_language_15_view_0_0_100_0_0_initstate_0
1177,Language Instructions,3,2,pick_up_the_black_bowl_on_the_ramekin_and_place_it_on_the_plate,0,0,100,0,0,0,,,,,16,,,id appreciate if you could handle the black bowl pick it up from the ramekin and set it on the plate,id appreciate if you could handle the black bowl pick it up from the ramekin and set it on the plate,pick_up_the_black_bowl_on_the_ramekin_and_place_it_on_the_plate_language_16_view_0_0_100_0_0_initstate_0
1178,Language Instructions,3,2,pick_up_the_black_bowl_on_the_ramekin_and_place_it_on_the_plate,0,0,100,0,0,0,,,,,18,,,grasp the dark bowl positioned on the ramekin and set it onto the dish,grasp the dark bowl positioned on the ramekin and set it onto the dish,pick_up_the_black_bowl_on_the_ramekin_and_place_it_on_the_plate_language_18_view_0_0_100_0_0_initstate_0
1179,Language Instructions,4,1,pick_up_the_black_bowl_on_the_ramekin_and_place_it_on_the_plate,0,0,100,0,0,0,,,,,19,,,the black ceramic bowl needs relocating lift it from the ramekin and place it on the clean plate,the black ceramic bowl needs relocating lift it from the ramekin and place it on the clean plate,pick_up_the_black_bowl_on_the_ramekin_and_place_it_on_the_plate_language_19_view_0_0_100_0_0_initstate_0
1180,Language Instructions,4,1,pick_up_the_black_bowl_on_the_ramekin_and_place_it_on_the_plate,0,0,100,0,0,0,,,,,20,,,could you arrange the black bowl from the ramekin onto the plate,could you arrange the black bowl from the ramekin onto the plate,pick_up_the_black_bowl_on_the_ramekin_and_place_it_on_the_plate_language_20_view_0_0_100_0_0_initstate_0
1181,Language Instructions,4,1,pick_up_the_black_bowl_on_the_ramekin_and_place_it_on_the_plate,0,0,100,0,0,0,,,,,21,,,lift the black dish from the small ceramic holder and position it on the platter,lift the black dish from the small ceramic holder and position it on the platter,pick_up_the_black_bowl_on_the_ramekin_and_place_it_on_the_plate_language_21_view_0_0_100_0_0_initstate_0
1182,Language Instructions,3,2,pick_up_the_black_bowl_on_the_ramekin_and_place_it_on_the_plate,0,0,100,0,0,0,,,,,23,,,ensure the black bowl thats on the ramekin is placed on the plate,ensure the black bowl thats on the ramekin is placed on the plate,pick_up_the_black_bowl_on_the_ramekin_and_place_it_on_the_plate_language_23_view_0_0_100_0_0_initstate_0
1183,Language Instructions,1,4,pick_up_the_black_bowl_on_the_ramekin_and_place_it_on_the_plate,0,0,100,0,0,0,,,,,25,,,lift the black dish from the ramekin and set it on the plate,lift the black dish from the ramekin and set it on the plate,pick_up_the_black_bowl_on_the_ramekin_and_place_it_on_the_plate_language_25_view_0_0_100_0_0_initstate_0
1184,Language Instructions,2,3,pick_up_the_black_bowl_on_the_ramekin_and_place_it_on_the_plate,0,0,100,0,0,0,,,,,26,,,grasp the darkhued container resting on the small glazed ceramic dish and set it atop the flat dish used for serving meals,grasp the darkhued container resting on the small glazed ceramic dish and set it atop the flat dish used for serving meals,pick_up_the_black_bowl_on_the_ramekin_and_place_it_on_the_plate_language_26_view_0_0_100_0_0_initstate_0
1185,Language Instructions,2,3,pick_up_the_black_bowl_on_the_ramekin_and_place_it_on_the_plate,0,0,100,0,0,0,,,,,27,,,pick up the darkhued circular container resting on the small glazed baking dish and place it on the flat dish for serving food,pick up the darkhued circular container resting on the small glazed baking dish and place it on the flat dish for serving food,pick_up_the_black_bowl_on_the_ramekin_and_place_it_on_the_plate_language_27_view_0_0_100_0_0_initstate_0
1186,Language Instructions,1,4,pick_up_the_black_bowl_on_the_ramekin_and_place_it_on_the_plate,0,0,100,0,0,0,,,,,28,,,lift the darkcolored round vessel located atop the small glazed ceramic dish and set it down on the flat dish used for serving meals,lift the darkcolored round vessel located atop the small glazed ceramic dish and set it down on the flat dish used for serving meals,pick_up_the_black_bowl_on_the_ramekin_and_place_it_on_the_plate_language_28_view_0_0_100_0_0_initstate_0
1187,Language Instructions,2,3,pick_up_the_black_bowl_on_the_ramekin_and_place_it_on_the_plate,0,0,100,0,0,0,,,,,29,,,our guests are arriving soon quickly transfer the black bowl from the ramekin to the serving plate,our guests are arriving soon quickly transfer the black bowl from the ramekin to the serving plate,pick_up_the_black_bowl_on_the_ramekin_and_place_it_on_the_plate_language_29_view_0_0_100_0_0_initstate_0
1188,Language Instructions,1,4,pick_up_the_black_bowl_on_the_ramekin_and_place_it_on_the_plate,0,0,100,0,0,0,,,,,30,,,in preparation for dinner would you move the black bowl from the ramekin to the large plate,in preparation for dinner would you move the black bowl from the ramekin to the large plate,pick_up_the_black_bowl_on_the_ramekin_and_place_it_on_the_plate_language_30_view_0_0_100_0_0_initstate_0
1189,Language Instructions,1,4,pick_up_the_black_bowl_on_the_ramekin_and_place_it_on_the_plate,0,0,100,0,0,0,,,,,31,,,lift the darkhued rounded container resting on the small glazed ceramic dish and set it down on the flat dish used for serving food,lift the darkhued rounded container resting on the small glazed ceramic dish and set it down on the flat dish used for serving food,pick_up_the_black_bowl_on_the_ramekin_and_place_it_on_the_plate_language_31_view_0_0_100_0_0_initstate_0
1190,Language Instructions,2,3,pick_up_the_black_bowl_on_the_ramekin_and_place_it_on_the_plate,0,0,100,0,0,0,,,,,32,,,could you put the black bowl from the ramekin onto the plate,could you put the black bowl from the ramekin onto the plate,pick_up_the_black_bowl_on_the_ramekin_and_place_it_on_the_plate_language_32_view_0_0_100_0_0_initstate_0
1191,Language Instructions,4,1,pick_up_the_black_bowl_on_the_ramekin_and_place_it_on_the_plate,0,0,100,0,0,0,,,,,34,,,remember we need to serve this soon go ahead and transfer the black bowl from the ramekin to the plate,remember we need to serve this soon go ahead and transfer the black bowl from the ramekin to the plate,pick_up_the_black_bowl_on_the_ramekin_and_place_it_on_the_plate_language_34_view_0_0_100_0_0_initstate_0
1192,Language Instructions,4,1,pick_up_the_black_bowl_on_the_ramekin_and_place_it_on_the_plate,0,0,100,0,0,0,,,,,35,,,the recipe calls for this step take the black bowl from the ramekin and position it on the plate,the recipe calls for this step take the black bowl from the ramekin and position it on the plate,pick_up_the_black_bowl_on_the_ramekin_and_place_it_on_the_plate_language_35_view_0_0_100_0_0_initstate_0
1193,Language Instructions,4,1,pick_up_the_black_bowl_on_the_ramekin_and_place_it_on_the_plate,0,0,100,0,0,0,,,,,36,,,using both hands for safety lift the black bowl off the ramekin and place it carefully on the plate,using both hands for safety lift the black bowl off the ramekin and place it carefully on the plate,pick_up_the_black_bowl_on_the_ramekin_and_place_it_on_the_plate_language_36_view_0_0_100_0_0_initstate_0
1194,Language Instructions,2,3,pick_up_the_black_bowl_on_the_ramekin_and_place_it_on_the_plate,0,0,100,0,0,0,,,,,38,,,to complete this cooking step youll need to pick up the black bowl on the ramekin and transfer it to the plate,to complete this cooking step youll need to pick up the black bowl on the ramekin and transfer it to the plate,pick_up_the_black_bowl_on_the_ramekin_and_place_it_on_the_plate_language_38_view_0_0_100_0_0_initstate_0
1195,Language Instructions,2,3,pick_up_the_black_bowl_on_the_ramekin_and_place_it_on_the_plate,0,0,100,0,0,0,,,,,42,,,carefully now pick up the black bowl thats on the ramekin and place it on the plate without spilling,carefully now pick up the black bowl thats on the ramekin and place it on the plate without spilling,pick_up_the_black_bowl_on_the_ramekin_and_place_it_on_the_plate_language_42_view_0_0_100_0_0_initstate_0
1196,Language Instructions,4,1,pick_up_the_black_bowl_on_the_ramekin_and_place_it_on_the_plate,0,0,100,0,0,0,,,,,44,,,pick up the darkcolored concave container on the small cylindrical dish and place it on the flat dish for serving food,pick up the darkcolored concave container on the small cylindrical dish and place it on the flat dish for serving food,pick_up_the_black_bowl_on_the_ramekin_and_place_it_on_the_plate_language_44_view_0_0_100_0_0_initstate_0
1197,Language Instructions,4,1,pick_up_the_black_bowl_on_the_ramekin_and_place_it_on_the_plate,0,0,100,0,0,0,,,,,46,,,could you please pick up the black bowl thats sitting on the ramekin and carefully place it onto the plate,could you please pick up the black bowl thats sitting on the ramekin and carefully place it onto the plate,pick_up_the_black_bowl_on_the_ramekin_and_place_it_on_the_plate_language_46_view_0_0_100_0_0_initstate_0
1198,Language Instructions,2,3,pick_up_the_black_bowl_on_the_ramekin_and_place_it_on_the_plate,0,0,100,0,0,0,,,,,48,,,lift the black dish from the ramekin and set it on the platter,lift the black dish from the ramekin and set it on the platter,pick_up_the_black_bowl_on_the_ramekin_and_place_it_on_the_plate_language_48_view_0_0_100_0_0_initstate_0
1199,Language Instructions,2,3,pick_up_the_black_bowl_on_the_ramekin_and_place_it_on_the_plate,0,0,100,0,0,0,,,,,49,,,lift the darkhued concave container situated atop the small glazed ceramic dish and set it upon the flat dish commonly used for serving food,lift the darkhued concave container situated atop the small glazed ceramic dish and set it upon the flat dish commonly used for serving food,pick_up_the_black_bowl_on_the_ramekin_and_place_it_on_the_plate_language_49_view_0_0_100_0_0_initstate_0
1200,Language Instructions,3,2,pick_up_the_black_bowl_on_the_ramekin_and_place_it_on_the_plate,0,0,100,0,0,0,,,,,50,,,for proper presentation transfer the black bowl thats on the ramekin to the center of the plate,for proper presentation transfer the black bowl thats on the ramekin to the center of the plate,pick_up_the_black_bowl_on_the_ramekin_and_place_it_on_the_plate_language_50_view_0_0_100_0_0_initstate_0
1201,Language Instructions,4,1,pick_up_the_black_bowl_next_to_the_cookie_box_and_place_it_on_the_plate,0,0,100,0,0,0,,,,,1,,,for our baking project kindly pick up the black bowl next to the cookie box and move it onto the plate,for our baking project kindly pick up the black bowl next to the cookie box and move it onto the plate,pick_up_the_black_bowl_next_to_the_cookie_box_and_place_it_on_the_plate_language_1_view_0_0_100_0_0_initstate_0
1202,Language Instructions,4,1,pick_up_the_black_bowl_next_to_the_cookie_box_and_place_it_on_the_plate,0,0,100,0,0,0,,,,,2,,,the black bowl near the cookie box should be on the plate would you handle that task now,the black bowl near the cookie box should be on the plate would you handle that task now,pick_up_the_black_bowl_next_to_the_cookie_box_and_place_it_on_the_plate_language_2_view_0_0_100_0_0_initstate_0
1203,Language Instructions,3,2,pick_up_the_black_bowl_next_to_the_cookie_box_and_place_it_on_the_plate,0,0,100,0,0,0,,,,,4,,,could you place the black bowl located next the cookie box onto the plate,could you place the black bowl located next the cookie box onto the plate,pick_up_the_black_bowl_next_to_the_cookie_box_and_place_it_on_the_plate_language_4_view_0_0_100_0_0_initstate_0
1204,Language Instructions,1,4,pick_up_the_black_bowl_next_to_the_cookie_box_and_place_it_on_the_plate,0,0,100,0,0,0,,,,,5,,,grasp the darkcolored rounded container positioned beside the container housing baked sweet treats and set it on the flat dish designed for single servings of food,grasp the darkcolored rounded container positioned beside the container housing baked sweet treats and set it on the flat dish designed for single servings of food,pick_up_the_black_bowl_next_to_the_cookie_box_and_place_it_on_the_plate_language_5_view_0_0_100_0_0_initstate_0
1205,Language Instructions,1,4,pick_up_the_black_bowl_next_to_the_cookie_box_and_place_it_on_the_plate,0,0,100,0,0,0,,,,,6,,,lift the darkhued dish positioned adjacent to the container of baked treats and set it atop the dish designed for individual servings,lift the darkhued dish positioned adjacent to the container of baked treats and set it atop the dish designed for individual servings,pick_up_the_black_bowl_next_to_the_cookie_box_and_place_it_on_the_plate_language_6_view_0_0_100_0_0_initstate_0
1206,Language Instructions,3,2,pick_up_the_black_bowl_next_to_the_cookie_box_and_place_it_on_the_plate,0,0,100,0,0,0,,,,,7,,,pick up the darkcolored rounded container adjacent to the package containing baked sweets and place it on the flat dish designed for serving food,pick up the darkcolored rounded container adjacent to the package containing baked sweets and place it on the flat dish designed for serving food,pick_up_the_black_bowl_next_to_the_cookie_box_and_place_it_on_the_plate_language_7_view_0_0_100_0_0_initstate_0
1207,Language Instructions,1,4,pick_up_the_black_bowl_next_to_the_cookie_box_and_place_it_on_the_plate,0,0,100,0,0,0,,,,,9,,,grasp the darkcolored vessel adjacent to the container holding baked sweet treats and relocate it atop the dish designed for serving food,grasp the darkcolored vessel adjacent to the container holding baked sweet treats and relocate it atop the dish designed for serving food,pick_up_the_black_bowl_next_to_the_cookie_box_and_place_it_on_the_plate_language_9_view_0_0_100_0_0_initstate_0
1208,Language Instructions,4,1,pick_up_the_black_bowl_next_to_the_cookie_box_and_place_it_on_the_plate,0,0,100,0,0,0,,,,,10,,,can you put the black bowl next to the cookie box onto the plate for me,can you put the black bowl next to the cookie box onto the plate for me,pick_up_the_black_bowl_next_to_the_cookie_box_and_place_it_on_the_plate_language_10_view_0_0_100_0_0_initstate_0
1209,Language Instructions,4,1,pick_up_the_black_bowl_next_to_the_cookie_box_and_place_it_on_the_plate,0,0,100,0,0,0,,,,,11,,,for proper organization please pick up the black bowl located next to the cookie box and set it on the plate,for proper organization please pick up the black bowl located next to the cookie box and set it on the plate,pick_up_the_black_bowl_next_to_the_cookie_box_and_place_it_on_the_plate_language_11_view_0_0_100_0_0_initstate_0
1210,Language Instructions,2,3,pick_up_the_black_bowl_next_to_the_cookie_box_and_place_it_on_the_plate,0,0,100,0,0,0,,,,,12,,,would you mind picking up that black bowl near the cookie box and transferring it to the plate dinner is almost ready,would you mind picking up that black bowl near the cookie box and transferring it to the plate dinner is almost ready,pick_up_the_black_bowl_next_to_the_cookie_box_and_place_it_on_the_plate_language_12_view_0_0_100_0_0_initstate_0
1211,Language Instructions,4,1,pick_up_the_black_bowl_next_to_the_cookie_box_and_place_it_on_the_plate,0,0,100,0,0,0,,,,,13,,,after washing your hands pick up the black bowl beside the cookie box and put it on the clean plate,after washing your hands pick up the black bowl beside the cookie box and put it on the clean plate,pick_up_the_black_bowl_next_to_the_cookie_box_and_place_it_on_the_plate_language_13_view_0_0_100_0_0_initstate_0
1212,Language Instructions,1,4,pick_up_the_black_bowl_next_to_the_cookie_box_and_place_it_on_the_plate,0,0,100,0,0,0,,,,,14,,,find the black bowl adjacent to the cookie box pick it up and position it onto the plate dont touch the glass cups nearby,find the black bowl adjacent to the cookie box pick it up and position it onto the plate dont touch the glass cups nearby,pick_up_the_black_bowl_next_to_the_cookie_box_and_place_it_on_the_plate_language_14_view_0_0_100_0_0_initstate_0
1213,Language Instructions,1,4,pick_up_the_black_bowl_next_to_the_cookie_box_and_place_it_on_the_plate,0,0,100,0,0,0,,,,,15,,,pick up the darkhued vessel located adjacent to the container holding baked treats and place it on the dish for serving food,pick up the darkhued vessel located adjacent to the container holding baked treats and place it on the dish for serving food,pick_up_the_black_bowl_next_to_the_cookie_box_and_place_it_on_the_plate_language_15_view_0_0_100_0_0_initstate_0
1214,Language Instructions,3,2,pick_up_the_black_bowl_next_to_the_cookie_box_and_place_it_on_the_plate,0,0,100,0,0,0,,,,,16,,,before the cookies cool pick up the black bowl next to their box and transfer it to the plate,before the cookies cool pick up the black bowl next to their box and transfer it to the plate,pick_up_the_black_bowl_next_to_the_cookie_box_and_place_it_on_the_plate_language_16_view_0_0_100_0_0_initstate_0
1215,Language Instructions,4,1,pick_up_the_black_bowl_next_to_the_cookie_box_and_place_it_on_the_plate,0,0,100,0,0,0,,,,,17,,,the black bowl by the cookie box needs to be on the plate please make that happen now,the black bowl by the cookie box needs to be on the plate please make that happen now,pick_up_the_black_bowl_next_to_the_cookie_box_and_place_it_on_the_plate_language_17_view_0_0_100_0_0_initstate_0
1216,Language Instructions,1,4,pick_up_the_black_bowl_next_to_the_cookie_box_and_place_it_on_the_plate,0,0,100,0,0,0,,,,,18,,,on this lovely afternoon could you pick up the black bowl beside the cookie box and set it on the plate,on this lovely afternoon could you pick up the black bowl beside the cookie box and set it on the plate,pick_up_the_black_bowl_next_to_the_cookie_box_and_place_it_on_the_plate_language_18_view_0_0_100_0_0_initstate_0
1217,Language Instructions,1,4,pick_up_the_black_bowl_next_to_the_cookie_box_and_place_it_on_the_plate,0,0,100,0,0,0,,,,,19,,,pick up the darkcolored rounded container adjacent to the container filled with baked treats and place it on the dish used for serving food,pick up the darkcolored rounded container adjacent to the container filled with baked treats and place it on the dish used for serving food,pick_up_the_black_bowl_next_to_the_cookie_box_and_place_it_on_the_plate_language_19_view_0_0_100_0_0_initstate_0
1218,Language Instructions,2,3,pick_up_the_black_bowl_next_to_the_cookie_box_and_place_it_on_the_plate,0,0,100,0,0,0,,,,,20,,,for our next cooking step please retrieve the black bowl next to the cookie box and place it on the plate,for our next cooking step please retrieve the black bowl next to the cookie box and place it on the plate,pick_up_the_black_bowl_next_to_the_cookie_box_and_place_it_on_the_plate_language_20_view_0_0_100_0_0_initstate_0
1219,Language Instructions,2,3,pick_up_the_black_bowl_next_to_the_cookie_box_and_place_it_on_the_plate,0,0,100,0,0,0,,,,,21,,,grasp the dark bowl adjacent to the biscuit container and set it on the dish,grasp the dark bowl adjacent to the biscuit container and set it on the dish,pick_up_the_black_bowl_next_to_the_cookie_box_and_place_it_on_the_plate_language_21_view_0_0_100_0_0_initstate_0
1220,Language Instructions,4,1,pick_up_the_black_bowl_next_to_the_cookie_box_and_place_it_on_the_plate,0,0,100,0,0,0,,,,,22,,,id appreciate if you could pick up the black bowl next to the cookie box and place it on the plate for me,id appreciate if you could pick up the black bowl next to the cookie box and place it on the plate for me,pick_up_the_black_bowl_next_to_the_cookie_box_and_place_it_on_the_plate_language_22_view_0_0_100_0_0_initstate_0
1221,Language Instructions,4,1,pick_up_the_black_bowl_next_to_the_cookie_box_and_place_it_on_the_plate,0,0,100,0,0,0,,,,,23,,,pick up the darkcolored round container adjacent to the rectangular receptacle for baked treats and position it on the flat dish,pick up the darkcolored round container adjacent to the rectangular receptacle for baked treats and position it on the flat dish,pick_up_the_black_bowl_next_to_the_cookie_box_and_place_it_on_the_plate_language_23_view_0_0_100_0_0_initstate_0
1222,Language Instructions,1,4,pick_up_the_black_bowl_next_to_the_cookie_box_and_place_it_on_the_plate,0,0,100,0,0,0,,,,,24,,,could you place the black bowl which is near the cookie box onto the plate for me,could you place the black bowl which is near the cookie box onto the plate for me,pick_up_the_black_bowl_next_to_the_cookie_box_and_place_it_on_the_plate_language_24_view_0_0_100_0_0_initstate_0
1223,Language Instructions,1,4,pick_up_the_black_bowl_next_to_the_cookie_box_and_place_it_on_the_plate,0,0,100,0,0,0,,,,,25,,,could you do me a favor pick up that black bowl next to the cookie box and move it to the plate,could you do me a favor pick up that black bowl next to the cookie box and move it to the plate,pick_up_the_black_bowl_next_to_the_cookie_box_and_place_it_on_the_plate_language_25_view_0_0_100_0_0_initstate_0
1224,Language Instructions,5,0,pick_up_the_black_bowl_next_to_the_cookie_box_and_place_it_on_the_plate,0,0,100,0,0,0,,,,,26,,,lift the black dish adjacent to the biscuit container and set it on the platter,lift the black dish adjacent to the biscuit container and set it on the platter,pick_up_the_black_bowl_next_to_the_cookie_box_and_place_it_on_the_plate_language_26_view_0_0_100_0_0_initstate_0
1225,Language Instructions,1,4,pick_up_the_black_bowl_next_to_the_cookie_box_and_place_it_on_the_plate,0,0,100,0,0,0,,,,,27,,,pick up the black bowl adjacent to the cookie box yes that one and place it securely on the plate,pick up the black bowl adjacent to the cookie box yes that one and place it securely on the plate,pick_up_the_black_bowl_next_to_the_cookie_box_and_place_it_on_the_plate_language_27_view_0_0_100_0_0_initstate_0
1226,Language Instructions,1,4,pick_up_the_black_bowl_next_to_the_cookie_box_and_place_it_on_the_plate,0,0,100,0,0,0,,,,,28,,,grab the dark bowl near the biscuit container and position it on the dish,grab the dark bowl near the biscuit container and position it on the dish,pick_up_the_black_bowl_next_to_the_cookie_box_and_place_it_on_the_plate_language_28_view_0_0_100_0_0_initstate_0
1227,Language Instructions,1,4,pick_up_the_black_bowl_next_to_the_cookie_box_and_place_it_on_the_plate,0,0,100,0,0,0,,,,,29,,,grasp the dark bowl beside the biscuit container and set it on the dish,grasp the dark bowl beside the biscuit container and set it on the dish,pick_up_the_black_bowl_next_to_the_cookie_box_and_place_it_on_the_plate_language_29_view_0_0_100_0_0_initstate_0
1228,Language Instructions,4,1,pick_up_the_black_bowl_next_to_the_cookie_box_and_place_it_on_the_plate,0,0,100,0,0,0,,,,,30,,,could you put the black bowl thats next to the cookie box on the plate,could you put the black bowl thats next to the cookie box on the plate,pick_up_the_black_bowl_next_to_the_cookie_box_and_place_it_on_the_plate_language_30_view_0_0_100_0_0_initstate_0
1229,Language Instructions,3,2,pick_up_the_black_bowl_next_to_the_cookie_box_and_place_it_on_the_plate,0,0,100,0,0,0,,,,,31,,,please pick up the black bowl next to the cookie box and place it carefully on the plate were preparing for guests,please pick up the black bowl next to the cookie box and place it carefully on the plate were preparing for guests,pick_up_the_black_bowl_next_to_the_cookie_box_and_place_it_on_the_plate_language_31_view_0_0_100_0_0_initstate_0
1230,Language Instructions,1,4,pick_up_the_black_bowl_next_to_the_cookie_box_and_place_it_on_the_plate,0,0,100,0,0,0,,,,,32,,,pick up the darkhued vessel located adjacent to the container holding baked sweets and place it on the dish,pick up the darkhued vessel located adjacent to the container holding baked sweets and place it on the dish,pick_up_the_black_bowl_next_to_the_cookie_box_and_place_it_on_the_plate_language_32_view_0_0_100_0_0_initstate_0
1231,Language Instructions,2,3,pick_up_the_black_bowl_next_to_the_cookie_box_and_place_it_on_the_plate,0,0,100,0,0,0,,,,,33,,,pick up the darkcolored rounded container adjacent to the cardboard container of baked treats and place it on the flat dish,pick up the darkcolored rounded container adjacent to the cardboard container of baked treats and place it on the flat dish,pick_up_the_black_bowl_next_to_the_cookie_box_and_place_it_on_the_plate_language_33_view_0_0_100_0_0_initstate_0
1232,Language Instructions,2,3,pick_up_the_black_bowl_next_to_the_cookie_box_and_place_it_on_the_plate,0,0,100,0,0,0,,,,,34,,,the recipe says pick up the black bowl next to the cookie box and place it onto the plate for mixing,the recipe says pick up the black bowl next to the cookie box and place it onto the plate for mixing,pick_up_the_black_bowl_next_to_the_cookie_box_and_place_it_on_the_plate_language_34_view_0_0_100_0_0_initstate_0
1233,Language Instructions,1,4,pick_up_the_black_bowl_next_to_the_cookie_box_and_place_it_on_the_plate,0,0,100,0,0,0,,,,,35,,,lift the dark vessel near the biscuit container and set it on the dish,lift the dark vessel near the biscuit container and set it on the dish,pick_up_the_black_bowl_next_to_the_cookie_box_and_place_it_on_the_plate_language_35_view_0_0_100_0_0_initstate_0
1234,Language Instructions,2,3,pick_up_the_black_bowl_next_to_the_cookie_box_and_place_it_on_the_plate,0,0,100,0,0,0,,,,,36,,,could you place the black bowl next to the cookie box on the plate for me,could you place the black bowl next to the cookie box on the plate for me,pick_up_the_black_bowl_next_to_the_cookie_box_and_place_it_on_the_plate_language_36_view_0_0_100_0_0_initstate_0
1235,Language Instructions,1,4,pick_up_the_black_bowl_next_to_the_cookie_box_and_place_it_on_the_plate,0,0,100,0,0,0,,,,,37,,,lift the darkcolored vessel located adjacent to the container with baked sweet treats and position it on the flat dish for serving food,lift the darkcolored vessel located adjacent to the container with baked sweet treats and position it on the flat dish for serving food,pick_up_the_black_bowl_next_to_the_cookie_box_and_place_it_on_the_plate_language_37_view_0_0_100_0_0_initstate_0
1236,Language Instructions,1,4,pick_up_the_black_bowl_next_to_the_cookie_box_and_place_it_on_the_plate,0,0,100,0,0,0,,,,,38,,,lift the black dish beside the cookie container and set it on the platter,lift the black dish beside the cookie container and set it on the platter,pick_up_the_black_bowl_next_to_the_cookie_box_and_place_it_on_the_plate_language_38_view_0_0_100_0_0_initstate_0
1237,Language Instructions,2,3,pick_up_the_black_bowl_next_to_the_cookie_box_and_place_it_on_the_plate,0,0,100,0,0,0,,,,,39,,,could you put the black bowl thats by the cookie box onto the plate,could you put the black bowl thats by the cookie box onto the plate,pick_up_the_black_bowl_next_to_the_cookie_box_and_place_it_on_the_plate_language_39_view_0_0_100_0_0_initstate_0
1238,Language Instructions,2,3,pick_up_the_black_bowl_next_to_the_cookie_box_and_place_it_on_the_plate,0,0,100,0,0,0,,,,,40,,,grab the dark bowl adjacent to the biscuit container and set it on the dish,grab the dark bowl adjacent to the biscuit container and set it on the dish,pick_up_the_black_bowl_next_to_the_cookie_box_and_place_it_on_the_plate_language_40_view_0_0_100_0_0_initstate_0
1239,Language Instructions,1,4,pick_up_the_black_bowl_next_to_the_cookie_box_and_place_it_on_the_plate,0,0,100,0,0,0,,,,,41,,,could you put the black bowl next to the cookie box on the plate,could you put the black bowl next to the cookie box on the plate,pick_up_the_black_bowl_next_to_the_cookie_box_and_place_it_on_the_plate_language_41_view_0_0_100_0_0_initstate_0
1240,Language Instructions,4,1,pick_up_the_black_bowl_next_to_the_cookie_box_and_place_it_on_the_plate,0,0,100,0,0,0,,,,,42,,,retrieve the black dish adjacent to the biscuit container and set it on the platter,retrieve the black dish adjacent to the biscuit container and set it on the platter,pick_up_the_black_bowl_next_to_the_cookie_box_and_place_it_on_the_plate_language_42_view_0_0_100_0_0_initstate_0
1241,Language Instructions,4,1,pick_up_the_black_bowl_next_to_the_cookie_box_and_place_it_on_the_plate,0,0,100,0,0,0,,,,,43,,,pick up the black bowl you see next to the cookie box and place it gently on the plate avoid spilling anything,pick up the black bowl you see next to the cookie box and place it gently on the plate avoid spilling anything,pick_up_the_black_bowl_next_to_the_cookie_box_and_place_it_on_the_plate_language_43_view_0_0_100_0_0_initstate_0
1242,Language Instructions,1,4,pick_up_the_black_bowl_next_to_the_cookie_box_and_place_it_on_the_plate,0,0,100,0,0,0,,,,,44,,,pick up the darkcolored vessel next to the container holding sweet baked treats and place it on the flat dish for serving food,pick up the darkcolored vessel next to the container holding sweet baked treats and place it on the flat dish for serving food,pick_up_the_black_bowl_next_to_the_cookie_box_and_place_it_on_the_plate_language_44_view_0_0_100_0_0_initstate_0
1243,Language Instructions,4,1,pick_up_the_black_bowl_next_to_the_cookie_box_and_place_it_on_the_plate,0,0,100,0,0,0,,,,,45,,,lift the darkcolored rounded container situated beside the container holding baked sweet treats and set it down upon the flat circular dish,lift the darkcolored rounded container situated beside the container holding baked sweet treats and set it down upon the flat circular dish,pick_up_the_black_bowl_next_to_the_cookie_box_and_place_it_on_the_plate_language_45_view_0_0_100_0_0_initstate_0
1244,Language Instructions,4,1,pick_up_the_black_bowl_next_to_the_cookie_box_and_place_it_on_the_plate,0,0,100,0,0,0,,,,,46,,,pick up the darkcolored rounded container next to the container of baked sweet treats and place it on the flat dish,pick up the darkcolored rounded container next to the container of baked sweet treats and place it on the flat dish,pick_up_the_black_bowl_next_to_the_cookie_box_and_place_it_on_the_plate_language_46_view_0_0_100_0_0_initstate_0
1245,Language Instructions,4,1,pick_up_the_black_bowl_next_to_the_cookie_box_and_place_it_on_the_plate,0,0,100,0,0,0,,,,,47,,,lift the dark bowl adjacent to the biscuit container and set it on the dish,lift the dark bowl adjacent to the biscuit container and set it on the dish,pick_up_the_black_bowl_next_to_the_cookie_box_and_place_it_on_the_plate_language_47_view_0_0_100_0_0_initstate_0
1246,Language Instructions,1,4,pick_up_the_black_bowl_next_to_the_cookie_box_and_place_it_on_the_plate,0,0,100,0,0,0,,,,,48,,,grab the darkhued rounded container situated adjacent to the rectangular container of baked sweets and set it down on the flat circular dish,grab the darkhued rounded container situated adjacent to the rectangular container of baked sweets and set it down on the flat circular dish,pick_up_the_black_bowl_next_to_the_cookie_box_and_place_it_on_the_plate_language_48_view_0_0_100_0_0_initstate_0
1247,Language Instructions,4,1,pick_up_the_black_bowl_on_the_stove_and_place_it_on_the_plate,0,0,100,0,0,0,,,,,1,,,grasp the darkcolored vessel situated on the cooking appliance and relocate it to rest upon the flat dish,grasp the darkcolored vessel situated on the cooking appliance and relocate it to rest upon the flat dish,pick_up_the_black_bowl_on_the_stove_and_place_it_on_the_plate_language_1_view_0_0_100_0_0_initstate_0
1248,Language Instructions,1,4,pick_up_the_black_bowl_on_the_stove_and_place_it_on_the_plate,0,0,100,0,0,0,,,,,2,,,after washing your hands please pick up the black bowl from the stove and place it on the plate,after washing your hands please pick up the black bowl from the stove and place it on the plate,pick_up_the_black_bowl_on_the_stove_and_place_it_on_the_plate_language_2_view_0_0_100_0_0_initstate_0
1249,Language Instructions,4,1,pick_up_the_black_bowl_on_the_stove_and_place_it_on_the_plate,0,0,100,0,0,0,,,,,3,,,the black ceramic bowl needs relocating please move it from the stove surface to the plate,the black ceramic bowl needs relocating please move it from the stove surface to the plate,pick_up_the_black_bowl_on_the_stove_and_place_it_on_the_plate_language_3_view_0_0_100_0_0_initstate_0
1250,Language Instructions,3,2,pick_up_the_black_bowl_on_the_stove_and_place_it_on_the_plate,0,0,100,0,0,0,,,,,5,,,lift the darkcolored container located on the cooking appliance and set it on the dish,lift the darkcolored container located on the cooking appliance and set it on the dish,pick_up_the_black_bowl_on_the_stove_and_place_it_on_the_plate_language_5_view_0_0_100_0_0_initstate_0
1251,Language Instructions,2,3,pick_up_the_black_bowl_on_the_stove_and_place_it_on_the_plate,0,0,100,0,0,0,,,,,6,,,grasp the black bowl on the stove and set it on the plate,grasp the black bowl on the stove and set it on the plate,pick_up_the_black_bowl_on_the_stove_and_place_it_on_the_plate_language_6_view_0_0_100_0_0_initstate_0
1252,Language Instructions,4,1,pick_up_the_black_bowl_on_the_stove_and_place_it_on_the_plate,0,0,100,0,0,0,,,,,7,,,for our dinner setup pick up the black bowl on the stove and place it gently on the plate nearby,for our dinner setup pick up the black bowl on the stove and place it gently on the plate nearby,pick_up_the_black_bowl_on_the_stove_and_place_it_on_the_plate_language_7_view_0_0_100_0_0_initstate_0
1253,Language Instructions,1,4,pick_up_the_black_bowl_on_the_stove_and_place_it_on_the_plate,0,0,100,0,0,0,,,,,10,,,lift the dark cooking vessel positioned on the cooking appliance and set it onto the dish,lift the dark cooking vessel positioned on the cooking appliance and set it onto the dish,pick_up_the_black_bowl_on_the_stove_and_place_it_on_the_plate_language_10_view_0_0_100_0_0_initstate_0
1254,Language Instructions,2,3,pick_up_the_black_bowl_on_the_stove_and_place_it_on_the_plate,0,0,100,0,0,0,,,,,11,,,as the next step in our meal prep transfer the black bowl from the stove to the waiting plate,as the next step in our meal prep transfer the black bowl from the stove to the waiting plate,pick_up_the_black_bowl_on_the_stove_and_place_it_on_the_plate_language_11_view_0_0_100_0_0_initstate_0
1255,Language Instructions,3,2,pick_up_the_black_bowl_on_the_stove_and_place_it_on_the_plate,0,0,100,0,0,0,,,,,12,,,please put the black bowl from the stove onto the plate,please put the black bowl from the stove onto the plate,pick_up_the_black_bowl_on_the_stove_and_place_it_on_the_plate_language_12_view_0_0_100_0_0_initstate_0
1256,Language Instructions,1,4,pick_up_the_black_bowl_on_the_stove_and_place_it_on_the_plate,0,0,100,0,0,0,,,,,13,,,the recipe calls for the black bowl to be moved please take it from the stove to the plate,the recipe calls for the black bowl to be moved please take it from the stove to the plate,pick_up_the_black_bowl_on_the_stove_and_place_it_on_the_plate_language_13_view_0_0_100_0_0_initstate_0
1257,Language Instructions,4,1,pick_up_the_black_bowl_on_the_stove_and_place_it_on_the_plate,0,0,100,0,0,0,,,,,14,,,the cooking show host suggests you now move the black bowl from the stove to the plate,the cooking show host suggests you now move the black bowl from the stove to the plate,pick_up_the_black_bowl_on_the_stove_and_place_it_on_the_plate_language_14_view_0_0_100_0_0_initstate_0
1258,Language Instructions,2,3,pick_up_the_black_bowl_on_the_stove_and_place_it_on_the_plate,0,0,100,0,0,0,,,,,15,,,lift the darkhued circular container positioned on the cooking appliance and set it down onto the flat dish,lift the darkhued circular container positioned on the cooking appliance and set it down onto the flat dish,pick_up_the_black_bowl_on_the_stove_and_place_it_on_the_plate_language_15_view_0_0_100_0_0_initstate_0
1259,Language Instructions,1,4,pick_up_the_black_bowl_on_the_stove_and_place_it_on_the_plate,0,0,100,0,0,0,,,,,16,,,lift the darkcolored rounded container situated on the cooking appliance and set it onto the flat dish,lift the darkcolored rounded container situated on the cooking appliance and set it onto the flat dish,pick_up_the_black_bowl_on_the_stove_and_place_it_on_the_plate_language_16_view_0_0_100_0_0_initstate_0
1260,Language Instructions,4,1,pick_up_the_black_bowl_on_the_stove_and_place_it_on_the_plate,0,0,100,0,0,0,,,,,17,,,grasp the darkcolored round container for mixing ingredients found on the cooking range and put it on the flat dish for serving food,grasp the darkcolored round container for mixing ingredients found on the cooking range and put it on the flat dish for serving food,pick_up_the_black_bowl_on_the_stove_and_place_it_on_the_plate_language_17_view_0_0_100_0_0_initstate_0
1261,Language Instructions,1,4,pick_up_the_black_bowl_on_the_stove_and_place_it_on_the_plate,0,0,100,0,0,0,,,,,18,,,the black bowl is in the wrong place please correct this by moving it from stove to plate,the black bowl is in the wrong place please correct this by moving it from stove to plate,pick_up_the_black_bowl_on_the_stove_and_place_it_on_the_plate_language_18_view_0_0_100_0_0_initstate_0
1262,Language Instructions,4,1,pick_up_the_black_bowl_on_the_stove_and_place_it_on_the_plate,0,0,100,0,0,0,,,,,19,,,for proper table setting please move the black bowl from the stove to its place on the plate,for proper table setting please move the black bowl from the stove to its place on the plate,pick_up_the_black_bowl_on_the_stove_and_place_it_on_the_plate_language_19_view_0_0_100_0_0_initstate_0
1263,Language Instructions,1,4,pick_up_the_black_bowl_on_the_stove_and_place_it_on_the_plate,0,0,100,0,0,0,,,,,21,,,lift the black dish from the cooktop and set it on the plate,lift the black dish from the cooktop and set it on the plate,pick_up_the_black_bowl_on_the_stove_and_place_it_on_the_plate_language_21_view_0_0_100_0_0_initstate_0
1264,Language Instructions,1,4,pick_up_the_black_bowl_on_the_stove_and_place_it_on_the_plate,0,0,100,0,0,0,,,,,23,,,lift the black dish from the stove and set it on the platter,lift the black dish from the stove and set it on the platter,pick_up_the_black_bowl_on_the_stove_and_place_it_on_the_plate_language_23_view_0_0_100_0_0_initstate_0
1265,Language Instructions,5,0,pick_up_the_black_bowl_on_the_stove_and_place_it_on_the_plate,0,0,100,0,0,0,,,,,25,,,grasp the darkhued vessel resting on the cooking appliance and set it down on the flat dish,grasp the darkhued vessel resting on the cooking appliance and set it down on the flat dish,pick_up_the_black_bowl_on_the_stove_and_place_it_on_the_plate_language_25_view_0_0_100_0_0_initstate_0
1266,Language Instructions,2,3,pick_up_the_black_bowl_on_the_stove_and_place_it_on_the_plate,0,0,100,0,0,0,,,,,26,,,pick up the darkhued cooking container on the cooking appliance and place it on the flat dish,pick up the darkhued cooking container on the cooking appliance and place it on the flat dish,pick_up_the_black_bowl_on_the_stove_and_place_it_on_the_plate_language_26_view_0_0_100_0_0_initstate_0
1267,Language Instructions,1,4,pick_up_the_black_bowl_on_the_stove_and_place_it_on_the_plate,0,0,100,0,0,0,,,,,27,,,in preparation for serving relocate the black bowl from its current position on the stove to the plate,in preparation for serving relocate the black bowl from its current position on the stove to the plate,pick_up_the_black_bowl_on_the_stove_and_place_it_on_the_plate_language_27_view_0_0_100_0_0_initstate_0
1268,Language Instructions,3,2,pick_up_the_black_bowl_on_the_stove_and_place_it_on_the_plate,0,0,100,0,0,0,,,,,29,,,could you please pick up the black bowl thats on the stove and carefully place it onto the plate,could you please pick up the black bowl thats on the stove and carefully place it onto the plate,pick_up_the_black_bowl_on_the_stove_and_place_it_on_the_plate_language_29_view_0_0_100_0_0_initstate_0
1269,Language Instructions,1,4,pick_up_the_black_bowl_on_the_stove_and_place_it_on_the_plate,0,0,100,0,0,0,,,,,30,,,grasp hold of the darkhued vessel located on the appliance used for cooking and set it atop the dish used for serving food,grasp hold of the darkhued vessel located on the appliance used for cooking and set it atop the dish used for serving food,pick_up_the_black_bowl_on_the_stove_and_place_it_on_the_plate_language_30_view_0_0_100_0_0_initstate_0
1270,Language Instructions,2,3,pick_up_the_black_bowl_on_the_stove_and_place_it_on_the_plate,0,0,100,0,0,0,,,,,33,,,lift the dark bowl from the stove and set it onto the plate,lift the dark bowl from the stove and set it onto the plate,pick_up_the_black_bowl_on_the_stove_and_place_it_on_the_plate_language_33_view_0_0_100_0_0_initstate_0
1271,Language Instructions,1,4,pick_up_the_black_bowl_on_the_stove_and_place_it_on_the_plate,0,0,100,0,0,0,,,,,36,,,lift the darkcolored rounded container situated on the cooking appliance and set it upon the flat dish,lift the darkcolored rounded container situated on the cooking appliance and set it upon the flat dish,pick_up_the_black_bowl_on_the_stove_and_place_it_on_the_plate_language_36_view_0_0_100_0_0_initstate_0
1272,Language Instructions,4,1,pick_up_the_black_bowl_on_the_stove_and_place_it_on_the_plate,0,0,100,0,0,0,,,,,38,,,as part of todays kitchen tasks please transfer the black bowl from the stove to the plate,as part of todays kitchen tasks please transfer the black bowl from the stove to the plate,pick_up_the_black_bowl_on_the_stove_and_place_it_on_the_plate_language_38_view_0_0_100_0_0_initstate_0
1273,Language Instructions,4,1,pick_up_the_black_bowl_on_the_stove_and_place_it_on_the_plate,0,0,100,0,0,0,,,,,41,,,before we start cooking could you grab the black bowl from the stove and put it on the plate,before we start cooking could you grab the black bowl from the stove and put it on the plate,pick_up_the_black_bowl_on_the_stove_and_place_it_on_the_plate_language_41_view_0_0_100_0_0_initstate_0
1274,Language Instructions,1,4,pick_up_the_black_bowl_on_the_stove_and_place_it_on_the_plate,0,0,100,0,0,0,,,,,42,,,lift the dark bowl from the stove and set it on the plate,lift the dark bowl from the stove and set it on the plate,pick_up_the_black_bowl_on_the_stove_and_place_it_on_the_plate_language_42_view_0_0_100_0_0_initstate_0
1275,Language Instructions,1,4,pick_up_the_black_bowl_on_the_stove_and_place_it_on_the_plate,0,0,100,0,0,0,,,,,43,,,grab the dark bowl from the stove and set it on the dish,grab the dark bowl from the stove and set it on the dish,pick_up_the_black_bowl_on_the_stove_and_place_it_on_the_plate_language_43_view_0_0_100_0_0_initstate_0
1276,Language Instructions,2,3,pick_up_the_black_bowl_on_the_stove_and_place_it_on_the_plate,0,0,100,0,0,0,,,,,44,,,ensure the black bowl from the stove is now sitting on the plate,ensure the black bowl from the stove is now sitting on the plate,pick_up_the_black_bowl_on_the_stove_and_place_it_on_the_plate_language_44_view_0_0_100_0_0_initstate_0
1277,Language Instructions,3,2,pick_up_the_black_bowl_on_the_stove_and_place_it_on_the_plate,0,0,100,0,0,0,,,,,46,,,lift the dark bowl from the cooker and set it on the dish,lift the dark bowl from the cooker and set it on the dish,pick_up_the_black_bowl_on_the_stove_and_place_it_on_the_plate_language_46_view_0_0_100_0_0_initstate_0
1278,Language Instructions,2,3,pick_up_the_black_bowl_on_the_stove_and_place_it_on_the_plate,0,0,100,0,0,0,,,,,47,,,can you make sure the black bowl from the stove is on the plate,can you make sure the black bowl from the stove is on the plate,pick_up_the_black_bowl_on_the_stove_and_place_it_on_the_plate_language_47_view_0_0_100_0_0_initstate_0
1279,Language Instructions,2,3,pick_up_the_black_bowl_on_the_stove_and_place_it_on_the_plate,0,0,100,0,0,0,,,,,48,,,lift the dark bowl from the stove and set it on the dish,lift the dark bowl from the stove and set it on the dish,pick_up_the_black_bowl_on_the_stove_and_place_it_on_the_plate_language_48_view_0_0_100_0_0_initstate_0
1280,Language Instructions,3,2,pick_up_the_black_bowl_on_the_stove_and_place_it_on_the_plate,0,0,100,0,0,0,,,,,49,,,can you move the black bowl from the stove to the plate,can you move the black bowl from the stove to the plate,pick_up_the_black_bowl_on_the_stove_and_place_it_on_the_plate_language_49_view_0_0_100_0_0_initstate_0
1281,Language Instructions,2,3,pick_up_the_black_bowl_on_the_stove_and_place_it_on_the_plate,0,0,100,0,0,0,,,,,50,,,could you move the black bowl from the stove to the plate,could you move the black bowl from the stove to the plate,pick_up_the_black_bowl_on_the_stove_and_place_it_on_the_plate_language_50_view_0_0_100_0_0_initstate_0
1282,Language Instructions,1,4,pick_up_the_black_bowl_next_to_the_plate_and_place_it_on_the_plate,0,0,100,0,0,0,,,,,1,,,on this lovely afternoon could you pick up the black bowl next to the plate and carefully place it on top of the plate,on this lovely afternoon could you pick up the black bowl next to the plate and carefully place it on top of the plate,pick_up_the_black_bowl_next_to_the_plate_and_place_it_on_the_plate_language_1_view_0_0_100_0_0_initstate_0
1283,Language Instructions,4,1,pick_up_the_black_bowl_next_to_the_plate_and_place_it_on_the_plate,0,0,100,0,0,0,,,,,2,,,could you do me a favor pick up that black bowl sitting next to the plate and put it on the plate itself,could you do me a favor pick up that black bowl sitting next to the plate and put it on the plate itself,pick_up_the_black_bowl_next_to_the_plate_and_place_it_on_the_plate_language_2_view_0_0_100_0_0_initstate_0
1284,Language Instructions,2,3,pick_up_the_black_bowl_next_to_the_plate_and_place_it_on_the_plate,0,0,100,0,0,0,,,,,3,,,lift the dark bowl beside the dish and set it on the plate,lift the dark bowl beside the dish and set it on the plate,pick_up_the_black_bowl_next_to_the_plate_and_place_it_on_the_plate_language_3_view_0_0_100_0_0_initstate_0
1285,Language Instructions,1,4,pick_up_the_black_bowl_next_to_the_plate_and_place_it_on_the_plate,0,0,100,0,0,0,,,,,4,,,can you put the black bowl on the plate for me,can you put the black bowl on the plate for me,pick_up_the_black_bowl_next_to_the_plate_and_place_it_on_the_plate_language_4_view_0_0_100_0_0_initstate_0
1286,Language Instructions,3,2,pick_up_the_black_bowl_next_to_the_plate_and_place_it_on_the_plate,0,0,100,0,0,0,,,,,5,,,our new dining protocol requires bowls on plates please implement this with the black bowl next to the plate,our new dining protocol requires bowls on plates please implement this with the black bowl next to the plate,pick_up_the_black_bowl_next_to_the_plate_and_place_it_on_the_plate_language_5_view_0_0_100_0_0_initstate_0
1287,Language Instructions,1,4,pick_up_the_black_bowl_next_to_the_plate_and_place_it_on_the_plate,0,0,100,0,0,0,,,,,6,,,lift the darkhued rounded container located beside the flat dish and set it onto the flat dish,lift the darkhued rounded container located beside the flat dish and set it onto the flat dish,pick_up_the_black_bowl_next_to_the_plate_and_place_it_on_the_plate_language_6_view_0_0_100_0_0_initstate_0
1288,Language Instructions,2,3,pick_up_the_black_bowl_next_to_the_plate_and_place_it_on_the_plate,0,0,100,0,0,0,,,,,7,,,safety first pick up the black bowl next to the plate using both hands and then place it securely on the plate,safety first pick up the black bowl next to the plate using both hands and then place it securely on the plate,pick_up_the_black_bowl_next_to_the_plate_and_place_it_on_the_plate_language_7_view_0_0_100_0_0_initstate_0
1289,Language Instructions,2,3,pick_up_the_black_bowl_next_to_the_plate_and_place_it_on_the_plate,0,0,100,0,0,0,,,,,8,,,lift the darkcolored rounded container adjacent to the dish and set it upon the dish,lift the darkcolored rounded container adjacent to the dish and set it upon the dish,pick_up_the_black_bowl_next_to_the_plate_and_place_it_on_the_plate_language_8_view_0_0_100_0_0_initstate_0
1290,Language Instructions,1,4,pick_up_the_black_bowl_next_to_the_plate_and_place_it_on_the_plate,0,0,100,0,0,0,,,,,9,,,lift the dark bowl adjacent to the plate and set it upon the plate,lift the dark bowl adjacent to the plate and set it upon the plate,pick_up_the_black_bowl_next_to_the_plate_and_place_it_on_the_plate_language_9_view_0_0_100_0_0_initstate_0
1291,Language Instructions,2,3,pick_up_the_black_bowl_next_to_the_plate_and_place_it_on_the_plate,0,0,100,0,0,0,,,,,10,,,lift the darkhued rounded container adjacent to the dish and set it upon the dish,lift the darkhued rounded container adjacent to the dish and set it upon the dish,pick_up_the_black_bowl_next_to_the_plate_and_place_it_on_the_plate_language_10_view_0_0_100_0_0_initstate_0
1292,Language Instructions,1,4,pick_up_the_black_bowl_next_to_the_plate_and_place_it_on_the_plate,0,0,100,0,0,0,,,,,12,,,lift the darkhued receptacle located adjacent to the dish and position it atop the dish,lift the darkhued receptacle located adjacent to the dish and position it atop the dish,pick_up_the_black_bowl_next_to_the_plate_and_place_it_on_the_plate_language_12_view_0_0_100_0_0_initstate_0
1293,Language Instructions,1,4,pick_up_the_black_bowl_next_to_the_plate_and_place_it_on_the_plate,0,0,100,0,0,0,,,,,13,,,lift the black dish beside the plate and set it on the plate,lift the black dish beside the plate and set it on the plate,pick_up_the_black_bowl_next_to_the_plate_and_place_it_on_the_plate_language_13_view_0_0_100_0_0_initstate_0
1294,Language Instructions,1,4,pick_up_the_black_bowl_next_to_the_plate_and_place_it_on_the_plate,0,0,100,0,0,0,,,,,14,,,lift the darkhued vessel resting beside the flat dish and position it atop the flat dish,lift the darkhued vessel resting beside the flat dish and position it atop the flat dish,pick_up_the_black_bowl_next_to_the_plate_and_place_it_on_the_plate_language_14_view_0_0_100_0_0_initstate_0
1295,Language Instructions,1,4,pick_up_the_black_bowl_next_to_the_plate_and_place_it_on_the_plate,0,0,100,0,0,0,,,,,15,,,for aesthetic balance the black bowl should be centered on the plate please make that adjustment now,for aesthetic balance the black bowl should be centered on the plate please make that adjustment now,pick_up_the_black_bowl_next_to_the_plate_and_place_it_on_the_plate_language_15_view_0_0_100_0_0_initstate_0
1296,Language Instructions,1,4,pick_up_the_black_bowl_next_to_the_plate_and_place_it_on_the_plate,0,0,100,0,0,0,,,,,16,,,for todays dinner setup i need you to pick up the black bowl next to the plate and position it on the plate,for todays dinner setup i need you to pick up the black bowl next to the plate and position it on the plate,pick_up_the_black_bowl_next_to_the_plate_and_place_it_on_the_plate_language_16_view_0_0_100_0_0_initstate_0
1297,Language Instructions,2,3,pick_up_the_black_bowl_next_to_the_plate_and_place_it_on_the_plate,0,0,100,0,0,0,,,,,17,,,could you put the black bowl on the plate next to it,could you put the black bowl on the plate next to it,pick_up_the_black_bowl_next_to_the_plate_and_place_it_on_the_plate_language_17_view_0_0_100_0_0_initstate_0
1298,Language Instructions,2,3,pick_up_the_black_bowl_next_to_the_plate_and_place_it_on_the_plate,0,0,100,0,0,0,,,,,18,,,could you put the black bowl thats beside the plate onto the plate itself,could you put the black bowl thats beside the plate onto the plate itself,pick_up_the_black_bowl_next_to_the_plate_and_place_it_on_the_plate_language_18_view_0_0_100_0_0_initstate_0
1299,Language Instructions,2,3,pick_up_the_black_bowl_next_to_the_plate_and_place_it_on_the_plate,0,0,100,0,0,0,,,,,19,,,the cooking show host recommends bowls on plates for presentation lets do that with the black bowl nearby,the cooking show host recommends bowls on plates for presentation lets do that with the black bowl nearby,pick_up_the_black_bowl_next_to_the_plate_and_place_it_on_the_plate_language_19_view_0_0_100_0_0_initstate_0
1300,Language Instructions,2,3,pick_up_the_black_bowl_next_to_the_plate_and_place_it_on_the_plate,0,0,100,0,0,0,,,,,20,,,for proper table arrangement the black bowl should be on the plate please make that adjustment now,for proper table arrangement the black bowl should be on the plate please make that adjustment now,pick_up_the_black_bowl_next_to_the_plate_and_place_it_on_the_plate_language_20_view_0_0_100_0_0_initstate_0
1301,Language Instructions,3,2,pick_up_the_black_bowl_next_to_the_plate_and_place_it_on_the_plate,0,0,100,0,0,0,,,,,21,,,grasp the darkhued vessel positioned adjacent to the flat dish designed for individual portions of food and relocate it atop the said flat dish,grasp the darkhued vessel positioned adjacent to the flat dish designed for individual portions of food and relocate it atop the said flat dish,pick_up_the_black_bowl_next_to_the_plate_and_place_it_on_the_plate_language_21_view_0_0_100_0_0_initstate_0
1302,Language Instructions,2,3,pick_up_the_black_bowl_next_to_the_plate_and_place_it_on_the_plate,0,0,100,0,0,0,,,,,22,,,to prevent spills were putting bowls on plates today please move the black bowl accordingly,to prevent spills were putting bowls on plates today please move the black bowl accordingly,pick_up_the_black_bowl_next_to_the_plate_and_place_it_on_the_plate_language_22_view_0_0_100_0_0_initstate_0
1303,Language Instructions,2,3,pick_up_the_black_bowl_next_to_the_plate_and_place_it_on_the_plate,0,0,100,0,0,0,,,,,23,,,would you mind picking up the black bowl beside the plate just place it right on the plate when you do,would you mind picking up the black bowl beside the plate just place it right on the plate when you do,pick_up_the_black_bowl_next_to_the_plate_and_place_it_on_the_plate_language_23_view_0_0_100_0_0_initstate_0
1304,Language Instructions,4,1,pick_up_the_black_bowl_next_to_the_plate_and_place_it_on_the_plate,0,0,100,0,0,0,,,,,24,,,i noticed the black bowl is beside the plate instead of on it could you correct that by moving it,i noticed the black bowl is beside the plate instead of on it could you correct that by moving it,pick_up_the_black_bowl_next_to_the_plate_and_place_it_on_the_plate_language_24_view_0_0_100_0_0_initstate_0
1305,Language Instructions,3,2,pick_up_the_black_bowl_next_to_the_plate_and_place_it_on_the_plate,0,0,100,0,0,0,,,,,25,,,please pick up the black bowl thats next to the plate and transfer it onto the plate its part of our table setting routine,please pick up the black bowl thats next to the plate and transfer it onto the plate its part of our table setting routine,pick_up_the_black_bowl_next_to_the_plate_and_place_it_on_the_plate_language_25_view_0_0_100_0_0_initstate_0
1306,Language Instructions,1,4,pick_up_the_black_bowl_next_to_the_plate_and_place_it_on_the_plate,0,0,100,0,0,0,,,,,26,,,pick up the darkcolored vessel for containing food items located adjacent to the flat dish for serving and place it on the flat dish for serving,pick up the darkcolored vessel for containing food items located adjacent to the flat dish for serving and place it on the flat dish for serving,pick_up_the_black_bowl_next_to_the_plate_and_place_it_on_the_plate_language_26_view_0_0_100_0_0_initstate_0
1307,Language Instructions,4,1,pick_up_the_black_bowl_next_to_the_plate_and_place_it_on_the_plate,0,0,100,0,0,0,,,,,27,,,could you put the black bowl on the plate for me,could you put the black bowl on the plate for me,pick_up_the_black_bowl_next_to_the_plate_and_place_it_on_the_plate_language_27_view_0_0_100_0_0_initstate_0
1308,Language Instructions,4,1,pick_up_the_black_bowl_next_to_the_plate_and_place_it_on_the_plate,0,0,100,0,0,0,,,,,28,,,pick up the darkhued rounded vessel beside the flat circular dish and position it atop the flat circular dish,pick up the darkhued rounded vessel beside the flat circular dish and position it atop the flat circular dish,pick_up_the_black_bowl_next_to_the_plate_and_place_it_on_the_plate_language_28_view_0_0_100_0_0_initstate_0
1309,Language Instructions,4,1,pick_up_the_black_bowl_next_to_the_plate_and_place_it_on_the_plate,0,0,100,0,0,0,,,,,30,,,please put the black bowl on the plate next to it,please put the black bowl on the plate next to it,pick_up_the_black_bowl_next_to_the_plate_and_place_it_on_the_plate_language_30_view_0_0_100_0_0_initstate_0
1310,Language Instructions,3,2,pick_up_the_black_bowl_next_to_the_plate_and_place_it_on_the_plate,0,0,100,0,0,0,,,,,31,,,in our kitchen organization system we place bowls on plates so please pick up the black bowl next to the plate and move it there,in our kitchen organization system we place bowls on plates so please pick up the black bowl next to the plate and move it there,pick_up_the_black_bowl_next_to_the_plate_and_place_it_on_the_plate_language_31_view_0_0_100_0_0_initstate_0
1311,Language Instructions,1,4,pick_up_the_black_bowl_next_to_the_plate_and_place_it_on_the_plate,0,0,100,0,0,0,,,,,32,,,in japanese table setting style we place bowls on plates please do this with the black bowl you see nearby,in japanese table setting style we place bowls on plates please do this with the black bowl you see nearby,pick_up_the_black_bowl_next_to_the_plate_and_place_it_on_the_plate_language_32_view_0_0_100_0_0_initstate_0
1312,Language Instructions,2,3,pick_up_the_black_bowl_next_to_the_plate_and_place_it_on_the_plate,0,0,100,0,0,0,,,,,33,,,lift the darkcolored dish located beside the flat dish used for serving food and set it upon the flat dish,lift the darkcolored dish located beside the flat dish used for serving food and set it upon the flat dish,pick_up_the_black_bowl_next_to_the_plate_and_place_it_on_the_plate_language_33_view_0_0_100_0_0_initstate_0
1313,Language Instructions,4,1,pick_up_the_black_bowl_next_to_the_plate_and_place_it_on_the_plate,0,0,100,0,0,0,,,,,34,,,lift the black dish adjacent to the plate and set it upon the plate,lift the black dish adjacent to the plate and set it upon the plate,pick_up_the_black_bowl_next_to_the_plate_and_place_it_on_the_plate_language_34_view_0_0_100_0_0_initstate_0
1314,Language Instructions,3,2,pick_up_the_black_bowl_next_to_the_plate_and_place_it_on_the_plate,0,0,100,0,0,0,,,,,36,,,lift the darkcolored rounded vessel situated adjacent to the flat dish and position it atop the flat dish,lift the darkcolored rounded vessel situated adjacent to the flat dish and position it atop the flat dish,pick_up_the_black_bowl_next_to_the_plate_and_place_it_on_the_plate_language_36_view_0_0_100_0_0_initstate_0
1315,Language Instructions,4,1,pick_up_the_black_bowl_next_to_the_plate_and_place_it_on_the_plate,0,0,100,0,0,0,,,,,37,,,pick up the darkhued rounded container adjacent to the flat dish and position it on top of the flat dish,pick up the darkhued rounded container adjacent to the flat dish and position it on top of the flat dish,pick_up_the_black_bowl_next_to_the_plate_and_place_it_on_the_plate_language_37_view_0_0_100_0_0_initstate_0
1316,Language Instructions,4,1,pick_up_the_black_bowl_next_to_the_plate_and_place_it_on_the_plate,0,0,100,0,0,0,,,,,38,,,could you put the black bowl on the plate,could you put the black bowl on the plate,pick_up_the_black_bowl_next_to_the_plate_and_place_it_on_the_plate_language_38_view_0_0_100_0_0_initstate_0
1317,Language Instructions,2,3,pick_up_the_black_bowl_next_to_the_plate_and_place_it_on_the_plate,0,0,100,0,0,0,,,,,39,,,lift the dark bowl adjacent to the plate and set it atop the plate,lift the dark bowl adjacent to the plate and set it atop the plate,pick_up_the_black_bowl_next_to_the_plate_and_place_it_on_the_plate_language_39_view_0_0_100_0_0_initstate_0
1318,Language Instructions,3,2,pick_up_the_black_bowl_next_to_the_plate_and_place_it_on_the_plate,0,0,100,0,0,0,,,,,40,,,pick up the darkcolored rounded dish next to the flat dish for eating meals and place it on the flat dish for eating meals,pick up the darkcolored rounded dish next to the flat dish for eating meals and place it on the flat dish for eating meals,pick_up_the_black_bowl_next_to_the_plate_and_place_it_on_the_plate_language_40_view_0_0_100_0_0_initstate_0
1319,Language Instructions,1,4,pick_up_the_black_bowl_next_to_the_plate_and_place_it_on_the_plate,0,0,100,0,0,0,,,,,42,,,lift the darkcolored dish positioned adjacent to the flat dish used for eating and set it atop the flat dish used for eating,lift the darkcolored dish positioned adjacent to the flat dish used for eating and set it atop the flat dish used for eating,pick_up_the_black_bowl_next_to_the_plate_and_place_it_on_the_plate_language_42_view_0_0_100_0_0_initstate_0
1320,Language Instructions,1,4,pick_up_the_black_bowl_next_to_the_plate_and_place_it_on_the_plate,0,0,100,0,0,0,,,,,43,,,pick up the darkcolored vessel situated adjacent to the dish and set it atop the dish,pick up the darkcolored vessel situated adjacent to the dish and set it atop the dish,pick_up_the_black_bowl_next_to_the_plate_and_place_it_on_the_plate_language_43_view_0_0_100_0_0_initstate_0
1321,Language Instructions,1,4,pick_up_the_black_bowl_next_to_the_plate_and_place_it_on_the_plate,0,0,100,0,0,0,,,,,44,,,grasp the dark bowl adjacent to the plate and set it upon the plate,grasp the dark bowl adjacent to the plate and set it upon the plate,pick_up_the_black_bowl_next_to_the_plate_and_place_it_on_the_plate_language_44_view_0_0_100_0_0_initstate_0
1322,Language Instructions,2,3,pick_up_the_black_bowl_next_to_the_plate_and_place_it_on_the_plate,0,0,100,0,0,0,,,,,46,,,pick up the darkhued vessel adjacent to the flat dish and place it on the flat dish,pick up the darkhued vessel adjacent to the flat dish and place it on the flat dish,pick_up_the_black_bowl_next_to_the_plate_and_place_it_on_the_plate_language_46_view_0_0_100_0_0_initstate_0
1323,Language Instructions,1,4,pick_up_the_black_bowl_next_to_the_plate_and_place_it_on_the_plate,0,0,100,0,0,0,,,,,47,,,lift the darkcolored container located adjacent to the flat dish and position it on top of the flat dish,lift the darkcolored container located adjacent to the flat dish and position it on top of the flat dish,pick_up_the_black_bowl_next_to_the_plate_and_place_it_on_the_plate_language_47_view_0_0_100_0_0_initstate_0
1324,Language Instructions,2,3,pick_up_the_black_bowl_next_to_the_plate_and_place_it_on_the_plate,0,0,100,0,0,0,,,,,48,,,attention to detail is important pick up the black bowl adjacent to the plate and carefully position it on the plate,attention to detail is important pick up the black bowl adjacent to the plate and carefully position it on the plate,pick_up_the_black_bowl_next_to_the_plate_and_place_it_on_the_plate_language_48_view_0_0_100_0_0_initstate_0
1325,Language Instructions,1,4,pick_up_the_black_bowl_next_to_the_plate_and_place_it_on_the_plate,0,0,100,0,0,0,,,,,49,,,could you ensure the black bowl thats beside the plate is positioned on the plate itself,could you ensure the black bowl thats beside the plate is positioned on the plate itself,pick_up_the_black_bowl_next_to_the_plate_and_place_it_on_the_plate_language_49_view_0_0_100_0_0_initstate_0
1326,Language Instructions,2,3,pick_up_the_black_bowl_next_to_the_plate_and_place_it_on_the_plate,0,0,100,0,0,0,,,,,50,,,could you place the black bowl onto the plate next to it,could you place the black bowl onto the plate next to it,pick_up_the_black_bowl_next_to_the_plate_and_place_it_on_the_plate_language_50_view_0_0_100_0_0_initstate_0
1327,Language Instructions,2,3,pick_up_the_black_bowl_on_the_wooden_cabinet_and_place_it_on_the_plate,0,0,100,0,0,0,,,,,1,,,pick up the darkhued receptacle on the timber storage unit and place it on the dish,pick up the darkhued receptacle on the timber storage unit and place it on the dish,pick_up_the_black_bowl_on_the_wooden_cabinet_and_place_it_on_the_plate_language_1_view_0_0_100_0_0_initstate_0
1328,Language Instructions,1,4,pick_up_the_black_bowl_on_the_wooden_cabinet_and_place_it_on_the_plate,0,0,100,0,0,0,,,,,2,,,in preparation for lunch i need you to pick up the black bowl from the wooden cabinet and place it on the plate,in preparation for lunch i need you to pick up the black bowl from the wooden cabinet and place it on the plate,pick_up_the_black_bowl_on_the_wooden_cabinet_and_place_it_on_the_plate_language_2_view_0_0_100_0_0_initstate_0
1329,Language Instructions,2,3,pick_up_the_black_bowl_on_the_wooden_cabinet_and_place_it_on_the_plate,0,0,100,0,0,0,,,,,3,,,put the black bowl from the wooden cabinet onto the plate,put the black bowl from the wooden cabinet onto the plate,pick_up_the_black_bowl_on_the_wooden_cabinet_and_place_it_on_the_plate_language_3_view_0_0_100_0_0_initstate_0
1330,Language Instructions,2,3,pick_up_the_black_bowl_on_the_wooden_cabinet_and_place_it_on_the_plate,0,0,100,0,0,0,,,,,4,,,to continue with our kitchen organization pick up the black bowl from the wooden cabinet and transfer it to the plate,to continue with our kitchen organization pick up the black bowl from the wooden cabinet and transfer it to the plate,pick_up_the_black_bowl_on_the_wooden_cabinet_and_place_it_on_the_plate_language_4_view_0_0_100_0_0_initstate_0
1331,Language Instructions,2,3,pick_up_the_black_bowl_on_the_wooden_cabinet_and_place_it_on_the_plate,0,0,100,0,0,0,,,,,5,,,grab the darkhued rounded container resting atop the surface made from timber and transfer it onto the dish,grab the darkhued rounded container resting atop the surface made from timber and transfer it onto the dish,pick_up_the_black_bowl_on_the_wooden_cabinet_and_place_it_on_the_plate_language_5_view_0_0_100_0_0_initstate_0
1332,Language Instructions,4,1,pick_up_the_black_bowl_on_the_wooden_cabinet_and_place_it_on_the_plate,0,0,100,0,0,0,,,,,6,,,grasp the dark bowl sitting on the wooden cupboard and set it onto the dish,grasp the dark bowl sitting on the wooden cupboard and set it onto the dish,pick_up_the_black_bowl_on_the_wooden_cabinet_and_place_it_on_the_plate_language_6_view_0_0_100_0_0_initstate_0
1333,Language Instructions,2,3,pick_up_the_black_bowl_on_the_wooden_cabinet_and_place_it_on_the_plate,0,0,100,0,0,0,,,,,7,,,heres what we need to do first pick up the black bowl from the wooden cabinet then place it on the plate,heres what we need to do first pick up the black bowl from the wooden cabinet then place it on the plate,pick_up_the_black_bowl_on_the_wooden_cabinet_and_place_it_on_the_plate_language_7_view_0_0_100_0_0_initstate_0
1334,Language Instructions,1,4,pick_up_the_black_bowl_on_the_wooden_cabinet_and_place_it_on_the_plate,0,0,100,0,0,0,,,,,9,,,grasp the dark bowl atop the wooden cupboard and set it down on the plate,grasp the dark bowl atop the wooden cupboard and set it down on the plate,pick_up_the_black_bowl_on_the_wooden_cabinet_and_place_it_on_the_plate_language_9_view_0_0_100_0_0_initstate_0
1335,Language Instructions,4,1,pick_up_the_black_bowl_on_the_wooden_cabinet_and_place_it_on_the_plate,0,0,100,0,0,0,,,,,10,,,pick up the darkcolored rounded container on the structure made of processed tree material and place it on the flat dish,pick up the darkcolored rounded container on the structure made of processed tree material and place it on the flat dish,pick_up_the_black_bowl_on_the_wooden_cabinet_and_place_it_on_the_plate_language_10_view_0_0_100_0_0_initstate_0
1336,Language Instructions,1,4,pick_up_the_black_bowl_on_the_wooden_cabinet_and_place_it_on_the_plate,0,0,100,0,0,0,,,,,11,,,grasp the dark bowl on the wooden cupboard and set it on the dish,grasp the dark bowl on the wooden cupboard and set it on the dish,pick_up_the_black_bowl_on_the_wooden_cabinet_and_place_it_on_the_plate_language_11_view_0_0_100_0_0_initstate_0
1337,Language Instructions,1,4,pick_up_the_black_bowl_on_the_wooden_cabinet_and_place_it_on_the_plate,0,0,100,0,0,0,,,,,12,,,lets prepare the table first pick up the black bowl from the wooden cabinet then place it on the plate,lets prepare the table first pick up the black bowl from the wooden cabinet then place it on the plate,pick_up_the_black_bowl_on_the_wooden_cabinet_and_place_it_on_the_plate_language_12_view_0_0_100_0_0_initstate_0
1338,Language Instructions,1,4,pick_up_the_black_bowl_on_the_wooden_cabinet_and_place_it_on_the_plate,0,0,100,0,0,0,,,,,13,,,on this lovely morning could you pick up the black bowl from the wooden cabinet and place it gently on the plate,on this lovely morning could you pick up the black bowl from the wooden cabinet and place it gently on the plate,pick_up_the_black_bowl_on_the_wooden_cabinet_and_place_it_on_the_plate_language_13_view_0_0_100_0_0_initstate_0
1339,Language Instructions,1,4,pick_up_the_black_bowl_on_the_wooden_cabinet_and_place_it_on_the_plate,0,0,100,0,0,0,,,,,14,,,for todays task i need you to pick up the black bowl from the wooden cabinet and position it on the plate,for todays task i need you to pick up the black bowl from the wooden cabinet and position it on the plate,pick_up_the_black_bowl_on_the_wooden_cabinet_and_place_it_on_the_plate_language_14_view_0_0_100_0_0_initstate_0
1340,Language Instructions,1,4,pick_up_the_black_bowl_on_the_wooden_cabinet_and_place_it_on_the_plate,0,0,100,0,0,0,,,,,15,,,id appreciate if you could pick up the black bowl from the wooden cabinet right now and place it on the plate,id appreciate if you could pick up the black bowl from the wooden cabinet right now and place it on the plate,pick_up_the_black_bowl_on_the_wooden_cabinet_and_place_it_on_the_plate_language_15_view_0_0_100_0_0_initstate_0
1341,Language Instructions,3,2,pick_up_the_black_bowl_on_the_wooden_cabinet_and_place_it_on_the_plate,0,0,100,0,0,0,,,,,16,,,lift the darkhued container resting atop the timber storage unit and set it onto the flat dish for dining,lift the darkhued container resting atop the timber storage unit and set it onto the flat dish for dining,pick_up_the_black_bowl_on_the_wooden_cabinet_and_place_it_on_the_plate_language_16_view_0_0_100_0_0_initstate_0
1342,Language Instructions,1,4,pick_up_the_black_bowl_on_the_wooden_cabinet_and_place_it_on_the_plate,0,0,100,0,0,0,,,,,17,,,please pick up the black bowl thats sitting on the wooden cabinet and transfer it to the plate nearby,please pick up the black bowl thats sitting on the wooden cabinet and transfer it to the plate nearby,pick_up_the_black_bowl_on_the_wooden_cabinet_and_place_it_on_the_plate_language_17_view_0_0_100_0_0_initstate_0
1343,Language Instructions,3,2,pick_up_the_black_bowl_on_the_wooden_cabinet_and_place_it_on_the_plate,0,0,100,0,0,0,,,,,19,,,in the kitchen youll find a black bowl on the wooden cabinet please transfer it to the plate on the counter,in the kitchen youll find a black bowl on the wooden cabinet please transfer it to the plate on the counter,pick_up_the_black_bowl_on_the_wooden_cabinet_and_place_it_on_the_plate_language_19_view_0_0_100_0_0_initstate_0
1344,Language Instructions,2,3,pick_up_the_black_bowl_on_the_wooden_cabinet_and_place_it_on_the_plate,0,0,100,0,0,0,,,,,20,,,as part of todays chores please pick up the black bowl from the wooden cabinet and carefully place it on the plate,as part of todays chores please pick up the black bowl from the wooden cabinet and carefully place it on the plate,pick_up_the_black_bowl_on_the_wooden_cabinet_and_place_it_on_the_plate_language_20_view_0_0_100_0_0_initstate_0
1345,Language Instructions,2,3,pick_up_the_black_bowl_on_the_wooden_cabinet_and_place_it_on_the_plate,0,0,100,0,0,0,,,,,21,,,lift the black dish from the oak cabinet and set it on the plate,lift the black dish from the oak cabinet and set it on the plate,pick_up_the_black_bowl_on_the_wooden_cabinet_and_place_it_on_the_plate_language_21_view_0_0_100_0_0_initstate_0
1346,Language Instructions,1,4,pick_up_the_black_bowl_on_the_wooden_cabinet_and_place_it_on_the_plate,0,0,100,0,0,0,,,,,22,,,ensure the black bowl from the wooden cabinet is on the plate,ensure the black bowl from the wooden cabinet is on the plate,pick_up_the_black_bowl_on_the_wooden_cabinet_and_place_it_on_the_plate_language_22_view_0_0_100_0_0_initstate_0
1347,Language Instructions,5,0,pick_up_the_black_bowl_on_the_wooden_cabinet_and_place_it_on_the_plate,0,0,100,0,0,0,,,,,23,,,pick up the darkhued dish resting on the surface constructed of tree material and put it down atop the dish designed for main course servings,pick up the darkhued dish resting on the surface constructed of tree material and put it down atop the dish designed for main course servings,pick_up_the_black_bowl_on_the_wooden_cabinet_and_place_it_on_the_plate_language_23_view_0_0_100_0_0_initstate_0
1348,Language Instructions,5,0,pick_up_the_black_bowl_on_the_wooden_cabinet_and_place_it_on_the_plate,0,0,100,0,0,0,,,,,24,,,for our dinner setup kindly pick up the black bowl resting on the wooden cabinet and place it on the plate,for our dinner setup kindly pick up the black bowl resting on the wooden cabinet and place it on the plate,pick_up_the_black_bowl_on_the_wooden_cabinet_and_place_it_on_the_plate_language_24_view_0_0_100_0_0_initstate_0
1349,Language Instructions,3,2,pick_up_the_black_bowl_on_the_wooden_cabinet_and_place_it_on_the_plate,0,0,100,0,0,0,,,,,25,,,pick up the darkcolored vessel used for holding food which is located on the surface made for storing objects and place it on the flat dish used for serving food,pick up the darkcolored vessel used for holding food which is located on the surface made for storing objects and place it on the flat dish used for serving food,pick_up_the_black_bowl_on_the_wooden_cabinet_and_place_it_on_the_plate_language_25_view_0_0_100_0_0_initstate_0
1350,Language Instructions,4,1,pick_up_the_black_bowl_on_the_wooden_cabinet_and_place_it_on_the_plate,0,0,100,0,0,0,,,,,26,,,lift the dark bowl from the wooden cabinet and set it on the plate,lift the dark bowl from the wooden cabinet and set it on the plate,pick_up_the_black_bowl_on_the_wooden_cabinet_and_place_it_on_the_plate_language_26_view_0_0_100_0_0_initstate_0
1351,Language Instructions,5,0,pick_up_the_black_bowl_on_the_wooden_cabinet_and_place_it_on_the_plate,0,0,100,0,0,0,,,,,27,,,can you move the black bowl from the wooden cabinet to the plate,can you move the black bowl from the wooden cabinet to the plate,pick_up_the_black_bowl_on_the_wooden_cabinet_and_place_it_on_the_plate_language_27_view_0_0_100_0_0_initstate_0
1352,Language Instructions,5,0,pick_up_the_black_bowl_on_the_wooden_cabinet_and_place_it_on_the_plate,0,0,100,0,0,0,,,,,28,,,lift the darkcolored vessel resting on the surface constructed from timber and position it on the ceramic dish,lift the darkcolored vessel resting on the surface constructed from timber and position it on the ceramic dish,pick_up_the_black_bowl_on_the_wooden_cabinet_and_place_it_on_the_plate_language_28_view_0_0_100_0_0_initstate_0
1353,Language Instructions,5,0,pick_up_the_black_bowl_on_the_wooden_cabinet_and_place_it_on_the_plate,0,0,100,0,0,0,,,,,29,,,can you move the black bowl from the cabinet to the plate,can you move the black bowl from the cabinet to the plate,pick_up_the_black_bowl_on_the_wooden_cabinet_and_place_it_on_the_plate_language_29_view_0_0_100_0_0_initstate_0
1354,Language Instructions,2,3,pick_up_the_black_bowl_on_the_wooden_cabinet_and_place_it_on_the_plate,0,0,100,0,0,0,,,,,30,,,can you put the black bowl from the wooden cabinet onto the plate,can you put the black bowl from the wooden cabinet onto the plate,pick_up_the_black_bowl_on_the_wooden_cabinet_and_place_it_on_the_plate_language_30_view_0_0_100_0_0_initstate_0
1355,Language Instructions,5,0,pick_up_the_black_bowl_on_the_wooden_cabinet_and_place_it_on_the_plate,0,0,100,0,0,0,,,,,31,,,ensure the black bowl from the wooden cabinet ends up on the plate,ensure the black bowl from the wooden cabinet ends up on the plate,pick_up_the_black_bowl_on_the_wooden_cabinet_and_place_it_on_the_plate_language_31_view_0_0_100_0_0_initstate_0
1356,Language Instructions,2,3,pick_up_the_black_bowl_on_the_wooden_cabinet_and_place_it_on_the_plate,0,0,100,0,0,0,,,,,32,,,pick up the darkcolored circular container on the surface meant for storing kitchenware and place it on the flat dish designed for serving food,pick up the darkcolored circular container on the surface meant for storing kitchenware and place it on the flat dish designed for serving food,pick_up_the_black_bowl_on_the_wooden_cabinet_and_place_it_on_the_plate_language_32_view_0_0_100_0_0_initstate_0
1357,Language Instructions,2,3,pick_up_the_black_bowl_on_the_wooden_cabinet_and_place_it_on_the_plate,0,0,100,0,0,0,,,,,33,,,pick up the darkhued vessel resting atop the timber storage unit and set it down upon the flat dish,pick up the darkhued vessel resting atop the timber storage unit and set it down upon the flat dish,pick_up_the_black_bowl_on_the_wooden_cabinet_and_place_it_on_the_plate_language_33_view_0_0_100_0_0_initstate_0
1358,Language Instructions,5,0,pick_up_the_black_bowl_on_the_wooden_cabinet_and_place_it_on_the_plate,0,0,100,0,0,0,,,,,34,,,can you please put the black bowl thats on the wooden cabinet onto the plate,can you please put the black bowl thats on the wooden cabinet onto the plate,pick_up_the_black_bowl_on_the_wooden_cabinet_and_place_it_on_the_plate_language_34_view_0_0_100_0_0_initstate_0
1359,Language Instructions,5,0,pick_up_the_black_bowl_on_the_wooden_cabinet_and_place_it_on_the_plate,0,0,100,0,0,0,,,,,35,,,as part of setting the table please retrieve the black bowl from the wooden cabinet and position it on the plate,as part of setting the table please retrieve the black bowl from the wooden cabinet and position it on the plate,pick_up_the_black_bowl_on_the_wooden_cabinet_and_place_it_on_the_plate_language_35_view_0_0_100_0_0_initstate_0
1360,Language Instructions,2,3,pick_up_the_black_bowl_on_the_wooden_cabinet_and_place_it_on_the_plate,0,0,100,0,0,0,,,,,36,,,attention please pick up the black bowl located on the wooden cabinet and carefully place it on the plate,attention please pick up the black bowl located on the wooden cabinet and carefully place it on the plate,pick_up_the_black_bowl_on_the_wooden_cabinet_and_place_it_on_the_plate_language_36_view_0_0_100_0_0_initstate_0
1361,Language Instructions,1,4,pick_up_the_black_bowl_on_the_wooden_cabinet_and_place_it_on_the_plate,0,0,100,0,0,0,,,,,37,,,grasp the dark bowl from the timber cabinet and set it on the plate,grasp the dark bowl from the timber cabinet and set it on the plate,pick_up_the_black_bowl_on_the_wooden_cabinet_and_place_it_on_the_plate_language_37_view_0_0_100_0_0_initstate_0
1362,Language Instructions,2,3,pick_up_the_black_bowl_on_the_wooden_cabinet_and_place_it_on_the_plate,0,0,100,0,0,0,,,,,38,,,can you place the black bowl from the wooden cabinet onto the plate,can you place the black bowl from the wooden cabinet onto the plate,pick_up_the_black_bowl_on_the_wooden_cabinet_and_place_it_on_the_plate_language_38_view_0_0_100_0_0_initstate_0
1363,Language Instructions,5,0,pick_up_the_black_bowl_on_the_wooden_cabinet_and_place_it_on_the_plate,0,0,100,0,0,0,,,,,39,,,lift the darkcolored vessel made for food resting on the wooden furniture that often stores kitchen utensils and transfer it to lie atop the dish designed for serving meals,lift the darkcolored vessel made for food resting on the wooden furniture that often stores kitchen utensils and transfer it to lie atop the dish designed for serving meals,pick_up_the_black_bowl_on_the_wooden_cabinet_and_place_it_on_the_plate_language_39_view_0_0_100_0_0_initstate_0
1364,Language Instructions,4,1,pick_up_the_black_bowl_on_the_wooden_cabinet_and_place_it_on_the_plate,0,0,100,0,0,0,,,,,41,,,lift the black dish from the wooden cupboard and set it on the plate,lift the black dish from the wooden cupboard and set it on the plate,pick_up_the_black_bowl_on_the_wooden_cabinet_and_place_it_on_the_plate_language_41_view_0_0_100_0_0_initstate_0
1365,Language Instructions,5,0,pick_up_the_black_bowl_on_the_wooden_cabinet_and_place_it_on_the_plate,0,0,100,0,0,0,,,,,42,,,could you make sure the black bowl from the wooden cabinet ends up on the plate,could you make sure the black bowl from the wooden cabinet ends up on the plate,pick_up_the_black_bowl_on_the_wooden_cabinet_and_place_it_on_the_plate_language_42_view_0_0_100_0_0_initstate_0
1366,Language Instructions,4,1,pick_up_the_black_bowl_on_the_wooden_cabinet_and_place_it_on_the_plate,0,0,100,0,0,0,,,,,43,,,lift the dark bowl positioned on the wooden cupboard and set it on the plate,lift the dark bowl positioned on the wooden cupboard and set it on the plate,pick_up_the_black_bowl_on_the_wooden_cabinet_and_place_it_on_the_plate_language_43_view_0_0_100_0_0_initstate_0
1367,Language Instructions,5,0,pick_up_the_black_bowl_on_the_wooden_cabinet_and_place_it_on_the_plate,0,0,100,0,0,0,,,,,44,,,lift the darkcolored rounded container resting on the surface meant for storage and support and set it down onto the flat dish used for serving food,lift the darkcolored rounded container resting on the surface meant for storage and support and set it down onto the flat dish used for serving food,pick_up_the_black_bowl_on_the_wooden_cabinet_and_place_it_on_the_plate_language_44_view_0_0_100_0_0_initstate_0
1368,Language Instructions,2,3,pick_up_the_black_bowl_on_the_wooden_cabinet_and_place_it_on_the_plate,0,0,100,0,0,0,,,,,45,,,grasp the darkcolored round container situated on the surface made of processed forest material and put it onto the flat dish,grasp the darkcolored round container situated on the surface made of processed forest material and put it onto the flat dish,pick_up_the_black_bowl_on_the_wooden_cabinet_and_place_it_on_the_plate_language_45_view_0_0_100_0_0_initstate_0
1369,Language Instructions,1,4,pick_up_the_black_bowl_on_the_wooden_cabinet_and_place_it_on_the_plate,0,0,100,0,0,0,,,,,46,,,before we start cooking please pick up the black bowl from the wooden cabinet and set it down on the plate,before we start cooking please pick up the black bowl from the wooden cabinet and set it down on the plate,pick_up_the_black_bowl_on_the_wooden_cabinet_and_place_it_on_the_plate_language_46_view_0_0_100_0_0_initstate_0
1370,Language Instructions,2,3,pick_up_the_black_bowl_on_the_wooden_cabinet_and_place_it_on_the_plate,0,0,100,0,0,0,,,,,47,,,grasp the darkhued mixing vessel residing on the structure made of timber and deposit it atop the flat dish,grasp the darkhued mixing vessel residing on the structure made of timber and deposit it atop the flat dish,pick_up_the_black_bowl_on_the_wooden_cabinet_and_place_it_on_the_plate_language_47_view_0_0_100_0_0_initstate_0
1371,Language Instructions,2,3,pick_up_the_black_bowl_on_the_wooden_cabinet_and_place_it_on_the_plate,0,0,100,0,0,0,,,,,48,,,grasp the darkhued container positioned atop the timbered storage unit and set it upon the dish,grasp the darkhued container positioned atop the timbered storage unit and set it upon the dish,pick_up_the_black_bowl_on_the_wooden_cabinet_and_place_it_on_the_plate_language_48_view_0_0_100_0_0_initstate_0
1372,Language Instructions,2,3,pick_up_the_black_bowl_on_the_wooden_cabinet_and_place_it_on_the_plate,0,0,100,0,0,0,,,,,49,,,grab the darkcolored dish located on the timber storage unit and set it atop the dish for dining,grab the darkcolored dish located on the timber storage unit and set it atop the dish for dining,pick_up_the_black_bowl_on_the_wooden_cabinet_and_place_it_on_the_plate_language_49_view_0_0_100_0_0_initstate_0
1373,Language Instructions,2,3,pick_up_the_black_bowl_on_the_wooden_cabinet_and_place_it_on_the_plate,0,0,100,0,0,0,,,,,50,,,pick up the darkhued dish located on the surface made of tree material and place it on the dish meant for serving food,pick up the darkhued dish located on the surface made of tree material and place it on the dish meant for serving food,pick_up_the_black_bowl_on_the_wooden_cabinet_and_place_it_on_the_plate_language_50_view_0_0_100_0_0_initstate_0
1374,Sensor Noise,1,4,pick_up_the_black_bowl_between_the_plate_and_the_ramekin_and_place_it_on_the_plate,0,0,100,0,0,0,motion blur,3,,,,,,pick up the black bowl between the plate and the ramekin and place it on the plate,pick up the black bowl between the plate and the ramekin and place it on the plate view 0 0 100 0 0 initstate 0 noise 3,pick_up_the_black_bowl_between_the_plate_and_the_ramekin_and_place_it_on_the_plate_view_0_0_100_0_0_initstate_0_noise_3
1375,Sensor Noise,2,3,pick_up_the_black_bowl_between_the_plate_and_the_ramekin_and_place_it_on_the_plate,0,0,100,0,0,0,motion blur,4,,,,,,pick up the black bowl between the plate and the ramekin and place it on the plate,pick up the black bowl between the plate and the ramekin and place it on the plate view 0 0 100 0 0 initstate 0 noise 4,pick_up_the_black_bowl_between_the_plate_and_the_ramekin_and_place_it_on_the_plate_view_0_0_100_0_0_initstate_0_noise_4
1376,Sensor Noise,2,3,pick_up_the_black_bowl_between_the_plate_and_the_ramekin_and_place_it_on_the_plate,0,0,100,0,0,0,motion blur,5,,,,,,pick up the black bowl between the plate and the ramekin and place it on the plate,pick up the black bowl between the plate and the ramekin and place it on the plate view 0 0 100 0 0 initstate 0 noise 5,pick_up_the_black_bowl_between_the_plate_and_the_ramekin_and_place_it_on_the_plate_view_0_0_100_0_0_initstate_0_noise_5
1377,Sensor Noise,2,3,pick_up_the_black_bowl_between_the_plate_and_the_ramekin_and_place_it_on_the_plate,0,0,100,0,0,0,motion blur,6,,,,,,pick up the black bowl between the plate and the ramekin and place it on the plate,pick up the black bowl between the plate and the ramekin and place it on the plate view 0 0 100 0 0 initstate 0 noise 6,pick_up_the_black_bowl_between_the_plate_and_the_ramekin_and_place_it_on_the_plate_view_0_0_100_0_0_initstate_0_noise_6
1378,Sensor Noise,2,3,pick_up_the_black_bowl_between_the_plate_and_the_ramekin_and_place_it_on_the_plate,0,0,100,0,0,0,motion blur,7,,,,,,pick up the black bowl between the plate and the ramekin and place it on the plate,pick up the black bowl between the plate and the ramekin and place it on the plate view 0 0 100 0 0 initstate 0 noise 7,pick_up_the_black_bowl_between_the_plate_and_the_ramekin_and_place_it_on_the_plate_view_0_0_100_0_0_initstate_0_noise_7
1379,Sensor Noise,2,3,pick_up_the_black_bowl_between_the_plate_and_the_ramekin_and_place_it_on_the_plate,0,0,100,0,0,0,motion blur,8,,,,,,pick up the black bowl between the plate and the ramekin and place it on the plate,pick up the black bowl between the plate and the ramekin and place it on the plate view 0 0 100 0 0 initstate 0 noise 8,pick_up_the_black_bowl_between_the_plate_and_the_ramekin_and_place_it_on_the_plate_view_0_0_100_0_0_initstate_0_noise_8
1380,Sensor Noise,3,2,pick_up_the_black_bowl_between_the_plate_and_the_ramekin_and_place_it_on_the_plate,0,0,100,0,0,0,motion blur,9,,,,,,pick up the black bowl between the plate and the ramekin and place it on the plate,pick up the black bowl between the plate and the ramekin and place it on the plate view 0 0 100 0 0 initstate 0 noise 9,pick_up_the_black_bowl_between_the_plate_and_the_ramekin_and_place_it_on_the_plate_view_0_0_100_0_0_initstate_0_noise_9
1381,Sensor Noise,3,2,pick_up_the_black_bowl_between_the_plate_and_the_ramekin_and_place_it_on_the_plate,0,0,100,0,0,0,motion blur,10,,,,,,pick up the black bowl between the plate and the ramekin and place it on the plate,pick up the black bowl between the plate and the ramekin and place it on the plate view 0 0 100 0 0 initstate 0 noise 10,pick_up_the_black_bowl_between_the_plate_and_the_ramekin_and_place_it_on_the_plate_view_0_0_100_0_0_initstate_0_noise_10
1382,Sensor Noise,1,4,pick_up_the_black_bowl_between_the_plate_and_the_ramekin_and_place_it_on_the_plate,0,0,100,0,0,0,gaussian blur,2,,,,,,pick up the black bowl between the plate and the ramekin and place it on the plate,pick up the black bowl between the plate and the ramekin and place it on the plate view 0 0 100 0 0 initstate 0 noise 12,pick_up_the_black_bowl_between_the_plate_and_the_ramekin_and_place_it_on_the_plate_view_0_0_100_0_0_initstate_0_noise_12
1383,Sensor Noise,2,3,pick_up_the_black_bowl_between_the_plate_and_the_ramekin_and_place_it_on_the_plate,0,0,100,0,0,0,gaussian blur,3,,,,,,pick up the black bowl between the plate and the ramekin and place it on the plate,pick up the black bowl between the plate and the ramekin and place it on the plate view 0 0 100 0 0 initstate 0 noise 13,pick_up_the_black_bowl_between_the_plate_and_the_ramekin_and_place_it_on_the_plate_view_0_0_100_0_0_initstate_0_noise_13
1384,Sensor Noise,2,3,pick_up_the_black_bowl_between_the_plate_and_the_ramekin_and_place_it_on_the_plate,0,0,100,0,0,0,gaussian blur,4,,,,,,pick up the black bowl between the plate and the ramekin and place it on the plate,pick up the black bowl between the plate and the ramekin and place it on the plate view 0 0 100 0 0 initstate 0 noise 14,pick_up_the_black_bowl_between_the_plate_and_the_ramekin_and_place_it_on_the_plate_view_0_0_100_0_0_initstate_0_noise_14
1385,Sensor Noise,3,2,pick_up_the_black_bowl_between_the_plate_and_the_ramekin_and_place_it_on_the_plate,0,0,100,0,0,0,gaussian blur,5,,,,,,pick up the black bowl between the plate and the ramekin and place it on the plate,pick up the black bowl between the plate and the ramekin and place it on the plate view 0 0 100 0 0 initstate 0 noise 15,pick_up_the_black_bowl_between_the_plate_and_the_ramekin_and_place_it_on_the_plate_view_0_0_100_0_0_initstate_0_noise_15
1386,Sensor Noise,3,2,pick_up_the_black_bowl_between_the_plate_and_the_ramekin_and_place_it_on_the_plate,0,0,100,0,0,0,gaussian blur,6,,,,,,pick up the black bowl between the plate and the ramekin and place it on the plate,pick up the black bowl between the plate and the ramekin and place it on the plate view 0 0 100 0 0 initstate 0 noise 16,pick_up_the_black_bowl_between_the_plate_and_the_ramekin_and_place_it_on_the_plate_view_0_0_100_0_0_initstate_0_noise_16
1387,Sensor Noise,4,1,pick_up_the_black_bowl_between_the_plate_and_the_ramekin_and_place_it_on_the_plate,0,0,100,0,0,0,gaussian blur,7,,,,,,pick up the black bowl between the plate and the ramekin and place it on the plate,pick up the black bowl between the plate and the ramekin and place it on the plate view 0 0 100 0 0 initstate 0 noise 17,pick_up_the_black_bowl_between_the_plate_and_the_ramekin_and_place_it_on_the_plate_view_0_0_100_0_0_initstate_0_noise_17
1388,Sensor Noise,4,1,pick_up_the_black_bowl_between_the_plate_and_the_ramekin_and_place_it_on_the_plate,0,0,100,0,0,0,gaussian blur,9,,,,,,pick up the black bowl between the plate and the ramekin and place it on the plate,pick up the black bowl between the plate and the ramekin and place it on the plate view 0 0 100 0 0 initstate 0 noise 19,pick_up_the_black_bowl_between_the_plate_and_the_ramekin_and_place_it_on_the_plate_view_0_0_100_0_0_initstate_0_noise_19
1389,Sensor Noise,4,1,pick_up_the_black_bowl_between_the_plate_and_the_ramekin_and_place_it_on_the_plate,0,0,100,0,0,0,gaussian blur,10,,,,,,pick up the black bowl between the plate and the ramekin and place it on the plate,pick up the black bowl between the plate and the ramekin and place it on the plate view 0 0 100 0 0 initstate 0 noise 20,pick_up_the_black_bowl_between_the_plate_and_the_ramekin_and_place_it_on_the_plate_view_0_0_100_0_0_initstate_0_noise_20
1390,Sensor Noise,1,4,pick_up_the_black_bowl_between_the_plate_and_the_ramekin_and_place_it_on_the_plate,0,0,100,0,0,0,zoom blur,7,,,,,,pick up the black bowl between the plate and the ramekin and place it on the plate,pick up the black bowl between the plate and the ramekin and place it on the plate view 0 0 100 0 0 initstate 0 noise 27,pick_up_the_black_bowl_between_the_plate_and_the_ramekin_and_place_it_on_the_plate_view_0_0_100_0_0_initstate_0_noise_27
1391,Sensor Noise,2,3,pick_up_the_black_bowl_between_the_plate_and_the_ramekin_and_place_it_on_the_plate,0,0,100,0,0,0,zoom blur,8,,,,,,pick up the black bowl between the plate and the ramekin and place it on the plate,pick up the black bowl between the plate and the ramekin and place it on the plate view 0 0 100 0 0 initstate 0 noise 28,pick_up_the_black_bowl_between_the_plate_and_the_ramekin_and_place_it_on_the_plate_view_0_0_100_0_0_initstate_0_noise_28
1392,Sensor Noise,2,3,pick_up_the_black_bowl_between_the_plate_and_the_ramekin_and_place_it_on_the_plate,0,0,100,0,0,0,zoom blur,9,,,,,,pick up the black bowl between the plate and the ramekin and place it on the plate,pick up the black bowl between the plate and the ramekin and place it on the plate view 0 0 100 0 0 initstate 0 noise 29,pick_up_the_black_bowl_between_the_plate_and_the_ramekin_and_place_it_on_the_plate_view_0_0_100_0_0_initstate_0_noise_29
1393,Sensor Noise,3,2,pick_up_the_black_bowl_between_the_plate_and_the_ramekin_and_place_it_on_the_plate,0,0,100,0,0,0,zoom blur,10,,,,,,pick up the black bowl between the plate and the ramekin and place it on the plate,pick up the black bowl between the plate and the ramekin and place it on the plate view 0 0 100 0 0 initstate 0 noise 30,pick_up_the_black_bowl_between_the_plate_and_the_ramekin_and_place_it_on_the_plate_view_0_0_100_0_0_initstate_0_noise_30
1394,Sensor Noise,1,4,pick_up_the_black_bowl_between_the_plate_and_the_ramekin_and_place_it_on_the_plate,0,0,100,0,0,0,fog,7,,,,,,pick up the black bowl between the plate and the ramekin and place it on the plate,pick up the black bowl between the plate and the ramekin and place it on the plate view 0 0 100 0 0 initstate 0 noise 37,pick_up_the_black_bowl_between_the_plate_and_the_ramekin_and_place_it_on_the_plate_view_0_0_100_0_0_initstate_0_noise_37
1395,Sensor Noise,2,3,pick_up_the_black_bowl_between_the_plate_and_the_ramekin_and_place_it_on_the_plate,0,0,100,0,0,0,fog,8,,,,,,pick up the black bowl between the plate and the ramekin and place it on the plate,pick up the black bowl between the plate and the ramekin and place it on the plate view 0 0 100 0 0 initstate 0 noise 38,pick_up_the_black_bowl_between_the_plate_and_the_ramekin_and_place_it_on_the_plate_view_0_0_100_0_0_initstate_0_noise_38
1396,Sensor Noise,2,3,pick_up_the_black_bowl_between_the_plate_and_the_ramekin_and_place_it_on_the_plate,0,0,100,0,0,0,fog,9,,,,,,pick up the black bowl between the plate and the ramekin and place it on the plate,pick up the black bowl between the plate and the ramekin and place it on the plate view 0 0 100 0 0 initstate 0 noise 39,pick_up_the_black_bowl_between_the_plate_and_the_ramekin_and_place_it_on_the_plate_view_0_0_100_0_0_initstate_0_noise_39
1397,Sensor Noise,3,2,pick_up_the_black_bowl_between_the_plate_and_the_ramekin_and_place_it_on_the_plate,0,0,100,0,0,0,fog,10,,,,,,pick up the black bowl between the plate and the ramekin and place it on the plate,pick up the black bowl between the plate and the ramekin and place it on the plate view 0 0 100 0 0 initstate 0 noise 40,pick_up_the_black_bowl_between_the_plate_and_the_ramekin_and_place_it_on_the_plate_view_0_0_100_0_0_initstate_0_noise_40
1398,Sensor Noise,2,3,pick_up_the_black_bowl_between_the_plate_and_the_ramekin_and_place_it_on_the_plate,0,0,100,0,0,0,glass blur,3,,,,,,pick up the black bowl between the plate and the ramekin and place it on the plate,pick up the black bowl between the plate and the ramekin and place it on the plate view 0 0 100 0 0 initstate 0 noise 43,pick_up_the_black_bowl_between_the_plate_and_the_ramekin_and_place_it_on_the_plate_view_0_0_100_0_0_initstate_0_noise_43
1399,Sensor Noise,2,3,pick_up_the_black_bowl_between_the_plate_and_the_ramekin_and_place_it_on_the_plate,0,0,100,0,0,0,glass blur,4,,,,,,pick up the black bowl between the plate and the ramekin and place it on the plate,pick up the black bowl between the plate and the ramekin and place it on the plate view 0 0 100 0 0 initstate 0 noise 44,pick_up_the_black_bowl_between_the_plate_and_the_ramekin_and_place_it_on_the_plate_view_0_0_100_0_0_initstate_0_noise_44
1400,Sensor Noise,2,3,pick_up_the_black_bowl_between_the_plate_and_the_ramekin_and_place_it_on_the_plate,0,0,100,0,0,0,glass blur,5,,,,,,pick up the black bowl between the plate and the ramekin and place it on the plate,pick up the black bowl between the plate and the ramekin and place it on the plate view 0 0 100 0 0 initstate 0 noise 45,pick_up_the_black_bowl_between_the_plate_and_the_ramekin_and_place_it_on_the_plate_view_0_0_100_0_0_initstate_0_noise_45
1401,Sensor Noise,2,3,pick_up_the_black_bowl_between_the_plate_and_the_ramekin_and_place_it_on_the_plate,0,0,100,0,0,0,glass blur,6,,,,,,pick up the black bowl between the plate and the ramekin and place it on the plate,pick up the black bowl between the plate and the ramekin and place it on the plate view 0 0 100 0 0 initstate 0 noise 46,pick_up_the_black_bowl_between_the_plate_and_the_ramekin_and_place_it_on_the_plate_view_0_0_100_0_0_initstate_0_noise_46
1402,Sensor Noise,3,2,pick_up_the_black_bowl_between_the_plate_and_the_ramekin_and_place_it_on_the_plate,0,0,100,0,0,0,glass blur,7,,,,,,pick up the black bowl between the plate and the ramekin and place it on the plate,pick up the black bowl between the plate and the ramekin and place it on the plate view 0 0 100 0 0 initstate 0 noise 47,pick_up_the_black_bowl_between_the_plate_and_the_ramekin_and_place_it_on_the_plate_view_0_0_100_0_0_initstate_0_noise_47
1403,Sensor Noise,3,2,pick_up_the_black_bowl_between_the_plate_and_the_ramekin_and_place_it_on_the_plate,0,0,100,0,0,0,glass blur,8,,,,,,pick up the black bowl between the plate and the ramekin and place it on the plate,pick up the black bowl between the plate and the ramekin and place it on the plate view 0 0 100 0 0 initstate 0 noise 48,pick_up_the_black_bowl_between_the_plate_and_the_ramekin_and_place_it_on_the_plate_view_0_0_100_0_0_initstate_0_noise_48
1404,Sensor Noise,2,3,pick_up_the_black_bowl_between_the_plate_and_the_ramekin_and_place_it_on_the_plate,0,0,100,0,0,0,glass blur,9,,,,,,pick up the black bowl between the plate and the ramekin and place it on the plate,pick up the black bowl between the plate and the ramekin and place it on the plate view 0 0 100 0 0 initstate 0 noise 49,pick_up_the_black_bowl_between_the_plate_and_the_ramekin_and_place_it_on_the_plate_view_0_0_100_0_0_initstate_0_noise_49
1405,Sensor Noise,2,3,pick_up_the_black_bowl_between_the_plate_and_the_ramekin_and_place_it_on_the_plate,0,0,100,0,0,0,glass blur,10,,,,,,pick up the black bowl between the plate and the ramekin and place it on the plate,pick up the black bowl between the plate and the ramekin and place it on the plate view 0 0 100 0 0 initstate 0 noise 50,pick_up_the_black_bowl_between_the_plate_and_the_ramekin_and_place_it_on_the_plate_view_0_0_100_0_0_initstate_0_noise_50
1406,Sensor Noise,1,4,pick_up_the_black_bowl_next_to_the_ramekin_and_place_it_on_the_plate,0,0,100,0,0,0,motion blur,2,,,,,,pick up the black bowl next to the ramekin and place it on the plate,pick up the black bowl next to the ramekin and place it on the plate view 0 0 100 0 0 initstate 0 noise 2,pick_up_the_black_bowl_next_to_the_ramekin_and_place_it_on_the_plate_view_0_0_100_0_0_initstate_0_noise_2
1407,Sensor Noise,2,3,pick_up_the_black_bowl_next_to_the_ramekin_and_place_it_on_the_plate,0,0,100,0,0,0,motion blur,3,,,,,,pick up the black bowl next to the ramekin and place it on the plate,pick up the black bowl next to the ramekin and place it on the plate view 0 0 100 0 0 initstate 0 noise 3,pick_up_the_black_bowl_next_to_the_ramekin_and_place_it_on_the_plate_view_0_0_100_0_0_initstate_0_noise_3
1408,Sensor Noise,2,3,pick_up_the_black_bowl_next_to_the_ramekin_and_place_it_on_the_plate,0,0,100,0,0,0,motion blur,4,,,,,,pick up the black bowl next to the ramekin and place it on the plate,pick up the black bowl next to the ramekin and place it on the plate view 0 0 100 0 0 initstate 0 noise 4,pick_up_the_black_bowl_next_to_the_ramekin_and_place_it_on_the_plate_view_0_0_100_0_0_initstate_0_noise_4
1409,Sensor Noise,2,3,pick_up_the_black_bowl_next_to_the_ramekin_and_place_it_on_the_plate,0,0,100,0,0,0,motion blur,5,,,,,,pick up the black bowl next to the ramekin and place it on the plate,pick up the black bowl next to the ramekin and place it on the plate view 0 0 100 0 0 initstate 0 noise 5,pick_up_the_black_bowl_next_to_the_ramekin_and_place_it_on_the_plate_view_0_0_100_0_0_initstate_0_noise_5
1410,Sensor Noise,4,1,pick_up_the_black_bowl_next_to_the_ramekin_and_place_it_on_the_plate,0,0,100,0,0,0,motion blur,7,,,,,,pick up the black bowl next to the ramekin and place it on the plate,pick up the black bowl next to the ramekin and place it on the plate view 0 0 100 0 0 initstate 0 noise 7,pick_up_the_black_bowl_next_to_the_ramekin_and_place_it_on_the_plate_view_0_0_100_0_0_initstate_0_noise_7
1411,Sensor Noise,5,0,pick_up_the_black_bowl_next_to_the_ramekin_and_place_it_on_the_plate,0,0,100,0,0,0,motion blur,8,,,,,,pick up the black bowl next to the ramekin and place it on the plate,pick up the black bowl next to the ramekin and place it on the plate view 0 0 100 0 0 initstate 0 noise 8,pick_up_the_black_bowl_next_to_the_ramekin_and_place_it_on_the_plate_view_0_0_100_0_0_initstate_0_noise_8
1412,Sensor Noise,5,0,pick_up_the_black_bowl_next_to_the_ramekin_and_place_it_on_the_plate,0,0,100,0,0,0,motion blur,9,,,,,,pick up the black bowl next to the ramekin and place it on the plate,pick up the black bowl next to the ramekin and place it on the plate view 0 0 100 0 0 initstate 0 noise 9,pick_up_the_black_bowl_next_to_the_ramekin_and_place_it_on_the_plate_view_0_0_100_0_0_initstate_0_noise_9
1413,Sensor Noise,4,1,pick_up_the_black_bowl_next_to_the_ramekin_and_place_it_on_the_plate,0,0,100,0,0,0,motion blur,10,,,,,,pick up the black bowl next to the ramekin and place it on the plate,pick up the black bowl next to the ramekin and place it on the plate view 0 0 100 0 0 initstate 0 noise 10,pick_up_the_black_bowl_next_to_the_ramekin_and_place_it_on_the_plate_view_0_0_100_0_0_initstate_0_noise_10
1414,Sensor Noise,1,4,pick_up_the_black_bowl_next_to_the_ramekin_and_place_it_on_the_plate,0,0,100,0,0,0,gaussian blur,2,,,,,,pick up the black bowl next to the ramekin and place it on the plate,pick up the black bowl next to the ramekin and place it on the plate view 0 0 100 0 0 initstate 0 noise 12,pick_up_the_black_bowl_next_to_the_ramekin_and_place_it_on_the_plate_view_0_0_100_0_0_initstate_0_noise_12
1415,Sensor Noise,2,3,pick_up_the_black_bowl_next_to_the_ramekin_and_place_it_on_the_plate,0,0,100,0,0,0,gaussian blur,3,,,,,,pick up the black bowl next to the ramekin and place it on the plate,pick up the black bowl next to the ramekin and place it on the plate view 0 0 100 0 0 initstate 0 noise 13,pick_up_the_black_bowl_next_to_the_ramekin_and_place_it_on_the_plate_view_0_0_100_0_0_initstate_0_noise_13
1416,Sensor Noise,2,3,pick_up_the_black_bowl_next_to_the_ramekin_and_place_it_on_the_plate,0,0,100,0,0,0,gaussian blur,4,,,,,,pick up the black bowl next to the ramekin and place it on the plate,pick up the black bowl next to the ramekin and place it on the plate view 0 0 100 0 0 initstate 0 noise 14,pick_up_the_black_bowl_next_to_the_ramekin_and_place_it_on_the_plate_view_0_0_100_0_0_initstate_0_noise_14
1417,Sensor Noise,4,1,pick_up_the_black_bowl_next_to_the_ramekin_and_place_it_on_the_plate,0,0,100,0,0,0,gaussian blur,5,,,,,,pick up the black bowl next to the ramekin and place it on the plate,pick up the black bowl next to the ramekin and place it on the plate view 0 0 100 0 0 initstate 0 noise 15,pick_up_the_black_bowl_next_to_the_ramekin_and_place_it_on_the_plate_view_0_0_100_0_0_initstate_0_noise_15
1418,Sensor Noise,5,0,pick_up_the_black_bowl_next_to_the_ramekin_and_place_it_on_the_plate,0,0,100,0,0,0,gaussian blur,7,,,,,,pick up the black bowl next to the ramekin and place it on the plate,pick up the black bowl next to the ramekin and place it on the plate view 0 0 100 0 0 initstate 0 noise 17,pick_up_the_black_bowl_next_to_the_ramekin_and_place_it_on_the_plate_view_0_0_100_0_0_initstate_0_noise_17
1419,Sensor Noise,5,0,pick_up_the_black_bowl_next_to_the_ramekin_and_place_it_on_the_plate,0,0,100,0,0,0,gaussian blur,8,,,,,,pick up the black bowl next to the ramekin and place it on the plate,pick up the black bowl next to the ramekin and place it on the plate view 0 0 100 0 0 initstate 0 noise 18,pick_up_the_black_bowl_next_to_the_ramekin_and_place_it_on_the_plate_view_0_0_100_0_0_initstate_0_noise_18
1420,Sensor Noise,5,0,pick_up_the_black_bowl_next_to_the_ramekin_and_place_it_on_the_plate,0,0,100,0,0,0,gaussian blur,9,,,,,,pick up the black bowl next to the ramekin and place it on the plate,pick up the black bowl next to the ramekin and place it on the plate view 0 0 100 0 0 initstate 0 noise 19,pick_up_the_black_bowl_next_to_the_ramekin_and_place_it_on_the_plate_view_0_0_100_0_0_initstate_0_noise_19
1421,Sensor Noise,1,4,pick_up_the_black_bowl_next_to_the_ramekin_and_place_it_on_the_plate,0,0,100,0,0,0,zoom blur,4,,,,,,pick up the black bowl next to the ramekin and place it on the plate,pick up the black bowl next to the ramekin and place it on the plate view 0 0 100 0 0 initstate 0 noise 24,pick_up_the_black_bowl_next_to_the_ramekin_and_place_it_on_the_plate_view_0_0_100_0_0_initstate_0_noise_24
1422,Sensor Noise,2,3,pick_up_the_black_bowl_next_to_the_ramekin_and_place_it_on_the_plate,0,0,100,0,0,0,zoom blur,6,,,,,,pick up the black bowl next to the ramekin and place it on the plate,pick up the black bowl next to the ramekin and place it on the plate view 0 0 100 0 0 initstate 0 noise 26,pick_up_the_black_bowl_next_to_the_ramekin_and_place_it_on_the_plate_view_0_0_100_0_0_initstate_0_noise_26
1423,Sensor Noise,2,3,pick_up_the_black_bowl_next_to_the_ramekin_and_place_it_on_the_plate,0,0,100,0,0,0,zoom blur,7,,,,,,pick up the black bowl next to the ramekin and place it on the plate,pick up the black bowl next to the ramekin and place it on the plate view 0 0 100 0 0 initstate 0 noise 27,pick_up_the_black_bowl_next_to_the_ramekin_and_place_it_on_the_plate_view_0_0_100_0_0_initstate_0_noise_27
1424,Sensor Noise,4,1,pick_up_the_black_bowl_next_to_the_ramekin_and_place_it_on_the_plate,0,0,100,0,0,0,zoom blur,8,,,,,,pick up the black bowl next to the ramekin and place it on the plate,pick up the black bowl next to the ramekin and place it on the plate view 0 0 100 0 0 initstate 0 noise 28,pick_up_the_black_bowl_next_to_the_ramekin_and_place_it_on_the_plate_view_0_0_100_0_0_initstate_0_noise_28
1425,Sensor Noise,5,0,pick_up_the_black_bowl_next_to_the_ramekin_and_place_it_on_the_plate,0,0,100,0,0,0,zoom blur,9,,,,,,pick up the black bowl next to the ramekin and place it on the plate,pick up the black bowl next to the ramekin and place it on the plate view 0 0 100 0 0 initstate 0 noise 29,pick_up_the_black_bowl_next_to_the_ramekin_and_place_it_on_the_plate_view_0_0_100_0_0_initstate_0_noise_29
1426,Sensor Noise,5,0,pick_up_the_black_bowl_next_to_the_ramekin_and_place_it_on_the_plate,0,0,100,0,0,0,zoom blur,10,,,,,,pick up the black bowl next to the ramekin and place it on the plate,pick up the black bowl next to the ramekin and place it on the plate view 0 0 100 0 0 initstate 0 noise 30,pick_up_the_black_bowl_next_to_the_ramekin_and_place_it_on_the_plate_view_0_0_100_0_0_initstate_0_noise_30
1427,Sensor Noise,1,4,pick_up_the_black_bowl_next_to_the_ramekin_and_place_it_on_the_plate,0,0,100,0,0,0,fog,3,,,,,,pick up the black bowl next to the ramekin and place it on the plate,pick up the black bowl next to the ramekin and place it on the plate view 0 0 100 0 0 initstate 0 noise 33,pick_up_the_black_bowl_next_to_the_ramekin_and_place_it_on_the_plate_view_0_0_100_0_0_initstate_0_noise_33
1428,Sensor Noise,1,4,pick_up_the_black_bowl_next_to_the_ramekin_and_place_it_on_the_plate,0,0,100,0,0,0,fog,6,,,,,,pick up the black bowl next to the ramekin and place it on the plate,pick up the black bowl next to the ramekin and place it on the plate view 0 0 100 0 0 initstate 0 noise 36,pick_up_the_black_bowl_next_to_the_ramekin_and_place_it_on_the_plate_view_0_0_100_0_0_initstate_0_noise_36
1429,Sensor Noise,2,3,pick_up_the_black_bowl_next_to_the_ramekin_and_place_it_on_the_plate,0,0,100,0,0,0,fog,7,,,,,,pick up the black bowl next to the ramekin and place it on the plate,pick up the black bowl next to the ramekin and place it on the plate view 0 0 100 0 0 initstate 0 noise 37,pick_up_the_black_bowl_next_to_the_ramekin_and_place_it_on_the_plate_view_0_0_100_0_0_initstate_0_noise_37
1430,Sensor Noise,4,1,pick_up_the_black_bowl_next_to_the_ramekin_and_place_it_on_the_plate,0,0,100,0,0,0,fog,8,,,,,,pick up the black bowl next to the ramekin and place it on the plate,pick up the black bowl next to the ramekin and place it on the plate view 0 0 100 0 0 initstate 0 noise 38,pick_up_the_black_bowl_next_to_the_ramekin_and_place_it_on_the_plate_view_0_0_100_0_0_initstate_0_noise_38
1431,Sensor Noise,5,0,pick_up_the_black_bowl_next_to_the_ramekin_and_place_it_on_the_plate,0,0,100,0,0,0,fog,10,,,,,,pick up the black bowl next to the ramekin and place it on the plate,pick up the black bowl next to the ramekin and place it on the plate view 0 0 100 0 0 initstate 0 noise 40,pick_up_the_black_bowl_next_to_the_ramekin_and_place_it_on_the_plate_view_0_0_100_0_0_initstate_0_noise_40
1432,Sensor Noise,2,3,pick_up_the_black_bowl_next_to_the_ramekin_and_place_it_on_the_plate,0,0,100,0,0,0,glass blur,3,,,,,,pick up the black bowl next to the ramekin and place it on the plate,pick up the black bowl next to the ramekin and place it on the plate view 0 0 100 0 0 initstate 0 noise 43,pick_up_the_black_bowl_next_to_the_ramekin_and_place_it_on_the_plate_view_0_0_100_0_0_initstate_0_noise_43
1433,Sensor Noise,2,3,pick_up_the_black_bowl_next_to_the_ramekin_and_place_it_on_the_plate,0,0,100,0,0,0,glass blur,4,,,,,,pick up the black bowl next to the ramekin and place it on the plate,pick up the black bowl next to the ramekin and place it on the plate view 0 0 100 0 0 initstate 0 noise 44,pick_up_the_black_bowl_next_to_the_ramekin_and_place_it_on_the_plate_view_0_0_100_0_0_initstate_0_noise_44
1434,Sensor Noise,3,2,pick_up_the_black_bowl_next_to_the_ramekin_and_place_it_on_the_plate,0,0,100,0,0,0,glass blur,5,,,,,,pick up the black bowl next to the ramekin and place it on the plate,pick up the black bowl next to the ramekin and place it on the plate view 0 0 100 0 0 initstate 0 noise 45,pick_up_the_black_bowl_next_to_the_ramekin_and_place_it_on_the_plate_view_0_0_100_0_0_initstate_0_noise_45
1435,Sensor Noise,2,3,pick_up_the_black_bowl_next_to_the_ramekin_and_place_it_on_the_plate,0,0,100,0,0,0,glass blur,6,,,,,,pick up the black bowl next to the ramekin and place it on the plate,pick up the black bowl next to the ramekin and place it on the plate view 0 0 100 0 0 initstate 0 noise 46,pick_up_the_black_bowl_next_to_the_ramekin_and_place_it_on_the_plate_view_0_0_100_0_0_initstate_0_noise_46
1436,Sensor Noise,4,1,pick_up_the_black_bowl_next_to_the_ramekin_and_place_it_on_the_plate,0,0,100,0,0,0,glass blur,7,,,,,,pick up the black bowl next to the ramekin and place it on the plate,pick up the black bowl next to the ramekin and place it on the plate view 0 0 100 0 0 initstate 0 noise 47,pick_up_the_black_bowl_next_to_the_ramekin_and_place_it_on_the_plate_view_0_0_100_0_0_initstate_0_noise_47
1437,Sensor Noise,4,1,pick_up_the_black_bowl_next_to_the_ramekin_and_place_it_on_the_plate,0,0,100,0,0,0,glass blur,8,,,,,,pick up the black bowl next to the ramekin and place it on the plate,pick up the black bowl next to the ramekin and place it on the plate view 0 0 100 0 0 initstate 0 noise 48,pick_up_the_black_bowl_next_to_the_ramekin_and_place_it_on_the_plate_view_0_0_100_0_0_initstate_0_noise_48
1438,Sensor Noise,4,1,pick_up_the_black_bowl_next_to_the_ramekin_and_place_it_on_the_plate,0,0,100,0,0,0,glass blur,9,,,,,,pick up the black bowl next to the ramekin and place it on the plate,pick up the black bowl next to the ramekin and place it on the plate view 0 0 100 0 0 initstate 0 noise 49,pick_up_the_black_bowl_next_to_the_ramekin_and_place_it_on_the_plate_view_0_0_100_0_0_initstate_0_noise_49
1439,Sensor Noise,4,1,pick_up_the_black_bowl_next_to_the_ramekin_and_place_it_on_the_plate,0,0,100,0,0,0,glass blur,10,,,,,,pick up the black bowl next to the ramekin and place it on the plate,pick up the black bowl next to the ramekin and place it on the plate view 0 0 100 0 0 initstate 0 noise 50,pick_up_the_black_bowl_next_to_the_ramekin_and_place_it_on_the_plate_view_0_0_100_0_0_initstate_0_noise_50
1440,Sensor Noise,2,3,pick_up_the_black_bowl_from,0,0,100,0,0,0,motion blur,3,,,,,,pick up the black bowl from,pick up the black bowl from table center and place it on the plate view 0 0 100 0 0 initstate 0 noise 3,pick_up_the_black_bowl_from_table_center_and_place_it_on_the_plate_view_0_0_100_0_0_initstate_0_noise_3
1441,Sensor Noise,2,3,pick_up_the_black_bowl_from,0,0,100,0,0,0,motion blur,4,,,,,,pick up the black bowl from,pick up the black bowl from table center and place it on the plate view 0 0 100 0 0 initstate 0 noise 4,pick_up_the_black_bowl_from_table_center_and_place_it_on_the_plate_view_0_0_100_0_0_initstate_0_noise_4
1442,Sensor Noise,2,3,pick_up_the_black_bowl_from,0,0,100,0,0,0,motion blur,5,,,,,,pick up the black bowl from,pick up the black bowl from table center and place it on the plate view 0 0 100 0 0 initstate 0 noise 5,pick_up_the_black_bowl_from_table_center_and_place_it_on_the_plate_view_0_0_100_0_0_initstate_0_noise_5
1443,Sensor Noise,2,3,pick_up_the_black_bowl_from,0,0,100,0,0,0,motion blur,6,,,,,,pick up the black bowl from,pick up the black bowl from table center and place it on the plate view 0 0 100 0 0 initstate 0 noise 6,pick_up_the_black_bowl_from_table_center_and_place_it_on_the_plate_view_0_0_100_0_0_initstate_0_noise_6
1444,Sensor Noise,2,3,pick_up_the_black_bowl_from,0,0,100,0,0,0,motion blur,7,,,,,,pick up the black bowl from,pick up the black bowl from table center and place it on the plate view 0 0 100 0 0 initstate 0 noise 7,pick_up_the_black_bowl_from_table_center_and_place_it_on_the_plate_view_0_0_100_0_0_initstate_0_noise_7
1445,Sensor Noise,3,2,pick_up_the_black_bowl_from,0,0,100,0,0,0,motion blur,8,,,,,,pick up the black bowl from,pick up the black bowl from table center and place it on the plate view 0 0 100 0 0 initstate 0 noise 8,pick_up_the_black_bowl_from_table_center_and_place_it_on_the_plate_view_0_0_100_0_0_initstate_0_noise_8
1446,Sensor Noise,3,2,pick_up_the_black_bowl_from,0,0,100,0,0,0,motion blur,9,,,,,,pick up the black bowl from,pick up the black bowl from table center and place it on the plate view 0 0 100 0 0 initstate 0 noise 9,pick_up_the_black_bowl_from_table_center_and_place_it_on_the_plate_view_0_0_100_0_0_initstate_0_noise_9
1447,Sensor Noise,3,2,pick_up_the_black_bowl_from,0,0,100,0,0,0,motion blur,10,,,,,,pick up the black bowl from,pick up the black bowl from table center and place it on the plate view 0 0 100 0 0 initstate 0 noise 10,pick_up_the_black_bowl_from_table_center_and_place_it_on_the_plate_view_0_0_100_0_0_initstate_0_noise_10
1448,Sensor Noise,2,3,pick_up_the_black_bowl_from,0,0,100,0,0,0,gaussian blur,2,,,,,,pick up the black bowl from,pick up the black bowl from table center and place it on the plate view 0 0 100 0 0 initstate 0 noise 12,pick_up_the_black_bowl_from_table_center_and_place_it_on_the_plate_view_0_0_100_0_0_initstate_0_noise_12
1449,Sensor Noise,2,3,pick_up_the_black_bowl_from,0,0,100,0,0,0,gaussian blur,3,,,,,,pick up the black bowl from,pick up the black bowl from table center and place it on the plate view 0 0 100 0 0 initstate 0 noise 13,pick_up_the_black_bowl_from_table_center_and_place_it_on_the_plate_view_0_0_100_0_0_initstate_0_noise_13
1450,Sensor Noise,2,3,pick_up_the_black_bowl_from,0,0,100,0,0,0,gaussian blur,4,,,,,,pick up the black bowl from,pick up the black bowl from table center and place it on the plate view 0 0 100 0 0 initstate 0 noise 14,pick_up_the_black_bowl_from_table_center_and_place_it_on_the_plate_view_0_0_100_0_0_initstate_0_noise_14
1451,Sensor Noise,2,3,pick_up_the_black_bowl_from,0,0,100,0,0,0,gaussian blur,5,,,,,,pick up the black bowl from,pick up the black bowl from table center and place it on the plate view 0 0 100 0 0 initstate 0 noise 15,pick_up_the_black_bowl_from_table_center_and_place_it_on_the_plate_view_0_0_100_0_0_initstate_0_noise_15
1452,Sensor Noise,3,2,pick_up_the_black_bowl_from,0,0,100,0,0,0,gaussian blur,6,,,,,,pick up the black bowl from,pick up the black bowl from table center and place it on the plate view 0 0 100 0 0 initstate 0 noise 16,pick_up_the_black_bowl_from_table_center_and_place_it_on_the_plate_view_0_0_100_0_0_initstate_0_noise_16
1453,Sensor Noise,3,2,pick_up_the_black_bowl_from,0,0,100,0,0,0,gaussian blur,7,,,,,,pick up the black bowl from,pick up the black bowl from table center and place it on the plate view 0 0 100 0 0 initstate 0 noise 17,pick_up_the_black_bowl_from_table_center_and_place_it_on_the_plate_view_0_0_100_0_0_initstate_0_noise_17
1454,Sensor Noise,3,2,pick_up_the_black_bowl_from,0,0,100,0,0,0,gaussian blur,8,,,,,,pick up the black bowl from,pick up the black bowl from table center and place it on the plate view 0 0 100 0 0 initstate 0 noise 18,pick_up_the_black_bowl_from_table_center_and_place_it_on_the_plate_view_0_0_100_0_0_initstate_0_noise_18
1455,Sensor Noise,3,2,pick_up_the_black_bowl_from,0,0,100,0,0,0,gaussian blur,9,,,,,,pick up the black bowl from,pick up the black bowl from table center and place it on the plate view 0 0 100 0 0 initstate 0 noise 19,pick_up_the_black_bowl_from_table_center_and_place_it_on_the_plate_view_0_0_100_0_0_initstate_0_noise_19
1456,Sensor Noise,3,2,pick_up_the_black_bowl_from,0,0,100,0,0,0,gaussian blur,10,,,,,,pick up the black bowl from,pick up the black bowl from table center and place it on the plate view 0 0 100 0 0 initstate 0 noise 20,pick_up_the_black_bowl_from_table_center_and_place_it_on_the_plate_view_0_0_100_0_0_initstate_0_noise_20
1457,Sensor Noise,1,4,pick_up_the_black_bowl_from,0,0,100,0,0,0,zoom blur,4,,,,,,pick up the black bowl from,pick up the black bowl from table center and place it on the plate view 0 0 100 0 0 initstate 0 noise 24,pick_up_the_black_bowl_from_table_center_and_place_it_on_the_plate_view_0_0_100_0_0_initstate_0_noise_24
1458,Sensor Noise,2,3,pick_up_the_black_bowl_from,0,0,100,0,0,0,zoom blur,7,,,,,,pick up the black bowl from,pick up the black bowl from table center and place it on the plate view 0 0 100 0 0 initstate 0 noise 27,pick_up_the_black_bowl_from_table_center_and_place_it_on_the_plate_view_0_0_100_0_0_initstate_0_noise_27
1459,Sensor Noise,2,3,pick_up_the_black_bowl_from,0,0,100,0,0,0,zoom blur,8,,,,,,pick up the black bowl from,pick up the black bowl from table center and place it on the plate view 0 0 100 0 0 initstate 0 noise 28,pick_up_the_black_bowl_from_table_center_and_place_it_on_the_plate_view_0_0_100_0_0_initstate_0_noise_28
1460,Sensor Noise,3,2,pick_up_the_black_bowl_from,0,0,100,0,0,0,zoom blur,9,,,,,,pick up the black bowl from,pick up the black bowl from table center and place it on the plate view 0 0 100 0 0 initstate 0 noise 29,pick_up_the_black_bowl_from_table_center_and_place_it_on_the_plate_view_0_0_100_0_0_initstate_0_noise_29
1461,Sensor Noise,4,1,pick_up_the_black_bowl_from,0,0,100,0,0,0,zoom blur,10,,,,,,pick up the black bowl from,pick up the black bowl from table center and place it on the plate view 0 0 100 0 0 initstate 0 noise 30,pick_up_the_black_bowl_from_table_center_and_place_it_on_the_plate_view_0_0_100_0_0_initstate_0_noise_30
1462,Sensor Noise,2,3,pick_up_the_black_bowl_from,0,0,100,0,0,0,fog,6,,,,,,pick up the black bowl from,pick up the black bowl from table center and place it on the plate view 0 0 100 0 0 initstate 0 noise 36,pick_up_the_black_bowl_from_table_center_and_place_it_on_the_plate_view_0_0_100_0_0_initstate_0_noise_36
1463,Sensor Noise,2,3,pick_up_the_black_bowl_from,0,0,100,0,0,0,fog,7,,,,,,pick up the black bowl from,pick up the black bowl from table center and place it on the plate view 0 0 100 0 0 initstate 0 noise 37,pick_up_the_black_bowl_from_table_center_and_place_it_on_the_plate_view_0_0_100_0_0_initstate_0_noise_37
1464,Sensor Noise,2,3,pick_up_the_black_bowl_from,0,0,100,0,0,0,fog,8,,,,,,pick up the black bowl from,pick up the black bowl from table center and place it on the plate view 0 0 100 0 0 initstate 0 noise 38,pick_up_the_black_bowl_from_table_center_and_place_it_on_the_plate_view_0_0_100_0_0_initstate_0_noise_38
1465,Sensor Noise,2,3,pick_up_the_black_bowl_from,0,0,100,0,0,0,fog,9,,,,,,pick up the black bowl from,pick up the black bowl from table center and place it on the plate view 0 0 100 0 0 initstate 0 noise 39,pick_up_the_black_bowl_from_table_center_and_place_it_on_the_plate_view_0_0_100_0_0_initstate_0_noise_39
1466,Sensor Noise,3,2,pick_up_the_black_bowl_from,0,0,100,0,0,0,fog,10,,,,,,pick up the black bowl from,pick up the black bowl from table center and place it on the plate view 0 0 100 0 0 initstate 0 noise 40,pick_up_the_black_bowl_from_table_center_and_place_it_on_the_plate_view_0_0_100_0_0_initstate_0_noise_40
1467,Sensor Noise,2,3,pick_up_the_black_bowl_from,0,0,100,0,0,0,glass blur,3,,,,,,pick up the black bowl from,pick up the black bowl from table center and place it on the plate view 0 0 100 0 0 initstate 0 noise 43,pick_up_the_black_bowl_from_table_center_and_place_it_on_the_plate_view_0_0_100_0_0_initstate_0_noise_43
1468,Sensor Noise,2,3,pick_up_the_black_bowl_from,0,0,100,0,0,0,glass blur,4,,,,,,pick up the black bowl from,pick up the black bowl from table center and place it on the plate view 0 0 100 0 0 initstate 0 noise 44,pick_up_the_black_bowl_from_table_center_and_place_it_on_the_plate_view_0_0_100_0_0_initstate_0_noise_44
1469,Sensor Noise,2,3,pick_up_the_black_bowl_from,0,0,100,0,0,0,glass blur,5,,,,,,pick up the black bowl from,pick up the black bowl from table center and place it on the plate view 0 0 100 0 0 initstate 0 noise 45,pick_up_the_black_bowl_from_table_center_and_place_it_on_the_plate_view_0_0_100_0_0_initstate_0_noise_45
1470,Sensor Noise,2,3,pick_up_the_black_bowl_from,0,0,100,0,0,0,glass blur,6,,,,,,pick up the black bowl from,pick up the black bowl from table center and place it on the plate view 0 0 100 0 0 initstate 0 noise 46,pick_up_the_black_bowl_from_table_center_and_place_it_on_the_plate_view_0_0_100_0_0_initstate_0_noise_46
1471,Sensor Noise,3,2,pick_up_the_black_bowl_from,0,0,100,0,0,0,glass blur,7,,,,,,pick up the black bowl from,pick up the black bowl from table center and place it on the plate view 0 0 100 0 0 initstate 0 noise 47,pick_up_the_black_bowl_from_table_center_and_place_it_on_the_plate_view_0_0_100_0_0_initstate_0_noise_47
1472,Sensor Noise,3,2,pick_up_the_black_bowl_from,0,0,100,0,0,0,glass blur,8,,,,,,pick up the black bowl from,pick up the black bowl from table center and place it on the plate view 0 0 100 0 0 initstate 0 noise 48,pick_up_the_black_bowl_from_table_center_and_place_it_on_the_plate_view_0_0_100_0_0_initstate_0_noise_48
1473,Sensor Noise,3,2,pick_up_the_black_bowl_from,0,0,100,0,0,0,glass blur,9,,,,,,pick up the black bowl from,pick up the black bowl from table center and place it on the plate view 0 0 100 0 0 initstate 0 noise 49,pick_up_the_black_bowl_from_table_center_and_place_it_on_the_plate_view_0_0_100_0_0_initstate_0_noise_49
1474,Sensor Noise,3,2,pick_up_the_black_bowl_from,0,0,100,0,0,0,glass blur,10,,,,,,pick up the black bowl from,pick up the black bowl from table center and place it on the plate view 0 0 100 0 0 initstate 0 noise 50,pick_up_the_black_bowl_from_table_center_and_place_it_on_the_plate_view_0_0_100_0_0_initstate_0_noise_50
1475,Sensor Noise,2,3,pick_up_the_black_bowl_on_the_cookie_box_and_place_it_on_the_plate,0,0,100,0,0,0,motion blur,5,,,,,,pick up the black bowl on the cookie box and place it on the plate,pick up the black bowl on the cookie box and place it on the plate view 0 0 100 0 0 initstate 0 noise 5,pick_up_the_black_bowl_on_the_cookie_box_and_place_it_on_the_plate_view_0_0_100_0_0_initstate_0_noise_5
1476,Sensor Noise,2,3,pick_up_the_black_bowl_on_the_cookie_box_and_place_it_on_the_plate,0,0,100,0,0,0,motion blur,6,,,,,,pick up the black bowl on the cookie box and place it on the plate,pick up the black bowl on the cookie box and place it on the plate view 0 0 100 0 0 initstate 0 noise 6,pick_up_the_black_bowl_on_the_cookie_box_and_place_it_on_the_plate_view_0_0_100_0_0_initstate_0_noise_6
1477,Sensor Noise,2,3,pick_up_the_black_bowl_on_the_cookie_box_and_place_it_on_the_plate,0,0,100,0,0,0,motion blur,7,,,,,,pick up the black bowl on the cookie box and place it on the plate,pick up the black bowl on the cookie box and place it on the plate view 0 0 100 0 0 initstate 0 noise 7,pick_up_the_black_bowl_on_the_cookie_box_and_place_it_on_the_plate_view_0_0_100_0_0_initstate_0_noise_7
1478,Sensor Noise,2,3,pick_up_the_black_bowl_on_the_cookie_box_and_place_it_on_the_plate,0,0,100,0,0,0,motion blur,8,,,,,,pick up the black bowl on the cookie box and place it on the plate,pick up the black bowl on the cookie box and place it on the plate view 0 0 100 0 0 initstate 0 noise 8,pick_up_the_black_bowl_on_the_cookie_box_and_place_it_on_the_plate_view_0_0_100_0_0_initstate_0_noise_8
1479,Sensor Noise,3,2,pick_up_the_black_bowl_on_the_cookie_box_and_place_it_on_the_plate,0,0,100,0,0,0,motion blur,9,,,,,,pick up the black bowl on the cookie box and place it on the plate,pick up the black bowl on the cookie box and place it on the plate view 0 0 100 0 0 initstate 0 noise 9,pick_up_the_black_bowl_on_the_cookie_box_and_place_it_on_the_plate_view_0_0_100_0_0_initstate_0_noise_9
1480,Sensor Noise,3,2,pick_up_the_black_bowl_on_the_cookie_box_and_place_it_on_the_plate,0,0,100,0,0,0,motion blur,10,,,,,,pick up the black bowl on the cookie box and place it on the plate,pick up the black bowl on the cookie box and place it on the plate view 0 0 100 0 0 initstate 0 noise 10,pick_up_the_black_bowl_on_the_cookie_box_and_place_it_on_the_plate_view_0_0_100_0_0_initstate_0_noise_10
1481,Sensor Noise,2,3,pick_up_the_black_bowl_on_the_cookie_box_and_place_it_on_the_plate,0,0,100,0,0,0,gaussian blur,3,,,,,,pick up the black bowl on the cookie box and place it on the plate,pick up the black bowl on the cookie box and place it on the plate view 0 0 100 0 0 initstate 0 noise 13,pick_up_the_black_bowl_on_the_cookie_box_and_place_it_on_the_plate_view_0_0_100_0_0_initstate_0_noise_13
1482,Sensor Noise,2,3,pick_up_the_black_bowl_on_the_cookie_box_and_place_it_on_the_plate,0,0,100,0,0,0,gaussian blur,4,,,,,,pick up the black bowl on the cookie box and place it on the plate,pick up the black bowl on the cookie box and place it on the plate view 0 0 100 0 0 initstate 0 noise 14,pick_up_the_black_bowl_on_the_cookie_box_and_place_it_on_the_plate_view_0_0_100_0_0_initstate_0_noise_14
1483,Sensor Noise,2,3,pick_up_the_black_bowl_on_the_cookie_box_and_place_it_on_the_plate,0,0,100,0,0,0,gaussian blur,5,,,,,,pick up the black bowl on the cookie box and place it on the plate,pick up the black bowl on the cookie box and place it on the plate view 0 0 100 0 0 initstate 0 noise 15,pick_up_the_black_bowl_on_the_cookie_box_and_place_it_on_the_plate_view_0_0_100_0_0_initstate_0_noise_15
1484,Sensor Noise,3,2,pick_up_the_black_bowl_on_the_cookie_box_and_place_it_on_the_plate,0,0,100,0,0,0,gaussian blur,6,,,,,,pick up the black bowl on the cookie box and place it on the plate,pick up the black bowl on the cookie box and place it on the plate view 0 0 100 0 0 initstate 0 noise 16,pick_up_the_black_bowl_on_the_cookie_box_and_place_it_on_the_plate_view_0_0_100_0_0_initstate_0_noise_16
1485,Sensor Noise,2,3,pick_up_the_black_bowl_on_the_cookie_box_and_place_it_on_the_plate,0,0,100,0,0,0,gaussian blur,7,,,,,,pick up the black bowl on the cookie box and place it on the plate,pick up the black bowl on the cookie box and place it on the plate view 0 0 100 0 0 initstate 0 noise 17,pick_up_the_black_bowl_on_the_cookie_box_and_place_it_on_the_plate_view_0_0_100_0_0_initstate_0_noise_17
1486,Sensor Noise,2,3,pick_up_the_black_bowl_on_the_cookie_box_and_place_it_on_the_plate,0,0,100,0,0,0,gaussian blur,8,,,,,,pick up the black bowl on the cookie box and place it on the plate,pick up the black bowl on the cookie box and place it on the plate view 0 0 100 0 0 initstate 0 noise 18,pick_up_the_black_bowl_on_the_cookie_box_and_place_it_on_the_plate_view_0_0_100_0_0_initstate_0_noise_18
1487,Sensor Noise,3,2,pick_up_the_black_bowl_on_the_cookie_box_and_place_it_on_the_plate,0,0,100,0,0,0,gaussian blur,9,,,,,,pick up the black bowl on the cookie box and place it on the plate,pick up the black bowl on the cookie box and place it on the plate view 0 0 100 0 0 initstate 0 noise 19,pick_up_the_black_bowl_on_the_cookie_box_and_place_it_on_the_plate_view_0_0_100_0_0_initstate_0_noise_19
1488,Sensor Noise,3,2,pick_up_the_black_bowl_on_the_cookie_box_and_place_it_on_the_plate,0,0,100,0,0,0,gaussian blur,10,,,,,,pick up the black bowl on the cookie box and place it on the plate,pick up the black bowl on the cookie box and place it on the plate view 0 0 100 0 0 initstate 0 noise 20,pick_up_the_black_bowl_on_the_cookie_box_and_place_it_on_the_plate_view_0_0_100_0_0_initstate_0_noise_20
1489,Sensor Noise,1,4,pick_up_the_black_bowl_on_the_cookie_box_and_place_it_on_the_plate,0,0,100,0,0,0,zoom blur,7,,,,,,pick up the black bowl on the cookie box and place it on the plate,pick up the black bowl on the cookie box and place it on the plate view 0 0 100 0 0 initstate 0 noise 27,pick_up_the_black_bowl_on_the_cookie_box_and_place_it_on_the_plate_view_0_0_100_0_0_initstate_0_noise_27
1490,Sensor Noise,2,3,pick_up_the_black_bowl_on_the_cookie_box_and_place_it_on_the_plate,0,0,100,0,0,0,zoom blur,8,,,,,,pick up the black bowl on the cookie box and place it on the plate,pick up the black bowl on the cookie box and place it on the plate view 0 0 100 0 0 initstate 0 noise 28,pick_up_the_black_bowl_on_the_cookie_box_and_place_it_on_the_plate_view_0_0_100_0_0_initstate_0_noise_28
1491,Sensor Noise,2,3,pick_up_the_black_bowl_on_the_cookie_box_and_place_it_on_the_plate,0,0,100,0,0,0,zoom blur,9,,,,,,pick up the black bowl on the cookie box and place it on the plate,pick up the black bowl on the cookie box and place it on the plate view 0 0 100 0 0 initstate 0 noise 29,pick_up_the_black_bowl_on_the_cookie_box_and_place_it_on_the_plate_view_0_0_100_0_0_initstate_0_noise_29
1492,Sensor Noise,3,2,pick_up_the_black_bowl_on_the_cookie_box_and_place_it_on_the_plate,0,0,100,0,0,0,zoom blur,10,,,,,,pick up the black bowl on the cookie box and place it on the plate,pick up the black bowl on the cookie box and place it on the plate view 0 0 100 0 0 initstate 0 noise 30,pick_up_the_black_bowl_on_the_cookie_box_and_place_it_on_the_plate_view_0_0_100_0_0_initstate_0_noise_30
1493,Sensor Noise,1,4,pick_up_the_black_bowl_on_the_cookie_box_and_place_it_on_the_plate,0,0,100,0,0,0,fog,5,,,,,,pick up the black bowl on the cookie box and place it on the plate,pick up the black bowl on the cookie box and place it on the plate view 0 0 100 0 0 initstate 0 noise 35,pick_up_the_black_bowl_on_the_cookie_box_and_place_it_on_the_plate_view_0_0_100_0_0_initstate_0_noise_35
1494,Sensor Noise,1,4,pick_up_the_black_bowl_on_the_cookie_box_and_place_it_on_the_plate,0,0,100,0,0,0,fog,7,,,,,,pick up the black bowl on the cookie box and place it on the plate,pick up the black bowl on the cookie box and place it on the plate view 0 0 100 0 0 initstate 0 noise 37,pick_up_the_black_bowl_on_the_cookie_box_and_place_it_on_the_plate_view_0_0_100_0_0_initstate_0_noise_37
1495,Sensor Noise,1,4,pick_up_the_black_bowl_on_the_cookie_box_and_place_it_on_the_plate,0,0,100,0,0,0,fog,8,,,,,,pick up the black bowl on the cookie box and place it on the plate,pick up the black bowl on the cookie box and place it on the plate view 0 0 100 0 0 initstate 0 noise 38,pick_up_the_black_bowl_on_the_cookie_box_and_place_it_on_the_plate_view_0_0_100_0_0_initstate_0_noise_38
1496,Sensor Noise,3,2,pick_up_the_black_bowl_on_the_cookie_box_and_place_it_on_the_plate,0,0,100,0,0,0,fog,9,,,,,,pick up the black bowl on the cookie box and place it on the plate,pick up the black bowl on the cookie box and place it on the plate view 0 0 100 0 0 initstate 0 noise 39,pick_up_the_black_bowl_on_the_cookie_box_and_place_it_on_the_plate_view_0_0_100_0_0_initstate_0_noise_39
1497,Sensor Noise,4,1,pick_up_the_black_bowl_on_the_cookie_box_and_place_it_on_the_plate,0,0,100,0,0,0,fog,10,,,,,,pick up the black bowl on the cookie box and place it on the plate,pick up the black bowl on the cookie box and place it on the plate view 0 0 100 0 0 initstate 0 noise 40,pick_up_the_black_bowl_on_the_cookie_box_and_place_it_on_the_plate_view_0_0_100_0_0_initstate_0_noise_40
1498,Sensor Noise,2,3,pick_up_the_black_bowl_on_the_cookie_box_and_place_it_on_the_plate,0,0,100,0,0,0,glass blur,3,,,,,,pick up the black bowl on the cookie box and place it on the plate,pick up the black bowl on the cookie box and place it on the plate view 0 0 100 0 0 initstate 0 noise 43,pick_up_the_black_bowl_on_the_cookie_box_and_place_it_on_the_plate_view_0_0_100_0_0_initstate_0_noise_43
1499,Sensor Noise,2,3,pick_up_the_black_bowl_on_the_cookie_box_and_place_it_on_the_plate,0,0,100,0,0,0,glass blur,4,,,,,,pick up the black bowl on the cookie box and place it on the plate,pick up the black bowl on the cookie box and place it on the plate view 0 0 100 0 0 initstate 0 noise 44,pick_up_the_black_bowl_on_the_cookie_box_and_place_it_on_the_plate_view_0_0_100_0_0_initstate_0_noise_44
1500,Sensor Noise,2,3,pick_up_the_black_bowl_on_the_cookie_box_and_place_it_on_the_plate,0,0,100,0,0,0,glass blur,5,,,,,,pick up the black bowl on the cookie box and place it on the plate,pick up the black bowl on the cookie box and place it on the plate view 0 0 100 0 0 initstate 0 noise 45,pick_up_the_black_bowl_on_the_cookie_box_and_place_it_on_the_plate_view_0_0_100_0_0_initstate_0_noise_45
1501,Sensor Noise,2,3,pick_up_the_black_bowl_on_the_cookie_box_and_place_it_on_the_plate,0,0,100,0,0,0,glass blur,6,,,,,,pick up the black bowl on the cookie box and place it on the plate,pick up the black bowl on the cookie box and place it on the plate view 0 0 100 0 0 initstate 0 noise 46,pick_up_the_black_bowl_on_the_cookie_box_and_place_it_on_the_plate_view_0_0_100_0_0_initstate_0_noise_46
1502,Sensor Noise,3,2,pick_up_the_black_bowl_on_the_cookie_box_and_place_it_on_the_plate,0,0,100,0,0,0,glass blur,7,,,,,,pick up the black bowl on the cookie box and place it on the plate,pick up the black bowl on the cookie box and place it on the plate view 0 0 100 0 0 initstate 0 noise 47,pick_up_the_black_bowl_on_the_cookie_box_and_place_it_on_the_plate_view_0_0_100_0_0_initstate_0_noise_47
1503,Sensor Noise,4,1,pick_up_the_black_bowl_on_the_cookie_box_and_place_it_on_the_plate,0,0,100,0,0,0,glass blur,8,,,,,,pick up the black bowl on the cookie box and place it on the plate,pick up the black bowl on the cookie box and place it on the plate view 0 0 100 0 0 initstate 0 noise 48,pick_up_the_black_bowl_on_the_cookie_box_and_place_it_on_the_plate_view_0_0_100_0_0_initstate_0_noise_48
1504,Sensor Noise,2,3,pick_up_the_black_bowl_on_the_cookie_box_and_place_it_on_the_plate,0,0,100,0,0,0,glass blur,9,,,,,,pick up the black bowl on the cookie box and place it on the plate,pick up the black bowl on the cookie box and place it on the plate view 0 0 100 0 0 initstate 0 noise 49,pick_up_the_black_bowl_on_the_cookie_box_and_place_it_on_the_plate_view_0_0_100_0_0_initstate_0_noise_49
1505,Sensor Noise,3,2,pick_up_the_black_bowl_on_the_cookie_box_and_place_it_on_the_plate,0,0,100,0,0,0,glass blur,10,,,,,,pick up the black bowl on the cookie box and place it on the plate,pick up the black bowl on the cookie box and place it on the plate view 0 0 100 0 0 initstate 0 noise 50,pick_up_the_black_bowl_on_the_cookie_box_and_place_it_on_the_plate_view_0_0_100_0_0_initstate_0_noise_50
1506,Sensor Noise,2,3,pick_up_the_black_bowl_in_the_top_drawer_of_the_wooden_cabinet_and_place_it_on_the_plate,0,0,100,0,0,0,motion blur,4,,,,,,pick up the black bowl in the top drawer of the wooden cabinet and place it on the plate,pick up the black bowl in the top drawer of the wooden cabinet and place it on the plate view 0 0 100 0 0 initstate 0 noise 4,pick_up_the_black_bowl_in_the_top_drawer_of_the_wooden_cabinet_and_place_it_on_the_plate_view_0_0_100_0_0_initstate_0_noise_4
1507,Sensor Noise,2,3,pick_up_the_black_bowl_in_the_top_drawer_of_the_wooden_cabinet_and_place_it_on_the_plate,0,0,100,0,0,0,motion blur,5,,,,,,pick up the black bowl in the top drawer of the wooden cabinet and place it on the plate,pick up the black bowl in the top drawer of the wooden cabinet and place it on the plate view 0 0 100 0 0 initstate 0 noise 5,pick_up_the_black_bowl_in_the_top_drawer_of_the_wooden_cabinet_and_place_it_on_the_plate_view_0_0_100_0_0_initstate_0_noise_5
1508,Sensor Noise,2,3,pick_up_the_black_bowl_in_the_top_drawer_of_the_wooden_cabinet_and_place_it_on_the_plate,0,0,100,0,0,0,motion blur,6,,,,,,pick up the black bowl in the top drawer of the wooden cabinet and place it on the plate,pick up the black bowl in the top drawer of the wooden cabinet and place it on the plate view 0 0 100 0 0 initstate 0 noise 6,pick_up_the_black_bowl_in_the_top_drawer_of_the_wooden_cabinet_and_place_it_on_the_plate_view_0_0_100_0_0_initstate_0_noise_6
1509,Sensor Noise,3,2,pick_up_the_black_bowl_in_the_top_drawer_of_the_wooden_cabinet_and_place_it_on_the_plate,0,0,100,0,0,0,motion blur,7,,,,,,pick up the black bowl in the top drawer of the wooden cabinet and place it on the plate,pick up the black bowl in the top drawer of the wooden cabinet and place it on the plate view 0 0 100 0 0 initstate 0 noise 7,pick_up_the_black_bowl_in_the_top_drawer_of_the_wooden_cabinet_and_place_it_on_the_plate_view_0_0_100_0_0_initstate_0_noise_7
1510,Sensor Noise,3,2,pick_up_the_black_bowl_in_the_top_drawer_of_the_wooden_cabinet_and_place_it_on_the_plate,0,0,100,0,0,0,motion blur,8,,,,,,pick up the black bowl in the top drawer of the wooden cabinet and place it on the plate,pick up the black bowl in the top drawer of the wooden cabinet and place it on the plate view 0 0 100 0 0 initstate 0 noise 8,pick_up_the_black_bowl_in_the_top_drawer_of_the_wooden_cabinet_and_place_it_on_the_plate_view_0_0_100_0_0_initstate_0_noise_8
1511,Sensor Noise,3,2,pick_up_the_black_bowl_in_the_top_drawer_of_the_wooden_cabinet_and_place_it_on_the_plate,0,0,100,0,0,0,motion blur,9,,,,,,pick up the black bowl in the top drawer of the wooden cabinet and place it on the plate,pick up the black bowl in the top drawer of the wooden cabinet and place it on the plate view 0 0 100 0 0 initstate 0 noise 9,pick_up_the_black_bowl_in_the_top_drawer_of_the_wooden_cabinet_and_place_it_on_the_plate_view_0_0_100_0_0_initstate_0_noise_9
1512,Sensor Noise,4,1,pick_up_the_black_bowl_in_the_top_drawer_of_the_wooden_cabinet_and_place_it_on_the_plate,0,0,100,0,0,0,motion blur,10,,,,,,pick up the black bowl in the top drawer of the wooden cabinet and place it on the plate,pick up the black bowl in the top drawer of the wooden cabinet and place it on the plate view 0 0 100 0 0 initstate 0 noise 10,pick_up_the_black_bowl_in_the_top_drawer_of_the_wooden_cabinet_and_place_it_on_the_plate_view_0_0_100_0_0_initstate_0_noise_10
1513,Sensor Noise,1,4,pick_up_the_black_bowl_in_the_top_drawer_of_the_wooden_cabinet_and_place_it_on_the_plate,0,0,100,0,0,0,gaussian blur,1,,,,,,pick up the black bowl in the top drawer of the wooden cabinet and place it on the plate,pick up the black bowl in the top drawer of the wooden cabinet and place it on the plate view 0 0 100 0 0 initstate 0 noise 11,pick_up_the_black_bowl_in_the_top_drawer_of_the_wooden_cabinet_and_place_it_on_the_plate_view_0_0_100_0_0_initstate_0_noise_11
1514,Sensor Noise,2,3,pick_up_the_black_bowl_in_the_top_drawer_of_the_wooden_cabinet_and_place_it_on_the_plate,0,0,100,0,0,0,gaussian blur,2,,,,,,pick up the black bowl in the top drawer of the wooden cabinet and place it on the plate,pick up the black bowl in the top drawer of the wooden cabinet and place it on the plate view 0 0 100 0 0 initstate 0 noise 12,pick_up_the_black_bowl_in_the_top_drawer_of_the_wooden_cabinet_and_place_it_on_the_plate_view_0_0_100_0_0_initstate_0_noise_12
1515,Sensor Noise,2,3,pick_up_the_black_bowl_in_the_top_drawer_of_the_wooden_cabinet_and_place_it_on_the_plate,0,0,100,0,0,0,gaussian blur,3,,,,,,pick up the black bowl in the top drawer of the wooden cabinet and place it on the plate,pick up the black bowl in the top drawer of the wooden cabinet and place it on the plate view 0 0 100 0 0 initstate 0 noise 13,pick_up_the_black_bowl_in_the_top_drawer_of_the_wooden_cabinet_and_place_it_on_the_plate_view_0_0_100_0_0_initstate_0_noise_13
1516,Sensor Noise,2,3,pick_up_the_black_bowl_in_the_top_drawer_of_the_wooden_cabinet_and_place_it_on_the_plate,0,0,100,0,0,0,gaussian blur,4,,,,,,pick up the black bowl in the top drawer of the wooden cabinet and place it on the plate,pick up the black bowl in the top drawer of the wooden cabinet and place it on the plate view 0 0 100 0 0 initstate 0 noise 14,pick_up_the_black_bowl_in_the_top_drawer_of_the_wooden_cabinet_and_place_it_on_the_plate_view_0_0_100_0_0_initstate_0_noise_14
1517,Sensor Noise,2,3,pick_up_the_black_bowl_in_the_top_drawer_of_the_wooden_cabinet_and_place_it_on_the_plate,0,0,100,0,0,0,gaussian blur,5,,,,,,pick up the black bowl in the top drawer of the wooden cabinet and place it on the plate,pick up the black bowl in the top drawer of the wooden cabinet and place it on the plate view 0 0 100 0 0 initstate 0 noise 15,pick_up_the_black_bowl_in_the_top_drawer_of_the_wooden_cabinet_and_place_it_on_the_plate_view_0_0_100_0_0_initstate_0_noise_15
1518,Sensor Noise,3,2,pick_up_the_black_bowl_in_the_top_drawer_of_the_wooden_cabinet_and_place_it_on_the_plate,0,0,100,0,0,0,gaussian blur,6,,,,,,pick up the black bowl in the top drawer of the wooden cabinet and place it on the plate,pick up the black bowl in the top drawer of the wooden cabinet and place it on the plate view 0 0 100 0 0 initstate 0 noise 16,pick_up_the_black_bowl_in_the_top_drawer_of_the_wooden_cabinet_and_place_it_on_the_plate_view_0_0_100_0_0_initstate_0_noise_16
1519,Sensor Noise,4,1,pick_up_the_black_bowl_in_the_top_drawer_of_the_wooden_cabinet_and_place_it_on_the_plate,0,0,100,0,0,0,gaussian blur,7,,,,,,pick up the black bowl in the top drawer of the wooden cabinet and place it on the plate,pick up the black bowl in the top drawer of the wooden cabinet and place it on the plate view 0 0 100 0 0 initstate 0 noise 17,pick_up_the_black_bowl_in_the_top_drawer_of_the_wooden_cabinet_and_place_it_on_the_plate_view_0_0_100_0_0_initstate_0_noise_17
1520,Sensor Noise,4,1,pick_up_the_black_bowl_in_the_top_drawer_of_the_wooden_cabinet_and_place_it_on_the_plate,0,0,100,0,0,0,gaussian blur,8,,,,,,pick up the black bowl in the top drawer of the wooden cabinet and place it on the plate,pick up the black bowl in the top drawer of the wooden cabinet and place it on the plate view 0 0 100 0 0 initstate 0 noise 18,pick_up_the_black_bowl_in_the_top_drawer_of_the_wooden_cabinet_and_place_it_on_the_plate_view_0_0_100_0_0_initstate_0_noise_18
1521,Sensor Noise,5,0,pick_up_the_black_bowl_in_the_top_drawer_of_the_wooden_cabinet_and_place_it_on_the_plate,0,0,100,0,0,0,gaussian blur,9,,,,,,pick up the black bowl in the top drawer of the wooden cabinet and place it on the plate,pick up the black bowl in the top drawer of the wooden cabinet and place it on the plate view 0 0 100 0 0 initstate 0 noise 19,pick_up_the_black_bowl_in_the_top_drawer_of_the_wooden_cabinet_and_place_it_on_the_plate_view_0_0_100_0_0_initstate_0_noise_19
1522,Sensor Noise,4,1,pick_up_the_black_bowl_in_the_top_drawer_of_the_wooden_cabinet_and_place_it_on_the_plate,0,0,100,0,0,0,gaussian blur,10,,,,,,pick up the black bowl in the top drawer of the wooden cabinet and place it on the plate,pick up the black bowl in the top drawer of the wooden cabinet and place it on the plate view 0 0 100 0 0 initstate 0 noise 20,pick_up_the_black_bowl_in_the_top_drawer_of_the_wooden_cabinet_and_place_it_on_the_plate_view_0_0_100_0_0_initstate_0_noise_20
1523,Sensor Noise,1,4,pick_up_the_black_bowl_in_the_top_drawer_of_the_wooden_cabinet_and_place_it_on_the_plate,0,0,100,0,0,0,zoom blur,2,,,,,,pick up the black bowl in the top drawer of the wooden cabinet and place it on the plate,pick up the black bowl in the top drawer of the wooden cabinet and place it on the plate view 0 0 100 0 0 initstate 0 noise 22,pick_up_the_black_bowl_in_the_top_drawer_of_the_wooden_cabinet_and_place_it_on_the_plate_view_0_0_100_0_0_initstate_0_noise_22
1524,Sensor Noise,1,4,pick_up_the_black_bowl_in_the_top_drawer_of_the_wooden_cabinet_and_place_it_on_the_plate,0,0,100,0,0,0,zoom blur,3,,,,,,pick up the black bowl in the top drawer of the wooden cabinet and place it on the plate,pick up the black bowl in the top drawer of the wooden cabinet and place it on the plate view 0 0 100 0 0 initstate 0 noise 23,pick_up_the_black_bowl_in_the_top_drawer_of_the_wooden_cabinet_and_place_it_on_the_plate_view_0_0_100_0_0_initstate_0_noise_23
1525,Sensor Noise,1,4,pick_up_the_black_bowl_in_the_top_drawer_of_the_wooden_cabinet_and_place_it_on_the_plate,0,0,100,0,0,0,zoom blur,4,,,,,,pick up the black bowl in the top drawer of the wooden cabinet and place it on the plate,pick up the black bowl in the top drawer of the wooden cabinet and place it on the plate view 0 0 100 0 0 initstate 0 noise 24,pick_up_the_black_bowl_in_the_top_drawer_of_the_wooden_cabinet_and_place_it_on_the_plate_view_0_0_100_0_0_initstate_0_noise_24
1526,Sensor Noise,1,4,pick_up_the_black_bowl_in_the_top_drawer_of_the_wooden_cabinet_and_place_it_on_the_plate,0,0,100,0,0,0,zoom blur,5,,,,,,pick up the black bowl in the top drawer of the wooden cabinet and place it on the plate,pick up the black bowl in the top drawer of the wooden cabinet and place it on the plate view 0 0 100 0 0 initstate 0 noise 25,pick_up_the_black_bowl_in_the_top_drawer_of_the_wooden_cabinet_and_place_it_on_the_plate_view_0_0_100_0_0_initstate_0_noise_25
1527,Sensor Noise,2,3,pick_up_the_black_bowl_in_the_top_drawer_of_the_wooden_cabinet_and_place_it_on_the_plate,0,0,100,0,0,0,zoom blur,6,,,,,,pick up the black bowl in the top drawer of the wooden cabinet and place it on the plate,pick up the black bowl in the top drawer of the wooden cabinet and place it on the plate view 0 0 100 0 0 initstate 0 noise 26,pick_up_the_black_bowl_in_the_top_drawer_of_the_wooden_cabinet_and_place_it_on_the_plate_view_0_0_100_0_0_initstate_0_noise_26
1528,Sensor Noise,2,3,pick_up_the_black_bowl_in_the_top_drawer_of_the_wooden_cabinet_and_place_it_on_the_plate,0,0,100,0,0,0,zoom blur,7,,,,,,pick up the black bowl in the top drawer of the wooden cabinet and place it on the plate,pick up the black bowl in the top drawer of the wooden cabinet and place it on the plate view 0 0 100 0 0 initstate 0 noise 27,pick_up_the_black_bowl_in_the_top_drawer_of_the_wooden_cabinet_and_place_it_on_the_plate_view_0_0_100_0_0_initstate_0_noise_27
1529,Sensor Noise,2,3,pick_up_the_black_bowl_in_the_top_drawer_of_the_wooden_cabinet_and_place_it_on_the_plate,0,0,100,0,0,0,zoom blur,8,,,,,,pick up the black bowl in the top drawer of the wooden cabinet and place it on the plate,pick up the black bowl in the top drawer of the wooden cabinet and place it on the plate view 0 0 100 0 0 initstate 0 noise 28,pick_up_the_black_bowl_in_the_top_drawer_of_the_wooden_cabinet_and_place_it_on_the_plate_view_0_0_100_0_0_initstate_0_noise_28
1530,Sensor Noise,4,1,pick_up_the_black_bowl_in_the_top_drawer_of_the_wooden_cabinet_and_place_it_on_the_plate,0,0,100,0,0,0,zoom blur,9,,,,,,pick up the black bowl in the top drawer of the wooden cabinet and place it on the plate,pick up the black bowl in the top drawer of the wooden cabinet and place it on the plate view 0 0 100 0 0 initstate 0 noise 29,pick_up_the_black_bowl_in_the_top_drawer_of_the_wooden_cabinet_and_place_it_on_the_plate_view_0_0_100_0_0_initstate_0_noise_29
1531,Sensor Noise,4,1,pick_up_the_black_bowl_in_the_top_drawer_of_the_wooden_cabinet_and_place_it_on_the_plate,0,0,100,0,0,0,zoom blur,10,,,,,,pick up the black bowl in the top drawer of the wooden cabinet and place it on the plate,pick up the black bowl in the top drawer of the wooden cabinet and place it on the plate view 0 0 100 0 0 initstate 0 noise 30,pick_up_the_black_bowl_in_the_top_drawer_of_the_wooden_cabinet_and_place_it_on_the_plate_view_0_0_100_0_0_initstate_0_noise_30
1532,Sensor Noise,1,4,pick_up_the_black_bowl_in_the_top_drawer_of_the_wooden_cabinet_and_place_it_on_the_plate,0,0,100,0,0,0,fog,6,,,,,,pick up the black bowl in the top drawer of the wooden cabinet and place it on the plate,pick up the black bowl in the top drawer of the wooden cabinet and place it on the plate view 0 0 100 0 0 initstate 0 noise 36,pick_up_the_black_bowl_in_the_top_drawer_of_the_wooden_cabinet_and_place_it_on_the_plate_view_0_0_100_0_0_initstate_0_noise_36
1533,Sensor Noise,2,3,pick_up_the_black_bowl_in_the_top_drawer_of_the_wooden_cabinet_and_place_it_on_the_plate,0,0,100,0,0,0,fog,7,,,,,,pick up the black bowl in the top drawer of the wooden cabinet and place it on the plate,pick up the black bowl in the top drawer of the wooden cabinet and place it on the plate view 0 0 100 0 0 initstate 0 noise 37,pick_up_the_black_bowl_in_the_top_drawer_of_the_wooden_cabinet_and_place_it_on_the_plate_view_0_0_100_0_0_initstate_0_noise_37
1534,Sensor Noise,3,2,pick_up_the_black_bowl_in_the_top_drawer_of_the_wooden_cabinet_and_place_it_on_the_plate,0,0,100,0,0,0,fog,8,,,,,,pick up the black bowl in the top drawer of the wooden cabinet and place it on the plate,pick up the black bowl in the top drawer of the wooden cabinet and place it on the plate view 0 0 100 0 0 initstate 0 noise 38,pick_up_the_black_bowl_in_the_top_drawer_of_the_wooden_cabinet_and_place_it_on_the_plate_view_0_0_100_0_0_initstate_0_noise_38
1535,Sensor Noise,4,1,pick_up_the_black_bowl_in_the_top_drawer_of_the_wooden_cabinet_and_place_it_on_the_plate,0,0,100,0,0,0,fog,9,,,,,,pick up the black bowl in the top drawer of the wooden cabinet and place it on the plate,pick up the black bowl in the top drawer of the wooden cabinet and place it on the plate view 0 0 100 0 0 initstate 0 noise 39,pick_up_the_black_bowl_in_the_top_drawer_of_the_wooden_cabinet_and_place_it_on_the_plate_view_0_0_100_0_0_initstate_0_noise_39
1536,Sensor Noise,4,1,pick_up_the_black_bowl_in_the_top_drawer_of_the_wooden_cabinet_and_place_it_on_the_plate,0,0,100,0,0,0,fog,10,,,,,,pick up the black bowl in the top drawer of the wooden cabinet and place it on the plate,pick up the black bowl in the top drawer of the wooden cabinet and place it on the plate view 0 0 100 0 0 initstate 0 noise 40,pick_up_the_black_bowl_in_the_top_drawer_of_the_wooden_cabinet_and_place_it_on_the_plate_view_0_0_100_0_0_initstate_0_noise_40
1537,Sensor Noise,2,3,pick_up_the_black_bowl_in_the_top_drawer_of_the_wooden_cabinet_and_place_it_on_the_plate,0,0,100,0,0,0,glass blur,1,,,,,,pick up the black bowl in the top drawer of the wooden cabinet and place it on the plate,pick up the black bowl in the top drawer of the wooden cabinet and place it on the plate view 0 0 100 0 0 initstate 0 noise 41,pick_up_the_black_bowl_in_the_top_drawer_of_the_wooden_cabinet_and_place_it_on_the_plate_view_0_0_100_0_0_initstate_0_noise_41
1538,Sensor Noise,2,3,pick_up_the_black_bowl_in_the_top_drawer_of_the_wooden_cabinet_and_place_it_on_the_plate,0,0,100,0,0,0,glass blur,3,,,,,,pick up the black bowl in the top drawer of the wooden cabinet and place it on the plate,pick up the black bowl in the top drawer of the wooden cabinet and place it on the plate view 0 0 100 0 0 initstate 0 noise 43,pick_up_the_black_bowl_in_the_top_drawer_of_the_wooden_cabinet_and_place_it_on_the_plate_view_0_0_100_0_0_initstate_0_noise_43
1539,Sensor Noise,3,2,pick_up_the_black_bowl_in_the_top_drawer_of_the_wooden_cabinet_and_place_it_on_the_plate,0,0,100,0,0,0,glass blur,4,,,,,,pick up the black bowl in the top drawer of the wooden cabinet and place it on the plate,pick up the black bowl in the top drawer of the wooden cabinet and place it on the plate view 0 0 100 0 0 initstate 0 noise 44,pick_up_the_black_bowl_in_the_top_drawer_of_the_wooden_cabinet_and_place_it_on_the_plate_view_0_0_100_0_0_initstate_0_noise_44
1540,Sensor Noise,2,3,pick_up_the_black_bowl_in_the_top_drawer_of_the_wooden_cabinet_and_place_it_on_the_plate,0,0,100,0,0,0,glass blur,5,,,,,,pick up the black bowl in the top drawer of the wooden cabinet and place it on the plate,pick up the black bowl in the top drawer of the wooden cabinet and place it on the plate view 0 0 100 0 0 initstate 0 noise 45,pick_up_the_black_bowl_in_the_top_drawer_of_the_wooden_cabinet_and_place_it_on_the_plate_view_0_0_100_0_0_initstate_0_noise_45
1541,Sensor Noise,2,3,pick_up_the_black_bowl_in_the_top_drawer_of_the_wooden_cabinet_and_place_it_on_the_plate,0,0,100,0,0,0,glass blur,6,,,,,,pick up the black bowl in the top drawer of the wooden cabinet and place it on the plate,pick up the black bowl in the top drawer of the wooden cabinet and place it on the plate view 0 0 100 0 0 initstate 0 noise 46,pick_up_the_black_bowl_in_the_top_drawer_of_the_wooden_cabinet_and_place_it_on_the_plate_view_0_0_100_0_0_initstate_0_noise_46
1542,Sensor Noise,3,2,pick_up_the_black_bowl_in_the_top_drawer_of_the_wooden_cabinet_and_place_it_on_the_plate,0,0,100,0,0,0,glass blur,7,,,,,,pick up the black bowl in the top drawer of the wooden cabinet and place it on the plate,pick up the black bowl in the top drawer of the wooden cabinet and place it on the plate view 0 0 100 0 0 initstate 0 noise 47,pick_up_the_black_bowl_in_the_top_drawer_of_the_wooden_cabinet_and_place_it_on_the_plate_view_0_0_100_0_0_initstate_0_noise_47
1543,Sensor Noise,3,2,pick_up_the_black_bowl_in_the_top_drawer_of_the_wooden_cabinet_and_place_it_on_the_plate,0,0,100,0,0,0,glass blur,8,,,,,,pick up the black bowl in the top drawer of the wooden cabinet and place it on the plate,pick up the black bowl in the top drawer of the wooden cabinet and place it on the plate view 0 0 100 0 0 initstate 0 noise 48,pick_up_the_black_bowl_in_the_top_drawer_of_the_wooden_cabinet_and_place_it_on_the_plate_view_0_0_100_0_0_initstate_0_noise_48
1544,Sensor Noise,2,3,pick_up_the_black_bowl_in_the_top_drawer_of_the_wooden_cabinet_and_place_it_on_the_plate,0,0,100,0,0,0,glass blur,9,,,,,,pick up the black bowl in the top drawer of the wooden cabinet and place it on the plate,pick up the black bowl in the top drawer of the wooden cabinet and place it on the plate view 0 0 100 0 0 initstate 0 noise 49,pick_up_the_black_bowl_in_the_top_drawer_of_the_wooden_cabinet_and_place_it_on_the_plate_view_0_0_100_0_0_initstate_0_noise_49
1545,Sensor Noise,3,2,pick_up_the_black_bowl_in_the_top_drawer_of_the_wooden_cabinet_and_place_it_on_the_plate,0,0,100,0,0,0,glass blur,10,,,,,,pick up the black bowl in the top drawer of the wooden cabinet and place it on the plate,pick up the black bowl in the top drawer of the wooden cabinet and place it on the plate view 0 0 100 0 0 initstate 0 noise 50,pick_up_the_black_bowl_in_the_top_drawer_of_the_wooden_cabinet_and_place_it_on_the_plate_view_0_0_100_0_0_initstate_0_noise_50
1546,Sensor Noise,2,3,pick_up_the_black_bowl_on_the_ramekin_and_place_it_on_the_plate,0,0,100,0,0,0,motion blur,2,,,,,,pick up the black bowl on the ramekin and place it on the plate,pick up the black bowl on the ramekin and place it on the plate view 0 0 100 0 0 initstate 0 noise 2,pick_up_the_black_bowl_on_the_ramekin_and_place_it_on_the_plate_view_0_0_100_0_0_initstate_0_noise_2
1547,Sensor Noise,2,3,pick_up_the_black_bowl_on_the_ramekin_and_place_it_on_the_plate,0,0,100,0,0,0,motion blur,3,,,,,,pick up the black bowl on the ramekin and place it on the plate,pick up the black bowl on the ramekin and place it on the plate view 0 0 100 0 0 initstate 0 noise 3,pick_up_the_black_bowl_on_the_ramekin_and_place_it_on_the_plate_view_0_0_100_0_0_initstate_0_noise_3
1548,Sensor Noise,3,2,pick_up_the_black_bowl_on_the_ramekin_and_place_it_on_the_plate,0,0,100,0,0,0,motion blur,4,,,,,,pick up the black bowl on the ramekin and place it on the plate,pick up the black bowl on the ramekin and place it on the plate view 0 0 100 0 0 initstate 0 noise 4,pick_up_the_black_bowl_on_the_ramekin_and_place_it_on_the_plate_view_0_0_100_0_0_initstate_0_noise_4
1549,Sensor Noise,2,3,pick_up_the_black_bowl_on_the_ramekin_and_place_it_on_the_plate,0,0,100,0,0,0,motion blur,5,,,,,,pick up the black bowl on the ramekin and place it on the plate,pick up the black bowl on the ramekin and place it on the plate view 0 0 100 0 0 initstate 0 noise 5,pick_up_the_black_bowl_on_the_ramekin_and_place_it_on_the_plate_view_0_0_100_0_0_initstate_0_noise_5
1550,Sensor Noise,4,1,pick_up_the_black_bowl_on_the_ramekin_and_place_it_on_the_plate,0,0,100,0,0,0,motion blur,6,,,,,,pick up the black bowl on the ramekin and place it on the plate,pick up the black bowl on the ramekin and place it on the plate view 0 0 100 0 0 initstate 0 noise 6,pick_up_the_black_bowl_on_the_ramekin_and_place_it_on_the_plate_view_0_0_100_0_0_initstate_0_noise_6
1551,Sensor Noise,3,2,pick_up_the_black_bowl_on_the_ramekin_and_place_it_on_the_plate,0,0,100,0,0,0,motion blur,7,,,,,,pick up the black bowl on the ramekin and place it on the plate,pick up the black bowl on the ramekin and place it on the plate view 0 0 100 0 0 initstate 0 noise 7,pick_up_the_black_bowl_on_the_ramekin_and_place_it_on_the_plate_view_0_0_100_0_0_initstate_0_noise_7
1552,Sensor Noise,3,2,pick_up_the_black_bowl_on_the_ramekin_and_place_it_on_the_plate,0,0,100,0,0,0,motion blur,8,,,,,,pick up the black bowl on the ramekin and place it on the plate,pick up the black bowl on the ramekin and place it on the plate view 0 0 100 0 0 initstate 0 noise 8,pick_up_the_black_bowl_on_the_ramekin_and_place_it_on_the_plate_view_0_0_100_0_0_initstate_0_noise_8
1553,Sensor Noise,4,1,pick_up_the_black_bowl_on_the_ramekin_and_place_it_on_the_plate,0,0,100,0,0,0,motion blur,10,,,,,,pick up the black bowl on the ramekin and place it on the plate,pick up the black bowl on the ramekin and place it on the plate view 0 0 100 0 0 initstate 0 noise 10,pick_up_the_black_bowl_on_the_ramekin_and_place_it_on_the_plate_view_0_0_100_0_0_initstate_0_noise_10
1554,Sensor Noise,2,3,pick_up_the_black_bowl_on_the_ramekin_and_place_it_on_the_plate,0,0,100,0,0,0,gaussian blur,2,,,,,,pick up the black bowl on the ramekin and place it on the plate,pick up the black bowl on the ramekin and place it on the plate view 0 0 100 0 0 initstate 0 noise 12,pick_up_the_black_bowl_on_the_ramekin_and_place_it_on_the_plate_view_0_0_100_0_0_initstate_0_noise_12
1555,Sensor Noise,3,2,pick_up_the_black_bowl_on_the_ramekin_and_place_it_on_the_plate,0,0,100,0,0,0,gaussian blur,3,,,,,,pick up the black bowl on the ramekin and place it on the plate,pick up the black bowl on the ramekin and place it on the plate view 0 0 100 0 0 initstate 0 noise 13,pick_up_the_black_bowl_on_the_ramekin_and_place_it_on_the_plate_view_0_0_100_0_0_initstate_0_noise_13
1556,Sensor Noise,3,2,pick_up_the_black_bowl_on_the_ramekin_and_place_it_on_the_plate,0,0,100,0,0,0,gaussian blur,4,,,,,,pick up the black bowl on the ramekin and place it on the plate,pick up the black bowl on the ramekin and place it on the plate view 0 0 100 0 0 initstate 0 noise 14,pick_up_the_black_bowl_on_the_ramekin_and_place_it_on_the_plate_view_0_0_100_0_0_initstate_0_noise_14
1557,Sensor Noise,3,2,pick_up_the_black_bowl_on_the_ramekin_and_place_it_on_the_plate,0,0,100,0,0,0,gaussian blur,5,,,,,,pick up the black bowl on the ramekin and place it on the plate,pick up the black bowl on the ramekin and place it on the plate view 0 0 100 0 0 initstate 0 noise 15,pick_up_the_black_bowl_on_the_ramekin_and_place_it_on_the_plate_view_0_0_100_0_0_initstate_0_noise_15
1558,Sensor Noise,4,1,pick_up_the_black_bowl_on_the_ramekin_and_place_it_on_the_plate,0,0,100,0,0,0,gaussian blur,6,,,,,,pick up the black bowl on the ramekin and place it on the plate,pick up the black bowl on the ramekin and place it on the plate view 0 0 100 0 0 initstate 0 noise 16,pick_up_the_black_bowl_on_the_ramekin_and_place_it_on_the_plate_view_0_0_100_0_0_initstate_0_noise_16
1559,Sensor Noise,3,2,pick_up_the_black_bowl_on_the_ramekin_and_place_it_on_the_plate,0,0,100,0,0,0,gaussian blur,7,,,,,,pick up the black bowl on the ramekin and place it on the plate,pick up the black bowl on the ramekin and place it on the plate view 0 0 100 0 0 initstate 0 noise 17,pick_up_the_black_bowl_on_the_ramekin_and_place_it_on_the_plate_view_0_0_100_0_0_initstate_0_noise_17
1560,Sensor Noise,4,1,pick_up_the_black_bowl_on_the_ramekin_and_place_it_on_the_plate,0,0,100,0,0,0,gaussian blur,8,,,,,,pick up the black bowl on the ramekin and place it on the plate,pick up the black bowl on the ramekin and place it on the plate view 0 0 100 0 0 initstate 0 noise 18,pick_up_the_black_bowl_on_the_ramekin_and_place_it_on_the_plate_view_0_0_100_0_0_initstate_0_noise_18
1561,Sensor Noise,3,2,pick_up_the_black_bowl_on_the_ramekin_and_place_it_on_the_plate,0,0,100,0,0,0,gaussian blur,9,,,,,,pick up the black bowl on the ramekin and place it on the plate,pick up the black bowl on the ramekin and place it on the plate view 0 0 100 0 0 initstate 0 noise 19,pick_up_the_black_bowl_on_the_ramekin_and_place_it_on_the_plate_view_0_0_100_0_0_initstate_0_noise_19
1562,Sensor Noise,4,1,pick_up_the_black_bowl_on_the_ramekin_and_place_it_on_the_plate,0,0,100,0,0,0,gaussian blur,10,,,,,,pick up the black bowl on the ramekin and place it on the plate,pick up the black bowl on the ramekin and place it on the plate view 0 0 100 0 0 initstate 0 noise 20,pick_up_the_black_bowl_on_the_ramekin_and_place_it_on_the_plate_view_0_0_100_0_0_initstate_0_noise_20
1563,Sensor Noise,1,4,pick_up_the_black_bowl_on_the_ramekin_and_place_it_on_the_plate,0,0,100,0,0,0,zoom blur,6,,,,,,pick up the black bowl on the ramekin and place it on the plate,pick up the black bowl on the ramekin and place it on the plate view 0 0 100 0 0 initstate 0 noise 26,pick_up_the_black_bowl_on_the_ramekin_and_place_it_on_the_plate_view_0_0_100_0_0_initstate_0_noise_26
1564,Sensor Noise,2,3,pick_up_the_black_bowl_on_the_ramekin_and_place_it_on_the_plate,0,0,100,0,0,0,zoom blur,7,,,,,,pick up the black bowl on the ramekin and place it on the plate,pick up the black bowl on the ramekin and place it on the plate view 0 0 100 0 0 initstate 0 noise 27,pick_up_the_black_bowl_on_the_ramekin_and_place_it_on_the_plate_view_0_0_100_0_0_initstate_0_noise_27
1565,Sensor Noise,3,2,pick_up_the_black_bowl_on_the_ramekin_and_place_it_on_the_plate,0,0,100,0,0,0,zoom blur,8,,,,,,pick up the black bowl on the ramekin and place it on the plate,pick up the black bowl on the ramekin and place it on the plate view 0 0 100 0 0 initstate 0 noise 28,pick_up_the_black_bowl_on_the_ramekin_and_place_it_on_the_plate_view_0_0_100_0_0_initstate_0_noise_28
1566,Sensor Noise,4,1,pick_up_the_black_bowl_on_the_ramekin_and_place_it_on_the_plate,0,0,100,0,0,0,zoom blur,9,,,,,,pick up the black bowl on the ramekin and place it on the plate,pick up the black bowl on the ramekin and place it on the plate view 0 0 100 0 0 initstate 0 noise 29,pick_up_the_black_bowl_on_the_ramekin_and_place_it_on_the_plate_view_0_0_100_0_0_initstate_0_noise_29
1567,Sensor Noise,4,1,pick_up_the_black_bowl_on_the_ramekin_and_place_it_on_the_plate,0,0,100,0,0,0,zoom blur,10,,,,,,pick up the black bowl on the ramekin and place it on the plate,pick up the black bowl on the ramekin and place it on the plate view 0 0 100 0 0 initstate 0 noise 30,pick_up_the_black_bowl_on_the_ramekin_and_place_it_on_the_plate_view_0_0_100_0_0_initstate_0_noise_30
1568,Sensor Noise,1,4,pick_up_the_black_bowl_on_the_ramekin_and_place_it_on_the_plate,0,0,100,0,0,0,fog,5,,,,,,pick up the black bowl on the ramekin and place it on the plate,pick up the black bowl on the ramekin and place it on the plate view 0 0 100 0 0 initstate 0 noise 35,pick_up_the_black_bowl_on_the_ramekin_and_place_it_on_the_plate_view_0_0_100_0_0_initstate_0_noise_35
1569,Sensor Noise,2,3,pick_up_the_black_bowl_on_the_ramekin_and_place_it_on_the_plate,0,0,100,0,0,0,fog,7,,,,,,pick up the black bowl on the ramekin and place it on the plate,pick up the black bowl on the ramekin and place it on the plate view 0 0 100 0 0 initstate 0 noise 37,pick_up_the_black_bowl_on_the_ramekin_and_place_it_on_the_plate_view_0_0_100_0_0_initstate_0_noise_37
1570,Sensor Noise,2,3,pick_up_the_black_bowl_on_the_ramekin_and_place_it_on_the_plate,0,0,100,0,0,0,fog,8,,,,,,pick up the black bowl on the ramekin and place it on the plate,pick up the black bowl on the ramekin and place it on the plate view 0 0 100 0 0 initstate 0 noise 38,pick_up_the_black_bowl_on_the_ramekin_and_place_it_on_the_plate_view_0_0_100_0_0_initstate_0_noise_38
1571,Sensor Noise,4,1,pick_up_the_black_bowl_on_the_ramekin_and_place_it_on_the_plate,0,0,100,0,0,0,fog,9,,,,,,pick up the black bowl on the ramekin and place it on the plate,pick up the black bowl on the ramekin and place it on the plate view 0 0 100 0 0 initstate 0 noise 39,pick_up_the_black_bowl_on_the_ramekin_and_place_it_on_the_plate_view_0_0_100_0_0_initstate_0_noise_39
1572,Sensor Noise,4,1,pick_up_the_black_bowl_on_the_ramekin_and_place_it_on_the_plate,0,0,100,0,0,0,fog,10,,,,,,pick up the black bowl on the ramekin and place it on the plate,pick up the black bowl on the ramekin and place it on the plate view 0 0 100 0 0 initstate 0 noise 40,pick_up_the_black_bowl_on_the_ramekin_and_place_it_on_the_plate_view_0_0_100_0_0_initstate_0_noise_40
1573,Sensor Noise,1,4,pick_up_the_black_bowl_on_the_ramekin_and_place_it_on_the_plate,0,0,100,0,0,0,glass blur,1,,,,,,pick up the black bowl on the ramekin and place it on the plate,pick up the black bowl on the ramekin and place it on the plate view 0 0 100 0 0 initstate 0 noise 41,pick_up_the_black_bowl_on_the_ramekin_and_place_it_on_the_plate_view_0_0_100_0_0_initstate_0_noise_41
1574,Sensor Noise,1,4,pick_up_the_black_bowl_on_the_ramekin_and_place_it_on_the_plate,0,0,100,0,0,0,glass blur,2,,,,,,pick up the black bowl on the ramekin and place it on the plate,pick up the black bowl on the ramekin and place it on the plate view 0 0 100 0 0 initstate 0 noise 42,pick_up_the_black_bowl_on_the_ramekin_and_place_it_on_the_plate_view_0_0_100_0_0_initstate_0_noise_42
1575,Sensor Noise,2,3,pick_up_the_black_bowl_on_the_ramekin_and_place_it_on_the_plate,0,0,100,0,0,0,glass blur,3,,,,,,pick up the black bowl on the ramekin and place it on the plate,pick up the black bowl on the ramekin and place it on the plate view 0 0 100 0 0 initstate 0 noise 43,pick_up_the_black_bowl_on_the_ramekin_and_place_it_on_the_plate_view_0_0_100_0_0_initstate_0_noise_43
1576,Sensor Noise,2,3,pick_up_the_black_bowl_on_the_ramekin_and_place_it_on_the_plate,0,0,100,0,0,0,glass blur,4,,,,,,pick up the black bowl on the ramekin and place it on the plate,pick up the black bowl on the ramekin and place it on the plate view 0 0 100 0 0 initstate 0 noise 44,pick_up_the_black_bowl_on_the_ramekin_and_place_it_on_the_plate_view_0_0_100_0_0_initstate_0_noise_44
1577,Sensor Noise,2,3,pick_up_the_black_bowl_on_the_ramekin_and_place_it_on_the_plate,0,0,100,0,0,0,glass blur,5,,,,,,pick up the black bowl on the ramekin and place it on the plate,pick up the black bowl on the ramekin and place it on the plate view 0 0 100 0 0 initstate 0 noise 45,pick_up_the_black_bowl_on_the_ramekin_and_place_it_on_the_plate_view_0_0_100_0_0_initstate_0_noise_45
1578,Sensor Noise,3,2,pick_up_the_black_bowl_on_the_ramekin_and_place_it_on_the_plate,0,0,100,0,0,0,glass blur,6,,,,,,pick up the black bowl on the ramekin and place it on the plate,pick up the black bowl on the ramekin and place it on the plate view 0 0 100 0 0 initstate 0 noise 46,pick_up_the_black_bowl_on_the_ramekin_and_place_it_on_the_plate_view_0_0_100_0_0_initstate_0_noise_46
1579,Sensor Noise,3,2,pick_up_the_black_bowl_on_the_ramekin_and_place_it_on_the_plate,0,0,100,0,0,0,glass blur,7,,,,,,pick up the black bowl on the ramekin and place it on the plate,pick up the black bowl on the ramekin and place it on the plate view 0 0 100 0 0 initstate 0 noise 47,pick_up_the_black_bowl_on_the_ramekin_and_place_it_on_the_plate_view_0_0_100_0_0_initstate_0_noise_47
1580,Sensor Noise,3,2,pick_up_the_black_bowl_on_the_ramekin_and_place_it_on_the_plate,0,0,100,0,0,0,glass blur,8,,,,,,pick up the black bowl on the ramekin and place it on the plate,pick up the black bowl on the ramekin and place it on the plate view 0 0 100 0 0 initstate 0 noise 48,pick_up_the_black_bowl_on_the_ramekin_and_place_it_on_the_plate_view_0_0_100_0_0_initstate_0_noise_48
1581,Sensor Noise,4,1,pick_up_the_black_bowl_on_the_ramekin_and_place_it_on_the_plate,0,0,100,0,0,0,glass blur,9,,,,,,pick up the black bowl on the ramekin and place it on the plate,pick up the black bowl on the ramekin and place it on the plate view 0 0 100 0 0 initstate 0 noise 49,pick_up_the_black_bowl_on_the_ramekin_and_place_it_on_the_plate_view_0_0_100_0_0_initstate_0_noise_49
1582,Sensor Noise,3,2,pick_up_the_black_bowl_on_the_ramekin_and_place_it_on_the_plate,0,0,100,0,0,0,glass blur,10,,,,,,pick up the black bowl on the ramekin and place it on the plate,pick up the black bowl on the ramekin and place it on the plate view 0 0 100 0 0 initstate 0 noise 50,pick_up_the_black_bowl_on_the_ramekin_and_place_it_on_the_plate_view_0_0_100_0_0_initstate_0_noise_50
1583,Sensor Noise,1,4,pick_up_the_black_bowl_next_to_the_cookie_box_and_place_it_on_the_plate,0,0,100,0,0,0,motion blur,1,,,,,,pick up the black bowl next to the cookie box and place it on the plate,pick up the black bowl next to the cookie box and place it on the plate view 0 0 100 0 0 initstate 0 noise 1,pick_up_the_black_bowl_next_to_the_cookie_box_and_place_it_on_the_plate_view_0_0_100_0_0_initstate_0_noise_1
1584,Sensor Noise,2,3,pick_up_the_black_bowl_next_to_the_cookie_box_and_place_it_on_the_plate,0,0,100,0,0,0,motion blur,3,,,,,,pick up the black bowl next to the cookie box and place it on the plate,pick up the black bowl next to the cookie box and place it on the plate view 0 0 100 0 0 initstate 0 noise 3,pick_up_the_black_bowl_next_to_the_cookie_box_and_place_it_on_the_plate_view_0_0_100_0_0_initstate_0_noise_3
1585,Sensor Noise,1,4,pick_up_the_black_bowl_next_to_the_cookie_box_and_place_it_on_the_plate,0,0,100,0,0,0,motion blur,4,,,,,,pick up the black bowl next to the cookie box and place it on the plate,pick up the black bowl next to the cookie box and place it on the plate view 0 0 100 0 0 initstate 0 noise 4,pick_up_the_black_bowl_next_to_the_cookie_box_and_place_it_on_the_plate_view_0_0_100_0_0_initstate_0_noise_4
1586,Sensor Noise,2,3,pick_up_the_black_bowl_next_to_the_cookie_box_and_place_it_on_the_plate,0,0,100,0,0,0,motion blur,5,,,,,,pick up the black bowl next to the cookie box and place it on the plate,pick up the black bowl next to the cookie box and place it on the plate view 0 0 100 0 0 initstate 0 noise 5,pick_up_the_black_bowl_next_to_the_cookie_box_and_place_it_on_the_plate_view_0_0_100_0_0_initstate_0_noise_5
1587,Sensor Noise,2,3,pick_up_the_black_bowl_next_to_the_cookie_box_and_place_it_on_the_plate,0,0,100,0,0,0,motion blur,6,,,,,,pick up the black bowl next to the cookie box and place it on the plate,pick up the black bowl next to the cookie box and place it on the plate view 0 0 100 0 0 initstate 0 noise 6,pick_up_the_black_bowl_next_to_the_cookie_box_and_place_it_on_the_plate_view_0_0_100_0_0_initstate_0_noise_6
1588,Sensor Noise,2,3,pick_up_the_black_bowl_next_to_the_cookie_box_and_place_it_on_the_plate,0,0,100,0,0,0,motion blur,7,,,,,,pick up the black bowl next to the cookie box and place it on the plate,pick up the black bowl next to the cookie box and place it on the plate view 0 0 100 0 0 initstate 0 noise 7,pick_up_the_black_bowl_next_to_the_cookie_box_and_place_it_on_the_plate_view_0_0_100_0_0_initstate_0_noise_7
1589,Sensor Noise,2,3,pick_up_the_black_bowl_next_to_the_cookie_box_and_place_it_on_the_plate,0,0,100,0,0,0,motion blur,8,,,,,,pick up the black bowl next to the cookie box and place it on the plate,pick up the black bowl next to the cookie box and place it on the plate view 0 0 100 0 0 initstate 0 noise 8,pick_up_the_black_bowl_next_to_the_cookie_box_and_place_it_on_the_plate_view_0_0_100_0_0_initstate_0_noise_8
1590,Sensor Noise,3,2,pick_up_the_black_bowl_next_to_the_cookie_box_and_place_it_on_the_plate,0,0,100,0,0,0,motion blur,9,,,,,,pick up the black bowl next to the cookie box and place it on the plate,pick up the black bowl next to the cookie box and place it on the plate view 0 0 100 0 0 initstate 0 noise 9,pick_up_the_black_bowl_next_to_the_cookie_box_and_place_it_on_the_plate_view_0_0_100_0_0_initstate_0_noise_9
1591,Sensor Noise,3,2,pick_up_the_black_bowl_next_to_the_cookie_box_and_place_it_on_the_plate,0,0,100,0,0,0,motion blur,10,,,,,,pick up the black bowl next to the cookie box and place it on the plate,pick up the black bowl next to the cookie box and place it on the plate view 0 0 100 0 0 initstate 0 noise 10,pick_up_the_black_bowl_next_to_the_cookie_box_and_place_it_on_the_plate_view_0_0_100_0_0_initstate_0_noise_10
1592,Sensor Noise,2,3,pick_up_the_black_bowl_next_to_the_cookie_box_and_place_it_on_the_plate,0,0,100,0,0,0,gaussian blur,4,,,,,,pick up the black bowl next to the cookie box and place it on the plate,pick up the black bowl next to the cookie box and place it on the plate view 0 0 100 0 0 initstate 0 noise 14,pick_up_the_black_bowl_next_to_the_cookie_box_and_place_it_on_the_plate_view_0_0_100_0_0_initstate_0_noise_14
1593,Sensor Noise,2,3,pick_up_the_black_bowl_next_to_the_cookie_box_and_place_it_on_the_plate,0,0,100,0,0,0,gaussian blur,5,,,,,,pick up the black bowl next to the cookie box and place it on the plate,pick up the black bowl next to the cookie box and place it on the plate view 0 0 100 0 0 initstate 0 noise 15,pick_up_the_black_bowl_next_to_the_cookie_box_and_place_it_on_the_plate_view_0_0_100_0_0_initstate_0_noise_15
1594,Sensor Noise,3,2,pick_up_the_black_bowl_next_to_the_cookie_box_and_place_it_on_the_plate,0,0,100,0,0,0,gaussian blur,6,,,,,,pick up the black bowl next to the cookie box and place it on the plate,pick up the black bowl next to the cookie box and place it on the plate view 0 0 100 0 0 initstate 0 noise 16,pick_up_the_black_bowl_next_to_the_cookie_box_and_place_it_on_the_plate_view_0_0_100_0_0_initstate_0_noise_16
1595,Sensor Noise,4,1,pick_up_the_black_bowl_next_to_the_cookie_box_and_place_it_on_the_plate,0,0,100,0,0,0,gaussian blur,7,,,,,,pick up the black bowl next to the cookie box and place it on the plate,pick up the black bowl next to the cookie box and place it on the plate view 0 0 100 0 0 initstate 0 noise 17,pick_up_the_black_bowl_next_to_the_cookie_box_and_place_it_on_the_plate_view_0_0_100_0_0_initstate_0_noise_17
1596,Sensor Noise,4,1,pick_up_the_black_bowl_next_to_the_cookie_box_and_place_it_on_the_plate,0,0,100,0,0,0,gaussian blur,9,,,,,,pick up the black bowl next to the cookie box and place it on the plate,pick up the black bowl next to the cookie box and place it on the plate view 0 0 100 0 0 initstate 0 noise 19,pick_up_the_black_bowl_next_to_the_cookie_box_and_place_it_on_the_plate_view_0_0_100_0_0_initstate_0_noise_19
1597,Sensor Noise,4,1,pick_up_the_black_bowl_next_to_the_cookie_box_and_place_it_on_the_plate,0,0,100,0,0,0,gaussian blur,10,,,,,,pick up the black bowl next to the cookie box and place it on the plate,pick up the black bowl next to the cookie box and place it on the plate view 0 0 100 0 0 initstate 0 noise 20,pick_up_the_black_bowl_next_to_the_cookie_box_and_place_it_on_the_plate_view_0_0_100_0_0_initstate_0_noise_20
1598,Sensor Noise,1,4,pick_up_the_black_bowl_next_to_the_cookie_box_and_place_it_on_the_plate,0,0,100,0,0,0,zoom blur,7,,,,,,pick up the black bowl next to the cookie box and place it on the plate,pick up the black bowl next to the cookie box and place it on the plate view 0 0 100 0 0 initstate 0 noise 27,pick_up_the_black_bowl_next_to_the_cookie_box_and_place_it_on_the_plate_view_0_0_100_0_0_initstate_0_noise_27
1599,Sensor Noise,2,3,pick_up_the_black_bowl_next_to_the_cookie_box_and_place_it_on_the_plate,0,0,100,0,0,0,zoom blur,8,,,,,,pick up the black bowl next to the cookie box and place it on the plate,pick up the black bowl next to the cookie box and place it on the plate view 0 0 100 0 0 initstate 0 noise 28,pick_up_the_black_bowl_next_to_the_cookie_box_and_place_it_on_the_plate_view_0_0_100_0_0_initstate_0_noise_28
1600,Sensor Noise,4,1,pick_up_the_black_bowl_next_to_the_cookie_box_and_place_it_on_the_plate,0,0,100,0,0,0,zoom blur,9,,,,,,pick up the black bowl next to the cookie box and place it on the plate,pick up the black bowl next to the cookie box and place it on the plate view 0 0 100 0 0 initstate 0 noise 29,pick_up_the_black_bowl_next_to_the_cookie_box_and_place_it_on_the_plate_view_0_0_100_0_0_initstate_0_noise_29
1601,Sensor Noise,4,1,pick_up_the_black_bowl_next_to_the_cookie_box_and_place_it_on_the_plate,0,0,100,0,0,0,zoom blur,10,,,,,,pick up the black bowl next to the cookie box and place it on the plate,pick up the black bowl next to the cookie box and place it on the plate view 0 0 100 0 0 initstate 0 noise 30,pick_up_the_black_bowl_next_to_the_cookie_box_and_place_it_on_the_plate_view_0_0_100_0_0_initstate_0_noise_30
1602,Sensor Noise,1,4,pick_up_the_black_bowl_next_to_the_cookie_box_and_place_it_on_the_plate,0,0,100,0,0,0,fog,5,,,,,,pick up the black bowl next to the cookie box and place it on the plate,pick up the black bowl next to the cookie box and place it on the plate view 0 0 100 0 0 initstate 0 noise 35,pick_up_the_black_bowl_next_to_the_cookie_box_and_place_it_on_the_plate_view_0_0_100_0_0_initstate_0_noise_35
1603,Sensor Noise,1,4,pick_up_the_black_bowl_next_to_the_cookie_box_and_place_it_on_the_plate,0,0,100,0,0,0,fog,6,,,,,,pick up the black bowl next to the cookie box and place it on the plate,pick up the black bowl next to the cookie box and place it on the plate view 0 0 100 0 0 initstate 0 noise 36,pick_up_the_black_bowl_next_to_the_cookie_box_and_place_it_on_the_plate_view_0_0_100_0_0_initstate_0_noise_36
1604,Sensor Noise,1,4,pick_up_the_black_bowl_next_to_the_cookie_box_and_place_it_on_the_plate,0,0,100,0,0,0,fog,7,,,,,,pick up the black bowl next to the cookie box and place it on the plate,pick up the black bowl next to the cookie box and place it on the plate view 0 0 100 0 0 initstate 0 noise 37,pick_up_the_black_bowl_next_to_the_cookie_box_and_place_it_on_the_plate_view_0_0_100_0_0_initstate_0_noise_37
1605,Sensor Noise,1,4,pick_up_the_black_bowl_next_to_the_cookie_box_and_place_it_on_the_plate,0,0,100,0,0,0,fog,8,,,,,,pick up the black bowl next to the cookie box and place it on the plate,pick up the black bowl next to the cookie box and place it on the plate view 0 0 100 0 0 initstate 0 noise 38,pick_up_the_black_bowl_next_to_the_cookie_box_and_place_it_on_the_plate_view_0_0_100_0_0_initstate_0_noise_38
1606,Sensor Noise,2,3,pick_up_the_black_bowl_next_to_the_cookie_box_and_place_it_on_the_plate,0,0,100,0,0,0,fog,9,,,,,,pick up the black bowl next to the cookie box and place it on the plate,pick up the black bowl next to the cookie box and place it on the plate view 0 0 100 0 0 initstate 0 noise 39,pick_up_the_black_bowl_next_to_the_cookie_box_and_place_it_on_the_plate_view_0_0_100_0_0_initstate_0_noise_39
1607,Sensor Noise,4,1,pick_up_the_black_bowl_next_to_the_cookie_box_and_place_it_on_the_plate,0,0,100,0,0,0,fog,10,,,,,,pick up the black bowl next to the cookie box and place it on the plate,pick up the black bowl next to the cookie box and place it on the plate view 0 0 100 0 0 initstate 0 noise 40,pick_up_the_black_bowl_next_to_the_cookie_box_and_place_it_on_the_plate_view_0_0_100_0_0_initstate_0_noise_40
1608,Sensor Noise,1,4,pick_up_the_black_bowl_next_to_the_cookie_box_and_place_it_on_the_plate,0,0,100,0,0,0,glass blur,1,,,,,,pick up the black bowl next to the cookie box and place it on the plate,pick up the black bowl next to the cookie box and place it on the plate view 0 0 100 0 0 initstate 0 noise 41,pick_up_the_black_bowl_next_to_the_cookie_box_and_place_it_on_the_plate_view_0_0_100_0_0_initstate_0_noise_41
1609,Sensor Noise,2,3,pick_up_the_black_bowl_next_to_the_cookie_box_and_place_it_on_the_plate,0,0,100,0,0,0,glass blur,3,,,,,,pick up the black bowl next to the cookie box and place it on the plate,pick up the black bowl next to the cookie box and place it on the plate view 0 0 100 0 0 initstate 0 noise 43,pick_up_the_black_bowl_next_to_the_cookie_box_and_place_it_on_the_plate_view_0_0_100_0_0_initstate_0_noise_43
1610,Sensor Noise,2,3,pick_up_the_black_bowl_next_to_the_cookie_box_and_place_it_on_the_plate,0,0,100,0,0,0,glass blur,4,,,,,,pick up the black bowl next to the cookie box and place it on the plate,pick up the black bowl next to the cookie box and place it on the plate view 0 0 100 0 0 initstate 0 noise 44,pick_up_the_black_bowl_next_to_the_cookie_box_and_place_it_on_the_plate_view_0_0_100_0_0_initstate_0_noise_44
1611,Sensor Noise,2,3,pick_up_the_black_bowl_next_to_the_cookie_box_and_place_it_on_the_plate,0,0,100,0,0,0,glass blur,5,,,,,,pick up the black bowl next to the cookie box and place it on the plate,pick up the black bowl next to the cookie box and place it on the plate view 0 0 100 0 0 initstate 0 noise 45,pick_up_the_black_bowl_next_to_the_cookie_box_and_place_it_on_the_plate_view_0_0_100_0_0_initstate_0_noise_45
1612,Sensor Noise,2,3,pick_up_the_black_bowl_next_to_the_cookie_box_and_place_it_on_the_plate,0,0,100,0,0,0,glass blur,6,,,,,,pick up the black bowl next to the cookie box and place it on the plate,pick up the black bowl next to the cookie box and place it on the plate view 0 0 100 0 0 initstate 0 noise 46,pick_up_the_black_bowl_next_to_the_cookie_box_and_place_it_on_the_plate_view_0_0_100_0_0_initstate_0_noise_46
1613,Sensor Noise,3,2,pick_up_the_black_bowl_next_to_the_cookie_box_and_place_it_on_the_plate,0,0,100,0,0,0,glass blur,7,,,,,,pick up the black bowl next to the cookie box and place it on the plate,pick up the black bowl next to the cookie box and place it on the plate view 0 0 100 0 0 initstate 0 noise 47,pick_up_the_black_bowl_next_to_the_cookie_box_and_place_it_on_the_plate_view_0_0_100_0_0_initstate_0_noise_47
1614,Sensor Noise,3,2,pick_up_the_black_bowl_next_to_the_cookie_box_and_place_it_on_the_plate,0,0,100,0,0,0,glass blur,8,,,,,,pick up the black bowl next to the cookie box and place it on the plate,pick up the black bowl next to the cookie box and place it on the plate view 0 0 100 0 0 initstate 0 noise 48,pick_up_the_black_bowl_next_to_the_cookie_box_and_place_it_on_the_plate_view_0_0_100_0_0_initstate_0_noise_48
1615,Sensor Noise,3,2,pick_up_the_black_bowl_next_to_the_cookie_box_and_place_it_on_the_plate,0,0,100,0,0,0,glass blur,9,,,,,,pick up the black bowl next to the cookie box and place it on the plate,pick up the black bowl next to the cookie box and place it on the plate view 0 0 100 0 0 initstate 0 noise 49,pick_up_the_black_bowl_next_to_the_cookie_box_and_place_it_on_the_plate_view_0_0_100_0_0_initstate_0_noise_49
1616,Sensor Noise,3,2,pick_up_the_black_bowl_next_to_the_cookie_box_and_place_it_on_the_plate,0,0,100,0,0,0,glass blur,10,,,,,,pick up the black bowl next to the cookie box and place it on the plate,pick up the black bowl next to the cookie box and place it on the plate view 0 0 100 0 0 initstate 0 noise 50,pick_up_the_black_bowl_next_to_the_cookie_box_and_place_it_on_the_plate_view_0_0_100_0_0_initstate_0_noise_50
1617,Sensor Noise,2,3,pick_up_the_black_bowl_on_the_stove_and_place_it_on_the_plate,0,0,100,0,0,0,motion blur,2,,,,,,pick up the black bowl on the stove and place it on the plate,pick up the black bowl on the stove and place it on the plate view 0 0 100 0 0 initstate 0 noise 2,pick_up_the_black_bowl_on_the_stove_and_place_it_on_the_plate_view_0_0_100_0_0_initstate_0_noise_2
1618,Sensor Noise,1,4,pick_up_the_black_bowl_on_the_stove_and_place_it_on_the_plate,0,0,100,0,0,0,motion blur,3,,,,,,pick up the black bowl on the stove and place it on the plate,pick up the black bowl on the stove and place it on the plate view 0 0 100 0 0 initstate 0 noise 3,pick_up_the_black_bowl_on_the_stove_and_place_it_on_the_plate_view_0_0_100_0_0_initstate_0_noise_3
1619,Sensor Noise,2,3,pick_up_the_black_bowl_on_the_stove_and_place_it_on_the_plate,0,0,100,0,0,0,motion blur,4,,,,,,pick up the black bowl on the stove and place it on the plate,pick up the black bowl on the stove and place it on the plate view 0 0 100 0 0 initstate 0 noise 4,pick_up_the_black_bowl_on_the_stove_and_place_it_on_the_plate_view_0_0_100_0_0_initstate_0_noise_4
1620,Sensor Noise,2,3,pick_up_the_black_bowl_on_the_stove_and_place_it_on_the_plate,0,0,100,0,0,0,motion blur,5,,,,,,pick up the black bowl on the stove and place it on the plate,pick up the black bowl on the stove and place it on the plate view 0 0 100 0 0 initstate 0 noise 5,pick_up_the_black_bowl_on_the_stove_and_place_it_on_the_plate_view_0_0_100_0_0_initstate_0_noise_5
1621,Sensor Noise,2,3,pick_up_the_black_bowl_on_the_stove_and_place_it_on_the_plate,0,0,100,0,0,0,motion blur,6,,,,,,pick up the black bowl on the stove and place it on the plate,pick up the black bowl on the stove and place it on the plate view 0 0 100 0 0 initstate 0 noise 6,pick_up_the_black_bowl_on_the_stove_and_place_it_on_the_plate_view_0_0_100_0_0_initstate_0_noise_6
1622,Sensor Noise,3,2,pick_up_the_black_bowl_on_the_stove_and_place_it_on_the_plate,0,0,100,0,0,0,motion blur,7,,,,,,pick up the black bowl on the stove and place it on the plate,pick up the black bowl on the stove and place it on the plate view 0 0 100 0 0 initstate 0 noise 7,pick_up_the_black_bowl_on_the_stove_and_place_it_on_the_plate_view_0_0_100_0_0_initstate_0_noise_7
1623,Sensor Noise,3,2,pick_up_the_black_bowl_on_the_stove_and_place_it_on_the_plate,0,0,100,0,0,0,motion blur,8,,,,,,pick up the black bowl on the stove and place it on the plate,pick up the black bowl on the stove and place it on the plate view 0 0 100 0 0 initstate 0 noise 8,pick_up_the_black_bowl_on_the_stove_and_place_it_on_the_plate_view_0_0_100_0_0_initstate_0_noise_8
1624,Sensor Noise,3,2,pick_up_the_black_bowl_on_the_stove_and_place_it_on_the_plate,0,0,100,0,0,0,motion blur,9,,,,,,pick up the black bowl on the stove and place it on the plate,pick up the black bowl on the stove and place it on the plate view 0 0 100 0 0 initstate 0 noise 9,pick_up_the_black_bowl_on_the_stove_and_place_it_on_the_plate_view_0_0_100_0_0_initstate_0_noise_9
1625,Sensor Noise,4,1,pick_up_the_black_bowl_on_the_stove_and_place_it_on_the_plate,0,0,100,0,0,0,motion blur,10,,,,,,pick up the black bowl on the stove and place it on the plate,pick up the black bowl on the stove and place it on the plate view 0 0 100 0 0 initstate 0 noise 10,pick_up_the_black_bowl_on_the_stove_and_place_it_on_the_plate_view_0_0_100_0_0_initstate_0_noise_10
1626,Sensor Noise,2,3,pick_up_the_black_bowl_on_the_stove_and_place_it_on_the_plate,0,0,100,0,0,0,gaussian blur,2,,,,,,pick up the black bowl on the stove and place it on the plate,pick up the black bowl on the stove and place it on the plate view 0 0 100 0 0 initstate 0 noise 12,pick_up_the_black_bowl_on_the_stove_and_place_it_on_the_plate_view_0_0_100_0_0_initstate_0_noise_12
1627,Sensor Noise,2,3,pick_up_the_black_bowl_on_the_stove_and_place_it_on_the_plate,0,0,100,0,0,0,gaussian blur,3,,,,,,pick up the black bowl on the stove and place it on the plate,pick up the black bowl on the stove and place it on the plate view 0 0 100 0 0 initstate 0 noise 13,pick_up_the_black_bowl_on_the_stove_and_place_it_on_the_plate_view_0_0_100_0_0_initstate_0_noise_13
1628,Sensor Noise,2,3,pick_up_the_black_bowl_on_the_stove_and_place_it_on_the_plate,0,0,100,0,0,0,gaussian blur,4,,,,,,pick up the black bowl on the stove and place it on the plate,pick up the black bowl on the stove and place it on the plate view 0 0 100 0 0 initstate 0 noise 14,pick_up_the_black_bowl_on_the_stove_and_place_it_on_the_plate_view_0_0_100_0_0_initstate_0_noise_14
1629,Sensor Noise,3,2,pick_up_the_black_bowl_on_the_stove_and_place_it_on_the_plate,0,0,100,0,0,0,gaussian blur,5,,,,,,pick up the black bowl on the stove and place it on the plate,pick up the black bowl on the stove and place it on the plate view 0 0 100 0 0 initstate 0 noise 15,pick_up_the_black_bowl_on_the_stove_and_place_it_on_the_plate_view_0_0_100_0_0_initstate_0_noise_15
1630,Sensor Noise,3,2,pick_up_the_black_bowl_on_the_stove_and_place_it_on_the_plate,0,0,100,0,0,0,gaussian blur,6,,,,,,pick up the black bowl on the stove and place it on the plate,pick up the black bowl on the stove and place it on the plate view 0 0 100 0 0 initstate 0 noise 16,pick_up_the_black_bowl_on_the_stove_and_place_it_on_the_plate_view_0_0_100_0_0_initstate_0_noise_16
1631,Sensor Noise,3,2,pick_up_the_black_bowl_on_the_stove_and_place_it_on_the_plate,0,0,100,0,0,0,gaussian blur,7,,,,,,pick up the black bowl on the stove and place it on the plate,pick up the black bowl on the stove and place it on the plate view 0 0 100 0 0 initstate 0 noise 17,pick_up_the_black_bowl_on_the_stove_and_place_it_on_the_plate_view_0_0_100_0_0_initstate_0_noise_17
1632,Sensor Noise,3,2,pick_up_the_black_bowl_on_the_stove_and_place_it_on_the_plate,0,0,100,0,0,0,gaussian blur,8,,,,,,pick up the black bowl on the stove and place it on the plate,pick up the black bowl on the stove and place it on the plate view 0 0 100 0 0 initstate 0 noise 18,pick_up_the_black_bowl_on_the_stove_and_place_it_on_the_plate_view_0_0_100_0_0_initstate_0_noise_18
1633,Sensor Noise,3,2,pick_up_the_black_bowl_on_the_stove_and_place_it_on_the_plate,0,0,100,0,0,0,gaussian blur,9,,,,,,pick up the black bowl on the stove and place it on the plate,pick up the black bowl on the stove and place it on the plate view 0 0 100 0 0 initstate 0 noise 19,pick_up_the_black_bowl_on_the_stove_and_place_it_on_the_plate_view_0_0_100_0_0_initstate_0_noise_19
1634,Sensor Noise,4,1,pick_up_the_black_bowl_on_the_stove_and_place_it_on_the_plate,0,0,100,0,0,0,gaussian blur,10,,,,,,pick up the black bowl on the stove and place it on the plate,pick up the black bowl on the stove and place it on the plate view 0 0 100 0 0 initstate 0 noise 20,pick_up_the_black_bowl_on_the_stove_and_place_it_on_the_plate_view_0_0_100_0_0_initstate_0_noise_20
1635,Sensor Noise,1,4,pick_up_the_black_bowl_on_the_stove_and_place_it_on_the_plate,0,0,100,0,0,0,zoom blur,2,,,,,,pick up the black bowl on the stove and place it on the plate,pick up the black bowl on the stove and place it on the plate view 0 0 100 0 0 initstate 0 noise 22,pick_up_the_black_bowl_on_the_stove_and_place_it_on_the_plate_view_0_0_100_0_0_initstate_0_noise_22
1636,Sensor Noise,1,4,pick_up_the_black_bowl_on_the_stove_and_place_it_on_the_plate,0,0,100,0,0,0,zoom blur,3,,,,,,pick up the black bowl on the stove and place it on the plate,pick up the black bowl on the stove and place it on the plate view 0 0 100 0 0 initstate 0 noise 23,pick_up_the_black_bowl_on_the_stove_and_place_it_on_the_plate_view_0_0_100_0_0_initstate_0_noise_23
1637,Sensor Noise,2,3,pick_up_the_black_bowl_on_the_stove_and_place_it_on_the_plate,0,0,100,0,0,0,zoom blur,4,,,,,,pick up the black bowl on the stove and place it on the plate,pick up the black bowl on the stove and place it on the plate view 0 0 100 0 0 initstate 0 noise 24,pick_up_the_black_bowl_on_the_stove_and_place_it_on_the_plate_view_0_0_100_0_0_initstate_0_noise_24
1638,Sensor Noise,1,4,pick_up_the_black_bowl_on_the_stove_and_place_it_on_the_plate,0,0,100,0,0,0,zoom blur,5,,,,,,pick up the black bowl on the stove and place it on the plate,pick up the black bowl on the stove and place it on the plate view 0 0 100 0 0 initstate 0 noise 25,pick_up_the_black_bowl_on_the_stove_and_place_it_on_the_plate_view_0_0_100_0_0_initstate_0_noise_25
1639,Sensor Noise,1,4,pick_up_the_black_bowl_on_the_stove_and_place_it_on_the_plate,0,0,100,0,0,0,zoom blur,6,,,,,,pick up the black bowl on the stove and place it on the plate,pick up the black bowl on the stove and place it on the plate view 0 0 100 0 0 initstate 0 noise 26,pick_up_the_black_bowl_on_the_stove_and_place_it_on_the_plate_view_0_0_100_0_0_initstate_0_noise_26
1640,Sensor Noise,2,3,pick_up_the_black_bowl_on_the_stove_and_place_it_on_the_plate,0,0,100,0,0,0,zoom blur,7,,,,,,pick up the black bowl on the stove and place it on the plate,pick up the black bowl on the stove and place it on the plate view 0 0 100 0 0 initstate 0 noise 27,pick_up_the_black_bowl_on_the_stove_and_place_it_on_the_plate_view_0_0_100_0_0_initstate_0_noise_27
1641,Sensor Noise,2,3,pick_up_the_black_bowl_on_the_stove_and_place_it_on_the_plate,0,0,100,0,0,0,zoom blur,8,,,,,,pick up the black bowl on the stove and place it on the plate,pick up the black bowl on the stove and place it on the plate view 0 0 100 0 0 initstate 0 noise 28,pick_up_the_black_bowl_on_the_stove_and_place_it_on_the_plate_view_0_0_100_0_0_initstate_0_noise_28
1642,Sensor Noise,4,1,pick_up_the_black_bowl_on_the_stove_and_place_it_on_the_plate,0,0,100,0,0,0,zoom blur,9,,,,,,pick up the black bowl on the stove and place it on the plate,pick up the black bowl on the stove and place it on the plate view 0 0 100 0 0 initstate 0 noise 29,pick_up_the_black_bowl_on_the_stove_and_place_it_on_the_plate_view_0_0_100_0_0_initstate_0_noise_29
1643,Sensor Noise,1,4,pick_up_the_black_bowl_on_the_stove_and_place_it_on_the_plate,0,0,100,0,0,0,fog,2,,,,,,pick up the black bowl on the stove and place it on the plate,pick up the black bowl on the stove and place it on the plate view 0 0 100 0 0 initstate 0 noise 32,pick_up_the_black_bowl_on_the_stove_and_place_it_on_the_plate_view_0_0_100_0_0_initstate_0_noise_32
1644,Sensor Noise,2,3,pick_up_the_black_bowl_on_the_stove_and_place_it_on_the_plate,0,0,100,0,0,0,fog,6,,,,,,pick up the black bowl on the stove and place it on the plate,pick up the black bowl on the stove and place it on the plate view 0 0 100 0 0 initstate 0 noise 36,pick_up_the_black_bowl_on_the_stove_and_place_it_on_the_plate_view_0_0_100_0_0_initstate_0_noise_36
1645,Sensor Noise,2,3,pick_up_the_black_bowl_on_the_stove_and_place_it_on_the_plate,0,0,100,0,0,0,fog,7,,,,,,pick up the black bowl on the stove and place it on the plate,pick up the black bowl on the stove and place it on the plate view 0 0 100 0 0 initstate 0 noise 37,pick_up_the_black_bowl_on_the_stove_and_place_it_on_the_plate_view_0_0_100_0_0_initstate_0_noise_37
1646,Sensor Noise,2,3,pick_up_the_black_bowl_on_the_stove_and_place_it_on_the_plate,0,0,100,0,0,0,fog,8,,,,,,pick up the black bowl on the stove and place it on the plate,pick up the black bowl on the stove and place it on the plate view 0 0 100 0 0 initstate 0 noise 38,pick_up_the_black_bowl_on_the_stove_and_place_it_on_the_plate_view_0_0_100_0_0_initstate_0_noise_38
1647,Sensor Noise,3,2,pick_up_the_black_bowl_on_the_stove_and_place_it_on_the_plate,0,0,100,0,0,0,fog,9,,,,,,pick up the black bowl on the stove and place it on the plate,pick up the black bowl on the stove and place it on the plate view 0 0 100 0 0 initstate 0 noise 39,pick_up_the_black_bowl_on_the_stove_and_place_it_on_the_plate_view_0_0_100_0_0_initstate_0_noise_39
1648,Sensor Noise,4,1,pick_up_the_black_bowl_on_the_stove_and_place_it_on_the_plate,0,0,100,0,0,0,fog,10,,,,,,pick up the black bowl on the stove and place it on the plate,pick up the black bowl on the stove and place it on the plate view 0 0 100 0 0 initstate 0 noise 40,pick_up_the_black_bowl_on_the_stove_and_place_it_on_the_plate_view_0_0_100_0_0_initstate_0_noise_40
1649,Sensor Noise,1,4,pick_up_the_black_bowl_on_the_stove_and_place_it_on_the_plate,0,0,100,0,0,0,glass blur,1,,,,,,pick up the black bowl on the stove and place it on the plate,pick up the black bowl on the stove and place it on the plate view 0 0 100 0 0 initstate 0 noise 41,pick_up_the_black_bowl_on_the_stove_and_place_it_on_the_plate_view_0_0_100_0_0_initstate_0_noise_41
1650,Sensor Noise,2,3,pick_up_the_black_bowl_on_the_stove_and_place_it_on_the_plate,0,0,100,0,0,0,glass blur,3,,,,,,pick up the black bowl on the stove and place it on the plate,pick up the black bowl on the stove and place it on the plate view 0 0 100 0 0 initstate 0 noise 43,pick_up_the_black_bowl_on_the_stove_and_place_it_on_the_plate_view_0_0_100_0_0_initstate_0_noise_43
1651,Sensor Noise,1,4,pick_up_the_black_bowl_on_the_stove_and_place_it_on_the_plate,0,0,100,0,0,0,glass blur,4,,,,,,pick up the black bowl on the stove and place it on the plate,pick up the black bowl on the stove and place it on the plate view 0 0 100 0 0 initstate 0 noise 44,pick_up_the_black_bowl_on_the_stove_and_place_it_on_the_plate_view_0_0_100_0_0_initstate_0_noise_44
1652,Sensor Noise,2,3,pick_up_the_black_bowl_on_the_stove_and_place_it_on_the_plate,0,0,100,0,0,0,glass blur,5,,,,,,pick up the black bowl on the stove and place it on the plate,pick up the black bowl on the stove and place it on the plate view 0 0 100 0 0 initstate 0 noise 45,pick_up_the_black_bowl_on_the_stove_and_place_it_on_the_plate_view_0_0_100_0_0_initstate_0_noise_45
1653,Sensor Noise,2,3,pick_up_the_black_bowl_on_the_stove_and_place_it_on_the_plate,0,0,100,0,0,0,glass blur,6,,,,,,pick up the black bowl on the stove and place it on the plate,pick up the black bowl on the stove and place it on the plate view 0 0 100 0 0 initstate 0 noise 46,pick_up_the_black_bowl_on_the_stove_and_place_it_on_the_plate_view_0_0_100_0_0_initstate_0_noise_46
1654,Sensor Noise,3,2,pick_up_the_black_bowl_on_the_stove_and_place_it_on_the_plate,0,0,100,0,0,0,glass blur,7,,,,,,pick up the black bowl on the stove and place it on the plate,pick up the black bowl on the stove and place it on the plate view 0 0 100 0 0 initstate 0 noise 47,pick_up_the_black_bowl_on_the_stove_and_place_it_on_the_plate_view_0_0_100_0_0_initstate_0_noise_47
1655,Sensor Noise,3,2,pick_up_the_black_bowl_on_the_stove_and_place_it_on_the_plate,0,0,100,0,0,0,glass blur,8,,,,,,pick up the black bowl on the stove and place it on the plate,pick up the black bowl on the stove and place it on the plate view 0 0 100 0 0 initstate 0 noise 48,pick_up_the_black_bowl_on_the_stove_and_place_it_on_the_plate_view_0_0_100_0_0_initstate_0_noise_48
1656,Sensor Noise,3,2,pick_up_the_black_bowl_on_the_stove_and_place_it_on_the_plate,0,0,100,0,0,0,glass blur,9,,,,,,pick up the black bowl on the stove and place it on the plate,pick up the black bowl on the stove and place it on the plate view 0 0 100 0 0 initstate 0 noise 49,pick_up_the_black_bowl_on_the_stove_and_place_it_on_the_plate_view_0_0_100_0_0_initstate_0_noise_49
1657,Sensor Noise,3,2,pick_up_the_black_bowl_on_the_stove_and_place_it_on_the_plate,0,0,100,0,0,0,glass blur,10,,,,,,pick up the black bowl on the stove and place it on the plate,pick up the black bowl on the stove and place it on the plate view 0 0 100 0 0 initstate 0 noise 50,pick_up_the_black_bowl_on_the_stove_and_place_it_on_the_plate_view_0_0_100_0_0_initstate_0_noise_50
1658,Sensor Noise,1,4,pick_up_the_black_bowl_next_to_the_plate_and_place_it_on_the_plate,0,0,100,0,0,0,motion blur,3,,,,,,pick up the black bowl next to the plate and place it on the plate,pick up the black bowl next to the plate and place it on the plate view 0 0 100 0 0 initstate 0 noise 3,pick_up_the_black_bowl_next_to_the_plate_and_place_it_on_the_plate_view_0_0_100_0_0_initstate_0_noise_3
1659,Sensor Noise,2,3,pick_up_the_black_bowl_next_to_the_plate_and_place_it_on_the_plate,0,0,100,0,0,0,motion blur,5,,,,,,pick up the black bowl next to the plate and place it on the plate,pick up the black bowl next to the plate and place it on the plate view 0 0 100 0 0 initstate 0 noise 5,pick_up_the_black_bowl_next_to_the_plate_and_place_it_on_the_plate_view_0_0_100_0_0_initstate_0_noise_5
1660,Sensor Noise,2,3,pick_up_the_black_bowl_next_to_the_plate_and_place_it_on_the_plate,0,0,100,0,0,0,motion blur,6,,,,,,pick up the black bowl next to the plate and place it on the plate,pick up the black bowl next to the plate and place it on the plate view 0 0 100 0 0 initstate 0 noise 6,pick_up_the_black_bowl_next_to_the_plate_and_place_it_on_the_plate_view_0_0_100_0_0_initstate_0_noise_6
1661,Sensor Noise,3,2,pick_up_the_black_bowl_next_to_the_plate_and_place_it_on_the_plate,0,0,100,0,0,0,motion blur,7,,,,,,pick up the black bowl next to the plate and place it on the plate,pick up the black bowl next to the plate and place it on the plate view 0 0 100 0 0 initstate 0 noise 7,pick_up_the_black_bowl_next_to_the_plate_and_place_it_on_the_plate_view_0_0_100_0_0_initstate_0_noise_7
1662,Sensor Noise,3,2,pick_up_the_black_bowl_next_to_the_plate_and_place_it_on_the_plate,0,0,100,0,0,0,motion blur,9,,,,,,pick up the black bowl next to the plate and place it on the plate,pick up the black bowl next to the plate and place it on the plate view 0 0 100 0 0 initstate 0 noise 9,pick_up_the_black_bowl_next_to_the_plate_and_place_it_on_the_plate_view_0_0_100_0_0_initstate_0_noise_9
1663,Sensor Noise,4,1,pick_up_the_black_bowl_next_to_the_plate_and_place_it_on_the_plate,0,0,100,0,0,0,motion blur,10,,,,,,pick up the black bowl next to the plate and place it on the plate,pick up the black bowl next to the plate and place it on the plate view 0 0 100 0 0 initstate 0 noise 10,pick_up_the_black_bowl_next_to_the_plate_and_place_it_on_the_plate_view_0_0_100_0_0_initstate_0_noise_10
1664,Sensor Noise,2,3,pick_up_the_black_bowl_next_to_the_plate_and_place_it_on_the_plate,0,0,100,0,0,0,gaussian blur,3,,,,,,pick up the black bowl next to the plate and place it on the plate,pick up the black bowl next to the plate and place it on the plate view 0 0 100 0 0 initstate 0 noise 13,pick_up_the_black_bowl_next_to_the_plate_and_place_it_on_the_plate_view_0_0_100_0_0_initstate_0_noise_13
1665,Sensor Noise,2,3,pick_up_the_black_bowl_next_to_the_plate_and_place_it_on_the_plate,0,0,100,0,0,0,gaussian blur,4,,,,,,pick up the black bowl next to the plate and place it on the plate,pick up the black bowl next to the plate and place it on the plate view 0 0 100 0 0 initstate 0 noise 14,pick_up_the_black_bowl_next_to_the_plate_and_place_it_on_the_plate_view_0_0_100_0_0_initstate_0_noise_14
1666,Sensor Noise,2,3,pick_up_the_black_bowl_next_to_the_plate_and_place_it_on_the_plate,0,0,100,0,0,0,gaussian blur,5,,,,,,pick up the black bowl next to the plate and place it on the plate,pick up the black bowl next to the plate and place it on the plate view 0 0 100 0 0 initstate 0 noise 15,pick_up_the_black_bowl_next_to_the_plate_and_place_it_on_the_plate_view_0_0_100_0_0_initstate_0_noise_15
1667,Sensor Noise,2,3,pick_up_the_black_bowl_next_to_the_plate_and_place_it_on_the_plate,0,0,100,0,0,0,gaussian blur,6,,,,,,pick up the black bowl next to the plate and place it on the plate,pick up the black bowl next to the plate and place it on the plate view 0 0 100 0 0 initstate 0 noise 16,pick_up_the_black_bowl_next_to_the_plate_and_place_it_on_the_plate_view_0_0_100_0_0_initstate_0_noise_16
1668,Sensor Noise,4,1,pick_up_the_black_bowl_next_to_the_plate_and_place_it_on_the_plate,0,0,100,0,0,0,gaussian blur,7,,,,,,pick up the black bowl next to the plate and place it on the plate,pick up the black bowl next to the plate and place it on the plate view 0 0 100 0 0 initstate 0 noise 17,pick_up_the_black_bowl_next_to_the_plate_and_place_it_on_the_plate_view_0_0_100_0_0_initstate_0_noise_17
1669,Sensor Noise,5,0,pick_up_the_black_bowl_next_to_the_plate_and_place_it_on_the_plate,0,0,100,0,0,0,gaussian blur,9,,,,,,pick up the black bowl next to the plate and place it on the plate,pick up the black bowl next to the plate and place it on the plate view 0 0 100 0 0 initstate 0 noise 19,pick_up_the_black_bowl_next_to_the_plate_and_place_it_on_the_plate_view_0_0_100_0_0_initstate_0_noise_19
1670,Sensor Noise,5,0,pick_up_the_black_bowl_next_to_the_plate_and_place_it_on_the_plate,0,0,100,0,0,0,gaussian blur,10,,,,,,pick up the black bowl next to the plate and place it on the plate,pick up the black bowl next to the plate and place it on the plate view 0 0 100 0 0 initstate 0 noise 20,pick_up_the_black_bowl_next_to_the_plate_and_place_it_on_the_plate_view_0_0_100_0_0_initstate_0_noise_20
1671,Sensor Noise,1,4,pick_up_the_black_bowl_next_to_the_plate_and_place_it_on_the_plate,0,0,100,0,0,0,zoom blur,7,,,,,,pick up the black bowl next to the plate and place it on the plate,pick up the black bowl next to the plate and place it on the plate view 0 0 100 0 0 initstate 0 noise 27,pick_up_the_black_bowl_next_to_the_plate_and_place_it_on_the_plate_view_0_0_100_0_0_initstate_0_noise_27
1672,Sensor Noise,1,4,pick_up_the_black_bowl_next_to_the_plate_and_place_it_on_the_plate,0,0,100,0,0,0,zoom blur,8,,,,,,pick up the black bowl next to the plate and place it on the plate,pick up the black bowl next to the plate and place it on the plate view 0 0 100 0 0 initstate 0 noise 28,pick_up_the_black_bowl_next_to_the_plate_and_place_it_on_the_plate_view_0_0_100_0_0_initstate_0_noise_28
1673,Sensor Noise,3,2,pick_up_the_black_bowl_next_to_the_plate_and_place_it_on_the_plate,0,0,100,0,0,0,zoom blur,9,,,,,,pick up the black bowl next to the plate and place it on the plate,pick up the black bowl next to the plate and place it on the plate view 0 0 100 0 0 initstate 0 noise 29,pick_up_the_black_bowl_next_to_the_plate_and_place_it_on_the_plate_view_0_0_100_0_0_initstate_0_noise_29
1674,Sensor Noise,5,0,pick_up_the_black_bowl_next_to_the_plate_and_place_it_on_the_plate,0,0,100,0,0,0,zoom blur,10,,,,,,pick up the black bowl next to the plate and place it on the plate,pick up the black bowl next to the plate and place it on the plate view 0 0 100 0 0 initstate 0 noise 30,pick_up_the_black_bowl_next_to_the_plate_and_place_it_on_the_plate_view_0_0_100_0_0_initstate_0_noise_30
1675,Sensor Noise,1,4,pick_up_the_black_bowl_next_to_the_plate_and_place_it_on_the_plate,0,0,100,0,0,0,fog,5,,,,,,pick up the black bowl next to the plate and place it on the plate,pick up the black bowl next to the plate and place it on the plate view 0 0 100 0 0 initstate 0 noise 35,pick_up_the_black_bowl_next_to_the_plate_and_place_it_on_the_plate_view_0_0_100_0_0_initstate_0_noise_35
1676,Sensor Noise,2,3,pick_up_the_black_bowl_next_to_the_plate_and_place_it_on_the_plate,0,0,100,0,0,0,fog,8,,,,,,pick up the black bowl next to the plate and place it on the plate,pick up the black bowl next to the plate and place it on the plate view 0 0 100 0 0 initstate 0 noise 38,pick_up_the_black_bowl_next_to_the_plate_and_place_it_on_the_plate_view_0_0_100_0_0_initstate_0_noise_38
1677,Sensor Noise,4,1,pick_up_the_black_bowl_next_to_the_plate_and_place_it_on_the_plate,0,0,100,0,0,0,fog,9,,,,,,pick up the black bowl next to the plate and place it on the plate,pick up the black bowl next to the plate and place it on the plate view 0 0 100 0 0 initstate 0 noise 39,pick_up_the_black_bowl_next_to_the_plate_and_place_it_on_the_plate_view_0_0_100_0_0_initstate_0_noise_39
1678,Sensor Noise,4,1,pick_up_the_black_bowl_next_to_the_plate_and_place_it_on_the_plate,0,0,100,0,0,0,fog,10,,,,,,pick up the black bowl next to the plate and place it on the plate,pick up the black bowl next to the plate and place it on the plate view 0 0 100 0 0 initstate 0 noise 40,pick_up_the_black_bowl_next_to_the_plate_and_place_it_on_the_plate_view_0_0_100_0_0_initstate_0_noise_40
1679,Sensor Noise,2,3,pick_up_the_black_bowl_next_to_the_plate_and_place_it_on_the_plate,0,0,100,0,0,0,glass blur,3,,,,,,pick up the black bowl next to the plate and place it on the plate,pick up the black bowl next to the plate and place it on the plate view 0 0 100 0 0 initstate 0 noise 43,pick_up_the_black_bowl_next_to_the_plate_and_place_it_on_the_plate_view_0_0_100_0_0_initstate_0_noise_43
1680,Sensor Noise,2,3,pick_up_the_black_bowl_next_to_the_plate_and_place_it_on_the_plate,0,0,100,0,0,0,glass blur,5,,,,,,pick up the black bowl next to the plate and place it on the plate,pick up the black bowl next to the plate and place it on the plate view 0 0 100 0 0 initstate 0 noise 45,pick_up_the_black_bowl_next_to_the_plate_and_place_it_on_the_plate_view_0_0_100_0_0_initstate_0_noise_45
1681,Sensor Noise,2,3,pick_up_the_black_bowl_next_to_the_plate_and_place_it_on_the_plate,0,0,100,0,0,0,glass blur,6,,,,,,pick up the black bowl next to the plate and place it on the plate,pick up the black bowl next to the plate and place it on the plate view 0 0 100 0 0 initstate 0 noise 46,pick_up_the_black_bowl_next_to_the_plate_and_place_it_on_the_plate_view_0_0_100_0_0_initstate_0_noise_46
1682,Sensor Noise,3,2,pick_up_the_black_bowl_next_to_the_plate_and_place_it_on_the_plate,0,0,100,0,0,0,glass blur,7,,,,,,pick up the black bowl next to the plate and place it on the plate,pick up the black bowl next to the plate and place it on the plate view 0 0 100 0 0 initstate 0 noise 47,pick_up_the_black_bowl_next_to_the_plate_and_place_it_on_the_plate_view_0_0_100_0_0_initstate_0_noise_47
1683,Sensor Noise,2,3,pick_up_the_black_bowl_next_to_the_plate_and_place_it_on_the_plate,0,0,100,0,0,0,glass blur,8,,,,,,pick up the black bowl next to the plate and place it on the plate,pick up the black bowl next to the plate and place it on the plate view 0 0 100 0 0 initstate 0 noise 48,pick_up_the_black_bowl_next_to_the_plate_and_place_it_on_the_plate_view_0_0_100_0_0_initstate_0_noise_48
1684,Sensor Noise,3,2,pick_up_the_black_bowl_next_to_the_plate_and_place_it_on_the_plate,0,0,100,0,0,0,glass blur,9,,,,,,pick up the black bowl next to the plate and place it on the plate,pick up the black bowl next to the plate and place it on the plate view 0 0 100 0 0 initstate 0 noise 49,pick_up_the_black_bowl_next_to_the_plate_and_place_it_on_the_plate_view_0_0_100_0_0_initstate_0_noise_49
1685,Sensor Noise,3,2,pick_up_the_black_bowl_next_to_the_plate_and_place_it_on_the_plate,0,0,100,0,0,0,glass blur,10,,,,,,pick up the black bowl next to the plate and place it on the plate,pick up the black bowl next to the plate and place it on the plate view 0 0 100 0 0 initstate 0 noise 50,pick_up_the_black_bowl_next_to_the_plate_and_place_it_on_the_plate_view_0_0_100_0_0_initstate_0_noise_50
1686,Sensor Noise,2,3,pick_up_the_black_bowl_on_the_wooden_cabinet_and_place_it_on_the_plate,0,0,100,0,0,0,motion blur,4,,,,,,pick up the black bowl on the wooden cabinet and place it on the plate,pick up the black bowl on the wooden cabinet and place it on the plate view 0 0 100 0 0 initstate 0 noise 4,pick_up_the_black_bowl_on_the_wooden_cabinet_and_place_it_on_the_plate_view_0_0_100_0_0_initstate_0_noise_4
1687,Sensor Noise,2,3,pick_up_the_black_bowl_on_the_wooden_cabinet_and_place_it_on_the_plate,0,0,100,0,0,0,motion blur,5,,,,,,pick up the black bowl on the wooden cabinet and place it on the plate,pick up the black bowl on the wooden cabinet and place it on the plate view 0 0 100 0 0 initstate 0 noise 5,pick_up_the_black_bowl_on_the_wooden_cabinet_and_place_it_on_the_plate_view_0_0_100_0_0_initstate_0_noise_5
1688,Sensor Noise,2,3,pick_up_the_black_bowl_on_the_wooden_cabinet_and_place_it_on_the_plate,0,0,100,0,0,0,motion blur,6,,,,,,pick up the black bowl on the wooden cabinet and place it on the plate,pick up the black bowl on the wooden cabinet and place it on the plate view 0 0 100 0 0 initstate 0 noise 6,pick_up_the_black_bowl_on_the_wooden_cabinet_and_place_it_on_the_plate_view_0_0_100_0_0_initstate_0_noise_6
1689,Sensor Noise,3,2,pick_up_the_black_bowl_on_the_wooden_cabinet_and_place_it_on_the_plate,0,0,100,0,0,0,motion blur,7,,,,,,pick up the black bowl on the wooden cabinet and place it on the plate,pick up the black bowl on the wooden cabinet and place it on the plate view 0 0 100 0 0 initstate 0 noise 7,pick_up_the_black_bowl_on_the_wooden_cabinet_and_place_it_on_the_plate_view_0_0_100_0_0_initstate_0_noise_7
1690,Sensor Noise,3,2,pick_up_the_black_bowl_on_the_wooden_cabinet_and_place_it_on_the_plate,0,0,100,0,0,0,motion blur,8,,,,,,pick up the black bowl on the wooden cabinet and place it on the plate,pick up the black bowl on the wooden cabinet and place it on the plate view 0 0 100 0 0 initstate 0 noise 8,pick_up_the_black_bowl_on_the_wooden_cabinet_and_place_it_on_the_plate_view_0_0_100_0_0_initstate_0_noise_8
1691,Sensor Noise,4,1,pick_up_the_black_bowl_on_the_wooden_cabinet_and_place_it_on_the_plate,0,0,100,0,0,0,motion blur,9,,,,,,pick up the black bowl on the wooden cabinet and place it on the plate,pick up the black bowl on the wooden cabinet and place it on the plate view 0 0 100 0 0 initstate 0 noise 9,pick_up_the_black_bowl_on_the_wooden_cabinet_and_place_it_on_the_plate_view_0_0_100_0_0_initstate_0_noise_9
1692,Sensor Noise,4,1,pick_up_the_black_bowl_on_the_wooden_cabinet_and_place_it_on_the_plate,0,0,100,0,0,0,motion blur,10,,,,,,pick up the black bowl on the wooden cabinet and place it on the plate,pick up the black bowl on the wooden cabinet and place it on the plate view 0 0 100 0 0 initstate 0 noise 10,pick_up_the_black_bowl_on_the_wooden_cabinet_and_place_it_on_the_plate_view_0_0_100_0_0_initstate_0_noise_10
1693,Sensor Noise,1,4,pick_up_the_black_bowl_on_the_wooden_cabinet_and_place_it_on_the_plate,0,0,100,0,0,0,gaussian blur,2,,,,,,pick up the black bowl on the wooden cabinet and place it on the plate,pick up the black bowl on the wooden cabinet and place it on the plate view 0 0 100 0 0 initstate 0 noise 12,pick_up_the_black_bowl_on_the_wooden_cabinet_and_place_it_on_the_plate_view_0_0_100_0_0_initstate_0_noise_12
1694,Sensor Noise,3,2,pick_up_the_black_bowl_on_the_wooden_cabinet_and_place_it_on_the_plate,0,0,100,0,0,0,gaussian blur,3,,,,,,pick up the black bowl on the wooden cabinet and place it on the plate,pick up the black bowl on the wooden cabinet and place it on the plate view 0 0 100 0 0 initstate 0 noise 13,pick_up_the_black_bowl_on_the_wooden_cabinet_and_place_it_on_the_plate_view_0_0_100_0_0_initstate_0_noise_13
1695,Sensor Noise,4,1,pick_up_the_black_bowl_on_the_wooden_cabinet_and_place_it_on_the_plate,0,0,100,0,0,0,gaussian blur,4,,,,,,pick up the black bowl on the wooden cabinet and place it on the plate,pick up the black bowl on the wooden cabinet and place it on the plate view 0 0 100 0 0 initstate 0 noise 14,pick_up_the_black_bowl_on_the_wooden_cabinet_and_place_it_on_the_plate_view_0_0_100_0_0_initstate_0_noise_14
1696,Sensor Noise,3,2,pick_up_the_black_bowl_on_the_wooden_cabinet_and_place_it_on_the_plate,0,0,100,0,0,0,gaussian blur,5,,,,,,pick up the black bowl on the wooden cabinet and place it on the plate,pick up the black bowl on the wooden cabinet and place it on the plate view 0 0 100 0 0 initstate 0 noise 15,pick_up_the_black_bowl_on_the_wooden_cabinet_and_place_it_on_the_plate_view_0_0_100_0_0_initstate_0_noise_15
1697,Sensor Noise,4,1,pick_up_the_black_bowl_on_the_wooden_cabinet_and_place_it_on_the_plate,0,0,100,0,0,0,gaussian blur,6,,,,,,pick up the black bowl on the wooden cabinet and place it on the plate,pick up the black bowl on the wooden cabinet and place it on the plate view 0 0 100 0 0 initstate 0 noise 16,pick_up_the_black_bowl_on_the_wooden_cabinet_and_place_it_on_the_plate_view_0_0_100_0_0_initstate_0_noise_16
1698,Sensor Noise,4,1,pick_up_the_black_bowl_on_the_wooden_cabinet_and_place_it_on_the_plate,0,0,100,0,0,0,gaussian blur,7,,,,,,pick up the black bowl on the wooden cabinet and place it on the plate,pick up the black bowl on the wooden cabinet and place it on the plate view 0 0 100 0 0 initstate 0 noise 17,pick_up_the_black_bowl_on_the_wooden_cabinet_and_place_it_on_the_plate_view_0_0_100_0_0_initstate_0_noise_17
1699,Sensor Noise,4,1,pick_up_the_black_bowl_on_the_wooden_cabinet_and_place_it_on_the_plate,0,0,100,0,0,0,gaussian blur,8,,,,,,pick up the black bowl on the wooden cabinet and place it on the plate,pick up the black bowl on the wooden cabinet and place it on the plate view 0 0 100 0 0 initstate 0 noise 18,pick_up_the_black_bowl_on_the_wooden_cabinet_and_place_it_on_the_plate_view_0_0_100_0_0_initstate_0_noise_18
1700,Sensor Noise,3,2,pick_up_the_black_bowl_on_the_wooden_cabinet_and_place_it_on_the_plate,0,0,100,0,0,0,gaussian blur,9,,,,,,pick up the black bowl on the wooden cabinet and place it on the plate,pick up the black bowl on the wooden cabinet and place it on the plate view 0 0 100 0 0 initstate 0 noise 19,pick_up_the_black_bowl_on_the_wooden_cabinet_and_place_it_on_the_plate_view_0_0_100_0_0_initstate_0_noise_19
1701,Sensor Noise,4,1,pick_up_the_black_bowl_on_the_wooden_cabinet_and_place_it_on_the_plate,0,0,100,0,0,0,gaussian blur,10,,,,,,pick up the black bowl on the wooden cabinet and place it on the plate,pick up the black bowl on the wooden cabinet and place it on the plate view 0 0 100 0 0 initstate 0 noise 20,pick_up_the_black_bowl_on_the_wooden_cabinet_and_place_it_on_the_plate_view_0_0_100_0_0_initstate_0_noise_20
1702,Sensor Noise,1,4,pick_up_the_black_bowl_on_the_wooden_cabinet_and_place_it_on_the_plate,0,0,100,0,0,0,zoom blur,2,,,,,,pick up the black bowl on the wooden cabinet and place it on the plate,pick up the black bowl on the wooden cabinet and place it on the plate view 0 0 100 0 0 initstate 0 noise 22,pick_up_the_black_bowl_on_the_wooden_cabinet_and_place_it_on_the_plate_view_0_0_100_0_0_initstate_0_noise_22
1703,Sensor Noise,1,4,pick_up_the_black_bowl_on_the_wooden_cabinet_and_place_it_on_the_plate,0,0,100,0,0,0,zoom blur,5,,,,,,pick up the black bowl on the wooden cabinet and place it on the plate,pick up the black bowl on the wooden cabinet and place it on the plate view 0 0 100 0 0 initstate 0 noise 25,pick_up_the_black_bowl_on_the_wooden_cabinet_and_place_it_on_the_plate_view_0_0_100_0_0_initstate_0_noise_25
1704,Sensor Noise,1,4,pick_up_the_black_bowl_on_the_wooden_cabinet_and_place_it_on_the_plate,0,0,100,0,0,0,zoom blur,6,,,,,,pick up the black bowl on the wooden cabinet and place it on the plate,pick up the black bowl on the wooden cabinet and place it on the plate view 0 0 100 0 0 initstate 0 noise 26,pick_up_the_black_bowl_on_the_wooden_cabinet_and_place_it_on_the_plate_view_0_0_100_0_0_initstate_0_noise_26
1705,Sensor Noise,3,2,pick_up_the_black_bowl_on_the_wooden_cabinet_and_place_it_on_the_plate,0,0,100,0,0,0,zoom blur,7,,,,,,pick up the black bowl on the wooden cabinet and place it on the plate,pick up the black bowl on the wooden cabinet and place it on the plate view 0 0 100 0 0 initstate 0 noise 27,pick_up_the_black_bowl_on_the_wooden_cabinet_and_place_it_on_the_plate_view_0_0_100_0_0_initstate_0_noise_27
1706,Sensor Noise,3,2,pick_up_the_black_bowl_on_the_wooden_cabinet_and_place_it_on_the_plate,0,0,100,0,0,0,zoom blur,8,,,,,,pick up the black bowl on the wooden cabinet and place it on the plate,pick up the black bowl on the wooden cabinet and place it on the plate view 0 0 100 0 0 initstate 0 noise 28,pick_up_the_black_bowl_on_the_wooden_cabinet_and_place_it_on_the_plate_view_0_0_100_0_0_initstate_0_noise_28
1707,Sensor Noise,3,2,pick_up_the_black_bowl_on_the_wooden_cabinet_and_place_it_on_the_plate,0,0,100,0,0,0,zoom blur,9,,,,,,pick up the black bowl on the wooden cabinet and place it on the plate,pick up the black bowl on the wooden cabinet and place it on the plate view 0 0 100 0 0 initstate 0 noise 29,pick_up_the_black_bowl_on_the_wooden_cabinet_and_place_it_on_the_plate_view_0_0_100_0_0_initstate_0_noise_29
1708,Sensor Noise,4,1,pick_up_the_black_bowl_on_the_wooden_cabinet_and_place_it_on_the_plate,0,0,100,0,0,0,zoom blur,10,,,,,,pick up the black bowl on the wooden cabinet and place it on the plate,pick up the black bowl on the wooden cabinet and place it on the plate view 0 0 100 0 0 initstate 0 noise 30,pick_up_the_black_bowl_on_the_wooden_cabinet_and_place_it_on_the_plate_view_0_0_100_0_0_initstate_0_noise_30
1709,Sensor Noise,1,4,pick_up_the_black_bowl_on_the_wooden_cabinet_and_place_it_on_the_plate,0,0,100,0,0,0,fog,2,,,,,,pick up the black bowl on the wooden cabinet and place it on the plate,pick up the black bowl on the wooden cabinet and place it on the plate view 0 0 100 0 0 initstate 0 noise 32,pick_up_the_black_bowl_on_the_wooden_cabinet_and_place_it_on_the_plate_view_0_0_100_0_0_initstate_0_noise_32
1710,Sensor Noise,2,3,pick_up_the_black_bowl_on_the_wooden_cabinet_and_place_it_on_the_plate,0,0,100,0,0,0,fog,5,,,,,,pick up the black bowl on the wooden cabinet and place it on the plate,pick up the black bowl on the wooden cabinet and place it on the plate view 0 0 100 0 0 initstate 0 noise 35,pick_up_the_black_bowl_on_the_wooden_cabinet_and_place_it_on_the_plate_view_0_0_100_0_0_initstate_0_noise_35
1711,Sensor Noise,1,4,pick_up_the_black_bowl_on_the_wooden_cabinet_and_place_it_on_the_plate,0,0,100,0,0,0,fog,6,,,,,,pick up the black bowl on the wooden cabinet and place it on the plate,pick up the black bowl on the wooden cabinet and place it on the plate view 0 0 100 0 0 initstate 0 noise 36,pick_up_the_black_bowl_on_the_wooden_cabinet_and_place_it_on_the_plate_view_0_0_100_0_0_initstate_0_noise_36
1712,Sensor Noise,2,3,pick_up_the_black_bowl_on_the_wooden_cabinet_and_place_it_on_the_plate,0,0,100,0,0,0,fog,7,,,,,,pick up the black bowl on the wooden cabinet and place it on the plate,pick up the black bowl on the wooden cabinet and place it on the plate view 0 0 100 0 0 initstate 0 noise 37,pick_up_the_black_bowl_on_the_wooden_cabinet_and_place_it_on_the_plate_view_0_0_100_0_0_initstate_0_noise_37
1713,Sensor Noise,2,3,pick_up_the_black_bowl_on_the_wooden_cabinet_and_place_it_on_the_plate,0,0,100,0,0,0,fog,8,,,,,,pick up the black bowl on the wooden cabinet and place it on the plate,pick up the black bowl on the wooden cabinet and place it on the plate view 0 0 100 0 0 initstate 0 noise 38,pick_up_the_black_bowl_on_the_wooden_cabinet_and_place_it_on_the_plate_view_0_0_100_0_0_initstate_0_noise_38
1714,Sensor Noise,4,1,pick_up_the_black_bowl_on_the_wooden_cabinet_and_place_it_on_the_plate,0,0,100,0,0,0,fog,9,,,,,,pick up the black bowl on the wooden cabinet and place it on the plate,pick up the black bowl on the wooden cabinet and place it on the plate view 0 0 100 0 0 initstate 0 noise 39,pick_up_the_black_bowl_on_the_wooden_cabinet_and_place_it_on_the_plate_view_0_0_100_0_0_initstate_0_noise_39
1715,Sensor Noise,4,1,pick_up_the_black_bowl_on_the_wooden_cabinet_and_place_it_on_the_plate,0,0,100,0,0,0,fog,10,,,,,,pick up the black bowl on the wooden cabinet and place it on the plate,pick up the black bowl on the wooden cabinet and place it on the plate view 0 0 100 0 0 initstate 0 noise 40,pick_up_the_black_bowl_on_the_wooden_cabinet_and_place_it_on_the_plate_view_0_0_100_0_0_initstate_0_noise_40
1716,Sensor Noise,1,4,pick_up_the_black_bowl_on_the_wooden_cabinet_and_place_it_on_the_plate,0,0,100,0,0,0,glass blur,1,,,,,,pick up the black bowl on the wooden cabinet and place it on the plate,pick up the black bowl on the wooden cabinet and place it on the plate view 0 0 100 0 0 initstate 0 noise 41,pick_up_the_black_bowl_on_the_wooden_cabinet_and_place_it_on_the_plate_view_0_0_100_0_0_initstate_0_noise_41
1717,Sensor Noise,3,2,pick_up_the_black_bowl_on_the_wooden_cabinet_and_place_it_on_the_plate,0,0,100,0,0,0,glass blur,3,,,,,,pick up the black bowl on the wooden cabinet and place it on the plate,pick up the black bowl on the wooden cabinet and place it on the plate view 0 0 100 0 0 initstate 0 noise 43,pick_up_the_black_bowl_on_the_wooden_cabinet_and_place_it_on_the_plate_view_0_0_100_0_0_initstate_0_noise_43
1718,Sensor Noise,2,3,pick_up_the_black_bowl_on_the_wooden_cabinet_and_place_it_on_the_plate,0,0,100,0,0,0,glass blur,4,,,,,,pick up the black bowl on the wooden cabinet and place it on the plate,pick up the black bowl on the wooden cabinet and place it on the plate view 0 0 100 0 0 initstate 0 noise 44,pick_up_the_black_bowl_on_the_wooden_cabinet_and_place_it_on_the_plate_view_0_0_100_0_0_initstate_0_noise_44
1719,Sensor Noise,3,2,pick_up_the_black_bowl_on_the_wooden_cabinet_and_place_it_on_the_plate,0,0,100,0,0,0,glass blur,5,,,,,,pick up the black bowl on the wooden cabinet and place it on the plate,pick up the black bowl on the wooden cabinet and place it on the plate view 0 0 100 0 0 initstate 0 noise 45,pick_up_the_black_bowl_on_the_wooden_cabinet_and_place_it_on_the_plate_view_0_0_100_0_0_initstate_0_noise_45
1720,Sensor Noise,3,2,pick_up_the_black_bowl_on_the_wooden_cabinet_and_place_it_on_the_plate,0,0,100,0,0,0,glass blur,6,,,,,,pick up the black bowl on the wooden cabinet and place it on the plate,pick up the black bowl on the wooden cabinet and place it on the plate view 0 0 100 0 0 initstate 0 noise 46,pick_up_the_black_bowl_on_the_wooden_cabinet_and_place_it_on_the_plate_view_0_0_100_0_0_initstate_0_noise_46
1721,Sensor Noise,3,2,pick_up_the_black_bowl_on_the_wooden_cabinet_and_place_it_on_the_plate,0,0,100,0,0,0,glass blur,7,,,,,,pick up the black bowl on the wooden cabinet and place it on the plate,pick up the black bowl on the wooden cabinet and place it on the plate view 0 0 100 0 0 initstate 0 noise 47,pick_up_the_black_bowl_on_the_wooden_cabinet_and_place_it_on_the_plate_view_0_0_100_0_0_initstate_0_noise_47
1722,Sensor Noise,3,2,pick_up_the_black_bowl_on_the_wooden_cabinet_and_place_it_on_the_plate,0,0,100,0,0,0,glass blur,8,,,,,,pick up the black bowl on the wooden cabinet and place it on the plate,pick up the black bowl on the wooden cabinet and place it on the plate view 0 0 100 0 0 initstate 0 noise 48,pick_up_the_black_bowl_on_the_wooden_cabinet_and_place_it_on_the_plate_view_0_0_100_0_0_initstate_0_noise_48
1723,Sensor Noise,3,2,pick_up_the_black_bowl_on_the_wooden_cabinet_and_place_it_on_the_plate,0,0,100,0,0,0,glass blur,9,,,,,,pick up the black bowl on the wooden cabinet and place it on the plate,pick up the black bowl on the wooden cabinet and place it on the plate view 0 0 100 0 0 initstate 0 noise 49,pick_up_the_black_bowl_on_the_wooden_cabinet_and_place_it_on_the_plate_view_0_0_100_0_0_initstate_0_noise_49
1724,Sensor Noise,3,2,pick_up_the_black_bowl_on_the_wooden_cabinet_and_place_it_on_the_plate,0,0,100,0,0,0,glass blur,10,,,,,,pick up the black bowl on the wooden cabinet and place it on the plate,pick up the black bowl on the wooden cabinet and place it on the plate view 0 0 100 0 0 initstate 0 noise 50,pick_up_the_black_bowl_on_the_wooden_cabinet_and_place_it_on_the_plate_view_0_0_100_0_0_initstate_0_noise_50
1725,Objects Layout,4,1,pick_up_the_black_bowl_between_the_plate_and_the_ramekin_and_place_it_on_the_plate,,,,,,,,,,,,10,,pick up the black bowl between the plate and the ramekin and place it on the plate,pick up the black bowl between the plate and the ramekin and place it on the plate add 10,pick_up_the_black_bowl_between_the_plate_and_the_ramekin_and_place_it_on_the_plate_add_10
1726,Objects Layout,5,0,pick_up_the_black_bowl_between_the_plate_and_the_ramekin_and_place_it_on_the_plate,,,,,,,,,,,,11,,pick up the black bowl between the plate and the ramekin and place it on the plate,pick up the black bowl between the plate and the ramekin and place it on the plate add 11,pick_up_the_black_bowl_between_the_plate_and_the_ramekin_and_place_it_on_the_plate_add_11
1727,Objects Layout,4,1,pick_up_the_black_bowl_between_the_plate_and_the_ramekin_and_place_it_on_the_plate,,,,,,,,,,,,12,,pick up the black bowl between the plate and the ramekin and place it on the plate,pick up the black bowl between the plate and the ramekin and place it on the plate add 12,pick_up_the_black_bowl_between_the_plate_and_the_ramekin_and_place_it_on_the_plate_add_12
1728,Objects Layout,4,1,pick_up_the_black_bowl_between_the_plate_and_the_ramekin_and_place_it_on_the_plate,,,,,,,,,,,,13,,pick up the black bowl between the plate and the ramekin and place it on the plate,pick up the black bowl between the plate and the ramekin and place it on the plate add 13,pick_up_the_black_bowl_between_the_plate_and_the_ramekin_and_place_it_on_the_plate_add_13
1729,Objects Layout,5,0,pick_up_the_black_bowl_between_the_plate_and_the_ramekin_and_place_it_on_the_plate,,,,,,,,,,,,14,,pick up the black bowl between the plate and the ramekin and place it on the plate,pick up the black bowl between the plate and the ramekin and place it on the plate add 14,pick_up_the_black_bowl_between_the_plate_and_the_ramekin_and_place_it_on_the_plate_add_14
1730,Objects Layout,4,1,pick_up_the_black_bowl_between_the_plate_and_the_ramekin_and_place_it_on_the_plate,,,,,,,,,,,,15,,pick up the black bowl between the plate and the ramekin and place it on the plate,pick up the black bowl between the plate and the ramekin and place it on the plate add 15,pick_up_the_black_bowl_between_the_plate_and_the_ramekin_and_place_it_on_the_plate_add_15
1731,Objects Layout,4,1,pick_up_the_black_bowl_between_the_plate_and_the_ramekin_and_place_it_on_the_plate,,,,,,,,,,,,16,,pick up the black bowl between the plate and the ramekin and place it on the plate,pick up the black bowl between the plate and the ramekin and place it on the plate add 16,pick_up_the_black_bowl_between_the_plate_and_the_ramekin_and_place_it_on_the_plate_add_16
1732,Objects Layout,4,1,pick_up_the_black_bowl_between_the_plate_and_the_ramekin_and_place_it_on_the_plate,,,,,,,,,,,,18,,pick up the black bowl between the plate and the ramekin and place it on the plate,pick up the black bowl between the plate and the ramekin and place it on the plate add 18,pick_up_the_black_bowl_between_the_plate_and_the_ramekin_and_place_it_on_the_plate_add_18
1733,Objects Layout,5,0,pick_up_the_black_bowl_between_the_plate_and_the_ramekin_and_place_it_on_the_plate,,,,,,,,,,,,19,,pick up the black bowl between the plate and the ramekin and place it on the plate,pick up the black bowl between the plate and the ramekin and place it on the plate add 19,pick_up_the_black_bowl_between_the_plate_and_the_ramekin_and_place_it_on_the_plate_add_19
1734,Objects Layout,3,2,pick_up_the_black_bowl_between_the_plate_and_the_ramekin_and_place_it_on_the_plate,,,,,,,,,,,,2,,pick up the black bowl between the plate and the ramekin and place it on the plate,pick up the black bowl between the plate and the ramekin and place it on the plate add 2,pick_up_the_black_bowl_between_the_plate_and_the_ramekin_and_place_it_on_the_plate_add_2
1735,Objects Layout,4,1,pick_up_the_black_bowl_between_the_plate_and_the_ramekin_and_place_it_on_the_plate,,,,,,,,,,,,20,,pick up the black bowl between the plate and the ramekin and place it on the plate,pick up the black bowl between the plate and the ramekin and place it on the plate add 20,pick_up_the_black_bowl_between_the_plate_and_the_ramekin_and_place_it_on_the_plate_add_20
1736,Objects Layout,5,0,pick_up_the_black_bowl_between_the_plate_and_the_ramekin_and_place_it_on_the_plate,,,,,,,,,,,,22,,pick up the black bowl between the plate and the ramekin and place it on the plate,pick up the black bowl between the plate and the ramekin and place it on the plate add 22,pick_up_the_black_bowl_between_the_plate_and_the_ramekin_and_place_it_on_the_plate_add_22
1737,Objects Layout,5,0,pick_up_the_black_bowl_between_the_plate_and_the_ramekin_and_place_it_on_the_plate,,,,,,,,,,,,23,,pick up the black bowl between the plate and the ramekin and place it on the plate,pick up the black bowl between the plate and the ramekin and place it on the plate add 23,pick_up_the_black_bowl_between_the_plate_and_the_ramekin_and_place_it_on_the_plate_add_23
1738,Objects Layout,4,1,pick_up_the_black_bowl_between_the_plate_and_the_ramekin_and_place_it_on_the_plate,,,,,,,,,,,,24,,pick up the black bowl between the plate and the ramekin and place it on the plate,pick up the black bowl between the plate and the ramekin and place it on the plate add 24,pick_up_the_black_bowl_between_the_plate_and_the_ramekin_and_place_it_on_the_plate_add_24
1739,Objects Layout,5,0,pick_up_the_black_bowl_between_the_plate_and_the_ramekin_and_place_it_on_the_plate,,,,,,,,,,,,25,,pick up the black bowl between the plate and the ramekin and place it on the plate,pick up the black bowl between the plate and the ramekin and place it on the plate add 25,pick_up_the_black_bowl_between_the_plate_and_the_ramekin_and_place_it_on_the_plate_add_25
1740,Objects Layout,5,0,pick_up_the_black_bowl_between_the_plate_and_the_ramekin_and_place_it_on_the_plate,,,,,,,,,,,,26,,pick up the black bowl between the plate and the ramekin and place it on the plate,pick up the black bowl between the plate and the ramekin and place it on the plate add 26,pick_up_the_black_bowl_between_the_plate_and_the_ramekin_and_place_it_on_the_plate_add_26
1741,Objects Layout,4,1,pick_up_the_black_bowl_between_the_plate_and_the_ramekin_and_place_it_on_the_plate,,,,,,,,,,,,27,,pick up the black bowl between the plate and the ramekin and place it on the plate,pick up the black bowl between the plate and the ramekin and place it on the plate add 27,pick_up_the_black_bowl_between_the_plate_and_the_ramekin_and_place_it_on_the_plate_add_27
1742,Objects Layout,5,0,pick_up_the_black_bowl_between_the_plate_and_the_ramekin_and_place_it_on_the_plate,,,,,,,,,,,,28,,pick up the black bowl between the plate and the ramekin and place it on the plate,pick up the black bowl between the plate and the ramekin and place it on the plate add 28,pick_up_the_black_bowl_between_the_plate_and_the_ramekin_and_place_it_on_the_plate_add_28
1743,Objects Layout,4,1,pick_up_the_black_bowl_between_the_plate_and_the_ramekin_and_place_it_on_the_plate,,,,,,,,,,,,29,,pick up the black bowl between the plate and the ramekin and place it on the plate,pick up the black bowl between the plate and the ramekin and place it on the plate add 29,pick_up_the_black_bowl_between_the_plate_and_the_ramekin_and_place_it_on_the_plate_add_29
1744,Objects Layout,4,1,pick_up_the_black_bowl_between_the_plate_and_the_ramekin_and_place_it_on_the_plate,,,,,,,,,,,,30,,pick up the black bowl between the plate and the ramekin and place it on the plate,pick up the black bowl between the plate and the ramekin and place it on the plate add 30,pick_up_the_black_bowl_between_the_plate_and_the_ramekin_and_place_it_on_the_plate_add_30
1745,Objects Layout,4,1,pick_up_the_black_bowl_between_the_plate_and_the_ramekin_and_place_it_on_the_plate,,,,,,,,,,,,5,,pick up the black bowl between the plate and the ramekin and place it on the plate,pick up the black bowl between the plate and the ramekin and place it on the plate add 5,pick_up_the_black_bowl_between_the_plate_and_the_ramekin_and_place_it_on_the_plate_add_5
1746,Objects Layout,3,2,pick_up_the_black_bowl_between_the_plate_and_the_ramekin_and_place_it_on_the_plate,,,,,,,,,,,,7,,pick up the black bowl between the plate and the ramekin and place it on the plate,pick up the black bowl between the plate and the ramekin and place it on the plate add 7,pick_up_the_black_bowl_between_the_plate_and_the_ramekin_and_place_it_on_the_plate_add_7
1747,Objects Layout,4,1,pick_up_the_black_bowl_between_the_plate_and_the_ramekin_and_place_it_on_the_plate,,,,,,,,,,,,8,,pick up the black bowl between the plate and the ramekin and place it on the plate,pick up the black bowl between the plate and the ramekin and place it on the plate add 8,pick_up_the_black_bowl_between_the_plate_and_the_ramekin_and_place_it_on_the_plate_add_8
1748,Objects Layout,4,1,pick_up_the_black_bowl_between_the_plate_and_the_ramekin_and_place_it_on_the_plate,,,,,,,,,,,,9,,pick up the black bowl between the plate and the ramekin and place it on the plate,pick up the black bowl between the plate and the ramekin and place it on the plate add 9,pick_up_the_black_bowl_between_the_plate_and_the_ramekin_and_place_it_on_the_plate_add_9
1749,Objects Layout,3,2,pick_up_the_black_bowl_between_the_plate_and_the_ramekin_and_place_it_on_the_plate,,,,,,,,,,,,,1,pick up the black bowl between the plate and the ramekin and place it on the plate,pick up the black bowl between the plate and the ramekin and place it on the plate level1 sample1,pick_up_the_black_bowl_between_the_plate_and_the_ramekin_and_place_it_on_the_plate_level1_sample1
1750,Objects Layout,3,2,pick_up_the_black_bowl_between_the_plate_and_the_ramekin_and_place_it_on_the_plate,,,,,,,,,,,,,1,pick up the black bowl between the plate and the ramekin and place it on the plate,pick up the black bowl between the plate and the ramekin and place it on the plate level1 sample2,pick_up_the_black_bowl_between_the_plate_and_the_ramekin_and_place_it_on_the_plate_level1_sample2
1751,Objects Layout,3,2,pick_up_the_black_bowl_between_the_plate_and_the_ramekin_and_place_it_on_the_plate,,,,,,,,,,,,,1,pick up the black bowl between the plate and the ramekin and place it on the plate,pick up the black bowl between the plate and the ramekin and place it on the plate level1 sample3,pick_up_the_black_bowl_between_the_plate_and_the_ramekin_and_place_it_on_the_plate_level1_sample3
1752,Objects Layout,3,2,pick_up_the_black_bowl_between_the_plate_and_the_ramekin_and_place_it_on_the_plate,,,,,,,,,,,,,1,pick up the black bowl between the plate and the ramekin and place it on the plate,pick up the black bowl between the plate and the ramekin and place it on the plate level1 sample4,pick_up_the_black_bowl_between_the_plate_and_the_ramekin_and_place_it_on_the_plate_level1_sample4
1753,Objects Layout,3,2,pick_up_the_black_bowl_between_the_plate_and_the_ramekin_and_place_it_on_the_plate,,,,,,,,,,,,,2,pick up the black bowl between the plate and the ramekin and place it on the plate,pick up the black bowl between the plate and the ramekin and place it on the plate level2 sample1,pick_up_the_black_bowl_between_the_plate_and_the_ramekin_and_place_it_on_the_plate_level2_sample1
1754,Objects Layout,3,2,pick_up_the_black_bowl_between_the_plate_and_the_ramekin_and_place_it_on_the_plate,,,,,,,,,,,,,2,pick up the black bowl between the plate and the ramekin and place it on the plate,pick up the black bowl between the plate and the ramekin and place it on the plate level2 sample2,pick_up_the_black_bowl_between_the_plate_and_the_ramekin_and_place_it_on_the_plate_level2_sample2
1755,Objects Layout,3,2,pick_up_the_black_bowl_between_the_plate_and_the_ramekin_and_place_it_on_the_plate,,,,,,,,,,,,,2,pick up the black bowl between the plate and the ramekin and place it on the plate,pick up the black bowl between the plate and the ramekin and place it on the plate level2 sample3,pick_up_the_black_bowl_between_the_plate_and_the_ramekin_and_place_it_on_the_plate_level2_sample3
1756,Objects Layout,3,2,pick_up_the_black_bowl_between_the_plate_and_the_ramekin_and_place_it_on_the_plate,,,,,,,,,,,,,2,pick up the black bowl between the plate and the ramekin and place it on the plate,pick up the black bowl between the plate and the ramekin and place it on the plate level2 sample4,pick_up_the_black_bowl_between_the_plate_and_the_ramekin_and_place_it_on_the_plate_level2_sample4
1757,Objects Layout,3,2,pick_up_the_black_bowl_between_the_plate_and_the_ramekin_and_place_it_on_the_plate,,,,,,,,,,,,,3,pick up the black bowl between the plate and the ramekin and place it on the plate,pick up the black bowl between the plate and the ramekin and place it on the plate level3 sample1,pick_up_the_black_bowl_between_the_plate_and_the_ramekin_and_place_it_on_the_plate_level3_sample1
1758,Objects Layout,4,1,pick_up_the_black_bowl_between_the_plate_and_the_ramekin_and_place_it_on_the_plate,,,,,,,,,,,,,3,pick up the black bowl between the plate and the ramekin and place it on the plate,pick up the black bowl between the plate and the ramekin and place it on the plate level3 sample2,pick_up_the_black_bowl_between_the_plate_and_the_ramekin_and_place_it_on_the_plate_level3_sample2
1759,Objects Layout,3,2,pick_up_the_black_bowl_between_the_plate_and_the_ramekin_and_place_it_on_the_plate,,,,,,,,,,,,,3,pick up the black bowl between the plate and the ramekin and place it on the plate,pick up the black bowl between the plate and the ramekin and place it on the plate level3 sample3,pick_up_the_black_bowl_between_the_plate_and_the_ramekin_and_place_it_on_the_plate_level3_sample3
1760,Objects Layout,3,2,pick_up_the_black_bowl_between_the_plate_and_the_ramekin_and_place_it_on_the_plate,,,,,,,,,,,,,3,pick up the black bowl between the plate and the ramekin and place it on the plate,pick up the black bowl between the plate and the ramekin and place it on the plate level3 sample4,pick_up_the_black_bowl_between_the_plate_and_the_ramekin_and_place_it_on_the_plate_level3_sample4
1761,Objects Layout,4,1,pick_up_the_black_bowl_between_the_plate_and_the_ramekin_and_place_it_on_the_plate,,,,,,,,,,,,,4,pick up the black bowl between the plate and the ramekin and place it on the plate,pick up the black bowl between the plate and the ramekin and place it on the plate level4 sample1,pick_up_the_black_bowl_between_the_plate_and_the_ramekin_and_place_it_on_the_plate_level4_sample1
1762,Objects Layout,3,2,pick_up_the_black_bowl_between_the_plate_and_the_ramekin_and_place_it_on_the_plate,,,,,,,,,,,,,4,pick up the black bowl between the plate and the ramekin and place it on the plate,pick up the black bowl between the plate and the ramekin and place it on the plate level4 sample2,pick_up_the_black_bowl_between_the_plate_and_the_ramekin_and_place_it_on_the_plate_level4_sample2
1763,Objects Layout,5,0,pick_up_the_black_bowl_between_the_plate_and_the_ramekin_and_place_it_on_the_plate,,,,,,,,,,,,,4,pick up the black bowl between the plate and the ramekin and place it on the plate,pick up the black bowl between the plate and the ramekin and place it on the plate level4 sample3,pick_up_the_black_bowl_between_the_plate_and_the_ramekin_and_place_it_on_the_plate_level4_sample3
1764,Objects Layout,3,2,pick_up_the_black_bowl_between_the_plate_and_the_ramekin_and_place_it_on_the_plate,,,,,,,,,,,,,4,pick up the black bowl between the plate and the ramekin and place it on the plate,pick up the black bowl between the plate and the ramekin and place it on the plate level4 sample4,pick_up_the_black_bowl_between_the_plate_and_the_ramekin_and_place_it_on_the_plate_level4_sample4
1765,Objects Layout,3,2,pick_up_the_black_bowl_between_the_plate_and_the_ramekin_and_place_it_on_the_plate,,,,,,,,,,,,,5,pick up the black bowl between the plate and the ramekin and place it on the plate,pick up the black bowl between the plate and the ramekin and place it on the plate level5 sample1,pick_up_the_black_bowl_between_the_plate_and_the_ramekin_and_place_it_on_the_plate_level5_sample1
1766,Objects Layout,5,0,pick_up_the_black_bowl_between_the_plate_and_the_ramekin_and_place_it_on_the_plate,,,,,,,,,,,,,5,pick up the black bowl between the plate and the ramekin and place it on the plate,pick up the black bowl between the plate and the ramekin and place it on the plate level5 sample2,pick_up_the_black_bowl_between_the_plate_and_the_ramekin_and_place_it_on_the_plate_level5_sample2
1767,Objects Layout,2,3,pick_up_the_black_bowl_between_the_plate_and_the_ramekin_and_place_it_on_the_plate,,,,,,,,,,,,,5,pick up the black bowl between the plate and the ramekin and place it on the plate,pick up the black bowl between the plate and the ramekin and place it on the plate level5 sample3,pick_up_the_black_bowl_between_the_plate_and_the_ramekin_and_place_it_on_the_plate_level5_sample3
1768,Objects Layout,5,0,pick_up_the_black_bowl_between_the_plate_and_the_ramekin_and_place_it_on_the_plate,,,,,,,,,,,,,5,pick up the black bowl between the plate and the ramekin and place it on the plate,pick up the black bowl between the plate and the ramekin and place it on the plate level5 sample4,pick_up_the_black_bowl_between_the_plate_and_the_ramekin_and_place_it_on_the_plate_level5_sample4
1769,Objects Layout,4,1,pick_up_the_black_bowl_from,,,,,,,,,,,,10,,pick up the black bowl from,pick up the black bowl from table center and place it on the plate add 10,pick_up_the_black_bowl_from_table_center_and_place_it_on_the_plate_add_10
1770,Objects Layout,4,1,pick_up_the_black_bowl_from,,,,,,,,,,,,11,,pick up the black bowl from,pick up the black bowl from table center and place it on the plate add 11,pick_up_the_black_bowl_from_table_center_and_place_it_on_the_plate_add_11
1771,Objects Layout,4,1,pick_up_the_black_bowl_from,,,,,,,,,,,,14,,pick up the black bowl from,pick up the black bowl from table center and place it on the plate add 14,pick_up_the_black_bowl_from_table_center_and_place_it_on_the_plate_add_14
1772,Objects Layout,3,2,pick_up_the_black_bowl_from,,,,,,,,,,,,15,,pick up the black bowl from,pick up the black bowl from table center and place it on the plate add 15,pick_up_the_black_bowl_from_table_center_and_place_it_on_the_plate_add_15
1773,Objects Layout,4,1,pick_up_the_black_bowl_from,,,,,,,,,,,,16,,pick up the black bowl from,pick up the black bowl from table center and place it on the plate add 16,pick_up_the_black_bowl_from_table_center_and_place_it_on_the_plate_add_16
1774,Objects Layout,3,2,pick_up_the_black_bowl_from,,,,,,,,,,,,17,,pick up the black bowl from,pick up the black bowl from table center and place it on the plate add 17,pick_up_the_black_bowl_from_table_center_and_place_it_on_the_plate_add_17
1775,Objects Layout,4,1,pick_up_the_black_bowl_from,,,,,,,,,,,,20,,pick up the black bowl from,pick up the black bowl from table center and place it on the plate add 20,pick_up_the_black_bowl_from_table_center_and_place_it_on_the_plate_add_20
1776,Objects Layout,4,1,pick_up_the_black_bowl_from,,,,,,,,,,,,21,,pick up the black bowl from,pick up the black bowl from table center and place it on the plate add 21,pick_up_the_black_bowl_from_table_center_and_place_it_on_the_plate_add_21
1777,Objects Layout,3,2,pick_up_the_black_bowl_from,,,,,,,,,,,,22,,pick up the black bowl from,pick up the black bowl from table center and place it on the plate add 22,pick_up_the_black_bowl_from_table_center_and_place_it_on_the_plate_add_22
1778,Objects Layout,4,1,pick_up_the_black_bowl_from,,,,,,,,,,,,24,,pick up the black bowl from,pick up the black bowl from table center and place it on the plate add 24,pick_up_the_black_bowl_from_table_center_and_place_it_on_the_plate_add_24
1779,Objects Layout,4,1,pick_up_the_black_bowl_from,,,,,,,,,,,,25,,pick up the black bowl from,pick up the black bowl from table center and place it on the plate add 25,pick_up_the_black_bowl_from_table_center_and_place_it_on_the_plate_add_25
1780,Objects Layout,3,2,pick_up_the_black_bowl_from,,,,,,,,,,,,26,,pick up the black bowl from,pick up the black bowl from table center and place it on the plate add 26,pick_up_the_black_bowl_from_table_center_and_place_it_on_the_plate_add_26
1781,Objects Layout,4,1,pick_up_the_black_bowl_from,,,,,,,,,,,,27,,pick up the black bowl from,pick up the black bowl from table center and place it on the plate add 27,pick_up_the_black_bowl_from_table_center_and_place_it_on_the_plate_add_27
1782,Objects Layout,4,1,pick_up_the_black_bowl_from,,,,,,,,,,,,28,,pick up the black bowl from,pick up the black bowl from table center and place it on the plate add 28,pick_up_the_black_bowl_from_table_center_and_place_it_on_the_plate_add_28
1783,Objects Layout,4,1,pick_up_the_black_bowl_from,,,,,,,,,,,,29,,pick up the black bowl from,pick up the black bowl from table center and place it on the plate add 29,pick_up_the_black_bowl_from_table_center_and_place_it_on_the_plate_add_29
1784,Objects Layout,3,2,pick_up_the_black_bowl_from,,,,,,,,,,,,3,,pick up the black bowl from,pick up the black bowl from table center and place it on the plate add 3,pick_up_the_black_bowl_from_table_center_and_place_it_on_the_plate_add_3
1785,Objects Layout,4,1,pick_up_the_black_bowl_from,,,,,,,,,,,,30,,pick up the black bowl from,pick up the black bowl from table center and place it on the plate add 30,pick_up_the_black_bowl_from_table_center_and_place_it_on_the_plate_add_30
1786,Objects Layout,3,2,pick_up_the_black_bowl_from,,,,,,,,,,,,4,,pick up the black bowl from,pick up the black bowl from table center and place it on the plate add 4,pick_up_the_black_bowl_from_table_center_and_place_it_on_the_plate_add_4
1787,Objects Layout,3,2,pick_up_the_black_bowl_from,,,,,,,,,,,,5,,pick up the black bowl from,pick up the black bowl from table center and place it on the plate add 5,pick_up_the_black_bowl_from_table_center_and_place_it_on_the_plate_add_5
1788,Objects Layout,4,1,pick_up_the_black_bowl_from,,,,,,,,,,,,7,,pick up the black bowl from,pick up the black bowl from table center and place it on the plate add 7,pick_up_the_black_bowl_from_table_center_and_place_it_on_the_plate_add_7
1789,Objects Layout,3,2,pick_up_the_black_bowl_from,,,,,,,,,,,,9,,pick up the black bowl from,pick up the black bowl from table center and place it on the plate add 9,pick_up_the_black_bowl_from_table_center_and_place_it_on_the_plate_add_9
1790,Objects Layout,3,2,pick_up_the_black_bowl_from,,,,,,,,,,,,,1,pick up the black bowl from,pick up the black bowl from table center and place it on the plate level1 sample1,pick_up_the_black_bowl_from_table_center_and_place_it_on_the_plate_level1_sample1
1791,Objects Layout,3,2,pick_up_the_black_bowl_from,,,,,,,,,,,,,1,pick up the black bowl from,pick up the black bowl from table center and place it on the plate level1 sample2,pick_up_the_black_bowl_from_table_center_and_place_it_on_the_plate_level1_sample2
1792,Objects Layout,3,2,pick_up_the_black_bowl_from,,,,,,,,,,,,,1,pick up the black bowl from,pick up the black bowl from table center and place it on the plate level1 sample3,pick_up_the_black_bowl_from_table_center_and_place_it_on_the_plate_level1_sample3
1793,Objects Layout,3,2,pick_up_the_black_bowl_from,,,,,,,,,,,,,1,pick up the black bowl from,pick up the black bowl from table center and place it on the plate level1 sample4,pick_up_the_black_bowl_from_table_center_and_place_it_on_the_plate_level1_sample4
1794,Objects Layout,4,1,pick_up_the_black_bowl_from,,,,,,,,,,,,,2,pick up the black bowl from,pick up the black bowl from table center and place it on the plate level2 sample1,pick_up_the_black_bowl_from_table_center_and_place_it_on_the_plate_level2_sample1
1795,Objects Layout,4,1,pick_up_the_black_bowl_from,,,,,,,,,,,,,2,pick up the black bowl from,pick up the black bowl from table center and place it on the plate level2 sample2,pick_up_the_black_bowl_from_table_center_and_place_it_on_the_plate_level2_sample2
1796,Objects Layout,4,1,pick_up_the_black_bowl_from,,,,,,,,,,,,,2,pick up the black bowl from,pick up the black bowl from table center and place it on the plate level2 sample3,pick_up_the_black_bowl_from_table_center_and_place_it_on_the_plate_level2_sample3
1797,Objects Layout,3,2,pick_up_the_black_bowl_from,,,,,,,,,,,,,3,pick up the black bowl from,pick up the black bowl from table center and place it on the plate level3 sample1,pick_up_the_black_bowl_from_table_center_and_place_it_on_the_plate_level3_sample1
1798,Objects Layout,4,1,pick_up_the_black_bowl_from,,,,,,,,,,,,,3,pick up the black bowl from,pick up the black bowl from table center and place it on the plate level3 sample2,pick_up_the_black_bowl_from_table_center_and_place_it_on_the_plate_level3_sample2
1799,Objects Layout,3,2,pick_up_the_black_bowl_from,,,,,,,,,,,,,3,pick up the black bowl from,pick up the black bowl from table center and place it on the plate level3 sample3,pick_up_the_black_bowl_from_table_center_and_place_it_on_the_plate_level3_sample3
1800,Objects Layout,4,1,pick_up_the_black_bowl_from,,,,,,,,,,,,,3,pick up the black bowl from,pick up the black bowl from table center and place it on the plate level3 sample4,pick_up_the_black_bowl_from_table_center_and_place_it_on_the_plate_level3_sample4
1801,Objects Layout,4,1,pick_up_the_black_bowl_from,,,,,,,,,,,,,4,pick up the black bowl from,pick up the black bowl from table center and place it on the plate level4 sample1,pick_up_the_black_bowl_from_table_center_and_place_it_on_the_plate_level4_sample1
1802,Objects Layout,4,1,pick_up_the_black_bowl_from,,,,,,,,,,,,,4,pick up the black bowl from,pick up the black bowl from table center and place it on the plate level4 sample2,pick_up_the_black_bowl_from_table_center_and_place_it_on_the_plate_level4_sample2
1803,Objects Layout,4,1,pick_up_the_black_bowl_from,,,,,,,,,,,,,4,pick up the black bowl from,pick up the black bowl from table center and place it on the plate level4 sample3,pick_up_the_black_bowl_from_table_center_and_place_it_on_the_plate_level4_sample3
1804,Objects Layout,4,1,pick_up_the_black_bowl_from,,,,,,,,,,,,,5,pick up the black bowl from,pick up the black bowl from table center and place it on the plate level5 sample1,pick_up_the_black_bowl_from_table_center_and_place_it_on_the_plate_level5_sample1
1805,Objects Layout,4,1,pick_up_the_black_bowl_from,,,,,,,,,,,,,5,pick up the black bowl from,pick up the black bowl from table center and place it on the plate level5 sample2,pick_up_the_black_bowl_from_table_center_and_place_it_on_the_plate_level5_sample2
1806,Objects Layout,4,1,pick_up_the_black_bowl_from,,,,,,,,,,,,,5,pick up the black bowl from,pick up the black bowl from table center and place it on the plate level5 sample4,pick_up_the_black_bowl_from_table_center_and_place_it_on_the_plate_level5_sample4
1807,Objects Layout,3,2,pick_up_the_black_bowl_in_the_top_drawer_of_the_wooden_cabinet_and_place_it_on_the_plate,,,,,,,,,,,,1,,pick up the black bowl in the top drawer of the wooden cabinet and place it on the plate,pick up the black bowl in the top drawer of the wooden cabinet and place it on the plate add 1,pick_up_the_black_bowl_in_the_top_drawer_of_the_wooden_cabinet_and_place_it_on_the_plate_add_1
1808,Objects Layout,4,1,pick_up_the_black_bowl_in_the_top_drawer_of_the_wooden_cabinet_and_place_it_on_the_plate,,,,,,,,,,,,10,,pick up the black bowl in the top drawer of the wooden cabinet and place it on the plate,pick up the black bowl in the top drawer of the wooden cabinet and place it on the plate add 10,pick_up_the_black_bowl_in_the_top_drawer_of_the_wooden_cabinet_and_place_it_on_the_plate_add_10
1809,Objects Layout,4,1,pick_up_the_black_bowl_in_the_top_drawer_of_the_wooden_cabinet_and_place_it_on_the_plate,,,,,,,,,,,,11,,pick up the black bowl in the top drawer of the wooden cabinet and place it on the plate,pick up the black bowl in the top drawer of the wooden cabinet and place it on the plate add 11,pick_up_the_black_bowl_in_the_top_drawer_of_the_wooden_cabinet_and_place_it_on_the_plate_add_11
1810,Objects Layout,3,2,pick_up_the_black_bowl_in_the_top_drawer_of_the_wooden_cabinet_and_place_it_on_the_plate,,,,,,,,,,,,12,,pick up the black bowl in the top drawer of the wooden cabinet and place it on the plate,pick up the black bowl in the top drawer of the wooden cabinet and place it on the plate add 12,pick_up_the_black_bowl_in_the_top_drawer_of_the_wooden_cabinet_and_place_it_on_the_plate_add_12
1811,Objects Layout,4,1,pick_up_the_black_bowl_in_the_top_drawer_of_the_wooden_cabinet_and_place_it_on_the_plate,,,,,,,,,,,,13,,pick up the black bowl in the top drawer of the wooden cabinet and place it on the plate,pick up the black bowl in the top drawer of the wooden cabinet and place it on the plate add 13,pick_up_the_black_bowl_in_the_top_drawer_of_the_wooden_cabinet_and_place_it_on_the_plate_add_13
1812,Objects Layout,4,1,pick_up_the_black_bowl_in_the_top_drawer_of_the_wooden_cabinet_and_place_it_on_the_plate,,,,,,,,,,,,15,,pick up the black bowl in the top drawer of the wooden cabinet and place it on the plate,pick up the black bowl in the top drawer of the wooden cabinet and place it on the plate add 15,pick_up_the_black_bowl_in_the_top_drawer_of_the_wooden_cabinet_and_place_it_on_the_plate_add_15
1813,Objects Layout,4,1,pick_up_the_black_bowl_in_the_top_drawer_of_the_wooden_cabinet_and_place_it_on_the_plate,,,,,,,,,,,,16,,pick up the black bowl in the top drawer of the wooden cabinet and place it on the plate,pick up the black bowl in the top drawer of the wooden cabinet and place it on the plate add 16,pick_up_the_black_bowl_in_the_top_drawer_of_the_wooden_cabinet_and_place_it_on_the_plate_add_16
1814,Objects Layout,4,1,pick_up_the_black_bowl_in_the_top_drawer_of_the_wooden_cabinet_and_place_it_on_the_plate,,,,,,,,,,,,17,,pick up the black bowl in the top drawer of the wooden cabinet and place it on the plate,pick up the black bowl in the top drawer of the wooden cabinet and place it on the plate add 17,pick_up_the_black_bowl_in_the_top_drawer_of_the_wooden_cabinet_and_place_it_on_the_plate_add_17
1815,Objects Layout,5,0,pick_up_the_black_bowl_in_the_top_drawer_of_the_wooden_cabinet_and_place_it_on_the_plate,,,,,,,,,,,,18,,pick up the black bowl in the top drawer of the wooden cabinet and place it on the plate,pick up the black bowl in the top drawer of the wooden cabinet and place it on the plate add 18,pick_up_the_black_bowl_in_the_top_drawer_of_the_wooden_cabinet_and_place_it_on_the_plate_add_18
1816,Objects Layout,4,1,pick_up_the_black_bowl_in_the_top_drawer_of_the_wooden_cabinet_and_place_it_on_the_plate,,,,,,,,,,,,19,,pick up the black bowl in the top drawer of the wooden cabinet and place it on the plate,pick up the black bowl in the top drawer of the wooden cabinet and place it on the plate add 19,pick_up_the_black_bowl_in_the_top_drawer_of_the_wooden_cabinet_and_place_it_on_the_plate_add_19
1817,Objects Layout,4,1,pick_up_the_black_bowl_in_the_top_drawer_of_the_wooden_cabinet_and_place_it_on_the_plate,,,,,,,,,,,,20,,pick up the black bowl in the top drawer of the wooden cabinet and place it on the plate,pick up the black bowl in the top drawer of the wooden cabinet and place it on the plate add 20,pick_up_the_black_bowl_in_the_top_drawer_of_the_wooden_cabinet_and_place_it_on_the_plate_add_20
1818,Objects Layout,4,1,pick_up_the_black_bowl_in_the_top_drawer_of_the_wooden_cabinet_and_place_it_on_the_plate,,,,,,,,,,,,21,,pick up the black bowl in the top drawer of the wooden cabinet and place it on the plate,pick up the black bowl in the top drawer of the wooden cabinet and place it on the plate add 21,pick_up_the_black_bowl_in_the_top_drawer_of_the_wooden_cabinet_and_place_it_on_the_plate_add_21
1819,Objects Layout,4,1,pick_up_the_black_bowl_in_the_top_drawer_of_the_wooden_cabinet_and_place_it_on_the_plate,,,,,,,,,,,,22,,pick up the black bowl in the top drawer of the wooden cabinet and place it on the plate,pick up the black bowl in the top drawer of the wooden cabinet and place it on the plate add 22,pick_up_the_black_bowl_in_the_top_drawer_of_the_wooden_cabinet_and_place_it_on_the_plate_add_22
1820,Objects Layout,4,1,pick_up_the_black_bowl_in_the_top_drawer_of_the_wooden_cabinet_and_place_it_on_the_plate,,,,,,,,,,,,23,,pick up the black bowl in the top drawer of the wooden cabinet and place it on the plate,pick up the black bowl in the top drawer of the wooden cabinet and place it on the plate add 23,pick_up_the_black_bowl_in_the_top_drawer_of_the_wooden_cabinet_and_place_it_on_the_plate_add_23
1821,Objects Layout,4,1,pick_up_the_black_bowl_in_the_top_drawer_of_the_wooden_cabinet_and_place_it_on_the_plate,,,,,,,,,,,,24,,pick up the black bowl in the top drawer of the wooden cabinet and place it on the plate,pick up the black bowl in the top drawer of the wooden cabinet and place it on the plate add 24,pick_up_the_black_bowl_in_the_top_drawer_of_the_wooden_cabinet_and_place_it_on_the_plate_add_24
1822,Objects Layout,5,0,pick_up_the_black_bowl_in_the_top_drawer_of_the_wooden_cabinet_and_place_it_on_the_plate,,,,,,,,,,,,25,,pick up the black bowl in the top drawer of the wooden cabinet and place it on the plate,pick up the black bowl in the top drawer of the wooden cabinet and place it on the plate add 25,pick_up_the_black_bowl_in_the_top_drawer_of_the_wooden_cabinet_and_place_it_on_the_plate_add_25
1823,Objects Layout,4,1,pick_up_the_black_bowl_in_the_top_drawer_of_the_wooden_cabinet_and_place_it_on_the_plate,,,,,,,,,,,,26,,pick up the black bowl in the top drawer of the wooden cabinet and place it on the plate,pick up the black bowl in the top drawer of the wooden cabinet and place it on the plate add 26,pick_up_the_black_bowl_in_the_top_drawer_of_the_wooden_cabinet_and_place_it_on_the_plate_add_26
1824,Objects Layout,5,0,pick_up_the_black_bowl_in_the_top_drawer_of_the_wooden_cabinet_and_place_it_on_the_plate,,,,,,,,,,,,27,,pick up the black bowl in the top drawer of the wooden cabinet and place it on the plate,pick up the black bowl in the top drawer of the wooden cabinet and place it on the plate add 27,pick_up_the_black_bowl_in_the_top_drawer_of_the_wooden_cabinet_and_place_it_on_the_plate_add_27
1825,Objects Layout,5,0,pick_up_the_black_bowl_in_the_top_drawer_of_the_wooden_cabinet_and_place_it_on_the_plate,,,,,,,,,,,,28,,pick up the black bowl in the top drawer of the wooden cabinet and place it on the plate,pick up the black bowl in the top drawer of the wooden cabinet and place it on the plate add 28,pick_up_the_black_bowl_in_the_top_drawer_of_the_wooden_cabinet_and_place_it_on_the_plate_add_28
1826,Objects Layout,5,0,pick_up_the_black_bowl_in_the_top_drawer_of_the_wooden_cabinet_and_place_it_on_the_plate,,,,,,,,,,,,29,,pick up the black bowl in the top drawer of the wooden cabinet and place it on the plate,pick up the black bowl in the top drawer of the wooden cabinet and place it on the plate add 29,pick_up_the_black_bowl_in_the_top_drawer_of_the_wooden_cabinet_and_place_it_on_the_plate_add_29
1827,Objects Layout,4,1,pick_up_the_black_bowl_in_the_top_drawer_of_the_wooden_cabinet_and_place_it_on_the_plate,,,,,,,,,,,,3,,pick up the black bowl in the top drawer of the wooden cabinet and place it on the plate,pick up the black bowl in the top drawer of the wooden cabinet and place it on the plate add 3,pick_up_the_black_bowl_in_the_top_drawer_of_the_wooden_cabinet_and_place_it_on_the_plate_add_3
1828,Objects Layout,4,1,pick_up_the_black_bowl_in_the_top_drawer_of_the_wooden_cabinet_and_place_it_on_the_plate,,,,,,,,,,,,30,,pick up the black bowl in the top drawer of the wooden cabinet and place it on the plate,pick up the black bowl in the top drawer of the wooden cabinet and place it on the plate add 30,pick_up_the_black_bowl_in_the_top_drawer_of_the_wooden_cabinet_and_place_it_on_the_plate_add_30
1829,Objects Layout,4,1,pick_up_the_black_bowl_in_the_top_drawer_of_the_wooden_cabinet_and_place_it_on_the_plate,,,,,,,,,,,,5,,pick up the black bowl in the top drawer of the wooden cabinet and place it on the plate,pick up the black bowl in the top drawer of the wooden cabinet and place it on the plate add 5,pick_up_the_black_bowl_in_the_top_drawer_of_the_wooden_cabinet_and_place_it_on_the_plate_add_5
1830,Objects Layout,4,1,pick_up_the_black_bowl_in_the_top_drawer_of_the_wooden_cabinet_and_place_it_on_the_plate,,,,,,,,,,,,7,,pick up the black bowl in the top drawer of the wooden cabinet and place it on the plate,pick up the black bowl in the top drawer of the wooden cabinet and place it on the plate add 7,pick_up_the_black_bowl_in_the_top_drawer_of_the_wooden_cabinet_and_place_it_on_the_plate_add_7
1831,Objects Layout,4,1,pick_up_the_black_bowl_in_the_top_drawer_of_the_wooden_cabinet_and_place_it_on_the_plate,,,,,,,,,,,,8,,pick up the black bowl in the top drawer of the wooden cabinet and place it on the plate,pick up the black bowl in the top drawer of the wooden cabinet and place it on the plate add 8,pick_up_the_black_bowl_in_the_top_drawer_of_the_wooden_cabinet_and_place_it_on_the_plate_add_8
1832,Objects Layout,3,2,pick_up_the_black_bowl_in_the_top_drawer_of_the_wooden_cabinet_and_place_it_on_the_plate,,,,,,,,,,,,9,,pick up the black bowl in the top drawer of the wooden cabinet and place it on the plate,pick up the black bowl in the top drawer of the wooden cabinet and place it on the plate add 9,pick_up_the_black_bowl_in_the_top_drawer_of_the_wooden_cabinet_and_place_it_on_the_plate_add_9
1833,Objects Layout,3,2,pick_up_the_black_bowl_in_the_top_drawer_of_the_wooden_cabinet_and_place_it_on_the_plate,,,,,,,,,,,,,1,pick up the black bowl in the top drawer of the wooden cabinet and place it on the plate,pick up the black bowl in the top drawer of the wooden cabinet and place it on the plate level1 sample1,pick_up_the_black_bowl_in_the_top_drawer_of_the_wooden_cabinet_and_place_it_on_the_plate_level1_sample1
1834,Objects Layout,3,2,pick_up_the_black_bowl_in_the_top_drawer_of_the_wooden_cabinet_and_place_it_on_the_plate,,,,,,,,,,,,,1,pick up the black bowl in the top drawer of the wooden cabinet and place it on the plate,pick up the black bowl in the top drawer of the wooden cabinet and place it on the plate level1 sample2,pick_up_the_black_bowl_in_the_top_drawer_of_the_wooden_cabinet_and_place_it_on_the_plate_level1_sample2
1835,Objects Layout,4,1,pick_up_the_black_bowl_in_the_top_drawer_of_the_wooden_cabinet_and_place_it_on_the_plate,,,,,,,,,,,,,1,pick up the black bowl in the top drawer of the wooden cabinet and place it on the plate,pick up the black bowl in the top drawer of the wooden cabinet and place it on the plate level1 sample3,pick_up_the_black_bowl_in_the_top_drawer_of_the_wooden_cabinet_and_place_it_on_the_plate_level1_sample3
1836,Objects Layout,4,1,pick_up_the_black_bowl_in_the_top_drawer_of_the_wooden_cabinet_and_place_it_on_the_plate,,,,,,,,,,,,,1,pick up the black bowl in the top drawer of the wooden cabinet and place it on the plate,pick up the black bowl in the top drawer of the wooden cabinet and place it on the plate level1 sample4,pick_up_the_black_bowl_in_the_top_drawer_of_the_wooden_cabinet_and_place_it_on_the_plate_level1_sample4
1837,Objects Layout,3,2,pick_up_the_black_bowl_in_the_top_drawer_of_the_wooden_cabinet_and_place_it_on_the_plate,,,,,,,,,,,,,2,pick up the black bowl in the top drawer of the wooden cabinet and place it on the plate,pick up the black bowl in the top drawer of the wooden cabinet and place it on the plate level2 sample1,pick_up_the_black_bowl_in_the_top_drawer_of_the_wooden_cabinet_and_place_it_on_the_plate_level2_sample1
1838,Objects Layout,4,1,pick_up_the_black_bowl_in_the_top_drawer_of_the_wooden_cabinet_and_place_it_on_the_plate,,,,,,,,,,,,,2,pick up the black bowl in the top drawer of the wooden cabinet and place it on the plate,pick up the black bowl in the top drawer of the wooden cabinet and place it on the plate level2 sample2,pick_up_the_black_bowl_in_the_top_drawer_of_the_wooden_cabinet_and_place_it_on_the_plate_level2_sample2
1839,Objects Layout,4,1,pick_up_the_black_bowl_in_the_top_drawer_of_the_wooden_cabinet_and_place_it_on_the_plate,,,,,,,,,,,,,2,pick up the black bowl in the top drawer of the wooden cabinet and place it on the plate,pick up the black bowl in the top drawer of the wooden cabinet and place it on the plate level2 sample3,pick_up_the_black_bowl_in_the_top_drawer_of_the_wooden_cabinet_and_place_it_on_the_plate_level2_sample3
1840,Objects Layout,3,2,pick_up_the_black_bowl_in_the_top_drawer_of_the_wooden_cabinet_and_place_it_on_the_plate,,,,,,,,,,,,,2,pick up the black bowl in the top drawer of the wooden cabinet and place it on the plate,pick up the black bowl in the top drawer of the wooden cabinet and place it on the plate level2 sample4,pick_up_the_black_bowl_in_the_top_drawer_of_the_wooden_cabinet_and_place_it_on_the_plate_level2_sample4
1841,Objects Layout,3,2,pick_up_the_black_bowl_in_the_top_drawer_of_the_wooden_cabinet_and_place_it_on_the_plate,,,,,,,,,,,,,3,pick up the black bowl in the top drawer of the wooden cabinet and place it on the plate,pick up the black bowl in the top drawer of the wooden cabinet and place it on the plate level3 sample1,pick_up_the_black_bowl_in_the_top_drawer_of_the_wooden_cabinet_and_place_it_on_the_plate_level3_sample1
1842,Objects Layout,3,2,pick_up_the_black_bowl_in_the_top_drawer_of_the_wooden_cabinet_and_place_it_on_the_plate,,,,,,,,,,,,,3,pick up the black bowl in the top drawer of the wooden cabinet and place it on the plate,pick up the black bowl in the top drawer of the wooden cabinet and place it on the plate level3 sample2,pick_up_the_black_bowl_in_the_top_drawer_of_the_wooden_cabinet_and_place_it_on_the_plate_level3_sample2
1843,Objects Layout,4,1,pick_up_the_black_bowl_in_the_top_drawer_of_the_wooden_cabinet_and_place_it_on_the_plate,,,,,,,,,,,,,3,pick up the black bowl in the top drawer of the wooden cabinet and place it on the plate,pick up the black bowl in the top drawer of the wooden cabinet and place it on the plate level3 sample3,pick_up_the_black_bowl_in_the_top_drawer_of_the_wooden_cabinet_and_place_it_on_the_plate_level3_sample3
1844,Objects Layout,3,2,pick_up_the_black_bowl_in_the_top_drawer_of_the_wooden_cabinet_and_place_it_on_the_plate,,,,,,,,,,,,,3,pick up the black bowl in the top drawer of the wooden cabinet and place it on the plate,pick up the black bowl in the top drawer of the wooden cabinet and place it on the plate level3 sample4,pick_up_the_black_bowl_in_the_top_drawer_of_the_wooden_cabinet_and_place_it_on_the_plate_level3_sample4
1845,Objects Layout,3,2,pick_up_the_black_bowl_in_the_top_drawer_of_the_wooden_cabinet_and_place_it_on_the_plate,,,,,,,,,,,,,4,pick up the black bowl in the top drawer of the wooden cabinet and place it on the plate,pick up the black bowl in the top drawer of the wooden cabinet and place it on the plate level4 sample1,pick_up_the_black_bowl_in_the_top_drawer_of_the_wooden_cabinet_and_place_it_on_the_plate_level4_sample1
1846,Objects Layout,4,1,pick_up_the_black_bowl_in_the_top_drawer_of_the_wooden_cabinet_and_place_it_on_the_plate,,,,,,,,,,,,,4,pick up the black bowl in the top drawer of the wooden cabinet and place it on the plate,pick up the black bowl in the top drawer of the wooden cabinet and place it on the plate level4 sample2,pick_up_the_black_bowl_in_the_top_drawer_of_the_wooden_cabinet_and_place_it_on_the_plate_level4_sample2
1847,Objects Layout,4,1,pick_up_the_black_bowl_in_the_top_drawer_of_the_wooden_cabinet_and_place_it_on_the_plate,,,,,,,,,,,,,4,pick up the black bowl in the top drawer of the wooden cabinet and place it on the plate,pick up the black bowl in the top drawer of the wooden cabinet and place it on the plate level4 sample3,pick_up_the_black_bowl_in_the_top_drawer_of_the_wooden_cabinet_and_place_it_on_the_plate_level4_sample3
1848,Objects Layout,4,1,pick_up_the_black_bowl_in_the_top_drawer_of_the_wooden_cabinet_and_place_it_on_the_plate,,,,,,,,,,,,,4,pick up the black bowl in the top drawer of the wooden cabinet and place it on the plate,pick up the black bowl in the top drawer of the wooden cabinet and place it on the plate level4 sample4,pick_up_the_black_bowl_in_the_top_drawer_of_the_wooden_cabinet_and_place_it_on_the_plate_level4_sample4
1849,Objects Layout,3,2,pick_up_the_black_bowl_in_the_top_drawer_of_the_wooden_cabinet_and_place_it_on_the_plate,,,,,,,,,,,,,5,pick up the black bowl in the top drawer of the wooden cabinet and place it on the plate,pick up the black bowl in the top drawer of the wooden cabinet and place it on the plate level5 sample1,pick_up_the_black_bowl_in_the_top_drawer_of_the_wooden_cabinet_and_place_it_on_the_plate_level5_sample1
1850,Objects Layout,5,0,pick_up_the_black_bowl_in_the_top_drawer_of_the_wooden_cabinet_and_place_it_on_the_plate,,,,,,,,,,,,,5,pick up the black bowl in the top drawer of the wooden cabinet and place it on the plate,pick up the black bowl in the top drawer of the wooden cabinet and place it on the plate level5 sample3,pick_up_the_black_bowl_in_the_top_drawer_of_the_wooden_cabinet_and_place_it_on_the_plate_level5_sample3
1851,Objects Layout,4,1,pick_up_the_black_bowl_in_the_top_drawer_of_the_wooden_cabinet_and_place_it_on_the_plate,,,,,,,,,,,,,5,pick up the black bowl in the top drawer of the wooden cabinet and place it on the plate,pick up the black bowl in the top drawer of the wooden cabinet and place it on the plate level5 sample4,pick_up_the_black_bowl_in_the_top_drawer_of_the_wooden_cabinet_and_place_it_on_the_plate_level5_sample4
1852,Objects Layout,4,1,pick_up_the_black_bowl_next_to_the_cookie_box_and_place_it_on_the_plate,,,,,,,,,,,,1,,pick up the black bowl next to the cookie box and place it on the plate,pick up the black bowl next to the cookie box and place it on the plate add 1,pick_up_the_black_bowl_next_to_the_cookie_box_and_place_it_on_the_plate_add_1
1853,Objects Layout,4,1,pick_up_the_black_bowl_next_to_the_cookie_box_and_place_it_on_the_plate,,,,,,,,,,,,13,,pick up the black bowl next to the cookie box and place it on the plate,pick up the black bowl next to the cookie box and place it on the plate add 13,pick_up_the_black_bowl_next_to_the_cookie_box_and_place_it_on_the_plate_add_13
1854,Objects Layout,4,1,pick_up_the_black_bowl_next_to_the_cookie_box_and_place_it_on_the_plate,,,,,,,,,,,,14,,pick up the black bowl next to the cookie box and place it on the plate,pick up the black bowl next to the cookie box and place it on the plate add 14,pick_up_the_black_bowl_next_to_the_cookie_box_and_place_it_on_the_plate_add_14
1855,Objects Layout,5,0,pick_up_the_black_bowl_next_to_the_cookie_box_and_place_it_on_the_plate,,,,,,,,,,,,16,,pick up the black bowl next to the cookie box and place it on the plate,pick up the black bowl next to the cookie box and place it on the plate add 16,pick_up_the_black_bowl_next_to_the_cookie_box_and_place_it_on_the_plate_add_16
1856,Objects Layout,5,0,pick_up_the_black_bowl_next_to_the_cookie_box_and_place_it_on_the_plate,,,,,,,,,,,,18,,pick up the black bowl next to the cookie box and place it on the plate,pick up the black bowl next to the cookie box and place it on the plate add 18,pick_up_the_black_bowl_next_to_the_cookie_box_and_place_it_on_the_plate_add_18
1857,Objects Layout,4,1,pick_up_the_black_bowl_next_to_the_cookie_box_and_place_it_on_the_plate,,,,,,,,,,,,19,,pick up the black bowl next to the cookie box and place it on the plate,pick up the black bowl next to the cookie box and place it on the plate add 19,pick_up_the_black_bowl_next_to_the_cookie_box_and_place_it_on_the_plate_add_19
1858,Objects Layout,5,0,pick_up_the_black_bowl_next_to_the_cookie_box_and_place_it_on_the_plate,,,,,,,,,,,,20,,pick up the black bowl next to the cookie box and place it on the plate,pick up the black bowl next to the cookie box and place it on the plate add 20,pick_up_the_black_bowl_next_to_the_cookie_box_and_place_it_on_the_plate_add_20
1859,Objects Layout,4,1,pick_up_the_black_bowl_next_to_the_cookie_box_and_place_it_on_the_plate,,,,,,,,,,,,21,,pick up the black bowl next to the cookie box and place it on the plate,pick up the black bowl next to the cookie box and place it on the plate add 21,pick_up_the_black_bowl_next_to_the_cookie_box_and_place_it_on_the_plate_add_21
1860,Objects Layout,5,0,pick_up_the_black_bowl_next_to_the_cookie_box_and_place_it_on_the_plate,,,,,,,,,,,,22,,pick up the black bowl next to the cookie box and place it on the plate,pick up the black bowl next to the cookie box and place it on the plate add 22,pick_up_the_black_bowl_next_to_the_cookie_box_and_place_it_on_the_plate_add_22
1861,Objects Layout,4,1,pick_up_the_black_bowl_next_to_the_cookie_box_and_place_it_on_the_plate,,,,,,,,,,,,23,,pick up the black bowl next to the cookie box and place it on the plate,pick up the black bowl next to the cookie box and place it on the plate add 23,pick_up_the_black_bowl_next_to_the_cookie_box_and_place_it_on_the_plate_add_23
1862,Objects Layout,5,0,pick_up_the_black_bowl_next_to_the_cookie_box_and_place_it_on_the_plate,,,,,,,,,,,,24,,pick up the black bowl next to the cookie box and place it on the plate,pick up the black bowl next to the cookie box and place it on the plate add 24,pick_up_the_black_bowl_next_to_the_cookie_box_and_place_it_on_the_plate_add_24
1863,Objects Layout,4,1,pick_up_the_black_bowl_next_to_the_cookie_box_and_place_it_on_the_plate,,,,,,,,,,,,25,,pick up the black bowl next to the cookie box and place it on the plate,pick up the black bowl next to the cookie box and place it on the plate add 25,pick_up_the_black_bowl_next_to_the_cookie_box_and_place_it_on_the_plate_add_25
1864,Objects Layout,5,0,pick_up_the_black_bowl_next_to_the_cookie_box_and_place_it_on_the_plate,,,,,,,,,,,,26,,pick up the black bowl next to the cookie box and place it on the plate,pick up the black bowl next to the cookie box and place it on the plate add 26,pick_up_the_black_bowl_next_to_the_cookie_box_and_place_it_on_the_plate_add_26
1865,Objects Layout,5,0,pick_up_the_black_bowl_next_to_the_cookie_box_and_place_it_on_the_plate,,,,,,,,,,,,27,,pick up the black bowl next to the cookie box and place it on the plate,pick up the black bowl next to the cookie box and place it on the plate add 27,pick_up_the_black_bowl_next_to_the_cookie_box_and_place_it_on_the_plate_add_27
1866,Objects Layout,5,0,pick_up_the_black_bowl_next_to_the_cookie_box_and_place_it_on_the_plate,,,,,,,,,,,,28,,pick up the black bowl next to the cookie box and place it on the plate,pick up the black bowl next to the cookie box and place it on the plate add 28,pick_up_the_black_bowl_next_to_the_cookie_box_and_place_it_on_the_plate_add_28
1867,Objects Layout,5,0,pick_up_the_black_bowl_next_to_the_cookie_box_and_place_it_on_the_plate,,,,,,,,,,,,29,,pick up the black bowl next to the cookie box and place it on the plate,pick up the black bowl next to the cookie box and place it on the plate add 29,pick_up_the_black_bowl_next_to_the_cookie_box_and_place_it_on_the_plate_add_29
1868,Objects Layout,4,1,pick_up_the_black_bowl_next_to_the_cookie_box_and_place_it_on_the_plate,,,,,,,,,,,,30,,pick up the black bowl next to the cookie box and place it on the plate,pick up the black bowl next to the cookie box and place it on the plate add 30,pick_up_the_black_bowl_next_to_the_cookie_box_and_place_it_on_the_plate_add_30
1869,Objects Layout,4,1,pick_up_the_black_bowl_next_to_the_cookie_box_and_place_it_on_the_plate,,,,,,,,,,,,7,,pick up the black bowl next to the cookie box and place it on the plate,pick up the black bowl next to the cookie box and place it on the plate add 7,pick_up_the_black_bowl_next_to_the_cookie_box_and_place_it_on_the_plate_add_7
1870,Objects Layout,4,1,pick_up_the_black_bowl_next_to_the_cookie_box_and_place_it_on_the_plate,,,,,,,,,,,,9,,pick up the black bowl next to the cookie box and place it on the plate,pick up the black bowl next to the cookie box and place it on the plate add 9,pick_up_the_black_bowl_next_to_the_cookie_box_and_place_it_on_the_plate_add_9
1871,Objects Layout,4,1,pick_up_the_black_bowl_next_to_the_cookie_box_and_place_it_on_the_plate,,,,,,,,,,,,,2,pick up the black bowl next to the cookie box and place it on the plate,pick up the black bowl next to the cookie box and place it on the plate level2 sample1,pick_up_the_black_bowl_next_to_the_cookie_box_and_place_it_on_the_plate_level2_sample1
1872,Objects Layout,4,1,pick_up_the_black_bowl_next_to_the_cookie_box_and_place_it_on_the_plate,,,,,,,,,,,,,2,pick up the black bowl next to the cookie box and place it on the plate,pick up the black bowl next to the cookie box and place it on the plate level2 sample2,pick_up_the_black_bowl_next_to_the_cookie_box_and_place_it_on_the_plate_level2_sample2
1873,Objects Layout,4,1,pick_up_the_black_bowl_next_to_the_cookie_box_and_place_it_on_the_plate,,,,,,,,,,,,,2,pick up the black bowl next to the cookie box and place it on the plate,pick up the black bowl next to the cookie box and place it on the plate level2 sample3,pick_up_the_black_bowl_next_to_the_cookie_box_and_place_it_on_the_plate_level2_sample3
1874,Objects Layout,5,0,pick_up_the_black_bowl_next_to_the_cookie_box_and_place_it_on_the_plate,,,,,,,,,,,,,2,pick up the black bowl next to the cookie box and place it on the plate,pick up the black bowl next to the cookie box and place it on the plate level2 sample4,pick_up_the_black_bowl_next_to_the_cookie_box_and_place_it_on_the_plate_level2_sample4
1875,Objects Layout,5,0,pick_up_the_black_bowl_next_to_the_cookie_box_and_place_it_on_the_plate,,,,,,,,,,,,,3,pick up the black bowl next to the cookie box and place it on the plate,pick up the black bowl next to the cookie box and place it on the plate level3 sample2,pick_up_the_black_bowl_next_to_the_cookie_box_and_place_it_on_the_plate_level3_sample2
1876,Objects Layout,4,1,pick_up_the_black_bowl_next_to_the_cookie_box_and_place_it_on_the_plate,,,,,,,,,,,,,3,pick up the black bowl next to the cookie box and place it on the plate,pick up the black bowl next to the cookie box and place it on the plate level3 sample3,pick_up_the_black_bowl_next_to_the_cookie_box_and_place_it_on_the_plate_level3_sample3
1877,Objects Layout,4,1,pick_up_the_black_bowl_next_to_the_cookie_box_and_place_it_on_the_plate,,,,,,,,,,,,,3,pick up the black bowl next to the cookie box and place it on the plate,pick up the black bowl next to the cookie box and place it on the plate level3 sample4,pick_up_the_black_bowl_next_to_the_cookie_box_and_place_it_on_the_plate_level3_sample4
1878,Objects Layout,5,0,pick_up_the_black_bowl_next_to_the_cookie_box_and_place_it_on_the_plate,,,,,,,,,,,,,4,pick up the black bowl next to the cookie box and place it on the plate,pick up the black bowl next to the cookie box and place it on the plate level4 sample1,pick_up_the_black_bowl_next_to_the_cookie_box_and_place_it_on_the_plate_level4_sample1
1879,Objects Layout,5,0,pick_up_the_black_bowl_next_to_the_cookie_box_and_place_it_on_the_plate,,,,,,,,,,,,,4,pick up the black bowl next to the cookie box and place it on the plate,pick up the black bowl next to the cookie box and place it on the plate level4 sample3,pick_up_the_black_bowl_next_to_the_cookie_box_and_place_it_on_the_plate_level4_sample3
1880,Objects Layout,5,0,pick_up_the_black_bowl_next_to_the_cookie_box_and_place_it_on_the_plate,,,,,,,,,,,,,4,pick up the black bowl next to the cookie box and place it on the plate,pick up the black bowl next to the cookie box and place it on the plate level4 sample4,pick_up_the_black_bowl_next_to_the_cookie_box_and_place_it_on_the_plate_level4_sample4
1881,Objects Layout,4,1,pick_up_the_black_bowl_next_to_the_cookie_box_and_place_it_on_the_plate,,,,,,,,,,,,,5,pick up the black bowl next to the cookie box and place it on the plate,pick up the black bowl next to the cookie box and place it on the plate level5 sample1,pick_up_the_black_bowl_next_to_the_cookie_box_and_place_it_on_the_plate_level5_sample1
1882,Objects Layout,5,0,pick_up_the_black_bowl_next_to_the_cookie_box_and_place_it_on_the_plate,,,,,,,,,,,,,5,pick up the black bowl next to the cookie box and place it on the plate,pick up the black bowl next to the cookie box and place it on the plate level5 sample2,pick_up_the_black_bowl_next_to_the_cookie_box_and_place_it_on_the_plate_level5_sample2
1883,Objects Layout,5,0,pick_up_the_black_bowl_next_to_the_cookie_box_and_place_it_on_the_plate,,,,,,,,,,,,,5,pick up the black bowl next to the cookie box and place it on the plate,pick up the black bowl next to the cookie box and place it on the plate level5 sample4,pick_up_the_black_bowl_next_to_the_cookie_box_and_place_it_on_the_plate_level5_sample4
1884,Objects Layout,4,1,pick_up_the_black_bowl_next_to_the_plate_and_place_it_on_the_plate,,,,,,,,,,,,14,,pick up the black bowl next to the plate and place it on the plate,pick up the black bowl next to the plate and place it on the plate add 14,pick_up_the_black_bowl_next_to_the_plate_and_place_it_on_the_plate_add_14
1885,Objects Layout,3,2,pick_up_the_black_bowl_next_to_the_plate_and_place_it_on_the_plate,,,,,,,,,,,,18,,pick up the black bowl next to the plate and place it on the plate,pick up the black bowl next to the plate and place it on the plate add 18,pick_up_the_black_bowl_next_to_the_plate_and_place_it_on_the_plate_add_18
1886,Objects Layout,4,1,pick_up_the_black_bowl_next_to_the_plate_and_place_it_on_the_plate,,,,,,,,,,,,22,,pick up the black bowl next to the plate and place it on the plate,pick up the black bowl next to the plate and place it on the plate add 22,pick_up_the_black_bowl_next_to_the_plate_and_place_it_on_the_plate_add_22
1887,Objects Layout,4,1,pick_up_the_black_bowl_next_to_the_plate_and_place_it_on_the_plate,,,,,,,,,,,,24,,pick up the black bowl next to the plate and place it on the plate,pick up the black bowl next to the plate and place it on the plate add 24,pick_up_the_black_bowl_next_to_the_plate_and_place_it_on_the_plate_add_24
1888,Objects Layout,3,2,pick_up_the_black_bowl_next_to_the_plate_and_place_it_on_the_plate,,,,,,,,,,,,25,,pick up the black bowl next to the plate and place it on the plate,pick up the black bowl next to the plate and place it on the plate add 25,pick_up_the_black_bowl_next_to_the_plate_and_place_it_on_the_plate_add_25
1889,Objects Layout,4,1,pick_up_the_black_bowl_next_to_the_plate_and_place_it_on_the_plate,,,,,,,,,,,,26,,pick up the black bowl next to the plate and place it on the plate,pick up the black bowl next to the plate and place it on the plate add 26,pick_up_the_black_bowl_next_to_the_plate_and_place_it_on_the_plate_add_26
1890,Objects Layout,3,2,pick_up_the_black_bowl_next_to_the_plate_and_place_it_on_the_plate,,,,,,,,,,,,27,,pick up the black bowl next to the plate and place it on the plate,pick up the black bowl next to the plate and place it on the plate add 27,pick_up_the_black_bowl_next_to_the_plate_and_place_it_on_the_plate_add_27
1891,Objects Layout,4,1,pick_up_the_black_bowl_next_to_the_plate_and_place_it_on_the_plate,,,,,,,,,,,,28,,pick up the black bowl next to the plate and place it on the plate,pick up the black bowl next to the plate and place it on the plate add 28,pick_up_the_black_bowl_next_to_the_plate_and_place_it_on_the_plate_add_28
1892,Objects Layout,4,1,pick_up_the_black_bowl_next_to_the_plate_and_place_it_on_the_plate,,,,,,,,,,,,30,,pick up the black bowl next to the plate and place it on the plate,pick up the black bowl next to the plate and place it on the plate add 30,pick_up_the_black_bowl_next_to_the_plate_and_place_it_on_the_plate_add_30
1893,Objects Layout,2,3,pick_up_the_black_bowl_next_to_the_plate_and_place_it_on_the_plate,,,,,,,,,,,,,1,pick up the black bowl next to the plate and place it on the plate,pick up the black bowl next to the plate and place it on the plate level1 sample1,pick_up_the_black_bowl_next_to_the_plate_and_place_it_on_the_plate_level1_sample1
1894,Objects Layout,4,1,pick_up_the_black_bowl_next_to_the_plate_and_place_it_on_the_plate,,,,,,,,,,,,,1,pick up the black bowl next to the plate and place it on the plate,pick up the black bowl next to the plate and place it on the plate level1 sample2,pick_up_the_black_bowl_next_to_the_plate_and_place_it_on_the_plate_level1_sample2
1895,Objects Layout,1,4,pick_up_the_black_bowl_next_to_the_plate_and_place_it_on_the_plate,,,,,,,,,,,,,1,pick up the black bowl next to the plate and place it on the plate,pick up the black bowl next to the plate and place it on the plate level1 sample3,pick_up_the_black_bowl_next_to_the_plate_and_place_it_on_the_plate_level1_sample3
1896,Objects Layout,3,2,pick_up_the_black_bowl_next_to_the_plate_and_place_it_on_the_plate,,,,,,,,,,,,,1,pick up the black bowl next to the plate and place it on the plate,pick up the black bowl next to the plate and place it on the plate level1 sample4,pick_up_the_black_bowl_next_to_the_plate_and_place_it_on_the_plate_level1_sample4
1897,Objects Layout,4,1,pick_up_the_black_bowl_next_to_the_plate_and_place_it_on_the_plate,,,,,,,,,,,,,2,pick up the black bowl next to the plate and place it on the plate,pick up the black bowl next to the plate and place it on the plate level2 sample1,pick_up_the_black_bowl_next_to_the_plate_and_place_it_on_the_plate_level2_sample1
1898,Objects Layout,5,0,pick_up_the_black_bowl_next_to_the_plate_and_place_it_on_the_plate,,,,,,,,,,,,,2,pick up the black bowl next to the plate and place it on the plate,pick up the black bowl next to the plate and place it on the plate level2 sample2,pick_up_the_black_bowl_next_to_the_plate_and_place_it_on_the_plate_level2_sample2
1899,Objects Layout,3,2,pick_up_the_black_bowl_next_to_the_plate_and_place_it_on_the_plate,,,,,,,,,,,,,2,pick up the black bowl next to the plate and place it on the plate,pick up the black bowl next to the plate and place it on the plate level2 sample4,pick_up_the_black_bowl_next_to_the_plate_and_place_it_on_the_plate_level2_sample4
1900,Objects Layout,3,2,pick_up_the_black_bowl_next_to_the_plate_and_place_it_on_the_plate,,,,,,,,,,,,,3,pick up the black bowl next to the plate and place it on the plate,pick up the black bowl next to the plate and place it on the plate level3 sample1,pick_up_the_black_bowl_next_to_the_plate_and_place_it_on_the_plate_level3_sample1
1901,Objects Layout,3,2,pick_up_the_black_bowl_next_to_the_plate_and_place_it_on_the_plate,,,,,,,,,,,,,3,pick up the black bowl next to the plate and place it on the plate,pick up the black bowl next to the plate and place it on the plate level3 sample2,pick_up_the_black_bowl_next_to_the_plate_and_place_it_on_the_plate_level3_sample2
1902,Objects Layout,2,3,pick_up_the_black_bowl_next_to_the_plate_and_place_it_on_the_plate,,,,,,,,,,,,,3,pick up the black bowl next to the plate and place it on the plate,pick up the black bowl next to the plate and place it on the plate level3 sample3,pick_up_the_black_bowl_next_to_the_plate_and_place_it_on_the_plate_level3_sample3
1903,Objects Layout,4,1,pick_up_the_black_bowl_next_to_the_plate_and_place_it_on_the_plate,,,,,,,,,,,,,3,pick up the black bowl next to the plate and place it on the plate,pick up the black bowl next to the plate and place it on the plate level3 sample4,pick_up_the_black_bowl_next_to_the_plate_and_place_it_on_the_plate_level3_sample4
1904,Objects Layout,3,2,pick_up_the_black_bowl_next_to_the_plate_and_place_it_on_the_plate,,,,,,,,,,,,,4,pick up the black bowl next to the plate and place it on the plate,pick up the black bowl next to the plate and place it on the plate level4 sample1,pick_up_the_black_bowl_next_to_the_plate_and_place_it_on_the_plate_level4_sample1
1905,Objects Layout,5,0,pick_up_the_black_bowl_next_to_the_plate_and_place_it_on_the_plate,,,,,,,,,,,,,4,pick up the black bowl next to the plate and place it on the plate,pick up the black bowl next to the plate and place it on the plate level4 sample2,pick_up_the_black_bowl_next_to_the_plate_and_place_it_on_the_plate_level4_sample2
1906,Objects Layout,3,2,pick_up_the_black_bowl_next_to_the_plate_and_place_it_on_the_plate,,,,,,,,,,,,,4,pick up the black bowl next to the plate and place it on the plate,pick up the black bowl next to the plate and place it on the plate level4 sample3,pick_up_the_black_bowl_next_to_the_plate_and_place_it_on_the_plate_level4_sample3
1907,Objects Layout,5,0,pick_up_the_black_bowl_next_to_the_plate_and_place_it_on_the_plate,,,,,,,,,,,,,4,pick up the black bowl next to the plate and place it on the plate,pick up the black bowl next to the plate and place it on the plate level4 sample4,pick_up_the_black_bowl_next_to_the_plate_and_place_it_on_the_plate_level4_sample4
1908,Objects Layout,5,0,pick_up_the_black_bowl_next_to_the_plate_and_place_it_on_the_plate,,,,,,,,,,,,,5,pick up the black bowl next to the plate and place it on the plate,pick up the black bowl next to the plate and place it on the plate level5 sample1,pick_up_the_black_bowl_next_to_the_plate_and_place_it_on_the_plate_level5_sample1
1909,Objects Layout,4,1,pick_up_the_black_bowl_next_to_the_plate_and_place_it_on_the_plate,,,,,,,,,,,,,5,pick up the black bowl next to the plate and place it on the plate,pick up the black bowl next to the plate and place it on the plate level5 sample2,pick_up_the_black_bowl_next_to_the_plate_and_place_it_on_the_plate_level5_sample2
1910,Objects Layout,4,1,pick_up_the_black_bowl_next_to_the_plate_and_place_it_on_the_plate,,,,,,,,,,,,,5,pick up the black bowl next to the plate and place it on the plate,pick up the black bowl next to the plate and place it on the plate level5 sample3,pick_up_the_black_bowl_next_to_the_plate_and_place_it_on_the_plate_level5_sample3
1911,Objects Layout,3,2,pick_up_the_black_bowl_next_to_the_ramekin_and_place_it_on_the_plate,,,,,,,,,,,,1,,pick up the black bowl next to the ramekin and place it on the plate,pick up the black bowl next to the ramekin and place it on the plate add 1,pick_up_the_black_bowl_next_to_the_ramekin_and_place_it_on_the_plate_add_1
1912,Objects Layout,2,3,pick_up_the_black_bowl_next_to_the_ramekin_and_place_it_on_the_plate,,,,,,,,,,,,10,,pick up the black bowl next to the ramekin and place it on the plate,pick up the black bowl next to the ramekin and place it on the plate add 10,pick_up_the_black_bowl_next_to_the_ramekin_and_place_it_on_the_plate_add_10
1913,Objects Layout,3,2,pick_up_the_black_bowl_next_to_the_ramekin_and_place_it_on_the_plate,,,,,,,,,,,,11,,pick up the black bowl next to the ramekin and place it on the plate,pick up the black bowl next to the ramekin and place it on the plate add 11,pick_up_the_black_bowl_next_to_the_ramekin_and_place_it_on_the_plate_add_11
1914,Objects Layout,3,2,pick_up_the_black_bowl_next_to_the_ramekin_and_place_it_on_the_plate,,,,,,,,,,,,13,,pick up the black bowl next to the ramekin and place it on the plate,pick up the black bowl next to the ramekin and place it on the plate add 13,pick_up_the_black_bowl_next_to_the_ramekin_and_place_it_on_the_plate_add_13
1915,Objects Layout,3,2,pick_up_the_black_bowl_next_to_the_ramekin_and_place_it_on_the_plate,,,,,,,,,,,,15,,pick up the black bowl next to the ramekin and place it on the plate,pick up the black bowl next to the ramekin and place it on the plate add 15,pick_up_the_black_bowl_next_to_the_ramekin_and_place_it_on_the_plate_add_15
1916,Objects Layout,4,1,pick_up_the_black_bowl_next_to_the_ramekin_and_place_it_on_the_plate,,,,,,,,,,,,16,,pick up the black bowl next to the ramekin and place it on the plate,pick up the black bowl next to the ramekin and place it on the plate add 16,pick_up_the_black_bowl_next_to_the_ramekin_and_place_it_on_the_plate_add_16
1917,Objects Layout,3,2,pick_up_the_black_bowl_next_to_the_ramekin_and_place_it_on_the_plate,,,,,,,,,,,,17,,pick up the black bowl next to the ramekin and place it on the plate,pick up the black bowl next to the ramekin and place it on the plate add 17,pick_up_the_black_bowl_next_to_the_ramekin_and_place_it_on_the_plate_add_17
1918,Objects Layout,2,3,pick_up_the_black_bowl_next_to_the_ramekin_and_place_it_on_the_plate,,,,,,,,,,,,18,,pick up the black bowl next to the ramekin and place it on the plate,pick up the black bowl next to the ramekin and place it on the plate add 18,pick_up_the_black_bowl_next_to_the_ramekin_and_place_it_on_the_plate_add_18
1919,Objects Layout,4,1,pick_up_the_black_bowl_next_to_the_ramekin_and_place_it_on_the_plate,,,,,,,,,,,,19,,pick up the black bowl next to the ramekin and place it on the plate,pick up the black bowl next to the ramekin and place it on the plate add 19,pick_up_the_black_bowl_next_to_the_ramekin_and_place_it_on_the_plate_add_19
1920,Objects Layout,3,2,pick_up_the_black_bowl_next_to_the_ramekin_and_place_it_on_the_plate,,,,,,,,,,,,20,,pick up the black bowl next to the ramekin and place it on the plate,pick up the black bowl next to the ramekin and place it on the plate add 20,pick_up_the_black_bowl_next_to_the_ramekin_and_place_it_on_the_plate_add_20
1921,Objects Layout,3,2,pick_up_the_black_bowl_next_to_the_ramekin_and_place_it_on_the_plate,,,,,,,,,,,,22,,pick up the black bowl next to the ramekin and place it on the plate,pick up the black bowl next to the ramekin and place it on the plate add 22,pick_up_the_black_bowl_next_to_the_ramekin_and_place_it_on_the_plate_add_22
1922,Objects Layout,3,2,pick_up_the_black_bowl_next_to_the_ramekin_and_place_it_on_the_plate,,,,,,,,,,,,23,,pick up the black bowl next to the ramekin and place it on the plate,pick up the black bowl next to the ramekin and place it on the plate add 23,pick_up_the_black_bowl_next_to_the_ramekin_and_place_it_on_the_plate_add_23
1923,Objects Layout,3,2,pick_up_the_black_bowl_next_to_the_ramekin_and_place_it_on_the_plate,,,,,,,,,,,,24,,pick up the black bowl next to the ramekin and place it on the plate,pick up the black bowl next to the ramekin and place it on the plate add 24,pick_up_the_black_bowl_next_to_the_ramekin_and_place_it_on_the_plate_add_24
1924,Objects Layout,3,2,pick_up_the_black_bowl_next_to_the_ramekin_and_place_it_on_the_plate,,,,,,,,,,,,25,,pick up the black bowl next to the ramekin and place it on the plate,pick up the black bowl next to the ramekin and place it on the plate add 25,pick_up_the_black_bowl_next_to_the_ramekin_and_place_it_on_the_plate_add_25
1925,Objects Layout,3,2,pick_up_the_black_bowl_next_to_the_ramekin_and_place_it_on_the_plate,,,,,,,,,,,,27,,pick up the black bowl next to the ramekin and place it on the plate,pick up the black bowl next to the ramekin and place it on the plate add 27,pick_up_the_black_bowl_next_to_the_ramekin_and_place_it_on_the_plate_add_27
1926,Objects Layout,3,2,pick_up_the_black_bowl_next_to_the_ramekin_and_place_it_on_the_plate,,,,,,,,,,,,28,,pick up the black bowl next to the ramekin and place it on the plate,pick up the black bowl next to the ramekin and place it on the plate add 28,pick_up_the_black_bowl_next_to_the_ramekin_and_place_it_on_the_plate_add_28
1927,Objects Layout,3,2,pick_up_the_black_bowl_next_to_the_ramekin_and_place_it_on_the_plate,,,,,,,,,,,,29,,pick up the black bowl next to the ramekin and place it on the plate,pick up the black bowl next to the ramekin and place it on the plate add 29,pick_up_the_black_bowl_next_to_the_ramekin_and_place_it_on_the_plate_add_29
1928,Objects Layout,3,2,pick_up_the_black_bowl_next_to_the_ramekin_and_place_it_on_the_plate,,,,,,,,,,,,30,,pick up the black bowl next to the ramekin and place it on the plate,pick up the black bowl next to the ramekin and place it on the plate add 30,pick_up_the_black_bowl_next_to_the_ramekin_and_place_it_on_the_plate_add_30
1929,Objects Layout,3,2,pick_up_the_black_bowl_next_to_the_ramekin_and_place_it_on_the_plate,,,,,,,,,,,,,1,pick up the black bowl next to the ramekin and place it on the plate,pick up the black bowl next to the ramekin and place it on the plate level1 sample2,pick_up_the_black_bowl_next_to_the_ramekin_and_place_it_on_the_plate_level1_sample2
1930,Objects Layout,3,2,pick_up_the_black_bowl_next_to_the_ramekin_and_place_it_on_the_plate,,,,,,,,,,,,,1,pick up the black bowl next to the ramekin and place it on the plate,pick up the black bowl next to the ramekin and place it on the plate level1 sample3,pick_up_the_black_bowl_next_to_the_ramekin_and_place_it_on_the_plate_level1_sample3
1931,Objects Layout,2,3,pick_up_the_black_bowl_next_to_the_ramekin_and_place_it_on_the_plate,,,,,,,,,,,,,1,pick up the black bowl next to the ramekin and place it on the plate,pick up the black bowl next to the ramekin and place it on the plate level1 sample4,pick_up_the_black_bowl_next_to_the_ramekin_and_place_it_on_the_plate_level1_sample4
1932,Objects Layout,3,2,pick_up_the_black_bowl_next_to_the_ramekin_and_place_it_on_the_plate,,,,,,,,,,,,,2,pick up the black bowl next to the ramekin and place it on the plate,pick up the black bowl next to the ramekin and place it on the plate level2 sample1,pick_up_the_black_bowl_next_to_the_ramekin_and_place_it_on_the_plate_level2_sample1
1933,Objects Layout,3,2,pick_up_the_black_bowl_next_to_the_ramekin_and_place_it_on_the_plate,,,,,,,,,,,,,2,pick up the black bowl next to the ramekin and place it on the plate,pick up the black bowl next to the ramekin and place it on the plate level2 sample2,pick_up_the_black_bowl_next_to_the_ramekin_and_place_it_on_the_plate_level2_sample2
1934,Objects Layout,3,2,pick_up_the_black_bowl_next_to_the_ramekin_and_place_it_on_the_plate,,,,,,,,,,,,,2,pick up the black bowl next to the ramekin and place it on the plate,pick up the black bowl next to the ramekin and place it on the plate level2 sample3,pick_up_the_black_bowl_next_to_the_ramekin_and_place_it_on_the_plate_level2_sample3
1935,Objects Layout,3,2,pick_up_the_black_bowl_next_to_the_ramekin_and_place_it_on_the_plate,,,,,,,,,,,,,2,pick up the black bowl next to the ramekin and place it on the plate,pick up the black bowl next to the ramekin and place it on the plate level2 sample4,pick_up_the_black_bowl_next_to_the_ramekin_and_place_it_on_the_plate_level2_sample4
1936,Objects Layout,3,2,pick_up_the_black_bowl_next_to_the_ramekin_and_place_it_on_the_plate,,,,,,,,,,,,,3,pick up the black bowl next to the ramekin and place it on the plate,pick up the black bowl next to the ramekin and place it on the plate level3 sample1,pick_up_the_black_bowl_next_to_the_ramekin_and_place_it_on_the_plate_level3_sample1
1937,Objects Layout,3,2,pick_up_the_black_bowl_next_to_the_ramekin_and_place_it_on_the_plate,,,,,,,,,,,,,3,pick up the black bowl next to the ramekin and place it on the plate,pick up the black bowl next to the ramekin and place it on the plate level3 sample2,pick_up_the_black_bowl_next_to_the_ramekin_and_place_it_on_the_plate_level3_sample2
1938,Objects Layout,3,2,pick_up_the_black_bowl_next_to_the_ramekin_and_place_it_on_the_plate,,,,,,,,,,,,,3,pick up the black bowl next to the ramekin and place it on the plate,pick up the black bowl next to the ramekin and place it on the plate level3 sample3,pick_up_the_black_bowl_next_to_the_ramekin_and_place_it_on_the_plate_level3_sample3
1939,Objects Layout,2,3,pick_up_the_black_bowl_next_to_the_ramekin_and_place_it_on_the_plate,,,,,,,,,,,,,3,pick up the black bowl next to the ramekin and place it on the plate,pick up the black bowl next to the ramekin and place it on the plate level3 sample4,pick_up_the_black_bowl_next_to_the_ramekin_and_place_it_on_the_plate_level3_sample4
1940,Objects Layout,3,2,pick_up_the_black_bowl_next_to_the_ramekin_and_place_it_on_the_plate,,,,,,,,,,,,,4,pick up the black bowl next to the ramekin and place it on the plate,pick up the black bowl next to the ramekin and place it on the plate level4 sample1,pick_up_the_black_bowl_next_to_the_ramekin_and_place_it_on_the_plate_level4_sample1
1941,Objects Layout,3,2,pick_up_the_black_bowl_next_to_the_ramekin_and_place_it_on_the_plate,,,,,,,,,,,,,4,pick up the black bowl next to the ramekin and place it on the plate,pick up the black bowl next to the ramekin and place it on the plate level4 sample2,pick_up_the_black_bowl_next_to_the_ramekin_and_place_it_on_the_plate_level4_sample2
1942,Objects Layout,3,2,pick_up_the_black_bowl_next_to_the_ramekin_and_place_it_on_the_plate,,,,,,,,,,,,,4,pick up the black bowl next to the ramekin and place it on the plate,pick up the black bowl next to the ramekin and place it on the plate level4 sample3,pick_up_the_black_bowl_next_to_the_ramekin_and_place_it_on_the_plate_level4_sample3
1943,Objects Layout,4,1,pick_up_the_black_bowl_next_to_the_ramekin_and_place_it_on_the_plate,,,,,,,,,,,,,4,pick up the black bowl next to the ramekin and place it on the plate,pick up the black bowl next to the ramekin and place it on the plate level4 sample4,pick_up_the_black_bowl_next_to_the_ramekin_and_place_it_on_the_plate_level4_sample4
1944,Objects Layout,5,0,pick_up_the_black_bowl_next_to_the_ramekin_and_place_it_on_the_plate,,,,,,,,,,,,,5,pick up the black bowl next to the ramekin and place it on the plate,pick up the black bowl next to the ramekin and place it on the plate level5 sample1,pick_up_the_black_bowl_next_to_the_ramekin_and_place_it_on_the_plate_level5_sample1
1945,Objects Layout,3,2,pick_up_the_black_bowl_next_to_the_ramekin_and_place_it_on_the_plate,,,,,,,,,,,,,5,pick up the black bowl next to the ramekin and place it on the plate,pick up the black bowl next to the ramekin and place it on the plate level5 sample2,pick_up_the_black_bowl_next_to_the_ramekin_and_place_it_on_the_plate_level5_sample2
1946,Objects Layout,4,1,pick_up_the_black_bowl_next_to_the_ramekin_and_place_it_on_the_plate,,,,,,,,,,,,,5,pick up the black bowl next to the ramekin and place it on the plate,pick up the black bowl next to the ramekin and place it on the plate level5 sample3,pick_up_the_black_bowl_next_to_the_ramekin_and_place_it_on_the_plate_level5_sample3
1947,Objects Layout,3,2,pick_up_the_black_bowl_next_to_the_ramekin_and_place_it_on_the_plate,,,,,,,,,,,,,5,pick up the black bowl next to the ramekin and place it on the plate,pick up the black bowl next to the ramekin and place it on the plate level5 sample4,pick_up_the_black_bowl_next_to_the_ramekin_and_place_it_on_the_plate_level5_sample4
1948,Objects Layout,2,3,pick_up_the_black_bowl_on_the_cookie_box_and_place_it_on_the_plate,,,,,,,,,,,,10,,pick up the black bowl on the cookie box and place it on the plate,pick up the black bowl on the cookie box and place it on the plate add 10,pick_up_the_black_bowl_on_the_cookie_box_and_place_it_on_the_plate_add_10
1949,Objects Layout,3,2,pick_up_the_black_bowl_on_the_cookie_box_and_place_it_on_the_plate,,,,,,,,,,,,11,,pick up the black bowl on the cookie box and place it on the plate,pick up the black bowl on the cookie box and place it on the plate add 11,pick_up_the_black_bowl_on_the_cookie_box_and_place_it_on_the_plate_add_11
1950,Objects Layout,3,2,pick_up_the_black_bowl_on_the_cookie_box_and_place_it_on_the_plate,,,,,,,,,,,,12,,pick up the black bowl on the cookie box and place it on the plate,pick up the black bowl on the cookie box and place it on the plate add 12,pick_up_the_black_bowl_on_the_cookie_box_and_place_it_on_the_plate_add_12
1951,Objects Layout,3,2,pick_up_the_black_bowl_on_the_cookie_box_and_place_it_on_the_plate,,,,,,,,,,,,13,,pick up the black bowl on the cookie box and place it on the plate,pick up the black bowl on the cookie box and place it on the plate add 13,pick_up_the_black_bowl_on_the_cookie_box_and_place_it_on_the_plate_add_13
1952,Objects Layout,2,3,pick_up_the_black_bowl_on_the_cookie_box_and_place_it_on_the_plate,,,,,,,,,,,,14,,pick up the black bowl on the cookie box and place it on the plate,pick up the black bowl on the cookie box and place it on the plate add 14,pick_up_the_black_bowl_on_the_cookie_box_and_place_it_on_the_plate_add_14
1953,Objects Layout,2,3,pick_up_the_black_bowl_on_the_cookie_box_and_place_it_on_the_plate,,,,,,,,,,,,16,,pick up the black bowl on the cookie box and place it on the plate,pick up the black bowl on the cookie box and place it on the plate add 16,pick_up_the_black_bowl_on_the_cookie_box_and_place_it_on_the_plate_add_16
1954,Objects Layout,2,3,pick_up_the_black_bowl_on_the_cookie_box_and_place_it_on_the_plate,,,,,,,,,,,,17,,pick up the black bowl on the cookie box and place it on the plate,pick up the black bowl on the cookie box and place it on the plate add 17,pick_up_the_black_bowl_on_the_cookie_box_and_place_it_on_the_plate_add_17
1955,Objects Layout,2,3,pick_up_the_black_bowl_on_the_cookie_box_and_place_it_on_the_plate,,,,,,,,,,,,18,,pick up the black bowl on the cookie box and place it on the plate,pick up the black bowl on the cookie box and place it on the plate add 18,pick_up_the_black_bowl_on_the_cookie_box_and_place_it_on_the_plate_add_18
1956,Objects Layout,2,3,pick_up_the_black_bowl_on_the_cookie_box_and_place_it_on_the_plate,,,,,,,,,,,,19,,pick up the black bowl on the cookie box and place it on the plate,pick up the black bowl on the cookie box and place it on the plate add 19,pick_up_the_black_bowl_on_the_cookie_box_and_place_it_on_the_plate_add_19
1957,Objects Layout,2,3,pick_up_the_black_bowl_on_the_cookie_box_and_place_it_on_the_plate,,,,,,,,,,,,20,,pick up the black bowl on the cookie box and place it on the plate,pick up the black bowl on the cookie box and place it on the plate add 20,pick_up_the_black_bowl_on_the_cookie_box_and_place_it_on_the_plate_add_20
1958,Objects Layout,2,3,pick_up_the_black_bowl_on_the_cookie_box_and_place_it_on_the_plate,,,,,,,,,,,,21,,pick up the black bowl on the cookie box and place it on the plate,pick up the black bowl on the cookie box and place it on the plate add 21,pick_up_the_black_bowl_on_the_cookie_box_and_place_it_on_the_plate_add_21
1959,Objects Layout,4,1,pick_up_the_black_bowl_on_the_cookie_box_and_place_it_on_the_plate,,,,,,,,,,,,22,,pick up the black bowl on the cookie box and place it on the plate,pick up the black bowl on the cookie box and place it on the plate add 22,pick_up_the_black_bowl_on_the_cookie_box_and_place_it_on_the_plate_add_22
1960,Objects Layout,4,1,pick_up_the_black_bowl_on_the_cookie_box_and_place_it_on_the_plate,,,,,,,,,,,,23,,pick up the black bowl on the cookie box and place it on the plate,pick up the black bowl on the cookie box and place it on the plate add 23,pick_up_the_black_bowl_on_the_cookie_box_and_place_it_on_the_plate_add_23
1961,Objects Layout,2,3,pick_up_the_black_bowl_on_the_cookie_box_and_place_it_on_the_plate,,,,,,,,,,,,24,,pick up the black bowl on the cookie box and place it on the plate,pick up the black bowl on the cookie box and place it on the plate add 24,pick_up_the_black_bowl_on_the_cookie_box_and_place_it_on_the_plate_add_24
1962,Objects Layout,4,1,pick_up_the_black_bowl_on_the_cookie_box_and_place_it_on_the_plate,,,,,,,,,,,,25,,pick up the black bowl on the cookie box and place it on the plate,pick up the black bowl on the cookie box and place it on the plate add 25,pick_up_the_black_bowl_on_the_cookie_box_and_place_it_on_the_plate_add_25
1963,Objects Layout,3,2,pick_up_the_black_bowl_on_the_cookie_box_and_place_it_on_the_plate,,,,,,,,,,,,26,,pick up the black bowl on the cookie box and place it on the plate,pick up the black bowl on the cookie box and place it on the plate add 26,pick_up_the_black_bowl_on_the_cookie_box_and_place_it_on_the_plate_add_26
1964,Objects Layout,2,3,pick_up_the_black_bowl_on_the_cookie_box_and_place_it_on_the_plate,,,,,,,,,,,,27,,pick up the black bowl on the cookie box and place it on the plate,pick up the black bowl on the cookie box and place it on the plate add 27,pick_up_the_black_bowl_on_the_cookie_box_and_place_it_on_the_plate_add_27
1965,Objects Layout,3,2,pick_up_the_black_bowl_on_the_cookie_box_and_place_it_on_the_plate,,,,,,,,,,,,28,,pick up the black bowl on the cookie box and place it on the plate,pick up the black bowl on the cookie box and place it on the plate add 28,pick_up_the_black_bowl_on_the_cookie_box_and_place_it_on_the_plate_add_28
1966,Objects Layout,3,2,pick_up_the_black_bowl_on_the_cookie_box_and_place_it_on_the_plate,,,,,,,,,,,,29,,pick up the black bowl on the cookie box and place it on the plate,pick up the black bowl on the cookie box and place it on the plate add 29,pick_up_the_black_bowl_on_the_cookie_box_and_place_it_on_the_plate_add_29
1967,Objects Layout,2,3,pick_up_the_black_bowl_on_the_cookie_box_and_place_it_on_the_plate,,,,,,,,,,,,3,,pick up the black bowl on the cookie box and place it on the plate,pick up the black bowl on the cookie box and place it on the plate add 3,pick_up_the_black_bowl_on_the_cookie_box_and_place_it_on_the_plate_add_3
1968,Objects Layout,2,3,pick_up_the_black_bowl_on_the_cookie_box_and_place_it_on_the_plate,,,,,,,,,,,,30,,pick up the black bowl on the cookie box and place it on the plate,pick up the black bowl on the cookie box and place it on the plate add 30,pick_up_the_black_bowl_on_the_cookie_box_and_place_it_on_the_plate_add_30
1969,Objects Layout,2,3,pick_up_the_black_bowl_on_the_cookie_box_and_place_it_on_the_plate,,,,,,,,,,,,4,,pick up the black bowl on the cookie box and place it on the plate,pick up the black bowl on the cookie box and place it on the plate add 4,pick_up_the_black_bowl_on_the_cookie_box_and_place_it_on_the_plate_add_4
1970,Objects Layout,2,3,pick_up_the_black_bowl_on_the_cookie_box_and_place_it_on_the_plate,,,,,,,,,,,,5,,pick up the black bowl on the cookie box and place it on the plate,pick up the black bowl on the cookie box and place it on the plate add 5,pick_up_the_black_bowl_on_the_cookie_box_and_place_it_on_the_plate_add_5
1971,Objects Layout,1,4,pick_up_the_black_bowl_on_the_cookie_box_and_place_it_on_the_plate,,,,,,,,,,,,8,,pick up the black bowl on the cookie box and place it on the plate,pick up the black bowl on the cookie box and place it on the plate add 8,pick_up_the_black_bowl_on_the_cookie_box_and_place_it_on_the_plate_add_8
1972,Objects Layout,2,3,pick_up_the_black_bowl_on_the_cookie_box_and_place_it_on_the_plate,,,,,,,,,,,,9,,pick up the black bowl on the cookie box and place it on the plate,pick up the black bowl on the cookie box and place it on the plate add 9,pick_up_the_black_bowl_on_the_cookie_box_and_place_it_on_the_plate_add_9
1973,Objects Layout,2,3,pick_up_the_black_bowl_on_the_cookie_box_and_place_it_on_the_plate,,,,,,,,,,,,,1,pick up the black bowl on the cookie box and place it on the plate,pick up the black bowl on the cookie box and place it on the plate level1 sample1,pick_up_the_black_bowl_on_the_cookie_box_and_place_it_on_the_plate_level1_sample1
1974,Objects Layout,2,3,pick_up_the_black_bowl_on_the_cookie_box_and_place_it_on_the_plate,,,,,,,,,,,,,1,pick up the black bowl on the cookie box and place it on the plate,pick up the black bowl on the cookie box and place it on the plate level1 sample2,pick_up_the_black_bowl_on_the_cookie_box_and_place_it_on_the_plate_level1_sample2
1975,Objects Layout,1,4,pick_up_the_black_bowl_on_the_cookie_box_and_place_it_on_the_plate,,,,,,,,,,,,,1,pick up the black bowl on the cookie box and place it on the plate,pick up the black bowl on the cookie box and place it on the plate level1 sample3,pick_up_the_black_bowl_on_the_cookie_box_and_place_it_on_the_plate_level1_sample3
1976,Objects Layout,1,4,pick_up_the_black_bowl_on_the_cookie_box_and_place_it_on_the_plate,,,,,,,,,,,,,1,pick up the black bowl on the cookie box and place it on the plate,pick up the black bowl on the cookie box and place it on the plate level1 sample4,pick_up_the_black_bowl_on_the_cookie_box_and_place_it_on_the_plate_level1_sample4
1977,Objects Layout,2,3,pick_up_the_black_bowl_on_the_cookie_box_and_place_it_on_the_plate,,,,,,,,,,,,,2,pick up the black bowl on the cookie box and place it on the plate,pick up the black bowl on the cookie box and place it on the plate level2 sample1,pick_up_the_black_bowl_on_the_cookie_box_and_place_it_on_the_plate_level2_sample1
1978,Objects Layout,1,4,pick_up_the_black_bowl_on_the_cookie_box_and_place_it_on_the_plate,,,,,,,,,,,,,2,pick up the black bowl on the cookie box and place it on the plate,pick up the black bowl on the cookie box and place it on the plate level2 sample2,pick_up_the_black_bowl_on_the_cookie_box_and_place_it_on_the_plate_level2_sample2
1979,Objects Layout,1,4,pick_up_the_black_bowl_on_the_cookie_box_and_place_it_on_the_plate,,,,,,,,,,,,,2,pick up the black bowl on the cookie box and place it on the plate,pick up the black bowl on the cookie box and place it on the plate level2 sample3,pick_up_the_black_bowl_on_the_cookie_box_and_place_it_on_the_plate_level2_sample3
1980,Objects Layout,3,2,pick_up_the_black_bowl_on_the_cookie_box_and_place_it_on_the_plate,,,,,,,,,,,,,2,pick up the black bowl on the cookie box and place it on the plate,pick up the black bowl on the cookie box and place it on the plate level2 sample4,pick_up_the_black_bowl_on_the_cookie_box_and_place_it_on_the_plate_level2_sample4
1981,Objects Layout,3,2,pick_up_the_black_bowl_on_the_cookie_box_and_place_it_on_the_plate,,,,,,,,,,,,,3,pick up the black bowl on the cookie box and place it on the plate,pick up the black bowl on the cookie box and place it on the plate level3 sample1,pick_up_the_black_bowl_on_the_cookie_box_and_place_it_on_the_plate_level3_sample1
1982,Objects Layout,2,3,pick_up_the_black_bowl_on_the_cookie_box_and_place_it_on_the_plate,,,,,,,,,,,,,3,pick up the black bowl on the cookie box and place it on the plate,pick up the black bowl on the cookie box and place it on the plate level3 sample2,pick_up_the_black_bowl_on_the_cookie_box_and_place_it_on_the_plate_level3_sample2
1983,Objects Layout,3,2,pick_up_the_black_bowl_on_the_cookie_box_and_place_it_on_the_plate,,,,,,,,,,,,,3,pick up the black bowl on the cookie box and place it on the plate,pick up the black bowl on the cookie box and place it on the plate level3 sample3,pick_up_the_black_bowl_on_the_cookie_box_and_place_it_on_the_plate_level3_sample3
1984,Objects Layout,3,2,pick_up_the_black_bowl_on_the_cookie_box_and_place_it_on_the_plate,,,,,,,,,,,,,3,pick up the black bowl on the cookie box and place it on the plate,pick up the black bowl on the cookie box and place it on the plate level3 sample4,pick_up_the_black_bowl_on_the_cookie_box_and_place_it_on_the_plate_level3_sample4
1985,Objects Layout,4,1,pick_up_the_black_bowl_on_the_cookie_box_and_place_it_on_the_plate,,,,,,,,,,,,,4,pick up the black bowl on the cookie box and place it on the plate,pick up the black bowl on the cookie box and place it on the plate level4 sample1,pick_up_the_black_bowl_on_the_cookie_box_and_place_it_on_the_plate_level4_sample1
1986,Objects Layout,3,2,pick_up_the_black_bowl_on_the_cookie_box_and_place_it_on_the_plate,,,,,,,,,,,,,4,pick up the black bowl on the cookie box and place it on the plate,pick up the black bowl on the cookie box and place it on the plate level4 sample2,pick_up_the_black_bowl_on_the_cookie_box_and_place_it_on_the_plate_level4_sample2
1987,Objects Layout,3,2,pick_up_the_black_bowl_on_the_cookie_box_and_place_it_on_the_plate,,,,,,,,,,,,,4,pick up the black bowl on the cookie box and place it on the plate,pick up the black bowl on the cookie box and place it on the plate level4 sample3,pick_up_the_black_bowl_on_the_cookie_box_and_place_it_on_the_plate_level4_sample3
1988,Objects Layout,3,2,pick_up_the_black_bowl_on_the_cookie_box_and_place_it_on_the_plate,,,,,,,,,,,,,4,pick up the black bowl on the cookie box and place it on the plate,pick up the black bowl on the cookie box and place it on the plate level4 sample4,pick_up_the_black_bowl_on_the_cookie_box_and_place_it_on_the_plate_level4_sample4
1989,Objects Layout,2,3,pick_up_the_black_bowl_on_the_cookie_box_and_place_it_on_the_plate,,,,,,,,,,,,,5,pick up the black bowl on the cookie box and place it on the plate,pick up the black bowl on the cookie box and place it on the plate level5 sample1,pick_up_the_black_bowl_on_the_cookie_box_and_place_it_on_the_plate_level5_sample1
1990,Objects Layout,3,2,pick_up_the_black_bowl_on_the_cookie_box_and_place_it_on_the_plate,,,,,,,,,,,,,5,pick up the black bowl on the cookie box and place it on the plate,pick up the black bowl on the cookie box and place it on the plate level5 sample2,pick_up_the_black_bowl_on_the_cookie_box_and_place_it_on_the_plate_level5_sample2
1991,Objects Layout,2,3,pick_up_the_black_bowl_on_the_cookie_box_and_place_it_on_the_plate,,,,,,,,,,,,,5,pick up the black bowl on the cookie box and place it on the plate,pick up the black bowl on the cookie box and place it on the plate level5 sample3,pick_up_the_black_bowl_on_the_cookie_box_and_place_it_on_the_plate_level5_sample3
1992,Objects Layout,3,2,pick_up_the_black_bowl_on_the_cookie_box_and_place_it_on_the_plate,,,,,,,,,,,,,5,pick up the black bowl on the cookie box and place it on the plate,pick up the black bowl on the cookie box and place it on the plate level5 sample4,pick_up_the_black_bowl_on_the_cookie_box_and_place_it_on_the_plate_level5_sample4
1993,Objects Layout,4,1,pick_up_the_black_bowl_on_the_ramekin_and_place_it_on_the_plate,,,,,,,,,,,,1,,pick up the black bowl on the ramekin and place it on the plate,pick up the black bowl on the ramekin and place it on the plate add 1,pick_up_the_black_bowl_on_the_ramekin_and_place_it_on_the_plate_add_1
1994,Objects Layout,4,1,pick_up_the_black_bowl_on_the_ramekin_and_place_it_on_the_plate,,,,,,,,,,,,10,,pick up the black bowl on the ramekin and place it on the plate,pick up the black bowl on the ramekin and place it on the plate add 10,pick_up_the_black_bowl_on_the_ramekin_and_place_it_on_the_plate_add_10
1995,Objects Layout,4,1,pick_up_the_black_bowl_on_the_ramekin_and_place_it_on_the_plate,,,,,,,,,,,,11,,pick up the black bowl on the ramekin and place it on the plate,pick up the black bowl on the ramekin and place it on the plate add 11,pick_up_the_black_bowl_on_the_ramekin_and_place_it_on_the_plate_add_11
1996,Objects Layout,4,1,pick_up_the_black_bowl_on_the_ramekin_and_place_it_on_the_plate,,,,,,,,,,,,12,,pick up the black bowl on the ramekin and place it on the plate,pick up the black bowl on the ramekin and place it on the plate add 12,pick_up_the_black_bowl_on_the_ramekin_and_place_it_on_the_plate_add_12
1997,Objects Layout,4,1,pick_up_the_black_bowl_on_the_ramekin_and_place_it_on_the_plate,,,,,,,,,,,,13,,pick up the black bowl on the ramekin and place it on the plate,pick up the black bowl on the ramekin and place it on the plate add 13,pick_up_the_black_bowl_on_the_ramekin_and_place_it_on_the_plate_add_13
1998,Objects Layout,4,1,pick_up_the_black_bowl_on_the_ramekin_and_place_it_on_the_plate,,,,,,,,,,,,14,,pick up the black bowl on the ramekin and place it on the plate,pick up the black bowl on the ramekin and place it on the plate add 14,pick_up_the_black_bowl_on_the_ramekin_and_place_it_on_the_plate_add_14
1999,Objects Layout,3,2,pick_up_the_black_bowl_on_the_ramekin_and_place_it_on_the_plate,,,,,,,,,,,,15,,pick up the black bowl on the ramekin and place it on the plate,pick up the black bowl on the ramekin and place it on the plate add 15,pick_up_the_black_bowl_on_the_ramekin_and_place_it_on_the_plate_add_15
2000,Objects Layout,4,1,pick_up_the_black_bowl_on_the_ramekin_and_place_it_on_the_plate,,,,,,,,,,,,16,,pick up the black bowl on the ramekin and place it on the plate,pick up the black bowl on the ramekin and place it on the plate add 16,pick_up_the_black_bowl_on_the_ramekin_and_place_it_on_the_plate_add_16
2001,Objects Layout,4,1,pick_up_the_black_bowl_on_the_ramekin_and_place_it_on_the_plate,,,,,,,,,,,,18,,pick up the black bowl on the ramekin and place it on the plate,pick up the black bowl on the ramekin and place it on the plate add 18,pick_up_the_black_bowl_on_the_ramekin_and_place_it_on_the_plate_add_18
2002,Objects Layout,5,0,pick_up_the_black_bowl_on_the_ramekin_and_place_it_on_the_plate,,,,,,,,,,,,20,,pick up the black bowl on the ramekin and place it on the plate,pick up the black bowl on the ramekin and place it on the plate add 20,pick_up_the_black_bowl_on_the_ramekin_and_place_it_on_the_plate_add_20
2003,Objects Layout,4,1,pick_up_the_black_bowl_on_the_ramekin_and_place_it_on_the_plate,,,,,,,,,,,,21,,pick up the black bowl on the ramekin and place it on the plate,pick up the black bowl on the ramekin and place it on the plate add 21,pick_up_the_black_bowl_on_the_ramekin_and_place_it_on_the_plate_add_21
2004,Objects Layout,4,1,pick_up_the_black_bowl_on_the_ramekin_and_place_it_on_the_plate,,,,,,,,,,,,22,,pick up the black bowl on the ramekin and place it on the plate,pick up the black bowl on the ramekin and place it on the plate add 22,pick_up_the_black_bowl_on_the_ramekin_and_place_it_on_the_plate_add_22
2005,Objects Layout,5,0,pick_up_the_black_bowl_on_the_ramekin_and_place_it_on_the_plate,,,,,,,,,,,,23,,pick up the black bowl on the ramekin and place it on the plate,pick up the black bowl on the ramekin and place it on the plate add 23,pick_up_the_black_bowl_on_the_ramekin_and_place_it_on_the_plate_add_23
2006,Objects Layout,4,1,pick_up_the_black_bowl_on_the_ramekin_and_place_it_on_the_plate,,,,,,,,,,,,24,,pick up the black bowl on the ramekin and place it on the plate,pick up the black bowl on the ramekin and place it on the plate add 24,pick_up_the_black_bowl_on_the_ramekin_and_place_it_on_the_plate_add_24
2007,Objects Layout,5,0,pick_up_the_black_bowl_on_the_ramekin_and_place_it_on_the_plate,,,,,,,,,,,,25,,pick up the black bowl on the ramekin and place it on the plate,pick up the black bowl on the ramekin and place it on the plate add 25,pick_up_the_black_bowl_on_the_ramekin_and_place_it_on_the_plate_add_25
2008,Objects Layout,4,1,pick_up_the_black_bowl_on_the_ramekin_and_place_it_on_the_plate,,,,,,,,,,,,28,,pick up the black bowl on the ramekin and place it on the plate,pick up the black bowl on the ramekin and place it on the plate add 28,pick_up_the_black_bowl_on_the_ramekin_and_place_it_on_the_plate_add_28
2009,Objects Layout,4,1,pick_up_the_black_bowl_on_the_ramekin_and_place_it_on_the_plate,,,,,,,,,,,,3,,pick up the black bowl on the ramekin and place it on the plate,pick up the black bowl on the ramekin and place it on the plate add 3,pick_up_the_black_bowl_on_the_ramekin_and_place_it_on_the_plate_add_3
2010,Objects Layout,4,1,pick_up_the_black_bowl_on_the_ramekin_and_place_it_on_the_plate,,,,,,,,,,,,30,,pick up the black bowl on the ramekin and place it on the plate,pick up the black bowl on the ramekin and place it on the plate add 30,pick_up_the_black_bowl_on_the_ramekin_and_place_it_on_the_plate_add_30
2011,Objects Layout,3,2,pick_up_the_black_bowl_on_the_ramekin_and_place_it_on_the_plate,,,,,,,,,,,,4,,pick up the black bowl on the ramekin and place it on the plate,pick up the black bowl on the ramekin and place it on the plate add 4,pick_up_the_black_bowl_on_the_ramekin_and_place_it_on_the_plate_add_4
2012,Objects Layout,4,1,pick_up_the_black_bowl_on_the_ramekin_and_place_it_on_the_plate,,,,,,,,,,,,5,,pick up the black bowl on the ramekin and place it on the plate,pick up the black bowl on the ramekin and place it on the plate add 5,pick_up_the_black_bowl_on_the_ramekin_and_place_it_on_the_plate_add_5
2013,Objects Layout,4,1,pick_up_the_black_bowl_on_the_ramekin_and_place_it_on_the_plate,,,,,,,,,,,,6,,pick up the black bowl on the ramekin and place it on the plate,pick up the black bowl on the ramekin and place it on the plate add 6,pick_up_the_black_bowl_on_the_ramekin_and_place_it_on_the_plate_add_6
2014,Objects Layout,4,1,pick_up_the_black_bowl_on_the_ramekin_and_place_it_on_the_plate,,,,,,,,,,,,7,,pick up the black bowl on the ramekin and place it on the plate,pick up the black bowl on the ramekin and place it on the plate add 7,pick_up_the_black_bowl_on_the_ramekin_and_place_it_on_the_plate_add_7
2015,Objects Layout,4,1,pick_up_the_black_bowl_on_the_ramekin_and_place_it_on_the_plate,,,,,,,,,,,,8,,pick up the black bowl on the ramekin and place it on the plate,pick up the black bowl on the ramekin and place it on the plate add 8,pick_up_the_black_bowl_on_the_ramekin_and_place_it_on_the_plate_add_8
2016,Objects Layout,4,1,pick_up_the_black_bowl_on_the_ramekin_and_place_it_on_the_plate,,,,,,,,,,,,9,,pick up the black bowl on the ramekin and place it on the plate,pick up the black bowl on the ramekin and place it on the plate add 9,pick_up_the_black_bowl_on_the_ramekin_and_place_it_on_the_plate_add_9
2017,Objects Layout,4,1,pick_up_the_black_bowl_on_the_ramekin_and_place_it_on_the_plate,,,,,,,,,,,,,1,pick up the black bowl on the ramekin and place it on the plate,pick up the black bowl on the ramekin and place it on the plate level1 sample2,pick_up_the_black_bowl_on_the_ramekin_and_place_it_on_the_plate_level1_sample2
2018,Objects Layout,3,2,pick_up_the_black_bowl_on_the_ramekin_and_place_it_on_the_plate,,,,,,,,,,,,,2,pick up the black bowl on the ramekin and place it on the plate,pick up the black bowl on the ramekin and place it on the plate level2 sample1,pick_up_the_black_bowl_on_the_ramekin_and_place_it_on_the_plate_level2_sample1
2019,Objects Layout,3,2,pick_up_the_black_bowl_on_the_ramekin_and_place_it_on_the_plate,,,,,,,,,,,,,2,pick up the black bowl on the ramekin and place it on the plate,pick up the black bowl on the ramekin and place it on the plate level2 sample2,pick_up_the_black_bowl_on_the_ramekin_and_place_it_on_the_plate_level2_sample2
2020,Objects Layout,3,2,pick_up_the_black_bowl_on_the_ramekin_and_place_it_on_the_plate,,,,,,,,,,,,,2,pick up the black bowl on the ramekin and place it on the plate,pick up the black bowl on the ramekin and place it on the plate level2 sample3,pick_up_the_black_bowl_on_the_ramekin_and_place_it_on_the_plate_level2_sample3
2021,Objects Layout,3,2,pick_up_the_black_bowl_on_the_ramekin_and_place_it_on_the_plate,,,,,,,,,,,,,2,pick up the black bowl on the ramekin and place it on the plate,pick up the black bowl on the ramekin and place it on the plate level2 sample4,pick_up_the_black_bowl_on_the_ramekin_and_place_it_on_the_plate_level2_sample4
2022,Objects Layout,4,1,pick_up_the_black_bowl_on_the_ramekin_and_place_it_on_the_plate,,,,,,,,,,,,,3,pick up the black bowl on the ramekin and place it on the plate,pick up the black bowl on the ramekin and place it on the plate level3 sample1,pick_up_the_black_bowl_on_the_ramekin_and_place_it_on_the_plate_level3_sample1
2023,Objects Layout,4,1,pick_up_the_black_bowl_on_the_ramekin_and_place_it_on_the_plate,,,,,,,,,,,,,3,pick up the black bowl on the ramekin and place it on the plate,pick up the black bowl on the ramekin and place it on the plate level3 sample2,pick_up_the_black_bowl_on_the_ramekin_and_place_it_on_the_plate_level3_sample2
2024,Objects Layout,4,1,pick_up_the_black_bowl_on_the_ramekin_and_place_it_on_the_plate,,,,,,,,,,,,,3,pick up the black bowl on the ramekin and place it on the plate,pick up the black bowl on the ramekin and place it on the plate level3 sample3,pick_up_the_black_bowl_on_the_ramekin_and_place_it_on_the_plate_level3_sample3
2025,Objects Layout,4,1,pick_up_the_black_bowl_on_the_ramekin_and_place_it_on_the_plate,,,,,,,,,,,,,3,pick up the black bowl on the ramekin and place it on the plate,pick up the black bowl on the ramekin and place it on the plate level3 sample4,pick_up_the_black_bowl_on_the_ramekin_and_place_it_on_the_plate_level3_sample4
2026,Objects Layout,3,2,pick_up_the_black_bowl_on_the_ramekin_and_place_it_on_the_plate,,,,,,,,,,,,,4,pick up the black bowl on the ramekin and place it on the plate,pick up the black bowl on the ramekin and place it on the plate level4 sample1,pick_up_the_black_bowl_on_the_ramekin_and_place_it_on_the_plate_level4_sample1
2027,Objects Layout,4,1,pick_up_the_black_bowl_on_the_ramekin_and_place_it_on_the_plate,,,,,,,,,,,,,4,pick up the black bowl on the ramekin and place it on the plate,pick up the black bowl on the ramekin and place it on the plate level4 sample2,pick_up_the_black_bowl_on_the_ramekin_and_place_it_on_the_plate_level4_sample2
2028,Objects Layout,4,1,pick_up_the_black_bowl_on_the_ramekin_and_place_it_on_the_plate,,,,,,,,,,,,,4,pick up the black bowl on the ramekin and place it on the plate,pick up the black bowl on the ramekin and place it on the plate level4 sample3,pick_up_the_black_bowl_on_the_ramekin_and_place_it_on_the_plate_level4_sample3
2029,Objects Layout,5,0,pick_up_the_black_bowl_on_the_ramekin_and_place_it_on_the_plate,,,,,,,,,,,,,5,pick up the black bowl on the ramekin and place it on the plate,pick up the black bowl on the ramekin and place it on the plate level5 sample1,pick_up_the_black_bowl_on_the_ramekin_and_place_it_on_the_plate_level5_sample1
2030,Objects Layout,4,1,pick_up_the_black_bowl_on_the_ramekin_and_place_it_on_the_plate,,,,,,,,,,,,,5,pick up the black bowl on the ramekin and place it on the plate,pick up the black bowl on the ramekin and place it on the plate level5 sample2,pick_up_the_black_bowl_on_the_ramekin_and_place_it_on_the_plate_level5_sample2
2031,Objects Layout,4,1,pick_up_the_black_bowl_on_the_ramekin_and_place_it_on_the_plate,,,,,,,,,,,,,5,pick up the black bowl on the ramekin and place it on the plate,pick up the black bowl on the ramekin and place it on the plate level5 sample3,pick_up_the_black_bowl_on_the_ramekin_and_place_it_on_the_plate_level5_sample3
2032,Objects Layout,4,1,pick_up_the_black_bowl_on_the_ramekin_and_place_it_on_the_plate,,,,,,,,,,,,,5,pick up the black bowl on the ramekin and place it on the plate,pick up the black bowl on the ramekin and place it on the plate level5 sample4,pick_up_the_black_bowl_on_the_ramekin_and_place_it_on_the_plate_level5_sample4
2033,Objects Layout,3,2,pick_up_the_black_bowl_on_the_stove_and_place_it_on_the_plate,,,,,,,,,,,,12,,pick up the black bowl on the stove and place it on the plate,pick up the black bowl on the stove and place it on the plate add 12,pick_up_the_black_bowl_on_the_stove_and_place_it_on_the_plate_add_12
2034,Objects Layout,2,3,pick_up_the_black_bowl_on_the_stove_and_place_it_on_the_plate,,,,,,,,,,,,13,,pick up the black bowl on the stove and place it on the plate,pick up the black bowl on the stove and place it on the plate add 13,pick_up_the_black_bowl_on_the_stove_and_place_it_on_the_plate_add_13
2035,Objects Layout,3,2,pick_up_the_black_bowl_on_the_stove_and_place_it_on_the_plate,,,,,,,,,,,,14,,pick up the black bowl on the stove and place it on the plate,pick up the black bowl on the stove and place it on the plate add 14,pick_up_the_black_bowl_on_the_stove_and_place_it_on_the_plate_add_14
2036,Objects Layout,3,2,pick_up_the_black_bowl_on_the_stove_and_place_it_on_the_plate,,,,,,,,,,,,16,,pick up the black bowl on the stove and place it on the plate,pick up the black bowl on the stove and place it on the plate add 16,pick_up_the_black_bowl_on_the_stove_and_place_it_on_the_plate_add_16
2037,Objects Layout,4,1,pick_up_the_black_bowl_on_the_stove_and_place_it_on_the_plate,,,,,,,,,,,,17,,pick up the black bowl on the stove and place it on the plate,pick up the black bowl on the stove and place it on the plate add 17,pick_up_the_black_bowl_on_the_stove_and_place_it_on_the_plate_add_17
2038,Objects Layout,4,1,pick_up_the_black_bowl_on_the_stove_and_place_it_on_the_plate,,,,,,,,,,,,18,,pick up the black bowl on the stove and place it on the plate,pick up the black bowl on the stove and place it on the plate add 18,pick_up_the_black_bowl_on_the_stove_and_place_it_on_the_plate_add_18
2039,Objects Layout,4,1,pick_up_the_black_bowl_on_the_stove_and_place_it_on_the_plate,,,,,,,,,,,,19,,pick up the black bowl on the stove and place it on the plate,pick up the black bowl on the stove and place it on the plate add 19,pick_up_the_black_bowl_on_the_stove_and_place_it_on_the_plate_add_19
2040,Objects Layout,4,1,pick_up_the_black_bowl_on_the_stove_and_place_it_on_the_plate,,,,,,,,,,,,20,,pick up the black bowl on the stove and place it on the plate,pick up the black bowl on the stove and place it on the plate add 20,pick_up_the_black_bowl_on_the_stove_and_place_it_on_the_plate_add_20
2041,Objects Layout,4,1,pick_up_the_black_bowl_on_the_stove_and_place_it_on_the_plate,,,,,,,,,,,,21,,pick up the black bowl on the stove and place it on the plate,pick up the black bowl on the stove and place it on the plate add 21,pick_up_the_black_bowl_on_the_stove_and_place_it_on_the_plate_add_21
2042,Objects Layout,4,1,pick_up_the_black_bowl_on_the_stove_and_place_it_on_the_plate,,,,,,,,,,,,22,,pick up the black bowl on the stove and place it on the plate,pick up the black bowl on the stove and place it on the plate add 22,pick_up_the_black_bowl_on_the_stove_and_place_it_on_the_plate_add_22
2043,Objects Layout,3,2,pick_up_the_black_bowl_on_the_stove_and_place_it_on_the_plate,,,,,,,,,,,,24,,pick up the black bowl on the stove and place it on the plate,pick up the black bowl on the stove and place it on the plate add 24,pick_up_the_black_bowl_on_the_stove_and_place_it_on_the_plate_add_24
2044,Objects Layout,4,1,pick_up_the_black_bowl_on_the_stove_and_place_it_on_the_plate,,,,,,,,,,,,25,,pick up the black bowl on the stove and place it on the plate,pick up the black bowl on the stove and place it on the plate add 25,pick_up_the_black_bowl_on_the_stove_and_place_it_on_the_plate_add_25
2045,Objects Layout,3,2,pick_up_the_black_bowl_on_the_stove_and_place_it_on_the_plate,,,,,,,,,,,,26,,pick up the black bowl on the stove and place it on the plate,pick up the black bowl on the stove and place it on the plate add 26,pick_up_the_black_bowl_on_the_stove_and_place_it_on_the_plate_add_26
2046,Objects Layout,4,1,pick_up_the_black_bowl_on_the_stove_and_place_it_on_the_plate,,,,,,,,,,,,28,,pick up the black bowl on the stove and place it on the plate,pick up the black bowl on the stove and place it on the plate add 28,pick_up_the_black_bowl_on_the_stove_and_place_it_on_the_plate_add_28
2047,Objects Layout,3,2,pick_up_the_black_bowl_on_the_stove_and_place_it_on_the_plate,,,,,,,,,,,,4,,pick up the black bowl on the stove and place it on the plate,pick up the black bowl on the stove and place it on the plate add 4,pick_up_the_black_bowl_on_the_stove_and_place_it_on_the_plate_add_4
2048,Objects Layout,3,2,pick_up_the_black_bowl_on_the_stove_and_place_it_on_the_plate,,,,,,,,,,,,5,,pick up the black bowl on the stove and place it on the plate,pick up the black bowl on the stove and place it on the plate add 5,pick_up_the_black_bowl_on_the_stove_and_place_it_on_the_plate_add_5
2049,Objects Layout,3,2,pick_up_the_black_bowl_on_the_stove_and_place_it_on_the_plate,,,,,,,,,,,,7,,pick up the black bowl on the stove and place it on the plate,pick up the black bowl on the stove and place it on the plate add 7,pick_up_the_black_bowl_on_the_stove_and_place_it_on_the_plate_add_7
2050,Objects Layout,3,2,pick_up_the_black_bowl_on_the_stove_and_place_it_on_the_plate,,,,,,,,,,,,8,,pick up the black bowl on the stove and place it on the plate,pick up the black bowl on the stove and place it on the plate add 8,pick_up_the_black_bowl_on_the_stove_and_place_it_on_the_plate_add_8
2051,Objects Layout,3,2,pick_up_the_black_bowl_on_the_stove_and_place_it_on_the_plate,,,,,,,,,,,,,1,pick up the black bowl on the stove and place it on the plate,pick up the black bowl on the stove and place it on the plate level1 sample1,pick_up_the_black_bowl_on_the_stove_and_place_it_on_the_plate_level1_sample1
2052,Objects Layout,4,1,pick_up_the_black_bowl_on_the_stove_and_place_it_on_the_plate,,,,,,,,,,,,,1,pick up the black bowl on the stove and place it on the plate,pick up the black bowl on the stove and place it on the plate level1 sample2,pick_up_the_black_bowl_on_the_stove_and_place_it_on_the_plate_level1_sample2
2053,Objects Layout,3,2,pick_up_the_black_bowl_on_the_stove_and_place_it_on_the_plate,,,,,,,,,,,,,1,pick up the black bowl on the stove and place it on the plate,pick up the black bowl on the stove and place it on the plate level1 sample3,pick_up_the_black_bowl_on_the_stove_and_place_it_on_the_plate_level1_sample3
2054,Objects Layout,3,2,pick_up_the_black_bowl_on_the_stove_and_place_it_on_the_plate,,,,,,,,,,,,,1,pick up the black bowl on the stove and place it on the plate,pick up the black bowl on the stove and place it on the plate level1 sample4,pick_up_the_black_bowl_on_the_stove_and_place_it_on_the_plate_level1_sample4
2055,Objects Layout,3,2,pick_up_the_black_bowl_on_the_stove_and_place_it_on_the_plate,,,,,,,,,,,,,2,pick up the black bowl on the stove and place it on the plate,pick up the black bowl on the stove and place it on the plate level2 sample1,pick_up_the_black_bowl_on_the_stove_and_place_it_on_the_plate_level2_sample1
2056,Objects Layout,3,2,pick_up_the_black_bowl_on_the_stove_and_place_it_on_the_plate,,,,,,,,,,,,,2,pick up the black bowl on the stove and place it on the plate,pick up the black bowl on the stove and place it on the plate level2 sample2,pick_up_the_black_bowl_on_the_stove_and_place_it_on_the_plate_level2_sample2
2057,Objects Layout,2,3,pick_up_the_black_bowl_on_the_stove_and_place_it_on_the_plate,,,,,,,,,,,,,2,pick up the black bowl on the stove and place it on the plate,pick up the black bowl on the stove and place it on the plate level2 sample3,pick_up_the_black_bowl_on_the_stove_and_place_it_on_the_plate_level2_sample3
2058,Objects Layout,2,3,pick_up_the_black_bowl_on_the_stove_and_place_it_on_the_plate,,,,,,,,,,,,,2,pick up the black bowl on the stove and place it on the plate,pick up the black bowl on the stove and place it on the plate level2 sample4,pick_up_the_black_bowl_on_the_stove_and_place_it_on_the_plate_level2_sample4
2059,Objects Layout,3,2,pick_up_the_black_bowl_on_the_stove_and_place_it_on_the_plate,,,,,,,,,,,,,3,pick up the black bowl on the stove and place it on the plate,pick up the black bowl on the stove and place it on the plate level3 sample2,pick_up_the_black_bowl_on_the_stove_and_place_it_on_the_plate_level3_sample2
2060,Objects Layout,4,1,pick_up_the_black_bowl_on_the_stove_and_place_it_on_the_plate,,,,,,,,,,,,,3,pick up the black bowl on the stove and place it on the plate,pick up the black bowl on the stove and place it on the plate level3 sample3,pick_up_the_black_bowl_on_the_stove_and_place_it_on_the_plate_level3_sample3
2061,Objects Layout,3,2,pick_up_the_black_bowl_on_the_stove_and_place_it_on_the_plate,,,,,,,,,,,,,3,pick up the black bowl on the stove and place it on the plate,pick up the black bowl on the stove and place it on the plate level3 sample4,pick_up_the_black_bowl_on_the_stove_and_place_it_on_the_plate_level3_sample4
2062,Objects Layout,3,2,pick_up_the_black_bowl_on_the_stove_and_place_it_on_the_plate,,,,,,,,,,,,,4,pick up the black bowl on the stove and place it on the plate,pick up the black bowl on the stove and place it on the plate level4 sample2,pick_up_the_black_bowl_on_the_stove_and_place_it_on_the_plate_level4_sample2
2063,Objects Layout,4,1,pick_up_the_black_bowl_on_the_stove_and_place_it_on_the_plate,,,,,,,,,,,,,4,pick up the black bowl on the stove and place it on the plate,pick up the black bowl on the stove and place it on the plate level4 sample3,pick_up_the_black_bowl_on_the_stove_and_place_it_on_the_plate_level4_sample3
2064,Objects Layout,2,3,pick_up_the_black_bowl_on_the_stove_and_place_it_on_the_plate,,,,,,,,,,,,,4,pick up the black bowl on the stove and place it on the plate,pick up the black bowl on the stove and place it on the plate level4 sample4,pick_up_the_black_bowl_on_the_stove_and_place_it_on_the_plate_level4_sample4
2065,Objects Layout,3,2,pick_up_the_black_bowl_on_the_stove_and_place_it_on_the_plate,,,,,,,,,,,,,5,pick up the black bowl on the stove and place it on the plate,pick up the black bowl on the stove and place it on the plate level5 sample1,pick_up_the_black_bowl_on_the_stove_and_place_it_on_the_plate_level5_sample1
2066,Objects Layout,4,1,pick_up_the_black_bowl_on_the_stove_and_place_it_on_the_plate,,,,,,,,,,,,,5,pick up the black bowl on the stove and place it on the plate,pick up the black bowl on the stove and place it on the plate level5 sample4,pick_up_the_black_bowl_on_the_stove_and_place_it_on_the_plate_level5_sample4
2067,Objects Layout,2,3,pick_up_the_black_bowl_on_the_wooden_cabinet_and_place_it_on_the_plate,,,,,,,,,,,,1,,pick up the black bowl on the wooden cabinet and place it on the plate,pick up the black bowl on the wooden cabinet and place it on the plate add 1,pick_up_the_black_bowl_on_the_wooden_cabinet_and_place_it_on_the_plate_add_1
2068,Objects Layout,2,3,pick_up_the_black_bowl_on_the_wooden_cabinet_and_place_it_on_the_plate,,,,,,,,,,,,11,,pick up the black bowl on the wooden cabinet and place it on the plate,pick up the black bowl on the wooden cabinet and place it on the plate add 11,pick_up_the_black_bowl_on_the_wooden_cabinet_and_place_it_on_the_plate_add_11
2069,Objects Layout,3,2,pick_up_the_black_bowl_on_the_wooden_cabinet_and_place_it_on_the_plate,,,,,,,,,,,,12,,pick up the black bowl on the wooden cabinet and place it on the plate,pick up the black bowl on the wooden cabinet and place it on the plate add 12,pick_up_the_black_bowl_on_the_wooden_cabinet_and_place_it_on_the_plate_add_12
2070,Objects Layout,3,2,pick_up_the_black_bowl_on_the_wooden_cabinet_and_place_it_on_the_plate,,,,,,,,,,,,14,,pick up the black bowl on the wooden cabinet and place it on the plate,pick up the black bowl on the wooden cabinet and place it on the plate add 14,pick_up_the_black_bowl_on_the_wooden_cabinet_and_place_it_on_the_plate_add_14
2071,Objects Layout,4,1,pick_up_the_black_bowl_on_the_wooden_cabinet_and_place_it_on_the_plate,,,,,,,,,,,,15,,pick up the black bowl on the wooden cabinet and place it on the plate,pick up the black bowl on the wooden cabinet and place it on the plate add 15,pick_up_the_black_bowl_on_the_wooden_cabinet_and_place_it_on_the_plate_add_15
2072,Objects Layout,3,2,pick_up_the_black_bowl_on_the_wooden_cabinet_and_place_it_on_the_plate,,,,,,,,,,,,16,,pick up the black bowl on the wooden cabinet and place it on the plate,pick up the black bowl on the wooden cabinet and place it on the plate add 16,pick_up_the_black_bowl_on_the_wooden_cabinet_and_place_it_on_the_plate_add_16
2073,Objects Layout,3,2,pick_up_the_black_bowl_on_the_wooden_cabinet_and_place_it_on_the_plate,,,,,,,,,,,,18,,pick up the black bowl on the wooden cabinet and place it on the plate,pick up the black bowl on the wooden cabinet and place it on the plate add 18,pick_up_the_black_bowl_on_the_wooden_cabinet_and_place_it_on_the_plate_add_18
2074,Objects Layout,4,1,pick_up_the_black_bowl_on_the_wooden_cabinet_and_place_it_on_the_plate,,,,,,,,,,,,19,,pick up the black bowl on the wooden cabinet and place it on the plate,pick up the black bowl on the wooden cabinet and place it on the plate add 19,pick_up_the_black_bowl_on_the_wooden_cabinet_and_place_it_on_the_plate_add_19
2075,Objects Layout,3,2,pick_up_the_black_bowl_on_the_wooden_cabinet_and_place_it_on_the_plate,,,,,,,,,,,,2,,pick up the black bowl on the wooden cabinet and place it on the plate,pick up the black bowl on the wooden cabinet and place it on the plate add 2,pick_up_the_black_bowl_on_the_wooden_cabinet_and_place_it_on_the_plate_add_2
2076,Objects Layout,5,0,pick_up_the_black_bowl_on_the_wooden_cabinet_and_place_it_on_the_plate,,,,,,,,,,,,20,,pick up the black bowl on the wooden cabinet and place it on the plate,pick up the black bowl on the wooden cabinet and place it on the plate add 20,pick_up_the_black_bowl_on_the_wooden_cabinet_and_place_it_on_the_plate_add_20
2077,Objects Layout,2,3,pick_up_the_black_bowl_on_the_wooden_cabinet_and_place_it_on_the_plate,,,,,,,,,,,,21,,pick up the black bowl on the wooden cabinet and place it on the plate,pick up the black bowl on the wooden cabinet and place it on the plate add 21,pick_up_the_black_bowl_on_the_wooden_cabinet_and_place_it_on_the_plate_add_21
2078,Objects Layout,4,1,pick_up_the_black_bowl_on_the_wooden_cabinet_and_place_it_on_the_plate,,,,,,,,,,,,22,,pick up the black bowl on the wooden cabinet and place it on the plate,pick up the black bowl on the wooden cabinet and place it on the plate add 22,pick_up_the_black_bowl_on_the_wooden_cabinet_and_place_it_on_the_plate_add_22
2079,Objects Layout,5,0,pick_up_the_black_bowl_on_the_wooden_cabinet_and_place_it_on_the_plate,,,,,,,,,,,,24,,pick up the black bowl on the wooden cabinet and place it on the plate,pick up the black bowl on the wooden cabinet and place it on the plate add 24,pick_up_the_black_bowl_on_the_wooden_cabinet_and_place_it_on_the_plate_add_24
2080,Objects Layout,4,1,pick_up_the_black_bowl_on_the_wooden_cabinet_and_place_it_on_the_plate,,,,,,,,,,,,25,,pick up the black bowl on the wooden cabinet and place it on the plate,pick up the black bowl on the wooden cabinet and place it on the plate add 25,pick_up_the_black_bowl_on_the_wooden_cabinet_and_place_it_on_the_plate_add_25
2081,Objects Layout,5,0,pick_up_the_black_bowl_on_the_wooden_cabinet_and_place_it_on_the_plate,,,,,,,,,,,,26,,pick up the black bowl on the wooden cabinet and place it on the plate,pick up the black bowl on the wooden cabinet and place it on the plate add 26,pick_up_the_black_bowl_on_the_wooden_cabinet_and_place_it_on_the_plate_add_26
2082,Objects Layout,4,1,pick_up_the_black_bowl_on_the_wooden_cabinet_and_place_it_on_the_plate,,,,,,,,,,,,28,,pick up the black bowl on the wooden cabinet and place it on the plate,pick up the black bowl on the wooden cabinet and place it on the plate add 28,pick_up_the_black_bowl_on_the_wooden_cabinet_and_place_it_on_the_plate_add_28
2083,Objects Layout,3,2,pick_up_the_black_bowl_on_the_wooden_cabinet_and_place_it_on_the_plate,,,,,,,,,,,,3,,pick up the black bowl on the wooden cabinet and place it on the plate,pick up the black bowl on the wooden cabinet and place it on the plate add 3,pick_up_the_black_bowl_on_the_wooden_cabinet_and_place_it_on_the_plate_add_3
2084,Objects Layout,3,2,pick_up_the_black_bowl_on_the_wooden_cabinet_and_place_it_on_the_plate,,,,,,,,,,,,30,,pick up the black bowl on the wooden cabinet and place it on the plate,pick up the black bowl on the wooden cabinet and place it on the plate add 30,pick_up_the_black_bowl_on_the_wooden_cabinet_and_place_it_on_the_plate_add_30
2085,Objects Layout,3,2,pick_up_the_black_bowl_on_the_wooden_cabinet_and_place_it_on_the_plate,,,,,,,,,,,,4,,pick up the black bowl on the wooden cabinet and place it on the plate,pick up the black bowl on the wooden cabinet and place it on the plate add 4,pick_up_the_black_bowl_on_the_wooden_cabinet_and_place_it_on_the_plate_add_4
2086,Objects Layout,4,1,pick_up_the_black_bowl_on_the_wooden_cabinet_and_place_it_on_the_plate,,,,,,,,,,,,5,,pick up the black bowl on the wooden cabinet and place it on the plate,pick up the black bowl on the wooden cabinet and place it on the plate add 5,pick_up_the_black_bowl_on_the_wooden_cabinet_and_place_it_on_the_plate_add_5
2087,Objects Layout,3,2,pick_up_the_black_bowl_on_the_wooden_cabinet_and_place_it_on_the_plate,,,,,,,,,,,,6,,pick up the black bowl on the wooden cabinet and place it on the plate,pick up the black bowl on the wooden cabinet and place it on the plate add 6,pick_up_the_black_bowl_on_the_wooden_cabinet_and_place_it_on_the_plate_add_6
2088,Objects Layout,3,2,pick_up_the_black_bowl_on_the_wooden_cabinet_and_place_it_on_the_plate,,,,,,,,,,,,7,,pick up the black bowl on the wooden cabinet and place it on the plate,pick up the black bowl on the wooden cabinet and place it on the plate add 7,pick_up_the_black_bowl_on_the_wooden_cabinet_and_place_it_on_the_plate_add_7
2089,Objects Layout,3,2,pick_up_the_black_bowl_on_the_wooden_cabinet_and_place_it_on_the_plate,,,,,,,,,,,,8,,pick up the black bowl on the wooden cabinet and place it on the plate,pick up the black bowl on the wooden cabinet and place it on the plate add 8,pick_up_the_black_bowl_on_the_wooden_cabinet_and_place_it_on_the_plate_add_8
2090,Objects Layout,3,2,pick_up_the_black_bowl_on_the_wooden_cabinet_and_place_it_on_the_plate,,,,,,,,,,,,9,,pick up the black bowl on the wooden cabinet and place it on the plate,pick up the black bowl on the wooden cabinet and place it on the plate add 9,pick_up_the_black_bowl_on_the_wooden_cabinet_and_place_it_on_the_plate_add_9
2091,Objects Layout,2,3,pick_up_the_black_bowl_on_the_wooden_cabinet_and_place_it_on_the_plate,,,,,,,,,,,,,1,pick up the black bowl on the wooden cabinet and place it on the plate,pick up the black bowl on the wooden cabinet and place it on the plate level1 sample1,pick_up_the_black_bowl_on_the_wooden_cabinet_and_place_it_on_the_plate_level1_sample1
2092,Objects Layout,2,3,pick_up_the_black_bowl_on_the_wooden_cabinet_and_place_it_on_the_plate,,,,,,,,,,,,,1,pick up the black bowl on the wooden cabinet and place it on the plate,pick up the black bowl on the wooden cabinet and place it on the plate level1 sample2,pick_up_the_black_bowl_on_the_wooden_cabinet_and_place_it_on_the_plate_level1_sample2
2093,Objects Layout,3,2,pick_up_the_black_bowl_on_the_wooden_cabinet_and_place_it_on_the_plate,,,,,,,,,,,,,1,pick up the black bowl on the wooden cabinet and place it on the plate,pick up the black bowl on the wooden cabinet and place it on the plate level1 sample4,pick_up_the_black_bowl_on_the_wooden_cabinet_and_place_it_on_the_plate_level1_sample4
2094,Objects Layout,4,1,pick_up_the_black_bowl_on_the_wooden_cabinet_and_place_it_on_the_plate,,,,,,,,,,,,,2,pick up the black bowl on the wooden cabinet and place it on the plate,pick up the black bowl on the wooden cabinet and place it on the plate level2 sample1,pick_up_the_black_bowl_on_the_wooden_cabinet_and_place_it_on_the_plate_level2_sample1
2095,Objects Layout,2,3,pick_up_the_black_bowl_on_the_wooden_cabinet_and_place_it_on_the_plate,,,,,,,,,,,,,2,pick up the black bowl on the wooden cabinet and place it on the plate,pick up the black bowl on the wooden cabinet and place it on the plate level2 sample2,pick_up_the_black_bowl_on_the_wooden_cabinet_and_place_it_on_the_plate_level2_sample2
2096,Objects Layout,2,3,pick_up_the_black_bowl_on_the_wooden_cabinet_and_place_it_on_the_plate,,,,,,,,,,,,,2,pick up the black bowl on the wooden cabinet and place it on the plate,pick up the black bowl on the wooden cabinet and place it on the plate level2 sample3,pick_up_the_black_bowl_on_the_wooden_cabinet_and_place_it_on_the_plate_level2_sample3
2097,Objects Layout,2,3,pick_up_the_black_bowl_on_the_wooden_cabinet_and_place_it_on_the_plate,,,,,,,,,,,,,2,pick up the black bowl on the wooden cabinet and place it on the plate,pick up the black bowl on the wooden cabinet and place it on the plate level2 sample4,pick_up_the_black_bowl_on_the_wooden_cabinet_and_place_it_on_the_plate_level2_sample4
2098,Objects Layout,3,2,pick_up_the_black_bowl_on_the_wooden_cabinet_and_place_it_on_the_plate,,,,,,,,,,,,,3,pick up the black bowl on the wooden cabinet and place it on the plate,pick up the black bowl on the wooden cabinet and place it on the plate level3 sample1,pick_up_the_black_bowl_on_the_wooden_cabinet_and_place_it_on_the_plate_level3_sample1
2099,Objects Layout,3,2,pick_up_the_black_bowl_on_the_wooden_cabinet_and_place_it_on_the_plate,,,,,,,,,,,,,3,pick up the black bowl on the wooden cabinet and place it on the plate,pick up the black bowl on the wooden cabinet and place it on the plate level3 sample2,pick_up_the_black_bowl_on_the_wooden_cabinet_and_place_it_on_the_plate_level3_sample2
2100,Objects Layout,3,2,pick_up_the_black_bowl_on_the_wooden_cabinet_and_place_it_on_the_plate,,,,,,,,,,,,,3,pick up the black bowl on the wooden cabinet and place it on the plate,pick up the black bowl on the wooden cabinet and place it on the plate level3 sample3,pick_up_the_black_bowl_on_the_wooden_cabinet_and_place_it_on_the_plate_level3_sample3
2101,Objects Layout,3,2,pick_up_the_black_bowl_on_the_wooden_cabinet_and_place_it_on_the_plate,,,,,,,,,,,,,3,pick up the black bowl on the wooden cabinet and place it on the plate,pick up the black bowl on the wooden cabinet and place it on the plate level3 sample4,pick_up_the_black_bowl_on_the_wooden_cabinet_and_place_it_on_the_plate_level3_sample4
2102,Objects Layout,3,2,pick_up_the_black_bowl_on_the_wooden_cabinet_and_place_it_on_the_plate,,,,,,,,,,,,,4,pick up the black bowl on the wooden cabinet and place it on the plate,pick up the black bowl on the wooden cabinet and place it on the plate level4 sample1,pick_up_the_black_bowl_on_the_wooden_cabinet_and_place_it_on_the_plate_level4_sample1
2103,Objects Layout,3,2,pick_up_the_black_bowl_on_the_wooden_cabinet_and_place_it_on_the_plate,,,,,,,,,,,,,4,pick up the black bowl on the wooden cabinet and place it on the plate,pick up the black bowl on the wooden cabinet and place it on the plate level4 sample2,pick_up_the_black_bowl_on_the_wooden_cabinet_and_place_it_on_the_plate_level4_sample2
2104,Objects Layout,4,1,pick_up_the_black_bowl_on_the_wooden_cabinet_and_place_it_on_the_plate,,,,,,,,,,,,,4,pick up the black bowl on the wooden cabinet and place it on the plate,pick up the black bowl on the wooden cabinet and place it on the plate level4 sample3,pick_up_the_black_bowl_on_the_wooden_cabinet_and_place_it_on_the_plate_level4_sample3
2105,Objects Layout,4,1,pick_up_the_black_bowl_on_the_wooden_cabinet_and_place_it_on_the_plate,,,,,,,,,,,,,4,pick up the black bowl on the wooden cabinet and place it on the plate,pick up the black bowl on the wooden cabinet and place it on the plate level4 sample4,pick_up_the_black_bowl_on_the_wooden_cabinet_and_place_it_on_the_plate_level4_sample4
2106,Objects Layout,3,2,pick_up_the_black_bowl_on_the_wooden_cabinet_and_place_it_on_the_plate,,,,,,,,,,,,,5,pick up the black bowl on the wooden cabinet and place it on the plate,pick up the black bowl on the wooden cabinet and place it on the plate level5 sample1,pick_up_the_black_bowl_on_the_wooden_cabinet_and_place_it_on_the_plate_level5_sample1
2107,Objects Layout,3,2,pick_up_the_black_bowl_on_the_wooden_cabinet_and_place_it_on_the_plate,,,,,,,,,,,,,5,pick up the black bowl on the wooden cabinet and place it on the plate,pick up the black bowl on the wooden cabinet and place it on the plate level5 sample2,pick_up_the_black_bowl_on_the_wooden_cabinet_and_place_it_on_the_plate_level5_sample2
2108,Objects Layout,3,2,pick_up_the_black_bowl_on_the_wooden_cabinet_and_place_it_on_the_plate,,,,,,,,,,,,,5,pick up the black bowl on the wooden cabinet and place it on the plate,pick up the black bowl on the wooden cabinet and place it on the plate level5 sample3,pick_up_the_black_bowl_on_the_wooden_cabinet_and_place_it_on_the_plate_level5_sample3
2109,Objects Layout,4,1,pick_up_the_black_bowl_on_the_wooden_cabinet_and_place_it_on_the_plate,,,,,,,,,,,,,5,pick up the black bowl on the wooden cabinet and place it on the plate,pick up the black bowl on the wooden cabinet and place it on the plate level5 sample4,pick_up_the_black_bowl_on_the_wooden_cabinet_and_place_it_on_the_plate_level5_sample4
2110,Light Conditions,2,3,pick_up_the_black_bowl_between_the_plate_and_the_ramekin_and_place_it_on_the_plate,,,,,,,,,1,,,,,pick up the black bowl between the plate and the ramekin and place it on the plate,pick up the black bowl between the plate and the ramekin and place it on the plate light 1,pick_up_the_black_bowl_between_the_plate_and_the_ramekin_and_place_it_on_the_plate_light_1
2111,Light Conditions,2,3,pick_up_the_black_bowl_between_the_plate_and_the_ramekin_and_place_it_on_the_plate,,,,,,,,,10,,,,,pick up the black bowl between the plate and the ramekin and place it on the plate,pick up the black bowl between the plate and the ramekin and place it on the plate light 10,pick_up_the_black_bowl_between_the_plate_and_the_ramekin_and_place_it_on_the_plate_light_10
2112,Light Conditions,4,1,pick_up_the_black_bowl_between_the_plate_and_the_ramekin_and_place_it_on_the_plate,,,,,,,,,11,,,,,pick up the black bowl between the plate and the ramekin and place it on the plate,pick up the black bowl between the plate and the ramekin and place it on the plate light 11,pick_up_the_black_bowl_between_the_plate_and_the_ramekin_and_place_it_on_the_plate_light_11
2113,Light Conditions,3,2,pick_up_the_black_bowl_between_the_plate_and_the_ramekin_and_place_it_on_the_plate,,,,,,,,,12,,,,,pick up the black bowl between the plate and the ramekin and place it on the plate,pick up the black bowl between the plate and the ramekin and place it on the plate light 12,pick_up_the_black_bowl_between_the_plate_and_the_ramekin_and_place_it_on_the_plate_light_12
2114,Light Conditions,3,2,pick_up_the_black_bowl_between_the_plate_and_the_ramekin_and_place_it_on_the_plate,,,,,,,,,13,,,,,pick up the black bowl between the plate and the ramekin and place it on the plate,pick up the black bowl between the plate and the ramekin and place it on the plate light 13,pick_up_the_black_bowl_between_the_plate_and_the_ramekin_and_place_it_on_the_plate_light_13
2115,Light Conditions,3,2,pick_up_the_black_bowl_between_the_plate_and_the_ramekin_and_place_it_on_the_plate,,,,,,,,,14,,,,,pick up the black bowl between the plate and the ramekin and place it on the plate,pick up the black bowl between the plate and the ramekin and place it on the plate light 14,pick_up_the_black_bowl_between_the_plate_and_the_ramekin_and_place_it_on_the_plate_light_14
2116,Light Conditions,3,2,pick_up_the_black_bowl_between_the_plate_and_the_ramekin_and_place_it_on_the_plate,,,,,,,,,15,,,,,pick up the black bowl between the plate and the ramekin and place it on the plate,pick up the black bowl between the plate and the ramekin and place it on the plate light 15,pick_up_the_black_bowl_between_the_plate_and_the_ramekin_and_place_it_on_the_plate_light_15
2117,Light Conditions,2,3,pick_up_the_black_bowl_between_the_plate_and_the_ramekin_and_place_it_on_the_plate,,,,,,,,,16,,,,,pick up the black bowl between the plate and the ramekin and place it on the plate,pick up the black bowl between the plate and the ramekin and place it on the plate light 16,pick_up_the_black_bowl_between_the_plate_and_the_ramekin_and_place_it_on_the_plate_light_16
2118,Light Conditions,2,3,pick_up_the_black_bowl_between_the_plate_and_the_ramekin_and_place_it_on_the_plate,,,,,,,,,17,,,,,pick up the black bowl between the plate and the ramekin and place it on the plate,pick up the black bowl between the plate and the ramekin and place it on the plate light 17,pick_up_the_black_bowl_between_the_plate_and_the_ramekin_and_place_it_on_the_plate_light_17
2119,Light Conditions,4,1,pick_up_the_black_bowl_between_the_plate_and_the_ramekin_and_place_it_on_the_plate,,,,,,,,,18,,,,,pick up the black bowl between the plate and the ramekin and place it on the plate,pick up the black bowl between the plate and the ramekin and place it on the plate light 18,pick_up_the_black_bowl_between_the_plate_and_the_ramekin_and_place_it_on_the_plate_light_18
2120,Light Conditions,2,3,pick_up_the_black_bowl_between_the_plate_and_the_ramekin_and_place_it_on_the_plate,,,,,,,,,19,,,,,pick up the black bowl between the plate and the ramekin and place it on the plate,pick up the black bowl between the plate and the ramekin and place it on the plate light 19,pick_up_the_black_bowl_between_the_plate_and_the_ramekin_and_place_it_on_the_plate_light_19
2121,Light Conditions,2,3,pick_up_the_black_bowl_between_the_plate_and_the_ramekin_and_place_it_on_the_plate,,,,,,,,,2,,,,,pick up the black bowl between the plate and the ramekin and place it on the plate,pick up the black bowl between the plate and the ramekin and place it on the plate light 2,pick_up_the_black_bowl_between_the_plate_and_the_ramekin_and_place_it_on_the_plate_light_2
2122,Light Conditions,3,2,pick_up_the_black_bowl_between_the_plate_and_the_ramekin_and_place_it_on_the_plate,,,,,,,,,20,,,,,pick up the black bowl between the plate and the ramekin and place it on the plate,pick up the black bowl between the plate and the ramekin and place it on the plate light 20,pick_up_the_black_bowl_between_the_plate_and_the_ramekin_and_place_it_on_the_plate_light_20
2123,Light Conditions,1,4,pick_up_the_black_bowl_between_the_plate_and_the_ramekin_and_place_it_on_the_plate,,,,,,,,,21,,,,,pick up the black bowl between the plate and the ramekin and place it on the plate,pick up the black bowl between the plate and the ramekin and place it on the plate light 21,pick_up_the_black_bowl_between_the_plate_and_the_ramekin_and_place_it_on_the_plate_light_21
2124,Light Conditions,3,2,pick_up_the_black_bowl_between_the_plate_and_the_ramekin_and_place_it_on_the_plate,,,,,,,,,24,,,,,pick up the black bowl between the plate and the ramekin and place it on the plate,pick up the black bowl between the plate and the ramekin and place it on the plate light 24,pick_up_the_black_bowl_between_the_plate_and_the_ramekin_and_place_it_on_the_plate_light_24
2125,Light Conditions,3,2,pick_up_the_black_bowl_between_the_plate_and_the_ramekin_and_place_it_on_the_plate,,,,,,,,,25,,,,,pick up the black bowl between the plate and the ramekin and place it on the plate,pick up the black bowl between the plate and the ramekin and place it on the plate light 25,pick_up_the_black_bowl_between_the_plate_and_the_ramekin_and_place_it_on_the_plate_light_25
2126,Light Conditions,3,2,pick_up_the_black_bowl_between_the_plate_and_the_ramekin_and_place_it_on_the_plate,,,,,,,,,26,,,,,pick up the black bowl between the plate and the ramekin and place it on the plate,pick up the black bowl between the plate and the ramekin and place it on the plate light 26,pick_up_the_black_bowl_between_the_plate_and_the_ramekin_and_place_it_on_the_plate_light_26
2127,Light Conditions,4,1,pick_up_the_black_bowl_between_the_plate_and_the_ramekin_and_place_it_on_the_plate,,,,,,,,,27,,,,,pick up the black bowl between the plate and the ramekin and place it on the plate,pick up the black bowl between the plate and the ramekin and place it on the plate light 27,pick_up_the_black_bowl_between_the_plate_and_the_ramekin_and_place_it_on_the_plate_light_27
2128,Light Conditions,2,3,pick_up_the_black_bowl_between_the_plate_and_the_ramekin_and_place_it_on_the_plate,,,,,,,,,28,,,,,pick up the black bowl between the plate and the ramekin and place it on the plate,pick up the black bowl between the plate and the ramekin and place it on the plate light 28,pick_up_the_black_bowl_between_the_plate_and_the_ramekin_and_place_it_on_the_plate_light_28
2129,Light Conditions,4,1,pick_up_the_black_bowl_between_the_plate_and_the_ramekin_and_place_it_on_the_plate,,,,,,,,,29,,,,,pick up the black bowl between the plate and the ramekin and place it on the plate,pick up the black bowl between the plate and the ramekin and place it on the plate light 29,pick_up_the_black_bowl_between_the_plate_and_the_ramekin_and_place_it_on_the_plate_light_29
2130,Light Conditions,3,2,pick_up_the_black_bowl_between_the_plate_and_the_ramekin_and_place_it_on_the_plate,,,,,,,,,3,,,,,pick up the black bowl between the plate and the ramekin and place it on the plate,pick up the black bowl between the plate and the ramekin and place it on the plate light 3,pick_up_the_black_bowl_between_the_plate_and_the_ramekin_and_place_it_on_the_plate_light_3
2131,Light Conditions,2,3,pick_up_the_black_bowl_between_the_plate_and_the_ramekin_and_place_it_on_the_plate,,,,,,,,,30,,,,,pick up the black bowl between the plate and the ramekin and place it on the plate,pick up the black bowl between the plate and the ramekin and place it on the plate light 30,pick_up_the_black_bowl_between_the_plate_and_the_ramekin_and_place_it_on_the_plate_light_30
2132,Light Conditions,5,0,pick_up_the_black_bowl_between_the_plate_and_the_ramekin_and_place_it_on_the_plate,,,,,,,,,31,,,,,pick up the black bowl between the plate and the ramekin and place it on the plate,pick up the black bowl between the plate and the ramekin and place it on the plate light 31,pick_up_the_black_bowl_between_the_plate_and_the_ramekin_and_place_it_on_the_plate_light_31
2133,Light Conditions,2,3,pick_up_the_black_bowl_between_the_plate_and_the_ramekin_and_place_it_on_the_plate,,,,,,,,,33,,,,,pick up the black bowl between the plate and the ramekin and place it on the plate,pick up the black bowl between the plate and the ramekin and place it on the plate light 33,pick_up_the_black_bowl_between_the_plate_and_the_ramekin_and_place_it_on_the_plate_light_33
2134,Light Conditions,4,1,pick_up_the_black_bowl_between_the_plate_and_the_ramekin_and_place_it_on_the_plate,,,,,,,,,34,,,,,pick up the black bowl between the plate and the ramekin and place it on the plate,pick up the black bowl between the plate and the ramekin and place it on the plate light 34,pick_up_the_black_bowl_between_the_plate_and_the_ramekin_and_place_it_on_the_plate_light_34
2135,Light Conditions,3,2,pick_up_the_black_bowl_between_the_plate_and_the_ramekin_and_place_it_on_the_plate,,,,,,,,,35,,,,,pick up the black bowl between the plate and the ramekin and place it on the plate,pick up the black bowl between the plate and the ramekin and place it on the plate light 35,pick_up_the_black_bowl_between_the_plate_and_the_ramekin_and_place_it_on_the_plate_light_35
2136,Light Conditions,4,1,pick_up_the_black_bowl_between_the_plate_and_the_ramekin_and_place_it_on_the_plate,,,,,,,,,36,,,,,pick up the black bowl between the plate and the ramekin and place it on the plate,pick up the black bowl between the plate and the ramekin and place it on the plate light 36,pick_up_the_black_bowl_between_the_plate_and_the_ramekin_and_place_it_on_the_plate_light_36
2137,Light Conditions,4,1,pick_up_the_black_bowl_between_the_plate_and_the_ramekin_and_place_it_on_the_plate,,,,,,,,,38,,,,,pick up the black bowl between the plate and the ramekin and place it on the plate,pick up the black bowl between the plate and the ramekin and place it on the plate light 38,pick_up_the_black_bowl_between_the_plate_and_the_ramekin_and_place_it_on_the_plate_light_38
2138,Light Conditions,2,3,pick_up_the_black_bowl_between_the_plate_and_the_ramekin_and_place_it_on_the_plate,,,,,,,,,4,,,,,pick up the black bowl between the plate and the ramekin and place it on the plate,pick up the black bowl between the plate and the ramekin and place it on the plate light 4,pick_up_the_black_bowl_between_the_plate_and_the_ramekin_and_place_it_on_the_plate_light_4
2139,Light Conditions,5,0,pick_up_the_black_bowl_between_the_plate_and_the_ramekin_and_place_it_on_the_plate,,,,,,,,,41,,,,,pick up the black bowl between the plate and the ramekin and place it on the plate,pick up the black bowl between the plate and the ramekin and place it on the plate light 41,pick_up_the_black_bowl_between_the_plate_and_the_ramekin_and_place_it_on_the_plate_light_41
2140,Light Conditions,4,1,pick_up_the_black_bowl_between_the_plate_and_the_ramekin_and_place_it_on_the_plate,,,,,,,,,42,,,,,pick up the black bowl between the plate and the ramekin and place it on the plate,pick up the black bowl between the plate and the ramekin and place it on the plate light 42,pick_up_the_black_bowl_between_the_plate_and_the_ramekin_and_place_it_on_the_plate_light_42
2141,Light Conditions,3,2,pick_up_the_black_bowl_between_the_plate_and_the_ramekin_and_place_it_on_the_plate,,,,,,,,,43,,,,,pick up the black bowl between the plate and the ramekin and place it on the plate,pick up the black bowl between the plate and the ramekin and place it on the plate light 43,pick_up_the_black_bowl_between_the_plate_and_the_ramekin_and_place_it_on_the_plate_light_43
2142,Light Conditions,2,3,pick_up_the_black_bowl_between_the_plate_and_the_ramekin_and_place_it_on_the_plate,,,,,,,,,45,,,,,pick up the black bowl between the plate and the ramekin and place it on the plate,pick up the black bowl between the plate and the ramekin and place it on the plate light 45,pick_up_the_black_bowl_between_the_plate_and_the_ramekin_and_place_it_on_the_plate_light_45
2143,Light Conditions,3,2,pick_up_the_black_bowl_between_the_plate_and_the_ramekin_and_place_it_on_the_plate,,,,,,,,,46,,,,,pick up the black bowl between the plate and the ramekin and place it on the plate,pick up the black bowl between the plate and the ramekin and place it on the plate light 46,pick_up_the_black_bowl_between_the_plate_and_the_ramekin_and_place_it_on_the_plate_light_46
2144,Light Conditions,3,2,pick_up_the_black_bowl_between_the_plate_and_the_ramekin_and_place_it_on_the_plate,,,,,,,,,47,,,,,pick up the black bowl between the plate and the ramekin and place it on the plate,pick up the black bowl between the plate and the ramekin and place it on the plate light 47,pick_up_the_black_bowl_between_the_plate_and_the_ramekin_and_place_it_on_the_plate_light_47
2145,Light Conditions,3,2,pick_up_the_black_bowl_between_the_plate_and_the_ramekin_and_place_it_on_the_plate,,,,,,,,,48,,,,,pick up the black bowl between the plate and the ramekin and place it on the plate,pick up the black bowl between the plate and the ramekin and place it on the plate light 48,pick_up_the_black_bowl_between_the_plate_and_the_ramekin_and_place_it_on_the_plate_light_48
2146,Light Conditions,5,0,pick_up_the_black_bowl_between_the_plate_and_the_ramekin_and_place_it_on_the_plate,,,,,,,,,49,,,,,pick up the black bowl between the plate and the ramekin and place it on the plate,pick up the black bowl between the plate and the ramekin and place it on the plate light 49,pick_up_the_black_bowl_between_the_plate_and_the_ramekin_and_place_it_on_the_plate_light_49
2147,Light Conditions,2,3,pick_up_the_black_bowl_between_the_plate_and_the_ramekin_and_place_it_on_the_plate,,,,,,,,,5,,,,,pick up the black bowl between the plate and the ramekin and place it on the plate,pick up the black bowl between the plate and the ramekin and place it on the plate light 5,pick_up_the_black_bowl_between_the_plate_and_the_ramekin_and_place_it_on_the_plate_light_5
2148,Light Conditions,3,2,pick_up_the_black_bowl_between_the_plate_and_the_ramekin_and_place_it_on_the_plate,,,,,,,,,50,,,,,pick up the black bowl between the plate and the ramekin and place it on the plate,pick up the black bowl between the plate and the ramekin and place it on the plate light 50,pick_up_the_black_bowl_between_the_plate_and_the_ramekin_and_place_it_on_the_plate_light_50
2149,Light Conditions,2,3,pick_up_the_black_bowl_between_the_plate_and_the_ramekin_and_place_it_on_the_plate,,,,,,,,,7,,,,,pick up the black bowl between the plate and the ramekin and place it on the plate,pick up the black bowl between the plate and the ramekin and place it on the plate light 7,pick_up_the_black_bowl_between_the_plate_and_the_ramekin_and_place_it_on_the_plate_light_7
2150,Light Conditions,4,1,pick_up_the_black_bowl_between_the_plate_and_the_ramekin_and_place_it_on_the_plate,,,,,,,,,8,,,,,pick up the black bowl between the plate and the ramekin and place it on the plate,pick up the black bowl between the plate and the ramekin and place it on the plate light 8,pick_up_the_black_bowl_between_the_plate_and_the_ramekin_and_place_it_on_the_plate_light_8
2151,Light Conditions,2,3,pick_up_the_black_bowl_between_the_plate_and_the_ramekin_and_place_it_on_the_plate,,,,,,,,,9,,,,,pick up the black bowl between the plate and the ramekin and place it on the plate,pick up the black bowl between the plate and the ramekin and place it on the plate light 9,pick_up_the_black_bowl_between_the_plate_and_the_ramekin_and_place_it_on_the_plate_light_9
2152,Light Conditions,3,2,pick_up_the_black_bowl_from,,,,,,,,,1,,,,,pick up the black bowl from,pick up the black bowl from table center and place it on the plate light 1,pick_up_the_black_bowl_from_table_center_and_place_it_on_the_plate_light_1
2153,Light Conditions,3,2,pick_up_the_black_bowl_from,,,,,,,,,10,,,,,pick up the black bowl from,pick up the black bowl from table center and place it on the plate light 10,pick_up_the_black_bowl_from_table_center_and_place_it_on_the_plate_light_10
2154,Light Conditions,3,2,pick_up_the_black_bowl_from,,,,,,,,,11,,,,,pick up the black bowl from,pick up the black bowl from table center and place it on the plate light 11,pick_up_the_black_bowl_from_table_center_and_place_it_on_the_plate_light_11
2155,Light Conditions,1,4,pick_up_the_black_bowl_from,,,,,,,,,12,,,,,pick up the black bowl from,pick up the black bowl from table center and place it on the plate light 12,pick_up_the_black_bowl_from_table_center_and_place_it_on_the_plate_light_12
2156,Light Conditions,3,2,pick_up_the_black_bowl_from,,,,,,,,,13,,,,,pick up the black bowl from,pick up the black bowl from table center and place it on the plate light 13,pick_up_the_black_bowl_from_table_center_and_place_it_on_the_plate_light_13
2157,Light Conditions,2,3,pick_up_the_black_bowl_from,,,,,,,,,14,,,,,pick up the black bowl from,pick up the black bowl from table center and place it on the plate light 14,pick_up_the_black_bowl_from_table_center_and_place_it_on_the_plate_light_14
2158,Light Conditions,3,2,pick_up_the_black_bowl_from,,,,,,,,,15,,,,,pick up the black bowl from,pick up the black bowl from table center and place it on the plate light 15,pick_up_the_black_bowl_from_table_center_and_place_it_on_the_plate_light_15
2159,Light Conditions,3,2,pick_up_the_black_bowl_from,,,,,,,,,16,,,,,pick up the black bowl from,pick up the black bowl from table center and place it on the plate light 16,pick_up_the_black_bowl_from_table_center_and_place_it_on_the_plate_light_16
2160,Light Conditions,2,3,pick_up_the_black_bowl_from,,,,,,,,,17,,,,,pick up the black bowl from,pick up the black bowl from table center and place it on the plate light 17,pick_up_the_black_bowl_from_table_center_and_place_it_on_the_plate_light_17
2161,Light Conditions,3,2,pick_up_the_black_bowl_from,,,,,,,,,18,,,,,pick up the black bowl from,pick up the black bowl from table center and place it on the plate light 18,pick_up_the_black_bowl_from_table_center_and_place_it_on_the_plate_light_18
2162,Light Conditions,2,3,pick_up_the_black_bowl_from,,,,,,,,,19,,,,,pick up the black bowl from,pick up the black bowl from table center and place it on the plate light 19,pick_up_the_black_bowl_from_table_center_and_place_it_on_the_plate_light_19
2163,Light Conditions,3,2,pick_up_the_black_bowl_from,,,,,,,,,2,,,,,pick up the black bowl from,pick up the black bowl from table center and place it on the plate light 2,pick_up_the_black_bowl_from_table_center_and_place_it_on_the_plate_light_2
2164,Light Conditions,3,2,pick_up_the_black_bowl_from,,,,,,,,,20,,,,,pick up the black bowl from,pick up the black bowl from table center and place it on the plate light 20,pick_up_the_black_bowl_from_table_center_and_place_it_on_the_plate_light_20
2165,Light Conditions,3,2,pick_up_the_black_bowl_from,,,,,,,,,21,,,,,pick up the black bowl from,pick up the black bowl from table center and place it on the plate light 21,pick_up_the_black_bowl_from_table_center_and_place_it_on_the_plate_light_21
2166,Light Conditions,3,2,pick_up_the_black_bowl_from,,,,,,,,,22,,,,,pick up the black bowl from,pick up the black bowl from table center and place it on the plate light 22,pick_up_the_black_bowl_from_table_center_and_place_it_on_the_plate_light_22
2167,Light Conditions,3,2,pick_up_the_black_bowl_from,,,,,,,,,23,,,,,pick up the black bowl from,pick up the black bowl from table center and place it on the plate light 23,pick_up_the_black_bowl_from_table_center_and_place_it_on_the_plate_light_23
2168,Light Conditions,3,2,pick_up_the_black_bowl_from,,,,,,,,,24,,,,,pick up the black bowl from,pick up the black bowl from table center and place it on the plate light 24,pick_up_the_black_bowl_from_table_center_and_place_it_on_the_plate_light_24
2169,Light Conditions,2,3,pick_up_the_black_bowl_from,,,,,,,,,25,,,,,pick up the black bowl from,pick up the black bowl from table center and place it on the plate light 25,pick_up_the_black_bowl_from_table_center_and_place_it_on_the_plate_light_25
2170,Light Conditions,2,3,pick_up_the_black_bowl_from,,,,,,,,,26,,,,,pick up the black bowl from,pick up the black bowl from table center and place it on the plate light 26,pick_up_the_black_bowl_from_table_center_and_place_it_on_the_plate_light_26
2171,Light Conditions,2,3,pick_up_the_black_bowl_from,,,,,,,,,27,,,,,pick up the black bowl from,pick up the black bowl from table center and place it on the plate light 27,pick_up_the_black_bowl_from_table_center_and_place_it_on_the_plate_light_27
2172,Light Conditions,2,3,pick_up_the_black_bowl_from,,,,,,,,,28,,,,,pick up the black bowl from,pick up the black bowl from table center and place it on the plate light 28,pick_up_the_black_bowl_from_table_center_and_place_it_on_the_plate_light_28
2173,Light Conditions,4,1,pick_up_the_black_bowl_from,,,,,,,,,29,,,,,pick up the black bowl from,pick up the black bowl from table center and place it on the plate light 29,pick_up_the_black_bowl_from_table_center_and_place_it_on_the_plate_light_29
2174,Light Conditions,2,3,pick_up_the_black_bowl_from,,,,,,,,,3,,,,,pick up the black bowl from,pick up the black bowl from table center and place it on the plate light 3,pick_up_the_black_bowl_from_table_center_and_place_it_on_the_plate_light_3
2175,Light Conditions,3,2,pick_up_the_black_bowl_from,,,,,,,,,30,,,,,pick up the black bowl from,pick up the black bowl from table center and place it on the plate light 30,pick_up_the_black_bowl_from_table_center_and_place_it_on_the_plate_light_30
2176,Light Conditions,2,3,pick_up_the_black_bowl_from,,,,,,,,,31,,,,,pick up the black bowl from,pick up the black bowl from table center and place it on the plate light 31,pick_up_the_black_bowl_from_table_center_and_place_it_on_the_plate_light_31
2177,Light Conditions,2,3,pick_up_the_black_bowl_from,,,,,,,,,32,,,,,pick up the black bowl from,pick up the black bowl from table center and place it on the plate light 32,pick_up_the_black_bowl_from_table_center_and_place_it_on_the_plate_light_32
2178,Light Conditions,3,2,pick_up_the_black_bowl_from,,,,,,,,,33,,,,,pick up the black bowl from,pick up the black bowl from table center and place it on the plate light 33,pick_up_the_black_bowl_from_table_center_and_place_it_on_the_plate_light_33
2179,Light Conditions,3,2,pick_up_the_black_bowl_from,,,,,,,,,34,,,,,pick up the black bowl from,pick up the black bowl from table center and place it on the plate light 34,pick_up_the_black_bowl_from_table_center_and_place_it_on_the_plate_light_34
2180,Light Conditions,4,1,pick_up_the_black_bowl_from,,,,,,,,,35,,,,,pick up the black bowl from,pick up the black bowl from table center and place it on the plate light 35,pick_up_the_black_bowl_from_table_center_and_place_it_on_the_plate_light_35
2181,Light Conditions,2,3,pick_up_the_black_bowl_from,,,,,,,,,36,,,,,pick up the black bowl from,pick up the black bowl from table center and place it on the plate light 36,pick_up_the_black_bowl_from_table_center_and_place_it_on_the_plate_light_36
2182,Light Conditions,4,1,pick_up_the_black_bowl_from,,,,,,,,,37,,,,,pick up the black bowl from,pick up the black bowl from table center and place it on the plate light 37,pick_up_the_black_bowl_from_table_center_and_place_it_on_the_plate_light_37
2183,Light Conditions,1,4,pick_up_the_black_bowl_from,,,,,,,,,38,,,,,pick up the black bowl from,pick up the black bowl from table center and place it on the plate light 38,pick_up_the_black_bowl_from_table_center_and_place_it_on_the_plate_light_38
2184,Light Conditions,2,3,pick_up_the_black_bowl_from,,,,,,,,,39,,,,,pick up the black bowl from,pick up the black bowl from table center and place it on the plate light 39,pick_up_the_black_bowl_from_table_center_and_place_it_on_the_plate_light_39
2185,Light Conditions,2,3,pick_up_the_black_bowl_from,,,,,,,,,4,,,,,pick up the black bowl from,pick up the black bowl from table center and place it on the plate light 4,pick_up_the_black_bowl_from_table_center_and_place_it_on_the_plate_light_4
2186,Light Conditions,3,2,pick_up_the_black_bowl_from,,,,,,,,,40,,,,,pick up the black bowl from,pick up the black bowl from table center and place it on the plate light 40,pick_up_the_black_bowl_from_table_center_and_place_it_on_the_plate_light_40
2187,Light Conditions,3,2,pick_up_the_black_bowl_from,,,,,,,,,41,,,,,pick up the black bowl from,pick up the black bowl from table center and place it on the plate light 41,pick_up_the_black_bowl_from_table_center_and_place_it_on_the_plate_light_41
2188,Light Conditions,3,2,pick_up_the_black_bowl_from,,,,,,,,,42,,,,,pick up the black bowl from,pick up the black bowl from table center and place it on the plate light 42,pick_up_the_black_bowl_from_table_center_and_place_it_on_the_plate_light_42
2189,Light Conditions,2,3,pick_up_the_black_bowl_from,,,,,,,,,43,,,,,pick up the black bowl from,pick up the black bowl from table center and place it on the plate light 43,pick_up_the_black_bowl_from_table_center_and_place_it_on_the_plate_light_43
2190,Light Conditions,2,3,pick_up_the_black_bowl_from,,,,,,,,,44,,,,,pick up the black bowl from,pick up the black bowl from table center and place it on the plate light 44,pick_up_the_black_bowl_from_table_center_and_place_it_on_the_plate_light_44
2191,Light Conditions,3,2,pick_up_the_black_bowl_from,,,,,,,,,45,,,,,pick up the black bowl from,pick up the black bowl from table center and place it on the plate light 45,pick_up_the_black_bowl_from_table_center_and_place_it_on_the_plate_light_45
2192,Light Conditions,3,2,pick_up_the_black_bowl_from,,,,,,,,,46,,,,,pick up the black bowl from,pick up the black bowl from table center and place it on the plate light 46,pick_up_the_black_bowl_from_table_center_and_place_it_on_the_plate_light_46
2193,Light Conditions,3,2,pick_up_the_black_bowl_from,,,,,,,,,47,,,,,pick up the black bowl from,pick up the black bowl from table center and place it on the plate light 47,pick_up_the_black_bowl_from_table_center_and_place_it_on_the_plate_light_47
2194,Light Conditions,3,2,pick_up_the_black_bowl_from,,,,,,,,,48,,,,,pick up the black bowl from,pick up the black bowl from table center and place it on the plate light 48,pick_up_the_black_bowl_from_table_center_and_place_it_on_the_plate_light_48
2195,Light Conditions,3,2,pick_up_the_black_bowl_from,,,,,,,,,49,,,,,pick up the black bowl from,pick up the black bowl from table center and place it on the plate light 49,pick_up_the_black_bowl_from_table_center_and_place_it_on_the_plate_light_49
2196,Light Conditions,2,3,pick_up_the_black_bowl_from,,,,,,,,,5,,,,,pick up the black bowl from,pick up the black bowl from table center and place it on the plate light 5,pick_up_the_black_bowl_from_table_center_and_place_it_on_the_plate_light_5
2197,Light Conditions,3,2,pick_up_the_black_bowl_from,,,,,,,,,50,,,,,pick up the black bowl from,pick up the black bowl from table center and place it on the plate light 50,pick_up_the_black_bowl_from_table_center_and_place_it_on_the_plate_light_50
2198,Light Conditions,2,3,pick_up_the_black_bowl_from,,,,,,,,,6,,,,,pick up the black bowl from,pick up the black bowl from table center and place it on the plate light 6,pick_up_the_black_bowl_from_table_center_and_place_it_on_the_plate_light_6
2199,Light Conditions,2,3,pick_up_the_black_bowl_from,,,,,,,,,7,,,,,pick up the black bowl from,pick up the black bowl from table center and place it on the plate light 7,pick_up_the_black_bowl_from_table_center_and_place_it_on_the_plate_light_7
2200,Light Conditions,3,2,pick_up_the_black_bowl_from,,,,,,,,,8,,,,,pick up the black bowl from,pick up the black bowl from table center and place it on the plate light 8,pick_up_the_black_bowl_from_table_center_and_place_it_on_the_plate_light_8
2201,Light Conditions,2,3,pick_up_the_black_bowl_from,,,,,,,,,9,,,,,pick up the black bowl from,pick up the black bowl from table center and place it on the plate light 9,pick_up_the_black_bowl_from_table_center_and_place_it_on_the_plate_light_9
2202,Light Conditions,4,1,pick_up_the_black_bowl_in_the_top_drawer_of_the_wooden_cabinet_and_place_it_on_the_plate,,,,,,,,,1,,,,,pick up the black bowl in the top drawer of the wooden cabinet and place it on the plate,pick up the black bowl in the top drawer of the wooden cabinet and place it on the plate light 1,pick_up_the_black_bowl_in_the_top_drawer_of_the_wooden_cabinet_and_place_it_on_the_plate_light_1
2203,Light Conditions,4,1,pick_up_the_black_bowl_in_the_top_drawer_of_the_wooden_cabinet_and_place_it_on_the_plate,,,,,,,,,10,,,,,pick up the black bowl in the top drawer of the wooden cabinet and place it on the plate,pick up the black bowl in the top drawer of the wooden cabinet and place it on the plate light 10,pick_up_the_black_bowl_in_the_top_drawer_of_the_wooden_cabinet_and_place_it_on_the_plate_light_10
2204,Light Conditions,3,2,pick_up_the_black_bowl_in_the_top_drawer_of_the_wooden_cabinet_and_place_it_on_the_plate,,,,,,,,,11,,,,,pick up the black bowl in the top drawer of the wooden cabinet and place it on the plate,pick up the black bowl in the top drawer of the wooden cabinet and place it on the plate light 11,pick_up_the_black_bowl_in_the_top_drawer_of_the_wooden_cabinet_and_place_it_on_the_plate_light_11
2205,Light Conditions,4,1,pick_up_the_black_bowl_in_the_top_drawer_of_the_wooden_cabinet_and_place_it_on_the_plate,,,,,,,,,12,,,,,pick up the black bowl in the top drawer of the wooden cabinet and place it on the plate,pick up the black bowl in the top drawer of the wooden cabinet and place it on the plate light 12,pick_up_the_black_bowl_in_the_top_drawer_of_the_wooden_cabinet_and_place_it_on_the_plate_light_12
2206,Light Conditions,3,2,pick_up_the_black_bowl_in_the_top_drawer_of_the_wooden_cabinet_and_place_it_on_the_plate,,,,,,,,,13,,,,,pick up the black bowl in the top drawer of the wooden cabinet and place it on the plate,pick up the black bowl in the top drawer of the wooden cabinet and place it on the plate light 13,pick_up_the_black_bowl_in_the_top_drawer_of_the_wooden_cabinet_and_place_it_on_the_plate_light_13
2207,Light Conditions,3,2,pick_up_the_black_bowl_in_the_top_drawer_of_the_wooden_cabinet_and_place_it_on_the_plate,,,,,,,,,14,,,,,pick up the black bowl in the top drawer of the wooden cabinet and place it on the plate,pick up the black bowl in the top drawer of the wooden cabinet and place it on the plate light 14,pick_up_the_black_bowl_in_the_top_drawer_of_the_wooden_cabinet_and_place_it_on_the_plate_light_14
2208,Light Conditions,4,1,pick_up_the_black_bowl_in_the_top_drawer_of_the_wooden_cabinet_and_place_it_on_the_plate,,,,,,,,,15,,,,,pick up the black bowl in the top drawer of the wooden cabinet and place it on the plate,pick up the black bowl in the top drawer of the wooden cabinet and place it on the plate light 15,pick_up_the_black_bowl_in_the_top_drawer_of_the_wooden_cabinet_and_place_it_on_the_plate_light_15
2209,Light Conditions,3,2,pick_up_the_black_bowl_in_the_top_drawer_of_the_wooden_cabinet_and_place_it_on_the_plate,,,,,,,,,16,,,,,pick up the black bowl in the top drawer of the wooden cabinet and place it on the plate,pick up the black bowl in the top drawer of the wooden cabinet and place it on the plate light 16,pick_up_the_black_bowl_in_the_top_drawer_of_the_wooden_cabinet_and_place_it_on_the_plate_light_16
2210,Light Conditions,3,2,pick_up_the_black_bowl_in_the_top_drawer_of_the_wooden_cabinet_and_place_it_on_the_plate,,,,,,,,,17,,,,,pick up the black bowl in the top drawer of the wooden cabinet and place it on the plate,pick up the black bowl in the top drawer of the wooden cabinet and place it on the plate light 17,pick_up_the_black_bowl_in_the_top_drawer_of_the_wooden_cabinet_and_place_it_on_the_plate_light_17
2211,Light Conditions,5,0,pick_up_the_black_bowl_in_the_top_drawer_of_the_wooden_cabinet_and_place_it_on_the_plate,,,,,,,,,18,,,,,pick up the black bowl in the top drawer of the wooden cabinet and place it on the plate,pick up the black bowl in the top drawer of the wooden cabinet and place it on the plate light 18,pick_up_the_black_bowl_in_the_top_drawer_of_the_wooden_cabinet_and_place_it_on_the_plate_light_18
2212,Light Conditions,3,2,pick_up_the_black_bowl_in_the_top_drawer_of_the_wooden_cabinet_and_place_it_on_the_plate,,,,,,,,,19,,,,,pick up the black bowl in the top drawer of the wooden cabinet and place it on the plate,pick up the black bowl in the top drawer of the wooden cabinet and place it on the plate light 19,pick_up_the_black_bowl_in_the_top_drawer_of_the_wooden_cabinet_and_place_it_on_the_plate_light_19
2213,Light Conditions,4,1,pick_up_the_black_bowl_in_the_top_drawer_of_the_wooden_cabinet_and_place_it_on_the_plate,,,,,,,,,2,,,,,pick up the black bowl in the top drawer of the wooden cabinet and place it on the plate,pick up the black bowl in the top drawer of the wooden cabinet and place it on the plate light 2,pick_up_the_black_bowl_in_the_top_drawer_of_the_wooden_cabinet_and_place_it_on_the_plate_light_2
2214,Light Conditions,3,2,pick_up_the_black_bowl_in_the_top_drawer_of_the_wooden_cabinet_and_place_it_on_the_plate,,,,,,,,,20,,,,,pick up the black bowl in the top drawer of the wooden cabinet and place it on the plate,pick up the black bowl in the top drawer of the wooden cabinet and place it on the plate light 20,pick_up_the_black_bowl_in_the_top_drawer_of_the_wooden_cabinet_and_place_it_on_the_plate_light_20
2215,Light Conditions,2,3,pick_up_the_black_bowl_in_the_top_drawer_of_the_wooden_cabinet_and_place_it_on_the_plate,,,,,,,,,21,,,,,pick up the black bowl in the top drawer of the wooden cabinet and place it on the plate,pick up the black bowl in the top drawer of the wooden cabinet and place it on the plate light 21,pick_up_the_black_bowl_in_the_top_drawer_of_the_wooden_cabinet_and_place_it_on_the_plate_light_21
2216,Light Conditions,2,3,pick_up_the_black_bowl_in_the_top_drawer_of_the_wooden_cabinet_and_place_it_on_the_plate,,,,,,,,,22,,,,,pick up the black bowl in the top drawer of the wooden cabinet and place it on the plate,pick up the black bowl in the top drawer of the wooden cabinet and place it on the plate light 22,pick_up_the_black_bowl_in_the_top_drawer_of_the_wooden_cabinet_and_place_it_on_the_plate_light_22
2217,Light Conditions,2,3,pick_up_the_black_bowl_in_the_top_drawer_of_the_wooden_cabinet_and_place_it_on_the_plate,,,,,,,,,23,,,,,pick up the black bowl in the top drawer of the wooden cabinet and place it on the plate,pick up the black bowl in the top drawer of the wooden cabinet and place it on the plate light 23,pick_up_the_black_bowl_in_the_top_drawer_of_the_wooden_cabinet_and_place_it_on_the_plate_light_23
2218,Light Conditions,4,1,pick_up_the_black_bowl_in_the_top_drawer_of_the_wooden_cabinet_and_place_it_on_the_plate,,,,,,,,,24,,,,,pick up the black bowl in the top drawer of the wooden cabinet and place it on the plate,pick up the black bowl in the top drawer of the wooden cabinet and place it on the plate light 24,pick_up_the_black_bowl_in_the_top_drawer_of_the_wooden_cabinet_and_place_it_on_the_plate_light_24
2219,Light Conditions,3,2,pick_up_the_black_bowl_in_the_top_drawer_of_the_wooden_cabinet_and_place_it_on_the_plate,,,,,,,,,25,,,,,pick up the black bowl in the top drawer of the wooden cabinet and place it on the plate,pick up the black bowl in the top drawer of the wooden cabinet and place it on the plate light 25,pick_up_the_black_bowl_in_the_top_drawer_of_the_wooden_cabinet_and_place_it_on_the_plate_light_25
2220,Light Conditions,3,2,pick_up_the_black_bowl_in_the_top_drawer_of_the_wooden_cabinet_and_place_it_on_the_plate,,,,,,,,,26,,,,,pick up the black bowl in the top drawer of the wooden cabinet and place it on the plate,pick up the black bowl in the top drawer of the wooden cabinet and place it on the plate light 26,pick_up_the_black_bowl_in_the_top_drawer_of_the_wooden_cabinet_and_place_it_on_the_plate_light_26
2221,Light Conditions,2,3,pick_up_the_black_bowl_in_the_top_drawer_of_the_wooden_cabinet_and_place_it_on_the_plate,,,,,,,,,27,,,,,pick up the black bowl in the top drawer of the wooden cabinet and place it on the plate,pick up the black bowl in the top drawer of the wooden cabinet and place it on the plate light 27,pick_up_the_black_bowl_in_the_top_drawer_of_the_wooden_cabinet_and_place_it_on_the_plate_light_27
2222,Light Conditions,3,2,pick_up_the_black_bowl_in_the_top_drawer_of_the_wooden_cabinet_and_place_it_on_the_plate,,,,,,,,,28,,,,,pick up the black bowl in the top drawer of the wooden cabinet and place it on the plate,pick up the black bowl in the top drawer of the wooden cabinet and place it on the plate light 28,pick_up_the_black_bowl_in_the_top_drawer_of_the_wooden_cabinet_and_place_it_on_the_plate_light_28
2223,Light Conditions,1,4,pick_up_the_black_bowl_in_the_top_drawer_of_the_wooden_cabinet_and_place_it_on_the_plate,,,,,,,,,29,,,,,pick up the black bowl in the top drawer of the wooden cabinet and place it on the plate,pick up the black bowl in the top drawer of the wooden cabinet and place it on the plate light 29,pick_up_the_black_bowl_in_the_top_drawer_of_the_wooden_cabinet_and_place_it_on_the_plate_light_29
2224,Light Conditions,3,2,pick_up_the_black_bowl_in_the_top_drawer_of_the_wooden_cabinet_and_place_it_on_the_plate,,,,,,,,,30,,,,,pick up the black bowl in the top drawer of the wooden cabinet and place it on the plate,pick up the black bowl in the top drawer of the wooden cabinet and place it on the plate light 30,pick_up_the_black_bowl_in_the_top_drawer_of_the_wooden_cabinet_and_place_it_on_the_plate_light_30
2225,Light Conditions,2,3,pick_up_the_black_bowl_in_the_top_drawer_of_the_wooden_cabinet_and_place_it_on_the_plate,,,,,,,,,31,,,,,pick up the black bowl in the top drawer of the wooden cabinet and place it on the plate,pick up the black bowl in the top drawer of the wooden cabinet and place it on the plate light 31,pick_up_the_black_bowl_in_the_top_drawer_of_the_wooden_cabinet_and_place_it_on_the_plate_light_31
2226,Light Conditions,3,2,pick_up_the_black_bowl_in_the_top_drawer_of_the_wooden_cabinet_and_place_it_on_the_plate,,,,,,,,,32,,,,,pick up the black bowl in the top drawer of the wooden cabinet and place it on the plate,pick up the black bowl in the top drawer of the wooden cabinet and place it on the plate light 32,pick_up_the_black_bowl_in_the_top_drawer_of_the_wooden_cabinet_and_place_it_on_the_plate_light_32
2227,Light Conditions,2,3,pick_up_the_black_bowl_in_the_top_drawer_of_the_wooden_cabinet_and_place_it_on_the_plate,,,,,,,,,33,,,,,pick up the black bowl in the top drawer of the wooden cabinet and place it on the plate,pick up the black bowl in the top drawer of the wooden cabinet and place it on the plate light 33,pick_up_the_black_bowl_in_the_top_drawer_of_the_wooden_cabinet_and_place_it_on_the_plate_light_33
2228,Light Conditions,3,2,pick_up_the_black_bowl_in_the_top_drawer_of_the_wooden_cabinet_and_place_it_on_the_plate,,,,,,,,,34,,,,,pick up the black bowl in the top drawer of the wooden cabinet and place it on the plate,pick up the black bowl in the top drawer of the wooden cabinet and place it on the plate light 34,pick_up_the_black_bowl_in_the_top_drawer_of_the_wooden_cabinet_and_place_it_on_the_plate_light_34
2229,Light Conditions,3,2,pick_up_the_black_bowl_in_the_top_drawer_of_the_wooden_cabinet_and_place_it_on_the_plate,,,,,,,,,35,,,,,pick up the black bowl in the top drawer of the wooden cabinet and place it on the plate,pick up the black bowl in the top drawer of the wooden cabinet and place it on the plate light 35,pick_up_the_black_bowl_in_the_top_drawer_of_the_wooden_cabinet_and_place_it_on_the_plate_light_35
2230,Light Conditions,4,1,pick_up_the_black_bowl_in_the_top_drawer_of_the_wooden_cabinet_and_place_it_on_the_plate,,,,,,,,,36,,,,,pick up the black bowl in the top drawer of the wooden cabinet and place it on the plate,pick up the black bowl in the top drawer of the wooden cabinet and place it on the plate light 36,pick_up_the_black_bowl_in_the_top_drawer_of_the_wooden_cabinet_and_place_it_on_the_plate_light_36
2231,Light Conditions,2,3,pick_up_the_black_bowl_in_the_top_drawer_of_the_wooden_cabinet_and_place_it_on_the_plate,,,,,,,,,37,,,,,pick up the black bowl in the top drawer of the wooden cabinet and place it on the plate,pick up the black bowl in the top drawer of the wooden cabinet and place it on the plate light 37,pick_up_the_black_bowl_in_the_top_drawer_of_the_wooden_cabinet_and_place_it_on_the_plate_light_37
2232,Light Conditions,4,1,pick_up_the_black_bowl_in_the_top_drawer_of_the_wooden_cabinet_and_place_it_on_the_plate,,,,,,,,,38,,,,,pick up the black bowl in the top drawer of the wooden cabinet and place it on the plate,pick up the black bowl in the top drawer of the wooden cabinet and place it on the plate light 38,pick_up_the_black_bowl_in_the_top_drawer_of_the_wooden_cabinet_and_place_it_on_the_plate_light_38
2233,Light Conditions,4,1,pick_up_the_black_bowl_in_the_top_drawer_of_the_wooden_cabinet_and_place_it_on_the_plate,,,,,,,,,39,,,,,pick up the black bowl in the top drawer of the wooden cabinet and place it on the plate,pick up the black bowl in the top drawer of the wooden cabinet and place it on the plate light 39,pick_up_the_black_bowl_in_the_top_drawer_of_the_wooden_cabinet_and_place_it_on_the_plate_light_39
2234,Light Conditions,4,1,pick_up_the_black_bowl_in_the_top_drawer_of_the_wooden_cabinet_and_place_it_on_the_plate,,,,,,,,,4,,,,,pick up the black bowl in the top drawer of the wooden cabinet and place it on the plate,pick up the black bowl in the top drawer of the wooden cabinet and place it on the plate light 4,pick_up_the_black_bowl_in_the_top_drawer_of_the_wooden_cabinet_and_place_it_on_the_plate_light_4
2235,Light Conditions,3,2,pick_up_the_black_bowl_in_the_top_drawer_of_the_wooden_cabinet_and_place_it_on_the_plate,,,,,,,,,41,,,,,pick up the black bowl in the top drawer of the wooden cabinet and place it on the plate,pick up the black bowl in the top drawer of the wooden cabinet and place it on the plate light 41,pick_up_the_black_bowl_in_the_top_drawer_of_the_wooden_cabinet_and_place_it_on_the_plate_light_41
2236,Light Conditions,2,3,pick_up_the_black_bowl_in_the_top_drawer_of_the_wooden_cabinet_and_place_it_on_the_plate,,,,,,,,,42,,,,,pick up the black bowl in the top drawer of the wooden cabinet and place it on the plate,pick up the black bowl in the top drawer of the wooden cabinet and place it on the plate light 42,pick_up_the_black_bowl_in_the_top_drawer_of_the_wooden_cabinet_and_place_it_on_the_plate_light_42
2237,Light Conditions,3,2,pick_up_the_black_bowl_in_the_top_drawer_of_the_wooden_cabinet_and_place_it_on_the_plate,,,,,,,,,43,,,,,pick up the black bowl in the top drawer of the wooden cabinet and place it on the plate,pick up the black bowl in the top drawer of the wooden cabinet and place it on the plate light 43,pick_up_the_black_bowl_in_the_top_drawer_of_the_wooden_cabinet_and_place_it_on_the_plate_light_43
2238,Light Conditions,3,2,pick_up_the_black_bowl_in_the_top_drawer_of_the_wooden_cabinet_and_place_it_on_the_plate,,,,,,,,,44,,,,,pick up the black bowl in the top drawer of the wooden cabinet and place it on the plate,pick up the black bowl in the top drawer of the wooden cabinet and place it on the plate light 44,pick_up_the_black_bowl_in_the_top_drawer_of_the_wooden_cabinet_and_place_it_on_the_plate_light_44
2239,Light Conditions,3,2,pick_up_the_black_bowl_in_the_top_drawer_of_the_wooden_cabinet_and_place_it_on_the_plate,,,,,,,,,46,,,,,pick up the black bowl in the top drawer of the wooden cabinet and place it on the plate,pick up the black bowl in the top drawer of the wooden cabinet and place it on the plate light 46,pick_up_the_black_bowl_in_the_top_drawer_of_the_wooden_cabinet_and_place_it_on_the_plate_light_46
2240,Light Conditions,3,2,pick_up_the_black_bowl_in_the_top_drawer_of_the_wooden_cabinet_and_place_it_on_the_plate,,,,,,,,,48,,,,,pick up the black bowl in the top drawer of the wooden cabinet and place it on the plate,pick up the black bowl in the top drawer of the wooden cabinet and place it on the plate light 48,pick_up_the_black_bowl_in_the_top_drawer_of_the_wooden_cabinet_and_place_it_on_the_plate_light_48
2241,Light Conditions,1,4,pick_up_the_black_bowl_in_the_top_drawer_of_the_wooden_cabinet_and_place_it_on_the_plate,,,,,,,,,49,,,,,pick up the black bowl in the top drawer of the wooden cabinet and place it on the plate,pick up the black bowl in the top drawer of the wooden cabinet and place it on the plate light 49,pick_up_the_black_bowl_in_the_top_drawer_of_the_wooden_cabinet_and_place_it_on_the_plate_light_49
2242,Light Conditions,3,2,pick_up_the_black_bowl_in_the_top_drawer_of_the_wooden_cabinet_and_place_it_on_the_plate,,,,,,,,,5,,,,,pick up the black bowl in the top drawer of the wooden cabinet and place it on the plate,pick up the black bowl in the top drawer of the wooden cabinet and place it on the plate light 5,pick_up_the_black_bowl_in_the_top_drawer_of_the_wooden_cabinet_and_place_it_on_the_plate_light_5
2243,Light Conditions,4,1,pick_up_the_black_bowl_in_the_top_drawer_of_the_wooden_cabinet_and_place_it_on_the_plate,,,,,,,,,50,,,,,pick up the black bowl in the top drawer of the wooden cabinet and place it on the plate,pick up the black bowl in the top drawer of the wooden cabinet and place it on the plate light 50,pick_up_the_black_bowl_in_the_top_drawer_of_the_wooden_cabinet_and_place_it_on_the_plate_light_50
2244,Light Conditions,2,3,pick_up_the_black_bowl_in_the_top_drawer_of_the_wooden_cabinet_and_place_it_on_the_plate,,,,,,,,,7,,,,,pick up the black bowl in the top drawer of the wooden cabinet and place it on the plate,pick up the black bowl in the top drawer of the wooden cabinet and place it on the plate light 7,pick_up_the_black_bowl_in_the_top_drawer_of_the_wooden_cabinet_and_place_it_on_the_plate_light_7
2245,Light Conditions,4,1,pick_up_the_black_bowl_in_the_top_drawer_of_the_wooden_cabinet_and_place_it_on_the_plate,,,,,,,,,9,,,,,pick up the black bowl in the top drawer of the wooden cabinet and place it on the plate,pick up the black bowl in the top drawer of the wooden cabinet and place it on the plate light 9,pick_up_the_black_bowl_in_the_top_drawer_of_the_wooden_cabinet_and_place_it_on_the_plate_light_9
2246,Light Conditions,2,3,pick_up_the_black_bowl_next_to_the_cookie_box_and_place_it_on_the_plate,,,,,,,,,1,,,,,pick up the black bowl next to the cookie box and place it on the plate,pick up the black bowl next to the cookie box and place it on the plate light 1,pick_up_the_black_bowl_next_to_the_cookie_box_and_place_it_on_the_plate_light_1
2247,Light Conditions,2,3,pick_up_the_black_bowl_next_to_the_cookie_box_and_place_it_on_the_plate,,,,,,,,,11,,,,,pick up the black bowl next to the cookie box and place it on the plate,pick up the black bowl next to the cookie box and place it on the plate light 11,pick_up_the_black_bowl_next_to_the_cookie_box_and_place_it_on_the_plate_light_11
2248,Light Conditions,3,2,pick_up_the_black_bowl_next_to_the_cookie_box_and_place_it_on_the_plate,,,,,,,,,13,,,,,pick up the black bowl next to the cookie box and place it on the plate,pick up the black bowl next to the cookie box and place it on the plate light 13,pick_up_the_black_bowl_next_to_the_cookie_box_and_place_it_on_the_plate_light_13
2249,Light Conditions,2,3,pick_up_the_black_bowl_next_to_the_cookie_box_and_place_it_on_the_plate,,,,,,,,,15,,,,,pick up the black bowl next to the cookie box and place it on the plate,pick up the black bowl next to the cookie box and place it on the plate light 15,pick_up_the_black_bowl_next_to_the_cookie_box_and_place_it_on_the_plate_light_15
2250,Light Conditions,2,3,pick_up_the_black_bowl_next_to_the_cookie_box_and_place_it_on_the_plate,,,,,,,,,16,,,,,pick up the black bowl next to the cookie box and place it on the plate,pick up the black bowl next to the cookie box and place it on the plate light 16,pick_up_the_black_bowl_next_to_the_cookie_box_and_place_it_on_the_plate_light_16
2251,Light Conditions,2,3,pick_up_the_black_bowl_next_to_the_cookie_box_and_place_it_on_the_plate,,,,,,,,,18,,,,,pick up the black bowl next to the cookie box and place it on the plate,pick up the black bowl next to the cookie box and place it on the plate light 18,pick_up_the_black_bowl_next_to_the_cookie_box_and_place_it_on_the_plate_light_18
2252,Light Conditions,1,4,pick_up_the_black_bowl_next_to_the_cookie_box_and_place_it_on_the_plate,,,,,,,,,2,,,,,pick up the black bowl next to the cookie box and place it on the plate,pick up the black bowl next to the cookie box and place it on the plate light 2,pick_up_the_black_bowl_next_to_the_cookie_box_and_place_it_on_the_plate_light_2
2253,Light Conditions,2,3,pick_up_the_black_bowl_next_to_the_cookie_box_and_place_it_on_the_plate,,,,,,,,,20,,,,,pick up the black bowl next to the cookie box and place it on the plate,pick up the black bowl next to the cookie box and place it on the plate light 20,pick_up_the_black_bowl_next_to_the_cookie_box_and_place_it_on_the_plate_light_20
2254,Light Conditions,1,4,pick_up_the_black_bowl_next_to_the_cookie_box_and_place_it_on_the_plate,,,,,,,,,24,,,,,pick up the black bowl next to the cookie box and place it on the plate,pick up the black bowl next to the cookie box and place it on the plate light 24,pick_up_the_black_bowl_next_to_the_cookie_box_and_place_it_on_the_plate_light_24
2255,Light Conditions,2,3,pick_up_the_black_bowl_next_to_the_cookie_box_and_place_it_on_the_plate,,,,,,,,,26,,,,,pick up the black bowl next to the cookie box and place it on the plate,pick up the black bowl next to the cookie box and place it on the plate light 26,pick_up_the_black_bowl_next_to_the_cookie_box_and_place_it_on_the_plate_light_26
2256,Light Conditions,3,2,pick_up_the_black_bowl_next_to_the_cookie_box_and_place_it_on_the_plate,,,,,,,,,27,,,,,pick up the black bowl next to the cookie box and place it on the plate,pick up the black bowl next to the cookie box and place it on the plate light 27,pick_up_the_black_bowl_next_to_the_cookie_box_and_place_it_on_the_plate_light_27
2257,Light Conditions,1,4,pick_up_the_black_bowl_next_to_the_cookie_box_and_place_it_on_the_plate,,,,,,,,,29,,,,,pick up the black bowl next to the cookie box and place it on the plate,pick up the black bowl next to the cookie box and place it on the plate light 29,pick_up_the_black_bowl_next_to_the_cookie_box_and_place_it_on_the_plate_light_29
2258,Light Conditions,2,3,pick_up_the_black_bowl_next_to_the_cookie_box_and_place_it_on_the_plate,,,,,,,,,30,,,,,pick up the black bowl next to the cookie box and place it on the plate,pick up the black bowl next to the cookie box and place it on the plate light 30,pick_up_the_black_bowl_next_to_the_cookie_box_and_place_it_on_the_plate_light_30
2259,Light Conditions,2,3,pick_up_the_black_bowl_next_to_the_cookie_box_and_place_it_on_the_plate,,,,,,,,,31,,,,,pick up the black bowl next to the cookie box and place it on the plate,pick up the black bowl next to the cookie box and place it on the plate light 31,pick_up_the_black_bowl_next_to_the_cookie_box_and_place_it_on_the_plate_light_31
2260,Light Conditions,1,4,pick_up_the_black_bowl_next_to_the_cookie_box_and_place_it_on_the_plate,,,,,,,,,33,,,,,pick up the black bowl next to the cookie box and place it on the plate,pick up the black bowl next to the cookie box and place it on the plate light 33,pick_up_the_black_bowl_next_to_the_cookie_box_and_place_it_on_the_plate_light_33
2261,Light Conditions,2,3,pick_up_the_black_bowl_next_to_the_cookie_box_and_place_it_on_the_plate,,,,,,,,,34,,,,,pick up the black bowl next to the cookie box and place it on the plate,pick up the black bowl next to the cookie box and place it on the plate light 34,pick_up_the_black_bowl_next_to_the_cookie_box_and_place_it_on_the_plate_light_34
2262,Light Conditions,1,4,pick_up_the_black_bowl_next_to_the_cookie_box_and_place_it_on_the_plate,,,,,,,,,35,,,,,pick up the black bowl next to the cookie box and place it on the plate,pick up the black bowl next to the cookie box and place it on the plate light 35,pick_up_the_black_bowl_next_to_the_cookie_box_and_place_it_on_the_plate_light_35
2263,Light Conditions,1,4,pick_up_the_black_bowl_next_to_the_cookie_box_and_place_it_on_the_plate,,,,,,,,,36,,,,,pick up the black bowl next to the cookie box and place it on the plate,pick up the black bowl next to the cookie box and place it on the plate light 36,pick_up_the_black_bowl_next_to_the_cookie_box_and_place_it_on_the_plate_light_36
2264,Light Conditions,1,4,pick_up_the_black_bowl_next_to_the_cookie_box_and_place_it_on_the_plate,,,,,,,,,37,,,,,pick up the black bowl next to the cookie box and place it on the plate,pick up the black bowl next to the cookie box and place it on the plate light 37,pick_up_the_black_bowl_next_to_the_cookie_box_and_place_it_on_the_plate_light_37
2265,Light Conditions,2,3,pick_up_the_black_bowl_next_to_the_cookie_box_and_place_it_on_the_plate,,,,,,,,,38,,,,,pick up the black bowl next to the cookie box and place it on the plate,pick up the black bowl next to the cookie box and place it on the plate light 38,pick_up_the_black_bowl_next_to_the_cookie_box_and_place_it_on_the_plate_light_38
2266,Light Conditions,2,3,pick_up_the_black_bowl_next_to_the_cookie_box_and_place_it_on_the_plate,,,,,,,,,39,,,,,pick up the black bowl next to the cookie box and place it on the plate,pick up the black bowl next to the cookie box and place it on the plate light 39,pick_up_the_black_bowl_next_to_the_cookie_box_and_place_it_on_the_plate_light_39
2267,Light Conditions,2,3,pick_up_the_black_bowl_next_to_the_cookie_box_and_place_it_on_the_plate,,,,,,,,,4,,,,,pick up the black bowl next to the cookie box and place it on the plate,pick up the black bowl next to the cookie box and place it on the plate light 4,pick_up_the_black_bowl_next_to_the_cookie_box_and_place_it_on_the_plate_light_4
2268,Light Conditions,1,4,pick_up_the_black_bowl_next_to_the_cookie_box_and_place_it_on_the_plate,,,,,,,,,40,,,,,pick up the black bowl next to the cookie box and place it on the plate,pick up the black bowl next to the cookie box and place it on the plate light 40,pick_up_the_black_bowl_next_to_the_cookie_box_and_place_it_on_the_plate_light_40
2269,Light Conditions,1,4,pick_up_the_black_bowl_next_to_the_cookie_box_and_place_it_on_the_plate,,,,,,,,,41,,,,,pick up the black bowl next to the cookie box and place it on the plate,pick up the black bowl next to the cookie box and place it on the plate light 41,pick_up_the_black_bowl_next_to_the_cookie_box_and_place_it_on_the_plate_light_41
2270,Light Conditions,2,3,pick_up_the_black_bowl_next_to_the_cookie_box_and_place_it_on_the_plate,,,,,,,,,42,,,,,pick up the black bowl next to the cookie box and place it on the plate,pick up the black bowl next to the cookie box and place it on the plate light 42,pick_up_the_black_bowl_next_to_the_cookie_box_and_place_it_on_the_plate_light_42
2271,Light Conditions,2,3,pick_up_the_black_bowl_next_to_the_cookie_box_and_place_it_on_the_plate,,,,,,,,,44,,,,,pick up the black bowl next to the cookie box and place it on the plate,pick up the black bowl next to the cookie box and place it on the plate light 44,pick_up_the_black_bowl_next_to_the_cookie_box_and_place_it_on_the_plate_light_44
2272,Light Conditions,1,4,pick_up_the_black_bowl_next_to_the_cookie_box_and_place_it_on_the_plate,,,,,,,,,46,,,,,pick up the black bowl next to the cookie box and place it on the plate,pick up the black bowl next to the cookie box and place it on the plate light 46,pick_up_the_black_bowl_next_to_the_cookie_box_and_place_it_on_the_plate_light_46
2273,Light Conditions,1,4,pick_up_the_black_bowl_next_to_the_cookie_box_and_place_it_on_the_plate,,,,,,,,,49,,,,,pick up the black bowl next to the cookie box and place it on the plate,pick up the black bowl next to the cookie box and place it on the plate light 49,pick_up_the_black_bowl_next_to_the_cookie_box_and_place_it_on_the_plate_light_49
2274,Light Conditions,1,4,pick_up_the_black_bowl_next_to_the_cookie_box_and_place_it_on_the_plate,,,,,,,,,5,,,,,pick up the black bowl next to the cookie box and place it on the plate,pick up the black bowl next to the cookie box and place it on the plate light 5,pick_up_the_black_bowl_next_to_the_cookie_box_and_place_it_on_the_plate_light_5
2275,Light Conditions,1,4,pick_up_the_black_bowl_next_to_the_cookie_box_and_place_it_on_the_plate,,,,,,,,,7,,,,,pick up the black bowl next to the cookie box and place it on the plate,pick up the black bowl next to the cookie box and place it on the plate light 7,pick_up_the_black_bowl_next_to_the_cookie_box_and_place_it_on_the_plate_light_7
2276,Light Conditions,1,4,pick_up_the_black_bowl_next_to_the_cookie_box_and_place_it_on_the_plate,,,,,,,,,9,,,,,pick up the black bowl next to the cookie box and place it on the plate,pick up the black bowl next to the cookie box and place it on the plate light 9,pick_up_the_black_bowl_next_to_the_cookie_box_and_place_it_on_the_plate_light_9
2277,Light Conditions,1,4,pick_up_the_black_bowl_next_to_the_plate_and_place_it_on_the_plate,,,,,,,,,11,,,,,pick up the black bowl next to the plate and place it on the plate,pick up the black bowl next to the plate and place it on the plate light 11,pick_up_the_black_bowl_next_to_the_plate_and_place_it_on_the_plate_light_11
2278,Light Conditions,1,4,pick_up_the_black_bowl_next_to_the_plate_and_place_it_on_the_plate,,,,,,,,,15,,,,,pick up the black bowl next to the plate and place it on the plate,pick up the black bowl next to the plate and place it on the plate light 15,pick_up_the_black_bowl_next_to_the_plate_and_place_it_on_the_plate_light_15
2279,Light Conditions,3,2,pick_up_the_black_bowl_next_to_the_plate_and_place_it_on_the_plate,,,,,,,,,24,,,,,pick up the black bowl next to the plate and place it on the plate,pick up the black bowl next to the plate and place it on the plate light 24,pick_up_the_black_bowl_next_to_the_plate_and_place_it_on_the_plate_light_24
2280,Light Conditions,2,3,pick_up_the_black_bowl_next_to_the_plate_and_place_it_on_the_plate,,,,,,,,,37,,,,,pick up the black bowl next to the plate and place it on the plate,pick up the black bowl next to the plate and place it on the plate light 37,pick_up_the_black_bowl_next_to_the_plate_and_place_it_on_the_plate_light_37
2281,Light Conditions,2,3,pick_up_the_black_bowl_next_to_the_ramekin_and_place_it_on_the_plate,,,,,,,,,10,,,,,pick up the black bowl next to the ramekin and place it on the plate,pick up the black bowl next to the ramekin and place it on the plate light 10,pick_up_the_black_bowl_next_to_the_ramekin_and_place_it_on_the_plate_light_10
2282,Light Conditions,2,3,pick_up_the_black_bowl_next_to_the_ramekin_and_place_it_on_the_plate,,,,,,,,,2,,,,,pick up the black bowl next to the ramekin and place it on the plate,pick up the black bowl next to the ramekin and place it on the plate light 2,pick_up_the_black_bowl_next_to_the_ramekin_and_place_it_on_the_plate_light_2
2283,Light Conditions,1,4,pick_up_the_black_bowl_next_to_the_ramekin_and_place_it_on_the_plate,,,,,,,,,21,,,,,pick up the black bowl next to the ramekin and place it on the plate,pick up the black bowl next to the ramekin and place it on the plate light 21,pick_up_the_black_bowl_next_to_the_ramekin_and_place_it_on_the_plate_light_21
2284,Light Conditions,1,4,pick_up_the_black_bowl_next_to_the_ramekin_and_place_it_on_the_plate,,,,,,,,,38,,,,,pick up the black bowl next to the ramekin and place it on the plate,pick up the black bowl next to the ramekin and place it on the plate light 38,pick_up_the_black_bowl_next_to_the_ramekin_and_place_it_on_the_plate_light_38
2285,Light Conditions,1,4,pick_up_the_black_bowl_next_to_the_ramekin_and_place_it_on_the_plate,,,,,,,,,39,,,,,pick up the black bowl next to the ramekin and place it on the plate,pick up the black bowl next to the ramekin and place it on the plate light 39,pick_up_the_black_bowl_next_to_the_ramekin_and_place_it_on_the_plate_light_39
2286,Light Conditions,1,4,pick_up_the_black_bowl_next_to_the_ramekin_and_place_it_on_the_plate,,,,,,,,,40,,,,,pick up the black bowl next to the ramekin and place it on the plate,pick up the black bowl next to the ramekin and place it on the plate light 40,pick_up_the_black_bowl_next_to_the_ramekin_and_place_it_on_the_plate_light_40
2287,Light Conditions,2,3,pick_up_the_black_bowl_next_to_the_ramekin_and_place_it_on_the_plate,,,,,,,,,45,,,,,pick up the black bowl next to the ramekin and place it on the plate,pick up the black bowl next to the ramekin and place it on the plate light 45,pick_up_the_black_bowl_next_to_the_ramekin_and_place_it_on_the_plate_light_45
2288,Light Conditions,1,4,pick_up_the_black_bowl_next_to_the_ramekin_and_place_it_on_the_plate,,,,,,,,,50,,,,,pick up the black bowl next to the ramekin and place it on the plate,pick up the black bowl next to the ramekin and place it on the plate light 50,pick_up_the_black_bowl_next_to_the_ramekin_and_place_it_on_the_plate_light_50
2289,Light Conditions,2,3,pick_up_the_black_bowl_next_to_the_ramekin_and_place_it_on_the_plate,,,,,,,,,6,,,,,pick up the black bowl next to the ramekin and place it on the plate,pick up the black bowl next to the ramekin and place it on the plate light 6,pick_up_the_black_bowl_next_to_the_ramekin_and_place_it_on_the_plate_light_6
2290,Light Conditions,2,3,pick_up_the_black_bowl_next_to_the_ramekin_and_place_it_on_the_plate,,,,,,,,,8,,,,,pick up the black bowl next to the ramekin and place it on the plate,pick up the black bowl next to the ramekin and place it on the plate light 8,pick_up_the_black_bowl_next_to_the_ramekin_and_place_it_on_the_plate_light_8
2291,Light Conditions,1,4,pick_up_the_black_bowl_on_the_cookie_box_and_place_it_on_the_plate,,,,,,,,,1,,,,,pick up the black bowl on the cookie box and place it on the plate,pick up the black bowl on the cookie box and place it on the plate light 1,pick_up_the_black_bowl_on_the_cookie_box_and_place_it_on_the_plate_light_1
2292,Light Conditions,2,3,pick_up_the_black_bowl_on_the_cookie_box_and_place_it_on_the_plate,,,,,,,,,10,,,,,pick up the black bowl on the cookie box and place it on the plate,pick up the black bowl on the cookie box and place it on the plate light 10,pick_up_the_black_bowl_on_the_cookie_box_and_place_it_on_the_plate_light_10
2293,Light Conditions,1,4,pick_up_the_black_bowl_on_the_cookie_box_and_place_it_on_the_plate,,,,,,,,,14,,,,,pick up the black bowl on the cookie box and place it on the plate,pick up the black bowl on the cookie box and place it on the plate light 14,pick_up_the_black_bowl_on_the_cookie_box_and_place_it_on_the_plate_light_14
2294,Light Conditions,2,3,pick_up_the_black_bowl_on_the_cookie_box_and_place_it_on_the_plate,,,,,,,,,15,,,,,pick up the black bowl on the cookie box and place it on the plate,pick up the black bowl on the cookie box and place it on the plate light 15,pick_up_the_black_bowl_on_the_cookie_box_and_place_it_on_the_plate_light_15
2295,Light Conditions,1,4,pick_up_the_black_bowl_on_the_cookie_box_and_place_it_on_the_plate,,,,,,,,,18,,,,,pick up the black bowl on the cookie box and place it on the plate,pick up the black bowl on the cookie box and place it on the plate light 18,pick_up_the_black_bowl_on_the_cookie_box_and_place_it_on_the_plate_light_18
2296,Light Conditions,1,4,pick_up_the_black_bowl_on_the_cookie_box_and_place_it_on_the_plate,,,,,,,,,21,,,,,pick up the black bowl on the cookie box and place it on the plate,pick up the black bowl on the cookie box and place it on the plate light 21,pick_up_the_black_bowl_on_the_cookie_box_and_place_it_on_the_plate_light_21
2297,Light Conditions,3,2,pick_up_the_black_bowl_on_the_cookie_box_and_place_it_on_the_plate,,,,,,,,,22,,,,,pick up the black bowl on the cookie box and place it on the plate,pick up the black bowl on the cookie box and place it on the plate light 22,pick_up_the_black_bowl_on_the_cookie_box_and_place_it_on_the_plate_light_22
2298,Light Conditions,1,4,pick_up_the_black_bowl_on_the_cookie_box_and_place_it_on_the_plate,,,,,,,,,25,,,,,pick up the black bowl on the cookie box and place it on the plate,pick up the black bowl on the cookie box and place it on the plate light 25,pick_up_the_black_bowl_on_the_cookie_box_and_place_it_on_the_plate_light_25
2299,Light Conditions,1,4,pick_up_the_black_bowl_on_the_cookie_box_and_place_it_on_the_plate,,,,,,,,,26,,,,,pick up the black bowl on the cookie box and place it on the plate,pick up the black bowl on the cookie box and place it on the plate light 26,pick_up_the_black_bowl_on_the_cookie_box_and_place_it_on_the_plate_light_26
2300,Light Conditions,2,3,pick_up_the_black_bowl_on_the_cookie_box_and_place_it_on_the_plate,,,,,,,,,27,,,,,pick up the black bowl on the cookie box and place it on the plate,pick up the black bowl on the cookie box and place it on the plate light 27,pick_up_the_black_bowl_on_the_cookie_box_and_place_it_on_the_plate_light_27
2301,Light Conditions,1,4,pick_up_the_black_bowl_on_the_cookie_box_and_place_it_on_the_plate,,,,,,,,,32,,,,,pick up the black bowl on the cookie box and place it on the plate,pick up the black bowl on the cookie box and place it on the plate light 32,pick_up_the_black_bowl_on_the_cookie_box_and_place_it_on_the_plate_light_32
2302,Light Conditions,1,4,pick_up_the_black_bowl_on_the_cookie_box_and_place_it_on_the_plate,,,,,,,,,37,,,,,pick up the black bowl on the cookie box and place it on the plate,pick up the black bowl on the cookie box and place it on the plate light 37,pick_up_the_black_bowl_on_the_cookie_box_and_place_it_on_the_plate_light_37
2303,Light Conditions,2,3,pick_up_the_black_bowl_on_the_cookie_box_and_place_it_on_the_plate,,,,,,,,,38,,,,,pick up the black bowl on the cookie box and place it on the plate,pick up the black bowl on the cookie box and place it on the plate light 38,pick_up_the_black_bowl_on_the_cookie_box_and_place_it_on_the_plate_light_38
2304,Light Conditions,2,3,pick_up_the_black_bowl_on_the_cookie_box_and_place_it_on_the_plate,,,,,,,,,39,,,,,pick up the black bowl on the cookie box and place it on the plate,pick up the black bowl on the cookie box and place it on the plate light 39,pick_up_the_black_bowl_on_the_cookie_box_and_place_it_on_the_plate_light_39
2305,Light Conditions,3,2,pick_up_the_black_bowl_on_the_cookie_box_and_place_it_on_the_plate,,,,,,,,,41,,,,,pick up the black bowl on the cookie box and place it on the plate,pick up the black bowl on the cookie box and place it on the plate light 41,pick_up_the_black_bowl_on_the_cookie_box_and_place_it_on_the_plate_light_41
2306,Light Conditions,2,3,pick_up_the_black_bowl_on_the_cookie_box_and_place_it_on_the_plate,,,,,,,,,42,,,,,pick up the black bowl on the cookie box and place it on the plate,pick up the black bowl on the cookie box and place it on the plate light 42,pick_up_the_black_bowl_on_the_cookie_box_and_place_it_on_the_plate_light_42
2307,Light Conditions,1,4,pick_up_the_black_bowl_on_the_cookie_box_and_place_it_on_the_plate,,,,,,,,,44,,,,,pick up the black bowl on the cookie box and place it on the plate,pick up the black bowl on the cookie box and place it on the plate light 44,pick_up_the_black_bowl_on_the_cookie_box_and_place_it_on_the_plate_light_44
2308,Light Conditions,1,4,pick_up_the_black_bowl_on_the_cookie_box_and_place_it_on_the_plate,,,,,,,,,46,,,,,pick up the black bowl on the cookie box and place it on the plate,pick up the black bowl on the cookie box and place it on the plate light 46,pick_up_the_black_bowl_on_the_cookie_box_and_place_it_on_the_plate_light_46
2309,Light Conditions,1,4,pick_up_the_black_bowl_on_the_cookie_box_and_place_it_on_the_plate,,,,,,,,,47,,,,,pick up the black bowl on the cookie box and place it on the plate,pick up the black bowl on the cookie box and place it on the plate light 47,pick_up_the_black_bowl_on_the_cookie_box_and_place_it_on_the_plate_light_47
2310,Light Conditions,1,4,pick_up_the_black_bowl_on_the_cookie_box_and_place_it_on_the_plate,,,,,,,,,48,,,,,pick up the black bowl on the cookie box and place it on the plate,pick up the black bowl on the cookie box and place it on the plate light 48,pick_up_the_black_bowl_on_the_cookie_box_and_place_it_on_the_plate_light_48
2311,Light Conditions,1,4,pick_up_the_black_bowl_on_the_cookie_box_and_place_it_on_the_plate,,,,,,,,,50,,,,,pick up the black bowl on the cookie box and place it on the plate,pick up the black bowl on the cookie box and place it on the plate light 50,pick_up_the_black_bowl_on_the_cookie_box_and_place_it_on_the_plate_light_50
2312,Light Conditions,1,4,pick_up_the_black_bowl_on_the_cookie_box_and_place_it_on_the_plate,,,,,,,,,6,,,,,pick up the black bowl on the cookie box and place it on the plate,pick up the black bowl on the cookie box and place it on the plate light 6,pick_up_the_black_bowl_on_the_cookie_box_and_place_it_on_the_plate_light_6
2313,Light Conditions,1,4,pick_up_the_black_bowl_on_the_cookie_box_and_place_it_on_the_plate,,,,,,,,,7,,,,,pick up the black bowl on the cookie box and place it on the plate,pick up the black bowl on the cookie box and place it on the plate light 7,pick_up_the_black_bowl_on_the_cookie_box_and_place_it_on_the_plate_light_7
2314,Light Conditions,2,3,pick_up_the_black_bowl_on_the_cookie_box_and_place_it_on_the_plate,,,,,,,,,8,,,,,pick up the black bowl on the cookie box and place it on the plate,pick up the black bowl on the cookie box and place it on the plate light 8,pick_up_the_black_bowl_on_the_cookie_box_and_place_it_on_the_plate_light_8
2315,Light Conditions,4,1,pick_up_the_black_bowl_on_the_ramekin_and_place_it_on_the_plate,,,,,,,,,10,,,,,pick up the black bowl on the ramekin and place it on the plate,pick up the black bowl on the ramekin and place it on the plate light 10,pick_up_the_black_bowl_on_the_ramekin_and_place_it_on_the_plate_light_10
2316,Light Conditions,3,2,pick_up_the_black_bowl_on_the_ramekin_and_place_it_on_the_plate,,,,,,,,,11,,,,,pick up the black bowl on the ramekin and place it on the plate,pick up the black bowl on the ramekin and place it on the plate light 11,pick_up_the_black_bowl_on_the_ramekin_and_place_it_on_the_plate_light_11
2317,Light Conditions,2,3,pick_up_the_black_bowl_on_the_ramekin_and_place_it_on_the_plate,,,,,,,,,12,,,,,pick up the black bowl on the ramekin and place it on the plate,pick up the black bowl on the ramekin and place it on the plate light 12,pick_up_the_black_bowl_on_the_ramekin_and_place_it_on_the_plate_light_12
2318,Light Conditions,3,2,pick_up_the_black_bowl_on_the_ramekin_and_place_it_on_the_plate,,,,,,,,,13,,,,,pick up the black bowl on the ramekin and place it on the plate,pick up the black bowl on the ramekin and place it on the plate light 13,pick_up_the_black_bowl_on_the_ramekin_and_place_it_on_the_plate_light_13
2319,Light Conditions,3,2,pick_up_the_black_bowl_on_the_ramekin_and_place_it_on_the_plate,,,,,,,,,15,,,,,pick up the black bowl on the ramekin and place it on the plate,pick up the black bowl on the ramekin and place it on the plate light 15,pick_up_the_black_bowl_on_the_ramekin_and_place_it_on_the_plate_light_15
2320,Light Conditions,2,3,pick_up_the_black_bowl_on_the_ramekin_and_place_it_on_the_plate,,,,,,,,,16,,,,,pick up the black bowl on the ramekin and place it on the plate,pick up the black bowl on the ramekin and place it on the plate light 16,pick_up_the_black_bowl_on_the_ramekin_and_place_it_on_the_plate_light_16
2321,Light Conditions,2,3,pick_up_the_black_bowl_on_the_ramekin_and_place_it_on_the_plate,,,,,,,,,17,,,,,pick up the black bowl on the ramekin and place it on the plate,pick up the black bowl on the ramekin and place it on the plate light 17,pick_up_the_black_bowl_on_the_ramekin_and_place_it_on_the_plate_light_17
2322,Light Conditions,5,0,pick_up_the_black_bowl_on_the_ramekin_and_place_it_on_the_plate,,,,,,,,,18,,,,,pick up the black bowl on the ramekin and place it on the plate,pick up the black bowl on the ramekin and place it on the plate light 18,pick_up_the_black_bowl_on_the_ramekin_and_place_it_on_the_plate_light_18
2323,Light Conditions,4,1,pick_up_the_black_bowl_on_the_ramekin_and_place_it_on_the_plate,,,,,,,,,19,,,,,pick up the black bowl on the ramekin and place it on the plate,pick up the black bowl on the ramekin and place it on the plate light 19,pick_up_the_black_bowl_on_the_ramekin_and_place_it_on_the_plate_light_19
2324,Light Conditions,3,2,pick_up_the_black_bowl_on_the_ramekin_and_place_it_on_the_plate,,,,,,,,,2,,,,,pick up the black bowl on the ramekin and place it on the plate,pick up the black bowl on the ramekin and place it on the plate light 2,pick_up_the_black_bowl_on_the_ramekin_and_place_it_on_the_plate_light_2
2325,Light Conditions,4,1,pick_up_the_black_bowl_on_the_ramekin_and_place_it_on_the_plate,,,,,,,,,20,,,,,pick up the black bowl on the ramekin and place it on the plate,pick up the black bowl on the ramekin and place it on the plate light 20,pick_up_the_black_bowl_on_the_ramekin_and_place_it_on_the_plate_light_20
2326,Light Conditions,3,2,pick_up_the_black_bowl_on_the_ramekin_and_place_it_on_the_plate,,,,,,,,,21,,,,,pick up the black bowl on the ramekin and place it on the plate,pick up the black bowl on the ramekin and place it on the plate light 21,pick_up_the_black_bowl_on_the_ramekin_and_place_it_on_the_plate_light_21
2327,Light Conditions,4,1,pick_up_the_black_bowl_on_the_ramekin_and_place_it_on_the_plate,,,,,,,,,22,,,,,pick up the black bowl on the ramekin and place it on the plate,pick up the black bowl on the ramekin and place it on the plate light 22,pick_up_the_black_bowl_on_the_ramekin_and_place_it_on_the_plate_light_22
2328,Light Conditions,3,2,pick_up_the_black_bowl_on_the_ramekin_and_place_it_on_the_plate,,,,,,,,,24,,,,,pick up the black bowl on the ramekin and place it on the plate,pick up the black bowl on the ramekin and place it on the plate light 24,pick_up_the_black_bowl_on_the_ramekin_and_place_it_on_the_plate_light_24
2329,Light Conditions,4,1,pick_up_the_black_bowl_on_the_ramekin_and_place_it_on_the_plate,,,,,,,,,25,,,,,pick up the black bowl on the ramekin and place it on the plate,pick up the black bowl on the ramekin and place it on the plate light 25,pick_up_the_black_bowl_on_the_ramekin_and_place_it_on_the_plate_light_25
2330,Light Conditions,4,1,pick_up_the_black_bowl_on_the_ramekin_and_place_it_on_the_plate,,,,,,,,,26,,,,,pick up the black bowl on the ramekin and place it on the plate,pick up the black bowl on the ramekin and place it on the plate light 26,pick_up_the_black_bowl_on_the_ramekin_and_place_it_on_the_plate_light_26
2331,Light Conditions,4,1,pick_up_the_black_bowl_on_the_ramekin_and_place_it_on_the_plate,,,,,,,,,27,,,,,pick up the black bowl on the ramekin and place it on the plate,pick up the black bowl on the ramekin and place it on the plate light 27,pick_up_the_black_bowl_on_the_ramekin_and_place_it_on_the_plate_light_27
2332,Light Conditions,4,1,pick_up_the_black_bowl_on_the_ramekin_and_place_it_on_the_plate,,,,,,,,,28,,,,,pick up the black bowl on the ramekin and place it on the plate,pick up the black bowl on the ramekin and place it on the plate light 28,pick_up_the_black_bowl_on_the_ramekin_and_place_it_on_the_plate_light_28
2333,Light Conditions,3,2,pick_up_the_black_bowl_on_the_ramekin_and_place_it_on_the_plate,,,,,,,,,29,,,,,pick up the black bowl on the ramekin and place it on the plate,pick up the black bowl on the ramekin and place it on the plate light 29,pick_up_the_black_bowl_on_the_ramekin_and_place_it_on_the_plate_light_29
2334,Light Conditions,3,2,pick_up_the_black_bowl_on_the_ramekin_and_place_it_on_the_plate,,,,,,,,,31,,,,,pick up the black bowl on the ramekin and place it on the plate,pick up the black bowl on the ramekin and place it on the plate light 31,pick_up_the_black_bowl_on_the_ramekin_and_place_it_on_the_plate_light_31
2335,Light Conditions,4,1,pick_up_the_black_bowl_on_the_ramekin_and_place_it_on_the_plate,,,,,,,,,33,,,,,pick up the black bowl on the ramekin and place it on the plate,pick up the black bowl on the ramekin and place it on the plate light 33,pick_up_the_black_bowl_on_the_ramekin_and_place_it_on_the_plate_light_33
2336,Light Conditions,3,2,pick_up_the_black_bowl_on_the_ramekin_and_place_it_on_the_plate,,,,,,,,,35,,,,,pick up the black bowl on the ramekin and place it on the plate,pick up the black bowl on the ramekin and place it on the plate light 35,pick_up_the_black_bowl_on_the_ramekin_and_place_it_on_the_plate_light_35
2337,Light Conditions,2,3,pick_up_the_black_bowl_on_the_ramekin_and_place_it_on_the_plate,,,,,,,,,36,,,,,pick up the black bowl on the ramekin and place it on the plate,pick up the black bowl on the ramekin and place it on the plate light 36,pick_up_the_black_bowl_on_the_ramekin_and_place_it_on_the_plate_light_36
2338,Light Conditions,3,2,pick_up_the_black_bowl_on_the_ramekin_and_place_it_on_the_plate,,,,,,,,,39,,,,,pick up the black bowl on the ramekin and place it on the plate,pick up the black bowl on the ramekin and place it on the plate light 39,pick_up_the_black_bowl_on_the_ramekin_and_place_it_on_the_plate_light_39
2339,Light Conditions,4,1,pick_up_the_black_bowl_on_the_ramekin_and_place_it_on_the_plate,,,,,,,,,41,,,,,pick up the black bowl on the ramekin and place it on the plate,pick up the black bowl on the ramekin and place it on the plate light 41,pick_up_the_black_bowl_on_the_ramekin_and_place_it_on_the_plate_light_41
2340,Light Conditions,4,1,pick_up_the_black_bowl_on_the_ramekin_and_place_it_on_the_plate,,,,,,,,,43,,,,,pick up the black bowl on the ramekin and place it on the plate,pick up the black bowl on the ramekin and place it on the plate light 43,pick_up_the_black_bowl_on_the_ramekin_and_place_it_on_the_plate_light_43
2341,Light Conditions,5,0,pick_up_the_black_bowl_on_the_ramekin_and_place_it_on_the_plate,,,,,,,,,44,,,,,pick up the black bowl on the ramekin and place it on the plate,pick up the black bowl on the ramekin and place it on the plate light 44,pick_up_the_black_bowl_on_the_ramekin_and_place_it_on_the_plate_light_44
2342,Light Conditions,2,3,pick_up_the_black_bowl_on_the_ramekin_and_place_it_on_the_plate,,,,,,,,,46,,,,,pick up the black bowl on the ramekin and place it on the plate,pick up the black bowl on the ramekin and place it on the plate light 46,pick_up_the_black_bowl_on_the_ramekin_and_place_it_on_the_plate_light_46
2343,Light Conditions,1,4,pick_up_the_black_bowl_on_the_ramekin_and_place_it_on_the_plate,,,,,,,,,49,,,,,pick up the black bowl on the ramekin and place it on the plate,pick up the black bowl on the ramekin and place it on the plate light 49,pick_up_the_black_bowl_on_the_ramekin_and_place_it_on_the_plate_light_49
2344,Light Conditions,3,2,pick_up_the_black_bowl_on_the_ramekin_and_place_it_on_the_plate,,,,,,,,,5,,,,,pick up the black bowl on the ramekin and place it on the plate,pick up the black bowl on the ramekin and place it on the plate light 5,pick_up_the_black_bowl_on_the_ramekin_and_place_it_on_the_plate_light_5
2345,Light Conditions,4,1,pick_up_the_black_bowl_on_the_ramekin_and_place_it_on_the_plate,,,,,,,,,50,,,,,pick up the black bowl on the ramekin and place it on the plate,pick up the black bowl on the ramekin and place it on the plate light 50,pick_up_the_black_bowl_on_the_ramekin_and_place_it_on_the_plate_light_50
2346,Light Conditions,4,1,pick_up_the_black_bowl_on_the_ramekin_and_place_it_on_the_plate,,,,,,,,,6,,,,,pick up the black bowl on the ramekin and place it on the plate,pick up the black bowl on the ramekin and place it on the plate light 6,pick_up_the_black_bowl_on_the_ramekin_and_place_it_on_the_plate_light_6
2347,Light Conditions,3,2,pick_up_the_black_bowl_on_the_ramekin_and_place_it_on_the_plate,,,,,,,,,7,,,,,pick up the black bowl on the ramekin and place it on the plate,pick up the black bowl on the ramekin and place it on the plate light 7,pick_up_the_black_bowl_on_the_ramekin_and_place_it_on_the_plate_light_7
2348,Light Conditions,3,2,pick_up_the_black_bowl_on_the_ramekin_and_place_it_on_the_plate,,,,,,,,,8,,,,,pick up the black bowl on the ramekin and place it on the plate,pick up the black bowl on the ramekin and place it on the plate light 8,pick_up_the_black_bowl_on_the_ramekin_and_place_it_on_the_plate_light_8
2349,Light Conditions,2,3,pick_up_the_black_bowl_on_the_stove_and_place_it_on_the_plate,,,,,,,,,10,,,,,pick up the black bowl on the stove and place it on the plate,pick up the black bowl on the stove and place it on the plate light 10,pick_up_the_black_bowl_on_the_stove_and_place_it_on_the_plate_light_10
2350,Light Conditions,2,3,pick_up_the_black_bowl_on_the_stove_and_place_it_on_the_plate,,,,,,,,,11,,,,,pick up the black bowl on the stove and place it on the plate,pick up the black bowl on the stove and place it on the plate light 11,pick_up_the_black_bowl_on_the_stove_and_place_it_on_the_plate_light_11
2351,Light Conditions,2,3,pick_up_the_black_bowl_on_the_stove_and_place_it_on_the_plate,,,,,,,,,13,,,,,pick up the black bowl on the stove and place it on the plate,pick up the black bowl on the stove and place it on the plate light 13,pick_up_the_black_bowl_on_the_stove_and_place_it_on_the_plate_light_13
2352,Light Conditions,1,4,pick_up_the_black_bowl_on_the_stove_and_place_it_on_the_plate,,,,,,,,,14,,,,,pick up the black bowl on the stove and place it on the plate,pick up the black bowl on the stove and place it on the plate light 14,pick_up_the_black_bowl_on_the_stove_and_place_it_on_the_plate_light_14
2353,Light Conditions,3,2,pick_up_the_black_bowl_on_the_stove_and_place_it_on_the_plate,,,,,,,,,15,,,,,pick up the black bowl on the stove and place it on the plate,pick up the black bowl on the stove and place it on the plate light 15,pick_up_the_black_bowl_on_the_stove_and_place_it_on_the_plate_light_15
2354,Light Conditions,2,3,pick_up_the_black_bowl_on_the_stove_and_place_it_on_the_plate,,,,,,,,,16,,,,,pick up the black bowl on the stove and place it on the plate,pick up the black bowl on the stove and place it on the plate light 16,pick_up_the_black_bowl_on_the_stove_and_place_it_on_the_plate_light_16
2355,Light Conditions,1,4,pick_up_the_black_bowl_on_the_stove_and_place_it_on_the_plate,,,,,,,,,18,,,,,pick up the black bowl on the stove and place it on the plate,pick up the black bowl on the stove and place it on the plate light 18,pick_up_the_black_bowl_on_the_stove_and_place_it_on_the_plate_light_18
2356,Light Conditions,2,3,pick_up_the_black_bowl_on_the_stove_and_place_it_on_the_plate,,,,,,,,,19,,,,,pick up the black bowl on the stove and place it on the plate,pick up the black bowl on the stove and place it on the plate light 19,pick_up_the_black_bowl_on_the_stove_and_place_it_on_the_plate_light_19
2357,Light Conditions,1,4,pick_up_the_black_bowl_on_the_stove_and_place_it_on_the_plate,,,,,,,,,2,,,,,pick up the black bowl on the stove and place it on the plate,pick up the black bowl on the stove and place it on the plate light 2,pick_up_the_black_bowl_on_the_stove_and_place_it_on_the_plate_light_2
2358,Light Conditions,2,3,pick_up_the_black_bowl_on_the_stove_and_place_it_on_the_plate,,,,,,,,,21,,,,,pick up the black bowl on the stove and place it on the plate,pick up the black bowl on the stove and place it on the plate light 21,pick_up_the_black_bowl_on_the_stove_and_place_it_on_the_plate_light_21
2359,Light Conditions,2,3,pick_up_the_black_bowl_on_the_stove_and_place_it_on_the_plate,,,,,,,,,22,,,,,pick up the black bowl on the stove and place it on the plate,pick up the black bowl on the stove and place it on the plate light 22,pick_up_the_black_bowl_on_the_stove_and_place_it_on_the_plate_light_22
2360,Light Conditions,2,3,pick_up_the_black_bowl_on_the_stove_and_place_it_on_the_plate,,,,,,,,,23,,,,,pick up the black bowl on the stove and place it on the plate,pick up the black bowl on the stove and place it on the plate light 23,pick_up_the_black_bowl_on_the_stove_and_place_it_on_the_plate_light_23
2361,Light Conditions,2,3,pick_up_the_black_bowl_on_the_stove_and_place_it_on_the_plate,,,,,,,,,3,,,,,pick up the black bowl on the stove and place it on the plate,pick up the black bowl on the stove and place it on the plate light 3,pick_up_the_black_bowl_on_the_stove_and_place_it_on_the_plate_light_3
2362,Light Conditions,2,3,pick_up_the_black_bowl_on_the_stove_and_place_it_on_the_plate,,,,,,,,,30,,,,,pick up the black bowl on the stove and place it on the plate,pick up the black bowl on the stove and place it on the plate light 30,pick_up_the_black_bowl_on_the_stove_and_place_it_on_the_plate_light_30
2363,Light Conditions,1,4,pick_up_the_black_bowl_on_the_stove_and_place_it_on_the_plate,,,,,,,,,32,,,,,pick up the black bowl on the stove and place it on the plate,pick up the black bowl on the stove and place it on the plate light 32,pick_up_the_black_bowl_on_the_stove_and_place_it_on_the_plate_light_32
2364,Light Conditions,2,3,pick_up_the_black_bowl_on_the_stove_and_place_it_on_the_plate,,,,,,,,,33,,,,,pick up the black bowl on the stove and place it on the plate,pick up the black bowl on the stove and place it on the plate light 33,pick_up_the_black_bowl_on_the_stove_and_place_it_on_the_plate_light_33
2365,Light Conditions,1,4,pick_up_the_black_bowl_on_the_stove_and_place_it_on_the_plate,,,,,,,,,34,,,,,pick up the black bowl on the stove and place it on the plate,pick up the black bowl on the stove and place it on the plate light 34,pick_up_the_black_bowl_on_the_stove_and_place_it_on_the_plate_light_34
2366,Light Conditions,2,3,pick_up_the_black_bowl_on_the_stove_and_place_it_on_the_plate,,,,,,,,,35,,,,,pick up the black bowl on the stove and place it on the plate,pick up the black bowl on the stove and place it on the plate light 35,pick_up_the_black_bowl_on_the_stove_and_place_it_on_the_plate_light_35
2367,Light Conditions,3,2,pick_up_the_black_bowl_on_the_stove_and_place_it_on_the_plate,,,,,,,,,36,,,,,pick up the black bowl on the stove and place it on the plate,pick up the black bowl on the stove and place it on the plate light 36,pick_up_the_black_bowl_on_the_stove_and_place_it_on_the_plate_light_36
2368,Light Conditions,3,2,pick_up_the_black_bowl_on_the_stove_and_place_it_on_the_plate,,,,,,,,,37,,,,,pick up the black bowl on the stove and place it on the plate,pick up the black bowl on the stove and place it on the plate light 37,pick_up_the_black_bowl_on_the_stove_and_place_it_on_the_plate_light_37
2369,Light Conditions,2,3,pick_up_the_black_bowl_on_the_stove_and_place_it_on_the_plate,,,,,,,,,38,,,,,pick up the black bowl on the stove and place it on the plate,pick up the black bowl on the stove and place it on the plate light 38,pick_up_the_black_bowl_on_the_stove_and_place_it_on_the_plate_light_38
2370,Light Conditions,2,3,pick_up_the_black_bowl_on_the_stove_and_place_it_on_the_plate,,,,,,,,,39,,,,,pick up the black bowl on the stove and place it on the plate,pick up the black bowl on the stove and place it on the plate light 39,pick_up_the_black_bowl_on_the_stove_and_place_it_on_the_plate_light_39
2371,Light Conditions,2,3,pick_up_the_black_bowl_on_the_stove_and_place_it_on_the_plate,,,,,,,,,4,,,,,pick up the black bowl on the stove and place it on the plate,pick up the black bowl on the stove and place it on the plate light 4,pick_up_the_black_bowl_on_the_stove_and_place_it_on_the_plate_light_4
2372,Light Conditions,1,4,pick_up_the_black_bowl_on_the_stove_and_place_it_on_the_plate,,,,,,,,,40,,,,,pick up the black bowl on the stove and place it on the plate,pick up the black bowl on the stove and place it on the plate light 40,pick_up_the_black_bowl_on_the_stove_and_place_it_on_the_plate_light_40
2373,Light Conditions,2,3,pick_up_the_black_bowl_on_the_stove_and_place_it_on_the_plate,,,,,,,,,43,,,,,pick up the black bowl on the stove and place it on the plate,pick up the black bowl on the stove and place it on the plate light 43,pick_up_the_black_bowl_on_the_stove_and_place_it_on_the_plate_light_43
2374,Light Conditions,2,3,pick_up_the_black_bowl_on_the_stove_and_place_it_on_the_plate,,,,,,,,,44,,,,,pick up the black bowl on the stove and place it on the plate,pick up the black bowl on the stove and place it on the plate light 44,pick_up_the_black_bowl_on_the_stove_and_place_it_on_the_plate_light_44
2375,Light Conditions,2,3,pick_up_the_black_bowl_on_the_stove_and_place_it_on_the_plate,,,,,,,,,45,,,,,pick up the black bowl on the stove and place it on the plate,pick up the black bowl on the stove and place it on the plate light 45,pick_up_the_black_bowl_on_the_stove_and_place_it_on_the_plate_light_45
2376,Light Conditions,2,3,pick_up_the_black_bowl_on_the_stove_and_place_it_on_the_plate,,,,,,,,,48,,,,,pick up the black bowl on the stove and place it on the plate,pick up the black bowl on the stove and place it on the plate light 48,pick_up_the_black_bowl_on_the_stove_and_place_it_on_the_plate_light_48
2377,Light Conditions,1,4,pick_up_the_black_bowl_on_the_stove_and_place_it_on_the_plate,,,,,,,,,49,,,,,pick up the black bowl on the stove and place it on the plate,pick up the black bowl on the stove and place it on the plate light 49,pick_up_the_black_bowl_on_the_stove_and_place_it_on_the_plate_light_49
2378,Light Conditions,2,3,pick_up_the_black_bowl_on_the_stove_and_place_it_on_the_plate,,,,,,,,,5,,,,,pick up the black bowl on the stove and place it on the plate,pick up the black bowl on the stove and place it on the plate light 5,pick_up_the_black_bowl_on_the_stove_and_place_it_on_the_plate_light_5
2379,Light Conditions,3,2,pick_up_the_black_bowl_on_the_stove_and_place_it_on_the_plate,,,,,,,,,50,,,,,pick up the black bowl on the stove and place it on the plate,pick up the black bowl on the stove and place it on the plate light 50,pick_up_the_black_bowl_on_the_stove_and_place_it_on_the_plate_light_50
2380,Light Conditions,2,3,pick_up_the_black_bowl_on_the_stove_and_place_it_on_the_plate,,,,,,,,,8,,,,,pick up the black bowl on the stove and place it on the plate,pick up the black bowl on the stove and place it on the plate light 8,pick_up_the_black_bowl_on_the_stove_and_place_it_on_the_plate_light_8
2381,Light Conditions,1,4,pick_up_the_black_bowl_on_the_wooden_cabinet_and_place_it_on_the_plate,,,,,,,,,1,,,,,pick up the black bowl on the wooden cabinet and place it on the plate,pick up the black bowl on the wooden cabinet and place it on the plate light 1,pick_up_the_black_bowl_on_the_wooden_cabinet_and_place_it_on_the_plate_light_1
2382,Light Conditions,2,3,pick_up_the_black_bowl_on_the_wooden_cabinet_and_place_it_on_the_plate,,,,,,,,,11,,,,,pick up the black bowl on the wooden cabinet and place it on the plate,pick up the black bowl on the wooden cabinet and place it on the plate light 11,pick_up_the_black_bowl_on_the_wooden_cabinet_and_place_it_on_the_plate_light_11
2383,Light Conditions,3,2,pick_up_the_black_bowl_on_the_wooden_cabinet_and_place_it_on_the_plate,,,,,,,,,12,,,,,pick up the black bowl on the wooden cabinet and place it on the plate,pick up the black bowl on the wooden cabinet and place it on the plate light 12,pick_up_the_black_bowl_on_the_wooden_cabinet_and_place_it_on_the_plate_light_12
2384,Light Conditions,2,3,pick_up_the_black_bowl_on_the_wooden_cabinet_and_place_it_on_the_plate,,,,,,,,,13,,,,,pick up the black bowl on the wooden cabinet and place it on the plate,pick up the black bowl on the wooden cabinet and place it on the plate light 13,pick_up_the_black_bowl_on_the_wooden_cabinet_and_place_it_on_the_plate_light_13
2385,Light Conditions,3,2,pick_up_the_black_bowl_on_the_wooden_cabinet_and_place_it_on_the_plate,,,,,,,,,14,,,,,pick up the black bowl on the wooden cabinet and place it on the plate,pick up the black bowl on the wooden cabinet and place it on the plate light 14,pick_up_the_black_bowl_on_the_wooden_cabinet_and_place_it_on_the_plate_light_14
2386,Light Conditions,3,2,pick_up_the_black_bowl_on_the_wooden_cabinet_and_place_it_on_the_plate,,,,,,,,,19,,,,,pick up the black bowl on the wooden cabinet and place it on the plate,pick up the black bowl on the wooden cabinet and place it on the plate light 19,pick_up_the_black_bowl_on_the_wooden_cabinet_and_place_it_on_the_plate_light_19
2387,Light Conditions,3,2,pick_up_the_black_bowl_on_the_wooden_cabinet_and_place_it_on_the_plate,,,,,,,,,2,,,,,pick up the black bowl on the wooden cabinet and place it on the plate,pick up the black bowl on the wooden cabinet and place it on the plate light 2,pick_up_the_black_bowl_on_the_wooden_cabinet_and_place_it_on_the_plate_light_2
2388,Light Conditions,2,3,pick_up_the_black_bowl_on_the_wooden_cabinet_and_place_it_on_the_plate,,,,,,,,,20,,,,,pick up the black bowl on the wooden cabinet and place it on the plate,pick up the black bowl on the wooden cabinet and place it on the plate light 20,pick_up_the_black_bowl_on_the_wooden_cabinet_and_place_it_on_the_plate_light_20
2389,Light Conditions,3,2,pick_up_the_black_bowl_on_the_wooden_cabinet_and_place_it_on_the_plate,,,,,,,,,22,,,,,pick up the black bowl on the wooden cabinet and place it on the plate,pick up the black bowl on the wooden cabinet and place it on the plate light 22,pick_up_the_black_bowl_on_the_wooden_cabinet_and_place_it_on_the_plate_light_22
2390,Light Conditions,1,4,pick_up_the_black_bowl_on_the_wooden_cabinet_and_place_it_on_the_plate,,,,,,,,,23,,,,,pick up the black bowl on the wooden cabinet and place it on the plate,pick up the black bowl on the wooden cabinet and place it on the plate light 23,pick_up_the_black_bowl_on_the_wooden_cabinet_and_place_it_on_the_plate_light_23
2391,Light Conditions,3,2,pick_up_the_black_bowl_on_the_wooden_cabinet_and_place_it_on_the_plate,,,,,,,,,24,,,,,pick up the black bowl on the wooden cabinet and place it on the plate,pick up the black bowl on the wooden cabinet and place it on the plate light 24,pick_up_the_black_bowl_on_the_wooden_cabinet_and_place_it_on_the_plate_light_24
2392,Light Conditions,1,4,pick_up_the_black_bowl_on_the_wooden_cabinet_and_place_it_on_the_plate,,,,,,,,,25,,,,,pick up the black bowl on the wooden cabinet and place it on the plate,pick up the black bowl on the wooden cabinet and place it on the plate light 25,pick_up_the_black_bowl_on_the_wooden_cabinet_and_place_it_on_the_plate_light_25
2393,Light Conditions,2,3,pick_up_the_black_bowl_on_the_wooden_cabinet_and_place_it_on_the_plate,,,,,,,,,28,,,,,pick up the black bowl on the wooden cabinet and place it on the plate,pick up the black bowl on the wooden cabinet and place it on the plate light 28,pick_up_the_black_bowl_on_the_wooden_cabinet_and_place_it_on_the_plate_light_28
2394,Light Conditions,3,2,pick_up_the_black_bowl_on_the_wooden_cabinet_and_place_it_on_the_plate,,,,,,,,,29,,,,,pick up the black bowl on the wooden cabinet and place it on the plate,pick up the black bowl on the wooden cabinet and place it on the plate light 29,pick_up_the_black_bowl_on_the_wooden_cabinet_and_place_it_on_the_plate_light_29
2395,Light Conditions,2,3,pick_up_the_black_bowl_on_the_wooden_cabinet_and_place_it_on_the_plate,,,,,,,,,30,,,,,pick up the black bowl on the wooden cabinet and place it on the plate,pick up the black bowl on the wooden cabinet and place it on the plate light 30,pick_up_the_black_bowl_on_the_wooden_cabinet_and_place_it_on_the_plate_light_30
2396,Light Conditions,3,2,pick_up_the_black_bowl_on_the_wooden_cabinet_and_place_it_on_the_plate,,,,,,,,,31,,,,,pick up the black bowl on the wooden cabinet and place it on the plate,pick up the black bowl on the wooden cabinet and place it on the plate light 31,pick_up_the_black_bowl_on_the_wooden_cabinet_and_place_it_on_the_plate_light_31
2397,Light Conditions,2,3,pick_up_the_black_bowl_on_the_wooden_cabinet_and_place_it_on_the_plate,,,,,,,,,32,,,,,pick up the black bowl on the wooden cabinet and place it on the plate,pick up the black bowl on the wooden cabinet and place it on the plate light 32,pick_up_the_black_bowl_on_the_wooden_cabinet_and_place_it_on_the_plate_light_32
2398,Light Conditions,3,2,pick_up_the_black_bowl_on_the_wooden_cabinet_and_place_it_on_the_plate,,,,,,,,,38,,,,,pick up the black bowl on the wooden cabinet and place it on the plate,pick up the black bowl on the wooden cabinet and place it on the plate light 38,pick_up_the_black_bowl_on_the_wooden_cabinet_and_place_it_on_the_plate_light_38
2399,Light Conditions,2,3,pick_up_the_black_bowl_on_the_wooden_cabinet_and_place_it_on_the_plate,,,,,,,,,39,,,,,pick up the black bowl on the wooden cabinet and place it on the plate,pick up the black bowl on the wooden cabinet and place it on the plate light 39,pick_up_the_black_bowl_on_the_wooden_cabinet_and_place_it_on_the_plate_light_39
2400,Light Conditions,4,1,pick_up_the_black_bowl_on_the_wooden_cabinet_and_place_it_on_the_plate,,,,,,,,,41,,,,,pick up the black bowl on the wooden cabinet and place it on the plate,pick up the black bowl on the wooden cabinet and place it on the plate light 41,pick_up_the_black_bowl_on_the_wooden_cabinet_and_place_it_on_the_plate_light_41
2401,Light Conditions,2,3,pick_up_the_black_bowl_on_the_wooden_cabinet_and_place_it_on_the_plate,,,,,,,,,5,,,,,pick up the black bowl on the wooden cabinet and place it on the plate,pick up the black bowl on the wooden cabinet and place it on the plate light 5,pick_up_the_black_bowl_on_the_wooden_cabinet_and_place_it_on_the_plate_light_5
