task_id,category,difficulty_level,solved_by_n_of_4_reference_models,base_scene,azimuth,elevation,distance_pct,cam_rot,cam_vert,initstate,noise_type,noise_severity,light,table,language,added_objects,layout_level,instruction_clean,task_language_raw,variant_name
0,Background Textures,4,1,pick_up_the_alphabet_soup_and_place_it_in_the_basket,,,,,,,,,,1,,,,pick up the alphabet soup and place it in the basket,pick up the alphabet soup and place it in the basket table 1,pick_up_the_alphabet_soup_and_place_it_in_the_basket_table_1
1,Background Textures,3,2,pick_up_the_alphabet_soup_and_place_it_in_the_basket,,,,,,,,,,10,,,,pick up the alphabet soup and place it in the basket,pick up the alphabet soup and place it in the basket table 10,pick_up_the_alphabet_soup_and_place_it_in_the_basket_table_10
2,Background Textures,3,2,pick_up_the_alphabet_soup_and_place_it_in_the_basket,,,,,,,,,,12,,,,pick up the alphabet soup and place it in the basket,pick up the alphabet soup and place it in the basket table 12,pick_up_the_alphabet_soup_and_place_it_in_the_basket_table_12
3,Background Textures,2,3,pick_up_the_alphabet_soup_and_place_it_in_the_basket,,,,,,,,,,13,,,,pick up the alphabet soup and place it in the basket,pick up the alphabet soup and place it in the basket table 13,pick_up_the_alphabet_soup_and_place_it_in_the_basket_table_13
4,Background Textures,3,2,pick_up_the_alphabet_soup_and_place_it_in_the_basket,,,,,,,,,,14,,,,pick up the alphabet soup and place it in the basket,pick up the alphabet soup and place it in the basket table 14,pick_up_the_alphabet_soup_and_place_it_in_the_basket_table_14
5,Background Textures,1,4,pick_up_the_alphabet_soup_and_place_it_in_the_basket,,,,,,,,,,15,,,,pick up the alphabet soup and place it in the basket,pick up the alphabet soup and place it in the basket table 15,pick_up_the_alphabet_soup_and_place_it_in_the_basket_table_15
6,Background Textures,2,3,pick_up_the_alphabet_soup_and_place_it_in_the_basket,,,,,,,,,,16,,,,pick up the alphabet soup and place it in the basket,pick up the alphabet soup and place it in the basket table 16,pick_up_the_alphabet_soup_and_place_it_in_the_basket_table_16
7,Background Textures,3,2,pick_up_the_alphabet_soup_and_place_it_in_the_basket,,,,,,,,,,17,,,,pick up the alphabet soup and place it in the basket,pick up the alphabet soup and place it in the basket table 17,pick_up_the_alphabet_soup_and_place_it_in_the_basket_table_17
8,Background Textures,2,3,pick_up_the_alphabet_soup_and_place_it_in_the_basket,,,,,,,,,,18,,,,pick up the alphabet soup and place it in the basket,pick up the alphabet soup and place it in the basket table 18,pick_up_the_alphabet_soup_and_place_it_in_the_basket_table_18
9,Background Textures,3,2,pick_up_the_alphabet_soup_and_place_it_in_the_basket,,,,,,,,,,19,,,,pick up the alphabet soup and place it in the basket,pick up the alphabet soup and place it in the basket table 19,pick_up_the_alphabet_soup_and_place_it_in_the_basket_table_19
10,Background Textures,3,2,pick_up_the_alphabet_soup_and_place_it_in_the_basket,,,,,,,,,,2,,,,pick up the alphabet soup and place it in the basket,pick up the alphabet soup and place it in the basket table 2,pick_up_the_alphabet_soup_and_place_it_in_the_basket_table_2
11,Background Textures,3,2,pick_up_the_alphabet_soup_and_place_it_in_the_basket,,,,,,,,,,20,,,,pick up the alphabet soup and place it in the basket,pick up the alphabet soup and place it in the basket table 20,pick_up_the_alphabet_soup_and_place_it_in_the_basket_table_20
12,Background Textures,1,4,pick_up_the_alphabet_soup_and_place_it_in_the_basket,,,,,,,,,,21,,,,pick up the alphabet soup and place it in the basket,pick up the alphabet soup and place it in the basket table 21,pick_up_the_alphabet_soup_and_place_it_in_the_basket_table_21
13,Background Textures,3,2,pick_up_the_alphabet_soup_and_place_it_in_the_basket,,,,,,,,,,22,,,,pick up the alphabet soup and place it in the basket,pick up the alphabet soup and place it in the basket table 22,pick_up_the_alphabet_soup_and_place_it_in_the_basket_table_22
14,Background Textures,3,2,pick_up_the_alphabet_soup_and_place_it_in_the_basket,,,,,,,,,,24,,,,pick up the alphabet soup and place it in the basket,pick up the alphabet soup and place it in the basket table 24,pick_up_the_alphabet_soup_and_place_it_in_the_basket_table_24
15,Background Textures,3,2,pick_up_the_alphabet_soup_and_place_it_in_the_basket,,,,,,,,,,27,,,,pick up the alphabet soup and place it in the basket,pick up the alphabet soup and place it in the basket table 27,pick_up_the_alphabet_soup_and_place_it_in_the_basket_table_27
16,Background Textures,3,2,pick_up_the_alphabet_soup_and_place_it_in_the_basket,,,,,,,,,,28,,,,pick up the alphabet soup and place it in the basket,pick up the alphabet soup and place it in the basket table 28,pick_up_the_alphabet_soup_and_place_it_in_the_basket_table_28
17,Background Textures,4,1,pick_up_the_alphabet_soup_and_place_it_in_the_basket,,,,,,,,,,5,,,,pick up the alphabet soup and place it in the basket,pick up the alphabet soup and place it in the basket table 5,pick_up_the_alphabet_soup_and_place_it_in_the_basket_table_5
18,Background Textures,3,2,pick_up_the_alphabet_soup_and_place_it_in_the_basket,,,,,,,,,,8,,,,pick up the alphabet soup and place it in the basket,pick up the alphabet soup and place it in the basket table 8,pick_up_the_alphabet_soup_and_place_it_in_the_basket_table_8
19,Background Textures,3,2,pick_up_the_alphabet_soup_and_place_it_in_the_basket,,,,,,,,,,9,,,,pick up the alphabet soup and place it in the basket,pick up the alphabet soup and place it in the basket table 9,pick_up_the_alphabet_soup_and_place_it_in_the_basket_table_9
20,Background Textures,2,3,pick_up_the_alphabet_soup_and_place_it_in_the_basket,,,,,,,,,,10,,,,pick up the alphabet soup and place it in the basket,pick up the alphabet soup and place it in the basket tb 10,pick_up_the_alphabet_soup_and_place_it_in_the_basket_tb_10
21,Background Textures,3,2,pick_up_the_alphabet_soup_and_place_it_in_the_basket,,,,,,,,,,12,,,,pick up the alphabet soup and place it in the basket,pick up the alphabet soup and place it in the basket tb 12,pick_up_the_alphabet_soup_and_place_it_in_the_basket_tb_12
22,Background Textures,3,2,pick_up_the_alphabet_soup_and_place_it_in_the_basket,,,,,,,,,,18,,,,pick up the alphabet soup and place it in the basket,pick up the alphabet soup and place it in the basket tb 18,pick_up_the_alphabet_soup_and_place_it_in_the_basket_tb_18
23,Background Textures,2,3,pick_up_the_alphabet_soup_and_place_it_in_the_basket,,,,,,,,,,2,,,,pick up the alphabet soup and place it in the basket,pick up the alphabet soup and place it in the basket tb 2,pick_up_the_alphabet_soup_and_place_it_in_the_basket_tb_2
24,Background Textures,2,3,pick_up_the_alphabet_soup_and_place_it_in_the_basket,,,,,,,,,,20,,,,pick up the alphabet soup and place it in the basket,pick up the alphabet soup and place it in the basket tb 20,pick_up_the_alphabet_soup_and_place_it_in_the_basket_tb_20
25,Background Textures,1,4,pick_up_the_alphabet_soup_and_place_it_in_the_basket,,,,,,,,,,21,,,,pick up the alphabet soup and place it in the basket,pick up the alphabet soup and place it in the basket tb 21,pick_up_the_alphabet_soup_and_place_it_in_the_basket_tb_21
26,Background Textures,1,4,pick_up_the_alphabet_soup_and_place_it_in_the_basket,,,,,,,,,,22,,,,pick up the alphabet soup and place it in the basket,pick up the alphabet soup and place it in the basket tb 22,pick_up_the_alphabet_soup_and_place_it_in_the_basket_tb_22
27,Background Textures,2,3,pick_up_the_alphabet_soup_and_place_it_in_the_basket,,,,,,,,,,5,,,,pick up the alphabet soup and place it in the basket,pick up the alphabet soup and place it in the basket tb 5,pick_up_the_alphabet_soup_and_place_it_in_the_basket_tb_5
28,Background Textures,3,2,pick_up_the_alphabet_soup_and_place_it_in_the_basket,,,,,,,,,,6,,,,pick up the alphabet soup and place it in the basket,pick up the alphabet soup and place it in the basket tb 6,pick_up_the_alphabet_soup_and_place_it_in_the_basket_tb_6
29,Background Textures,2,3,pick_up_the_alphabet_soup_and_place_it_in_the_basket,,,,,,,,,,7,,,,pick up the alphabet soup and place it in the basket,pick up the alphabet soup and place it in the basket tb 7,pick_up_the_alphabet_soup_and_place_it_in_the_basket_tb_7
30,Background Textures,2,3,pick_up_the_alphabet_soup_and_place_it_in_the_basket,,,,,,,,,,8,,,,pick up the alphabet soup and place it in the basket,pick up the alphabet soup and place it in the basket tb 8,pick_up_the_alphabet_soup_and_place_it_in_the_basket_tb_8
31,Background Textures,2,3,pick_up_the_alphabet_soup_and_place_it_in_the_basket,,,,,,,,,,9,,,,pick up the alphabet soup and place it in the basket,pick up the alphabet soup and place it in the basket tb 9,pick_up_the_alphabet_soup_and_place_it_in_the_basket_tb_9
32,Background Textures,1,4,pick_up_the_bbq_sauce_and_place_it_in_the_basket,,,,,,,,,,1,,,,pick up the bbq sauce and place it in the basket,pick up the bbq sauce and place it in the basket table 1,pick_up_the_bbq_sauce_and_place_it_in_the_basket_table_1
33,Background Textures,1,4,pick_up_the_bbq_sauce_and_place_it_in_the_basket,,,,,,,,,,11,,,,pick up the bbq sauce and place it in the basket,pick up the bbq sauce and place it in the basket table 11,pick_up_the_bbq_sauce_and_place_it_in_the_basket_table_11
34,Background Textures,2,3,pick_up_the_bbq_sauce_and_place_it_in_the_basket,,,,,,,,,,12,,,,pick up the bbq sauce and place it in the basket,pick up the bbq sauce and place it in the basket table 12,pick_up_the_bbq_sauce_and_place_it_in_the_basket_table_12
35,Background Textures,1,4,pick_up_the_bbq_sauce_and_place_it_in_the_basket,,,,,,,,,,13,,,,pick up the bbq sauce and place it in the basket,pick up the bbq sauce and place it in the basket table 13,pick_up_the_bbq_sauce_and_place_it_in_the_basket_table_13
36,Background Textures,1,4,pick_up_the_bbq_sauce_and_place_it_in_the_basket,,,,,,,,,,14,,,,pick up the bbq sauce and place it in the basket,pick up the bbq sauce and place it in the basket table 14,pick_up_the_bbq_sauce_and_place_it_in_the_basket_table_14
37,Background Textures,2,3,pick_up_the_bbq_sauce_and_place_it_in_the_basket,,,,,,,,,,15,,,,pick up the bbq sauce and place it in the basket,pick up the bbq sauce and place it in the basket table 15,pick_up_the_bbq_sauce_and_place_it_in_the_basket_table_15
38,Background Textures,3,2,pick_up_the_bbq_sauce_and_place_it_in_the_basket,,,,,,,,,,16,,,,pick up the bbq sauce and place it in the basket,pick up the bbq sauce and place it in the basket table 16,pick_up_the_bbq_sauce_and_place_it_in_the_basket_table_16
39,Background Textures,2,3,pick_up_the_bbq_sauce_and_place_it_in_the_basket,,,,,,,,,,17,,,,pick up the bbq sauce and place it in the basket,pick up the bbq sauce and place it in the basket table 17,pick_up_the_bbq_sauce_and_place_it_in_the_basket_table_17
40,Background Textures,2,3,pick_up_the_bbq_sauce_and_place_it_in_the_basket,,,,,,,,,,18,,,,pick up the bbq sauce and place it in the basket,pick up the bbq sauce and place it in the basket table 18,pick_up_the_bbq_sauce_and_place_it_in_the_basket_table_18
41,Background Textures,1,4,pick_up_the_bbq_sauce_and_place_it_in_the_basket,,,,,,,,,,19,,,,pick up the bbq sauce and place it in the basket,pick up the bbq sauce and place it in the basket table 19,pick_up_the_bbq_sauce_and_place_it_in_the_basket_table_19
42,Background Textures,1,4,pick_up_the_bbq_sauce_and_place_it_in_the_basket,,,,,,,,,,2,,,,pick up the bbq sauce and place it in the basket,pick up the bbq sauce and place it in the basket table 2,pick_up_the_bbq_sauce_and_place_it_in_the_basket_table_2
43,Background Textures,3,2,pick_up_the_bbq_sauce_and_place_it_in_the_basket,,,,,,,,,,20,,,,pick up the bbq sauce and place it in the basket,pick up the bbq sauce and place it in the basket table 20,pick_up_the_bbq_sauce_and_place_it_in_the_basket_table_20
44,Background Textures,2,3,pick_up_the_bbq_sauce_and_place_it_in_the_basket,,,,,,,,,,21,,,,pick up the bbq sauce and place it in the basket,pick up the bbq sauce and place it in the basket table 21,pick_up_the_bbq_sauce_and_place_it_in_the_basket_table_21
45,Background Textures,2,3,pick_up_the_bbq_sauce_and_place_it_in_the_basket,,,,,,,,,,22,,,,pick up the bbq sauce and place it in the basket,pick up the bbq sauce and place it in the basket table 22,pick_up_the_bbq_sauce_and_place_it_in_the_basket_table_22
46,Background Textures,3,2,pick_up_the_bbq_sauce_and_place_it_in_the_basket,,,,,,,,,,23,,,,pick up the bbq sauce and place it in the basket,pick up the bbq sauce and place it in the basket table 23,pick_up_the_bbq_sauce_and_place_it_in_the_basket_table_23
47,Background Textures,3,2,pick_up_the_bbq_sauce_and_place_it_in_the_basket,,,,,,,,,,24,,,,pick up the bbq sauce and place it in the basket,pick up the bbq sauce and place it in the basket table 24,pick_up_the_bbq_sauce_and_place_it_in_the_basket_table_24
48,Background Textures,3,2,pick_up_the_bbq_sauce_and_place_it_in_the_basket,,,,,,,,,,25,,,,pick up the bbq sauce and place it in the basket,pick up the bbq sauce and place it in the basket table 25,pick_up_the_bbq_sauce_and_place_it_in_the_basket_table_25
49,Background Textures,2,3,pick_up_the_bbq_sauce_and_place_it_in_the_basket,,,,,,,,,,26,,,,pick up the bbq sauce and place it in the basket,pick up the bbq sauce and place it in the basket table 26,pick_up_the_bbq_sauce_and_place_it_in_the_basket_table_26
50,Background Textures,1,4,pick_up_the_bbq_sauce_and_place_it_in_the_basket,,,,,,,,,,27,,,,pick up the bbq sauce and place it in the basket,pick up the bbq sauce and place it in the basket table 27,pick_up_the_bbq_sauce_and_place_it_in_the_basket_table_27
51,Background Textures,3,2,pick_up_the_bbq_sauce_and_place_it_in_the_basket,,,,,,,,,,28,,,,pick up the bbq sauce and place it in the basket,pick up the bbq sauce and place it in the basket table 28,pick_up_the_bbq_sauce_and_place_it_in_the_basket_table_28
52,Background Textures,4,1,pick_up_the_bbq_sauce_and_place_it_in_the_basket,,,,,,,,,,3,,,,pick up the bbq sauce and place it in the basket,pick up the bbq sauce and place it in the basket table 3,pick_up_the_bbq_sauce_and_place_it_in_the_basket_table_3
53,Background Textures,3,2,pick_up_the_bbq_sauce_and_place_it_in_the_basket,,,,,,,,,,4,,,,pick up the bbq sauce and place it in the basket,pick up the bbq sauce and place it in the basket table 4,pick_up_the_bbq_sauce_and_place_it_in_the_basket_table_4
54,Background Textures,1,4,pick_up_the_bbq_sauce_and_place_it_in_the_basket,,,,,,,,,,5,,,,pick up the bbq sauce and place it in the basket,pick up the bbq sauce and place it in the basket table 5,pick_up_the_bbq_sauce_and_place_it_in_the_basket_table_5
55,Background Textures,1,4,pick_up_the_bbq_sauce_and_place_it_in_the_basket,,,,,,,,,,6,,,,pick up the bbq sauce and place it in the basket,pick up the bbq sauce and place it in the basket table 6,pick_up_the_bbq_sauce_and_place_it_in_the_basket_table_6
56,Background Textures,3,2,pick_up_the_bbq_sauce_and_place_it_in_the_basket,,,,,,,,,,7,,,,pick up the bbq sauce and place it in the basket,pick up the bbq sauce and place it in the basket table 7,pick_up_the_bbq_sauce_and_place_it_in_the_basket_table_7
57,Background Textures,5,0,pick_up_the_bbq_sauce_and_place_it_in_the_basket,,,,,,,,,,9,,,,pick up the bbq sauce and place it in the basket,pick up the bbq sauce and place it in the basket table 9,pick_up_the_bbq_sauce_and_place_it_in_the_basket_table_9
58,Background Textures,2,3,pick_up_the_bbq_sauce_and_place_it_in_the_basket,,,,,,,,,,1,,,,pick up the bbq sauce and place it in the basket,pick up the bbq sauce and place it in the basket tb 1,pick_up_the_bbq_sauce_and_place_it_in_the_basket_tb_1
59,Background Textures,3,2,pick_up_the_bbq_sauce_and_place_it_in_the_basket,,,,,,,,,,10,,,,pick up the bbq sauce and place it in the basket,pick up the bbq sauce and place it in the basket tb 10,pick_up_the_bbq_sauce_and_place_it_in_the_basket_tb_10
60,Background Textures,3,2,pick_up_the_bbq_sauce_and_place_it_in_the_basket,,,,,,,,,,11,,,,pick up the bbq sauce and place it in the basket,pick up the bbq sauce and place it in the basket tb 11,pick_up_the_bbq_sauce_and_place_it_in_the_basket_tb_11
61,Background Textures,3,2,pick_up_the_bbq_sauce_and_place_it_in_the_basket,,,,,,,,,,12,,,,pick up the bbq sauce and place it in the basket,pick up the bbq sauce and place it in the basket tb 12,pick_up_the_bbq_sauce_and_place_it_in_the_basket_tb_12
62,Background Textures,3,2,pick_up_the_bbq_sauce_and_place_it_in_the_basket,,,,,,,,,,13,,,,pick up the bbq sauce and place it in the basket,pick up the bbq sauce and place it in the basket tb 13,pick_up_the_bbq_sauce_and_place_it_in_the_basket_tb_13
63,Background Textures,3,2,pick_up_the_bbq_sauce_and_place_it_in_the_basket,,,,,,,,,,14,,,,pick up the bbq sauce and place it in the basket,pick up the bbq sauce and place it in the basket tb 14,pick_up_the_bbq_sauce_and_place_it_in_the_basket_tb_14
64,Background Textures,3,2,pick_up_the_bbq_sauce_and_place_it_in_the_basket,,,,,,,,,,15,,,,pick up the bbq sauce and place it in the basket,pick up the bbq sauce and place it in the basket tb 15,pick_up_the_bbq_sauce_and_place_it_in_the_basket_tb_15
65,Background Textures,3,2,pick_up_the_bbq_sauce_and_place_it_in_the_basket,,,,,,,,,,16,,,,pick up the bbq sauce and place it in the basket,pick up the bbq sauce and place it in the basket tb 16,pick_up_the_bbq_sauce_and_place_it_in_the_basket_tb_16
66,Background Textures,2,3,pick_up_the_bbq_sauce_and_place_it_in_the_basket,,,,,,,,,,17,,,,pick up the bbq sauce and place it in the basket,pick up the bbq sauce and place it in the basket tb 17,pick_up_the_bbq_sauce_and_place_it_in_the_basket_tb_17
67,Background Textures,1,4,pick_up_the_bbq_sauce_and_place_it_in_the_basket,,,,,,,,,,18,,,,pick up the bbq sauce and place it in the basket,pick up the bbq sauce and place it in the basket tb 18,pick_up_the_bbq_sauce_and_place_it_in_the_basket_tb_18
68,Background Textures,2,3,pick_up_the_bbq_sauce_and_place_it_in_the_basket,,,,,,,,,,19,,,,pick up the bbq sauce and place it in the basket,pick up the bbq sauce and place it in the basket tb 19,pick_up_the_bbq_sauce_and_place_it_in_the_basket_tb_19
69,Background Textures,2,3,pick_up_the_bbq_sauce_and_place_it_in_the_basket,,,,,,,,,,2,,,,pick up the bbq sauce and place it in the basket,pick up the bbq sauce and place it in the basket tb 2,pick_up_the_bbq_sauce_and_place_it_in_the_basket_tb_2
70,Background Textures,2,3,pick_up_the_bbq_sauce_and_place_it_in_the_basket,,,,,,,,,,21,,,,pick up the bbq sauce and place it in the basket,pick up the bbq sauce and place it in the basket tb 21,pick_up_the_bbq_sauce_and_place_it_in_the_basket_tb_21
71,Background Textures,1,4,pick_up_the_bbq_sauce_and_place_it_in_the_basket,,,,,,,,,,22,,,,pick up the bbq sauce and place it in the basket,pick up the bbq sauce and place it in the basket tb 22,pick_up_the_bbq_sauce_and_place_it_in_the_basket_tb_22
72,Background Textures,3,2,pick_up_the_bbq_sauce_and_place_it_in_the_basket,,,,,,,,,,3,,,,pick up the bbq sauce and place it in the basket,pick up the bbq sauce and place it in the basket tb 3,pick_up_the_bbq_sauce_and_place_it_in_the_basket_tb_3
73,Background Textures,3,2,pick_up_the_bbq_sauce_and_place_it_in_the_basket,,,,,,,,,,4,,,,pick up the bbq sauce and place it in the basket,pick up the bbq sauce and place it in the basket tb 4,pick_up_the_bbq_sauce_and_place_it_in_the_basket_tb_4
74,Background Textures,3,2,pick_up_the_bbq_sauce_and_place_it_in_the_basket,,,,,,,,,,5,,,,pick up the bbq sauce and place it in the basket,pick up the bbq sauce and place it in the basket tb 5,pick_up_the_bbq_sauce_and_place_it_in_the_basket_tb_5
75,Background Textures,2,3,pick_up_the_bbq_sauce_and_place_it_in_the_basket,,,,,,,,,,6,,,,pick up the bbq sauce and place it in the basket,pick up the bbq sauce and place it in the basket tb 6,pick_up_the_bbq_sauce_and_place_it_in_the_basket_tb_6
76,Background Textures,3,2,pick_up_the_bbq_sauce_and_place_it_in_the_basket,,,,,,,,,,7,,,,pick up the bbq sauce and place it in the basket,pick up the bbq sauce and place it in the basket tb 7,pick_up_the_bbq_sauce_and_place_it_in_the_basket_tb_7
77,Background Textures,4,1,pick_up_the_bbq_sauce_and_place_it_in_the_basket,,,,,,,,,,8,,,,pick up the bbq sauce and place it in the basket,pick up the bbq sauce and place it in the basket tb 8,pick_up_the_bbq_sauce_and_place_it_in_the_basket_tb_8
78,Background Textures,4,1,pick_up_the_bbq_sauce_and_place_it_in_the_basket,,,,,,,,,,9,,,,pick up the bbq sauce and place it in the basket,pick up the bbq sauce and place it in the basket tb 9,pick_up_the_bbq_sauce_and_place_it_in_the_basket_tb_9
79,Background Textures,4,1,pick_up_the_butter_and_place_it_in_the_basket,,,,,,,,,,12,,,,pick up the butter and place it in the basket,pick up the butter and place it in the basket table 12,pick_up_the_butter_and_place_it_in_the_basket_table_12
80,Background Textures,4,1,pick_up_the_butter_and_place_it_in_the_basket,,,,,,,,,,14,,,,pick up the butter and place it in the basket,pick up the butter and place it in the basket table 14,pick_up_the_butter_and_place_it_in_the_basket_table_14
81,Background Textures,3,2,pick_up_the_butter_and_place_it_in_the_basket,,,,,,,,,,15,,,,pick up the butter and place it in the basket,pick up the butter and place it in the basket table 15,pick_up_the_butter_and_place_it_in_the_basket_table_15
82,Background Textures,2,3,pick_up_the_butter_and_place_it_in_the_basket,,,,,,,,,,17,,,,pick up the butter and place it in the basket,pick up the butter and place it in the basket table 17,pick_up_the_butter_and_place_it_in_the_basket_table_17
83,Background Textures,1,4,pick_up_the_butter_and_place_it_in_the_basket,,,,,,,,,,19,,,,pick up the butter and place it in the basket,pick up the butter and place it in the basket table 19,pick_up_the_butter_and_place_it_in_the_basket_table_19
84,Background Textures,3,2,pick_up_the_butter_and_place_it_in_the_basket,,,,,,,,,,2,,,,pick up the butter and place it in the basket,pick up the butter and place it in the basket table 2,pick_up_the_butter_and_place_it_in_the_basket_table_2
85,Background Textures,2,3,pick_up_the_butter_and_place_it_in_the_basket,,,,,,,,,,22,,,,pick up the butter and place it in the basket,pick up the butter and place it in the basket table 22,pick_up_the_butter_and_place_it_in_the_basket_table_22
86,Background Textures,3,2,pick_up_the_butter_and_place_it_in_the_basket,,,,,,,,,,24,,,,pick up the butter and place it in the basket,pick up the butter and place it in the basket table 24,pick_up_the_butter_and_place_it_in_the_basket_table_24
87,Background Textures,3,2,pick_up_the_butter_and_place_it_in_the_basket,,,,,,,,,,25,,,,pick up the butter and place it in the basket,pick up the butter and place it in the basket table 25,pick_up_the_butter_and_place_it_in_the_basket_table_25
88,Background Textures,1,4,pick_up_the_butter_and_place_it_in_the_basket,,,,,,,,,,26,,,,pick up the butter and place it in the basket,pick up the butter and place it in the basket table 26,pick_up_the_butter_and_place_it_in_the_basket_table_26
89,Background Textures,2,3,pick_up_the_butter_and_place_it_in_the_basket,,,,,,,,,,27,,,,pick up the butter and place it in the basket,pick up the butter and place it in the basket table 27,pick_up_the_butter_and_place_it_in_the_basket_table_27
90,Background Textures,2,3,pick_up_the_butter_and_place_it_in_the_basket,,,,,,,,,,3,,,,pick up the butter and place it in the basket,pick up the butter and place it in the basket table 3,pick_up_the_butter_and_place_it_in_the_basket_table_3
91,Background Textures,4,1,pick_up_the_butter_and_place_it_in_the_basket,,,,,,,,,,4,,,,pick up the butter and place it in the basket,pick up the butter and place it in the basket table 4,pick_up_the_butter_and_place_it_in_the_basket_table_4
92,Background Textures,1,4,pick_up_the_butter_and_place_it_in_the_basket,,,,,,,,,,5,,,,pick up the butter and place it in the basket,pick up the butter and place it in the basket table 5,pick_up_the_butter_and_place_it_in_the_basket_table_5
93,Background Textures,4,1,pick_up_the_butter_and_place_it_in_the_basket,,,,,,,,,,6,,,,pick up the butter and place it in the basket,pick up the butter and place it in the basket table 6,pick_up_the_butter_and_place_it_in_the_basket_table_6
94,Background Textures,3,2,pick_up_the_butter_and_place_it_in_the_basket,,,,,,,,,,7,,,,pick up the butter and place it in the basket,pick up the butter and place it in the basket table 7,pick_up_the_butter_and_place_it_in_the_basket_table_7
95,Background Textures,2,3,pick_up_the_butter_and_place_it_in_the_basket,,,,,,,,,,8,,,,pick up the butter and place it in the basket,pick up the butter and place it in the basket table 8,pick_up_the_butter_and_place_it_in_the_basket_table_8
96,Background Textures,3,2,pick_up_the_butter_and_place_it_in_the_basket,,,,,,,,,,9,,,,pick up the butter and place it in the basket,pick up the butter and place it in the basket table 9,pick_up_the_butter_and_place_it_in_the_basket_table_9
97,Background Textures,2,3,pick_up_the_butter_and_place_it_in_the_basket,,,,,,,,,,19,,,,pick up the butter and place it in the basket,pick up the butter and place it in the basket tb 19,pick_up_the_butter_and_place_it_in_the_basket_tb_19
98,Background Textures,1,4,pick_up_the_butter_and_place_it_in_the_basket,,,,,,,,,,21,,,,pick up the butter and place it in the basket,pick up the butter and place it in the basket tb 21,pick_up_the_butter_and_place_it_in_the_basket_tb_21
99,Background Textures,1,4,pick_up_the_butter_and_place_it_in_the_basket,,,,,,,,,,22,,,,pick up the butter and place it in the basket,pick up the butter and place it in the basket tb 22,pick_up_the_butter_and_place_it_in_the_basket_tb_22
100,Background Textures,3,2,pick_up_the_chocolate_pudding_and_place_it_in_the_basket,,,,,,,,,,1,,,,pick up the chocolate pudding and place it in the basket,pick up the chocolate pudding and place it in the basket table 1,pick_up_the_chocolate_pudding_and_place_it_in_the_basket_table_1
101,Background Textures,3,2,pick_up_the_chocolate_pudding_and_place_it_in_the_basket,,,,,,,,,,10,,,,pick up the chocolate pudding and place it in the basket,pick up the chocolate pudding and place it in the basket table 10,pick_up_the_chocolate_pudding_and_place_it_in_the_basket_table_10
102,Background Textures,2,3,pick_up_the_chocolate_pudding_and_place_it_in_the_basket,,,,,,,,,,12,,,,pick up the chocolate pudding and place it in the basket,pick up the chocolate pudding and place it in the basket table 12,pick_up_the_chocolate_pudding_and_place_it_in_the_basket_table_12
103,Background Textures,1,4,pick_up_the_chocolate_pudding_and_place_it_in_the_basket,,,,,,,,,,15,,,,pick up the chocolate pudding and place it in the basket,pick up the chocolate pudding and place it in the basket table 15,pick_up_the_chocolate_pudding_and_place_it_in_the_basket_table_15
104,Background Textures,3,2,pick_up_the_chocolate_pudding_and_place_it_in_the_basket,,,,,,,,,,16,,,,pick up the chocolate pudding and place it in the basket,pick up the chocolate pudding and place it in the basket table 16,pick_up_the_chocolate_pudding_and_place_it_in_the_basket_table_16
105,Background Textures,3,2,pick_up_the_chocolate_pudding_and_place_it_in_the_basket,,,,,,,,,,17,,,,pick up the chocolate pudding and place it in the basket,pick up the chocolate pudding and place it in the basket table 17,pick_up_the_chocolate_pudding_and_place_it_in_the_basket_table_17
106,Background Textures,1,4,pick_up_the_chocolate_pudding_and_place_it_in_the_basket,,,,,,,,,,2,,,,pick up the chocolate pudding and place it in the basket,pick up the chocolate pudding and place it in the basket table 2,pick_up_the_chocolate_pudding_and_place_it_in_the_basket_table_2
107,Background Textures,2,3,pick_up_the_chocolate_pudding_and_place_it_in_the_basket,,,,,,,,,,21,,,,pick up the chocolate pudding and place it in the basket,pick up the chocolate pudding and place it in the basket table 21,pick_up_the_chocolate_pudding_and_place_it_in_the_basket_table_21
108,Background Textures,3,2,pick_up_the_chocolate_pudding_and_place_it_in_the_basket,,,,,,,,,,22,,,,pick up the chocolate pudding and place it in the basket,pick up the chocolate pudding and place it in the basket table 22,pick_up_the_chocolate_pudding_and_place_it_in_the_basket_table_22
109,Background Textures,1,4,pick_up_the_chocolate_pudding_and_place_it_in_the_basket,,,,,,,,,,23,,,,pick up the chocolate pudding and place it in the basket,pick up the chocolate pudding and place it in the basket table 23,pick_up_the_chocolate_pudding_and_place_it_in_the_basket_table_23
110,Background Textures,3,2,pick_up_the_chocolate_pudding_and_place_it_in_the_basket,,,,,,,,,,24,,,,pick up the chocolate pudding and place it in the basket,pick up the chocolate pudding and place it in the basket table 24,pick_up_the_chocolate_pudding_and_place_it_in_the_basket_table_24
111,Background Textures,1,4,pick_up_the_chocolate_pudding_and_place_it_in_the_basket,,,,,,,,,,27,,,,pick up the chocolate pudding and place it in the basket,pick up the chocolate pudding and place it in the basket table 27,pick_up_the_chocolate_pudding_and_place_it_in_the_basket_table_27
112,Background Textures,1,4,pick_up_the_chocolate_pudding_and_place_it_in_the_basket,,,,,,,,,,3,,,,pick up the chocolate pudding and place it in the basket,pick up the chocolate pudding and place it in the basket table 3,pick_up_the_chocolate_pudding_and_place_it_in_the_basket_table_3
113,Background Textures,3,2,pick_up_the_chocolate_pudding_and_place_it_in_the_basket,,,,,,,,,,4,,,,pick up the chocolate pudding and place it in the basket,pick up the chocolate pudding and place it in the basket table 4,pick_up_the_chocolate_pudding_and_place_it_in_the_basket_table_4
114,Background Textures,2,3,pick_up_the_chocolate_pudding_and_place_it_in_the_basket,,,,,,,,,,6,,,,pick up the chocolate pudding and place it in the basket,pick up the chocolate pudding and place it in the basket table 6,pick_up_the_chocolate_pudding_and_place_it_in_the_basket_table_6
115,Background Textures,2,3,pick_up_the_chocolate_pudding_and_place_it_in_the_basket,,,,,,,,,,8,,,,pick up the chocolate pudding and place it in the basket,pick up the chocolate pudding and place it in the basket table 8,pick_up_the_chocolate_pudding_and_place_it_in_the_basket_table_8
116,Background Textures,2,3,pick_up_the_chocolate_pudding_and_place_it_in_the_basket,,,,,,,,,,1,,,,pick up the chocolate pudding and place it in the basket,pick up the chocolate pudding and place it in the basket tb 1,pick_up_the_chocolate_pudding_and_place_it_in_the_basket_tb_1
117,Background Textures,1,4,pick_up_the_chocolate_pudding_and_place_it_in_the_basket,,,,,,,,,,13,,,,pick up the chocolate pudding and place it in the basket,pick up the chocolate pudding and place it in the basket tb 13,pick_up_the_chocolate_pudding_and_place_it_in_the_basket_tb_13
118,Background Textures,1,4,pick_up_the_chocolate_pudding_and_place_it_in_the_basket,,,,,,,,,,18,,,,pick up the chocolate pudding and place it in the basket,pick up the chocolate pudding and place it in the basket tb 18,pick_up_the_chocolate_pudding_and_place_it_in_the_basket_tb_18
119,Background Textures,3,2,pick_up_the_chocolate_pudding_and_place_it_in_the_basket,,,,,,,,,,19,,,,pick up the chocolate pudding and place it in the basket,pick up the chocolate pudding and place it in the basket tb 19,pick_up_the_chocolate_pudding_and_place_it_in_the_basket_tb_19
120,Background Textures,1,4,pick_up_the_chocolate_pudding_and_place_it_in_the_basket,,,,,,,,,,20,,,,pick up the chocolate pudding and place it in the basket,pick up the chocolate pudding and place it in the basket tb 20,pick_up_the_chocolate_pudding_and_place_it_in_the_basket_tb_20
121,Background Textures,1,4,pick_up_the_chocolate_pudding_and_place_it_in_the_basket,,,,,,,,,,9,,,,pick up the chocolate pudding and place it in the basket,pick up the chocolate pudding and place it in the basket tb 9,pick_up_the_chocolate_pudding_and_place_it_in_the_basket_tb_9
122,Background Textures,3,2,pick_up_the_cream_cheese_and_place_it_in_the_basket,,,,,,,,,,1,,,,pick up the cream cheese and place it in the basket,pick up the cream cheese and place it in the basket table 1,pick_up_the_cream_cheese_and_place_it_in_the_basket_table_1
123,Background Textures,3,2,pick_up_the_cream_cheese_and_place_it_in_the_basket,,,,,,,,,,24,,,,pick up the cream cheese and place it in the basket,pick up the cream cheese and place it in the basket table 24,pick_up_the_cream_cheese_and_place_it_in_the_basket_table_24
124,Background Textures,3,2,pick_up_the_cream_cheese_and_place_it_in_the_basket,,,,,,,,,,3,,,,pick up the cream cheese and place it in the basket,pick up the cream cheese and place it in the basket table 3,pick_up_the_cream_cheese_and_place_it_in_the_basket_table_3
125,Background Textures,1,4,pick_up_the_cream_cheese_and_place_it_in_the_basket,,,,,,,,,,5,,,,pick up the cream cheese and place it in the basket,pick up the cream cheese and place it in the basket table 5,pick_up_the_cream_cheese_and_place_it_in_the_basket_table_5
126,Background Textures,4,1,pick_up_the_cream_cheese_and_place_it_in_the_basket,,,,,,,,,,7,,,,pick up the cream cheese and place it in the basket,pick up the cream cheese and place it in the basket table 7,pick_up_the_cream_cheese_and_place_it_in_the_basket_table_7
127,Background Textures,3,2,pick_up_the_ketchup_and_place_it_in_the_basket,,,,,,,,,,1,,,,pick up the ketchup and place it in the basket,pick up the ketchup and place it in the basket table 1,pick_up_the_ketchup_and_place_it_in_the_basket_table_1
128,Background Textures,1,4,pick_up_the_ketchup_and_place_it_in_the_basket,,,,,,,,,,10,,,,pick up the ketchup and place it in the basket,pick up the ketchup and place it in the basket table 10,pick_up_the_ketchup_and_place_it_in_the_basket_table_10
129,Background Textures,5,0,pick_up_the_ketchup_and_place_it_in_the_basket,,,,,,,,,,12,,,,pick up the ketchup and place it in the basket,pick up the ketchup and place it in the basket table 12,pick_up_the_ketchup_and_place_it_in_the_basket_table_12
130,Background Textures,2,3,pick_up_the_ketchup_and_place_it_in_the_basket,,,,,,,,,,13,,,,pick up the ketchup and place it in the basket,pick up the ketchup and place it in the basket table 13,pick_up_the_ketchup_and_place_it_in_the_basket_table_13
131,Background Textures,4,1,pick_up_the_ketchup_and_place_it_in_the_basket,,,,,,,,,,19,,,,pick up the ketchup and place it in the basket,pick up the ketchup and place it in the basket table 19,pick_up_the_ketchup_and_place_it_in_the_basket_table_19
132,Background Textures,1,4,pick_up_the_ketchup_and_place_it_in_the_basket,,,,,,,,,,4,,,,pick up the ketchup and place it in the basket,pick up the ketchup and place it in the basket table 4,pick_up_the_ketchup_and_place_it_in_the_basket_table_4
133,Background Textures,1,4,pick_up_the_ketchup_and_place_it_in_the_basket,,,,,,,,,,10,,,,pick up the ketchup and place it in the basket,pick up the ketchup and place it in the basket tb 10,pick_up_the_ketchup_and_place_it_in_the_basket_tb_10
134,Background Textures,1,4,pick_up_the_ketchup_and_place_it_in_the_basket,,,,,,,,,,2,,,,pick up the ketchup and place it in the basket,pick up the ketchup and place it in the basket tb 2,pick_up_the_ketchup_and_place_it_in_the_basket_tb_2
135,Background Textures,1,4,pick_up_the_ketchup_and_place_it_in_the_basket,,,,,,,,,,21,,,,pick up the ketchup and place it in the basket,pick up the ketchup and place it in the basket tb 21,pick_up_the_ketchup_and_place_it_in_the_basket_tb_21
136,Background Textures,2,3,pick_up_the_ketchup_and_place_it_in_the_basket,,,,,,,,,,22,,,,pick up the ketchup and place it in the basket,pick up the ketchup and place it in the basket tb 22,pick_up_the_ketchup_and_place_it_in_the_basket_tb_22
137,Background Textures,1,4,pick_up_the_ketchup_and_place_it_in_the_basket,,,,,,,,,,3,,,,pick up the ketchup and place it in the basket,pick up the ketchup and place it in the basket tb 3,pick_up_the_ketchup_and_place_it_in_the_basket_tb_3
138,Background Textures,4,1,pick_up_the_milk_and_place_it_in_the_basket,,,,,,,,,,1,,,,pick up the milk and place it in the basket,pick up the milk and place it in the basket table 1,pick_up_the_milk_and_place_it_in_the_basket_table_1
139,Background Textures,1,4,pick_up_the_milk_and_place_it_in_the_basket,,,,,,,,,,11,,,,pick up the milk and place it in the basket,pick up the milk and place it in the basket table 11,pick_up_the_milk_and_place_it_in_the_basket_table_11
140,Background Textures,1,4,pick_up_the_milk_and_place_it_in_the_basket,,,,,,,,,,12,,,,pick up the milk and place it in the basket,pick up the milk and place it in the basket table 12,pick_up_the_milk_and_place_it_in_the_basket_table_12
141,Background Textures,3,2,pick_up_the_milk_and_place_it_in_the_basket,,,,,,,,,,13,,,,pick up the milk and place it in the basket,pick up the milk and place it in the basket table 13,pick_up_the_milk_and_place_it_in_the_basket_table_13
142,Background Textures,4,1,pick_up_the_milk_and_place_it_in_the_basket,,,,,,,,,,21,,,,pick up the milk and place it in the basket,pick up the milk and place it in the basket table 21,pick_up_the_milk_and_place_it_in_the_basket_table_21
143,Background Textures,2,3,pick_up_the_milk_and_place_it_in_the_basket,,,,,,,,,,22,,,,pick up the milk and place it in the basket,pick up the milk and place it in the basket table 22,pick_up_the_milk_and_place_it_in_the_basket_table_22
144,Background Textures,1,4,pick_up_the_milk_and_place_it_in_the_basket,,,,,,,,,,23,,,,pick up the milk and place it in the basket,pick up the milk and place it in the basket table 23,pick_up_the_milk_and_place_it_in_the_basket_table_23
145,Background Textures,1,4,pick_up_the_milk_and_place_it_in_the_basket,,,,,,,,,,25,,,,pick up the milk and place it in the basket,pick up the milk and place it in the basket table 25,pick_up_the_milk_and_place_it_in_the_basket_table_25
146,Background Textures,4,1,pick_up_the_milk_and_place_it_in_the_basket,,,,,,,,,,26,,,,pick up the milk and place it in the basket,pick up the milk and place it in the basket table 26,pick_up_the_milk_and_place_it_in_the_basket_table_26
147,Background Textures,4,1,pick_up_the_milk_and_place_it_in_the_basket,,,,,,,,,,27,,,,pick up the milk and place it in the basket,pick up the milk and place it in the basket table 27,pick_up_the_milk_and_place_it_in_the_basket_table_27
148,Background Textures,3,2,pick_up_the_milk_and_place_it_in_the_basket,,,,,,,,,,3,,,,pick up the milk and place it in the basket,pick up the milk and place it in the basket table 3,pick_up_the_milk_and_place_it_in_the_basket_table_3
149,Background Textures,4,1,pick_up_the_milk_and_place_it_in_the_basket,,,,,,,,,,4,,,,pick up the milk and place it in the basket,pick up the milk and place it in the basket table 4,pick_up_the_milk_and_place_it_in_the_basket_table_4
150,Background Textures,4,1,pick_up_the_milk_and_place_it_in_the_basket,,,,,,,,,,7,,,,pick up the milk and place it in the basket,pick up the milk and place it in the basket table 7,pick_up_the_milk_and_place_it_in_the_basket_table_7
151,Background Textures,3,2,pick_up_the_milk_and_place_it_in_the_basket,,,,,,,,,,8,,,,pick up the milk and place it in the basket,pick up the milk and place it in the basket table 8,pick_up_the_milk_and_place_it_in_the_basket_table_8
152,Background Textures,3,2,pick_up_the_milk_and_place_it_in_the_basket,,,,,,,,,,9,,,,pick up the milk and place it in the basket,pick up the milk and place it in the basket table 9,pick_up_the_milk_and_place_it_in_the_basket_table_9
153,Background Textures,1,4,pick_up_the_milk_and_place_it_in_the_basket,,,,,,,,,,1,,,,pick up the milk and place it in the basket,pick up the milk and place it in the basket tb 1,pick_up_the_milk_and_place_it_in_the_basket_tb_1
154,Background Textures,4,1,pick_up_the_milk_and_place_it_in_the_basket,,,,,,,,,,10,,,,pick up the milk and place it in the basket,pick up the milk and place it in the basket tb 10,pick_up_the_milk_and_place_it_in_the_basket_tb_10
155,Background Textures,4,1,pick_up_the_milk_and_place_it_in_the_basket,,,,,,,,,,11,,,,pick up the milk and place it in the basket,pick up the milk and place it in the basket tb 11,pick_up_the_milk_and_place_it_in_the_basket_tb_11
156,Background Textures,3,2,pick_up_the_milk_and_place_it_in_the_basket,,,,,,,,,,12,,,,pick up the milk and place it in the basket,pick up the milk and place it in the basket tb 12,pick_up_the_milk_and_place_it_in_the_basket_tb_12
157,Background Textures,3,2,pick_up_the_milk_and_place_it_in_the_basket,,,,,,,,,,13,,,,pick up the milk and place it in the basket,pick up the milk and place it in the basket tb 13,pick_up_the_milk_and_place_it_in_the_basket_tb_13
158,Background Textures,3,2,pick_up_the_milk_and_place_it_in_the_basket,,,,,,,,,,14,,,,pick up the milk and place it in the basket,pick up the milk and place it in the basket tb 14,pick_up_the_milk_and_place_it_in_the_basket_tb_14
159,Background Textures,3,2,pick_up_the_milk_and_place_it_in_the_basket,,,,,,,,,,15,,,,pick up the milk and place it in the basket,pick up the milk and place it in the basket tb 15,pick_up_the_milk_and_place_it_in_the_basket_tb_15
160,Background Textures,3,2,pick_up_the_milk_and_place_it_in_the_basket,,,,,,,,,,16,,,,pick up the milk and place it in the basket,pick up the milk and place it in the basket tb 16,pick_up_the_milk_and_place_it_in_the_basket_tb_16
161,Background Textures,4,1,pick_up_the_milk_and_place_it_in_the_basket,,,,,,,,,,18,,,,pick up the milk and place it in the basket,pick up the milk and place it in the basket tb 18,pick_up_the_milk_and_place_it_in_the_basket_tb_18
162,Background Textures,3,2,pick_up_the_milk_and_place_it_in_the_basket,,,,,,,,,,19,,,,pick up the milk and place it in the basket,pick up the milk and place it in the basket tb 19,pick_up_the_milk_and_place_it_in_the_basket_tb_19
163,Background Textures,3,2,pick_up_the_milk_and_place_it_in_the_basket,,,,,,,,,,20,,,,pick up the milk and place it in the basket,pick up the milk and place it in the basket tb 20,pick_up_the_milk_and_place_it_in_the_basket_tb_20
164,Background Textures,3,2,pick_up_the_milk_and_place_it_in_the_basket,,,,,,,,,,21,,,,pick up the milk and place it in the basket,pick up the milk and place it in the basket tb 21,pick_up_the_milk_and_place_it_in_the_basket_tb_21
165,Background Textures,3,2,pick_up_the_milk_and_place_it_in_the_basket,,,,,,,,,,22,,,,pick up the milk and place it in the basket,pick up the milk and place it in the basket tb 22,pick_up_the_milk_and_place_it_in_the_basket_tb_22
166,Background Textures,1,4,pick_up_the_milk_and_place_it_in_the_basket,,,,,,,,,,3,,,,pick up the milk and place it in the basket,pick up the milk and place it in the basket tb 3,pick_up_the_milk_and_place_it_in_the_basket_tb_3
167,Background Textures,1,4,pick_up_the_milk_and_place_it_in_the_basket,,,,,,,,,,6,,,,pick up the milk and place it in the basket,pick up the milk and place it in the basket tb 6,pick_up_the_milk_and_place_it_in_the_basket_tb_6
168,Background Textures,1,4,pick_up_the_milk_and_place_it_in_the_basket,,,,,,,,,,8,,,,pick up the milk and place it in the basket,pick up the milk and place it in the basket tb 8,pick_up_the_milk_and_place_it_in_the_basket_tb_8
169,Background Textures,1,4,pick_up_the_milk_and_place_it_in_the_basket,,,,,,,,,,9,,,,pick up the milk and place it in the basket,pick up the milk and place it in the basket tb 9,pick_up_the_milk_and_place_it_in_the_basket_tb_9
170,Background Textures,1,4,pick_up_the_orange_juice_and_place_it_in_the_basket,,,,,,,,,,1,,,,pick up the orange juice and place it in the basket,pick up the orange juice and place it in the basket table 1,pick_up_the_orange_juice_and_place_it_in_the_basket_table_1
171,Background Textures,3,2,pick_up_the_orange_juice_and_place_it_in_the_basket,,,,,,,,,,10,,,,pick up the orange juice and place it in the basket,pick up the orange juice and place it in the basket table 10,pick_up_the_orange_juice_and_place_it_in_the_basket_table_10
172,Background Textures,3,2,pick_up_the_orange_juice_and_place_it_in_the_basket,,,,,,,,,,11,,,,pick up the orange juice and place it in the basket,pick up the orange juice and place it in the basket table 11,pick_up_the_orange_juice_and_place_it_in_the_basket_table_11
173,Background Textures,3,2,pick_up_the_orange_juice_and_place_it_in_the_basket,,,,,,,,,,12,,,,pick up the orange juice and place it in the basket,pick up the orange juice and place it in the basket table 12,pick_up_the_orange_juice_and_place_it_in_the_basket_table_12
174,Background Textures,3,2,pick_up_the_orange_juice_and_place_it_in_the_basket,,,,,,,,,,14,,,,pick up the orange juice and place it in the basket,pick up the orange juice and place it in the basket table 14,pick_up_the_orange_juice_and_place_it_in_the_basket_table_14
175,Background Textures,3,2,pick_up_the_orange_juice_and_place_it_in_the_basket,,,,,,,,,,16,,,,pick up the orange juice and place it in the basket,pick up the orange juice and place it in the basket table 16,pick_up_the_orange_juice_and_place_it_in_the_basket_table_16
176,Background Textures,1,4,pick_up_the_orange_juice_and_place_it_in_the_basket,,,,,,,,,,17,,,,pick up the orange juice and place it in the basket,pick up the orange juice and place it in the basket table 17,pick_up_the_orange_juice_and_place_it_in_the_basket_table_17
177,Background Textures,1,4,pick_up_the_orange_juice_and_place_it_in_the_basket,,,,,,,,,,18,,,,pick up the orange juice and place it in the basket,pick up the orange juice and place it in the basket table 18,pick_up_the_orange_juice_and_place_it_in_the_basket_table_18
178,Background Textures,5,0,pick_up_the_orange_juice_and_place_it_in_the_basket,,,,,,,,,,19,,,,pick up the orange juice and place it in the basket,pick up the orange juice and place it in the basket table 19,pick_up_the_orange_juice_and_place_it_in_the_basket_table_19
179,Background Textures,2,3,pick_up_the_orange_juice_and_place_it_in_the_basket,,,,,,,,,,2,,,,pick up the orange juice and place it in the basket,pick up the orange juice and place it in the basket table 2,pick_up_the_orange_juice_and_place_it_in_the_basket_table_2
180,Background Textures,3,2,pick_up_the_orange_juice_and_place_it_in_the_basket,,,,,,,,,,20,,,,pick up the orange juice and place it in the basket,pick up the orange juice and place it in the basket table 20,pick_up_the_orange_juice_and_place_it_in_the_basket_table_20
181,Background Textures,3,2,pick_up_the_orange_juice_and_place_it_in_the_basket,,,,,,,,,,22,,,,pick up the orange juice and place it in the basket,pick up the orange juice and place it in the basket table 22,pick_up_the_orange_juice_and_place_it_in_the_basket_table_22
182,Background Textures,3,2,pick_up_the_orange_juice_and_place_it_in_the_basket,,,,,,,,,,23,,,,pick up the orange juice and place it in the basket,pick up the orange juice and place it in the basket table 23,pick_up_the_orange_juice_and_place_it_in_the_basket_table_23
183,Background Textures,2,3,pick_up_the_orange_juice_and_place_it_in_the_basket,,,,,,,,,,25,,,,pick up the orange juice and place it in the basket,pick up the orange juice and place it in the basket table 25,pick_up_the_orange_juice_and_place_it_in_the_basket_table_25
184,Background Textures,4,1,pick_up_the_orange_juice_and_place_it_in_the_basket,,,,,,,,,,28,,,,pick up the orange juice and place it in the basket,pick up the orange juice and place it in the basket table 28,pick_up_the_orange_juice_and_place_it_in_the_basket_table_28
185,Background Textures,2,3,pick_up_the_orange_juice_and_place_it_in_the_basket,,,,,,,,,,3,,,,pick up the orange juice and place it in the basket,pick up the orange juice and place it in the basket table 3,pick_up_the_orange_juice_and_place_it_in_the_basket_table_3
186,Background Textures,3,2,pick_up_the_orange_juice_and_place_it_in_the_basket,,,,,,,,,,5,,,,pick up the orange juice and place it in the basket,pick up the orange juice and place it in the basket table 5,pick_up_the_orange_juice_and_place_it_in_the_basket_table_5
187,Background Textures,4,1,pick_up_the_orange_juice_and_place_it_in_the_basket,,,,,,,,,,6,,,,pick up the orange juice and place it in the basket,pick up the orange juice and place it in the basket table 6,pick_up_the_orange_juice_and_place_it_in_the_basket_table_6
188,Background Textures,1,4,pick_up_the_orange_juice_and_place_it_in_the_basket,,,,,,,,,,7,,,,pick up the orange juice and place it in the basket,pick up the orange juice and place it in the basket table 7,pick_up_the_orange_juice_and_place_it_in_the_basket_table_7
189,Background Textures,4,1,pick_up_the_orange_juice_and_place_it_in_the_basket,,,,,,,,,,8,,,,pick up the orange juice and place it in the basket,pick up the orange juice and place it in the basket table 8,pick_up_the_orange_juice_and_place_it_in_the_basket_table_8
190,Background Textures,3,2,pick_up_the_orange_juice_and_place_it_in_the_basket,,,,,,,,,,9,,,,pick up the orange juice and place it in the basket,pick up the orange juice and place it in the basket table 9,pick_up_the_orange_juice_and_place_it_in_the_basket_table_9
191,Background Textures,2,3,pick_up_the_orange_juice_and_place_it_in_the_basket,,,,,,,,,,1,,,,pick up the orange juice and place it in the basket,pick up the orange juice and place it in the basket tb 1,pick_up_the_orange_juice_and_place_it_in_the_basket_tb_1
192,Background Textures,2,3,pick_up_the_orange_juice_and_place_it_in_the_basket,,,,,,,,,,10,,,,pick up the orange juice and place it in the basket,pick up the orange juice and place it in the basket tb 10,pick_up_the_orange_juice_and_place_it_in_the_basket_tb_10
193,Background Textures,1,4,pick_up_the_orange_juice_and_place_it_in_the_basket,,,,,,,,,,11,,,,pick up the orange juice and place it in the basket,pick up the orange juice and place it in the basket tb 11,pick_up_the_orange_juice_and_place_it_in_the_basket_tb_11
194,Background Textures,1,4,pick_up_the_orange_juice_and_place_it_in_the_basket,,,,,,,,,,12,,,,pick up the orange juice and place it in the basket,pick up the orange juice and place it in the basket tb 12,pick_up_the_orange_juice_and_place_it_in_the_basket_tb_12
195,Background Textures,2,3,pick_up_the_orange_juice_and_place_it_in_the_basket,,,,,,,,,,13,,,,pick up the orange juice and place it in the basket,pick up the orange juice and place it in the basket tb 13,pick_up_the_orange_juice_and_place_it_in_the_basket_tb_13
196,Background Textures,2,3,pick_up_the_orange_juice_and_place_it_in_the_basket,,,,,,,,,,14,,,,pick up the orange juice and place it in the basket,pick up the orange juice and place it in the basket tb 14,pick_up_the_orange_juice_and_place_it_in_the_basket_tb_14
197,Background Textures,2,3,pick_up_the_orange_juice_and_place_it_in_the_basket,,,,,,,,,,15,,,,pick up the orange juice and place it in the basket,pick up the orange juice and place it in the basket tb 15,pick_up_the_orange_juice_and_place_it_in_the_basket_tb_15
198,Background Textures,2,3,pick_up_the_orange_juice_and_place_it_in_the_basket,,,,,,,,,,16,,,,pick up the orange juice and place it in the basket,pick up the orange juice and place it in the basket tb 16,pick_up_the_orange_juice_and_place_it_in_the_basket_tb_16
199,Background Textures,1,4,pick_up_the_orange_juice_and_place_it_in_the_basket,,,,,,,,,,17,,,,pick up the orange juice and place it in the basket,pick up the orange juice and place it in the basket tb 17,pick_up_the_orange_juice_and_place_it_in_the_basket_tb_17
200,Background Textures,2,3,pick_up_the_orange_juice_and_place_it_in_the_basket,,,,,,,,,,18,,,,pick up the orange juice and place it in the basket,pick up the orange juice and place it in the basket tb 18,pick_up_the_orange_juice_and_place_it_in_the_basket_tb_18
201,Background Textures,3,2,pick_up_the_orange_juice_and_place_it_in_the_basket,,,,,,,,,,19,,,,pick up the orange juice and place it in the basket,pick up the orange juice and place it in the basket tb 19,pick_up_the_orange_juice_and_place_it_in_the_basket_tb_19
202,Background Textures,1,4,pick_up_the_orange_juice_and_place_it_in_the_basket,,,,,,,,,,20,,,,pick up the orange juice and place it in the basket,pick up the orange juice and place it in the basket tb 20,pick_up_the_orange_juice_and_place_it_in_the_basket_tb_20
203,Background Textures,1,4,pick_up_the_orange_juice_and_place_it_in_the_basket,,,,,,,,,,21,,,,pick up the orange juice and place it in the basket,pick up the orange juice and place it in the basket tb 21,pick_up_the_orange_juice_and_place_it_in_the_basket_tb_21
204,Background Textures,1,4,pick_up_the_orange_juice_and_place_it_in_the_basket,,,,,,,,,,22,,,,pick up the orange juice and place it in the basket,pick up the orange juice and place it in the basket tb 22,pick_up_the_orange_juice_and_place_it_in_the_basket_tb_22
205,Background Textures,1,4,pick_up_the_orange_juice_and_place_it_in_the_basket,,,,,,,,,,3,,,,pick up the orange juice and place it in the basket,pick up the orange juice and place it in the basket tb 3,pick_up_the_orange_juice_and_place_it_in_the_basket_tb_3
206,Background Textures,1,4,pick_up_the_orange_juice_and_place_it_in_the_basket,,,,,,,,,,4,,,,pick up the orange juice and place it in the basket,pick up the orange juice and place it in the basket tb 4,pick_up_the_orange_juice_and_place_it_in_the_basket_tb_4
207,Background Textures,2,3,pick_up_the_orange_juice_and_place_it_in_the_basket,,,,,,,,,,5,,,,pick up the orange juice and place it in the basket,pick up the orange juice and place it in the basket tb 5,pick_up_the_orange_juice_and_place_it_in_the_basket_tb_5
208,Background Textures,1,4,pick_up_the_orange_juice_and_place_it_in_the_basket,,,,,,,,,,8,,,,pick up the orange juice and place it in the basket,pick up the orange juice and place it in the basket tb 8,pick_up_the_orange_juice_and_place_it_in_the_basket_tb_8
209,Background Textures,3,2,pick_up_the_orange_juice_and_place_it_in_the_basket,,,,,,,,,,9,,,,pick up the orange juice and place it in the basket,pick up the orange juice and place it in the basket tb 9,pick_up_the_orange_juice_and_place_it_in_the_basket_tb_9
210,Background Textures,1,4,pick_up_the_salad_dressing_and_place_it_in_the_basket,,,,,,,,,,1,,,,pick up the salad dressing and place it in the basket,pick up the salad dressing and place it in the basket table 1,pick_up_the_salad_dressing_and_place_it_in_the_basket_table_1
211,Background Textures,1,4,pick_up_the_salad_dressing_and_place_it_in_the_basket,,,,,,,,,,15,,,,pick up the salad dressing and place it in the basket,pick up the salad dressing and place it in the basket table 15,pick_up_the_salad_dressing_and_place_it_in_the_basket_table_15
212,Background Textures,2,3,pick_up_the_salad_dressing_and_place_it_in_the_basket,,,,,,,,,,2,,,,pick up the salad dressing and place it in the basket,pick up the salad dressing and place it in the basket table 2,pick_up_the_salad_dressing_and_place_it_in_the_basket_table_2
213,Background Textures,1,4,pick_up_the_salad_dressing_and_place_it_in_the_basket,,,,,,,,,,21,,,,pick up the salad dressing and place it in the basket,pick up the salad dressing and place it in the basket table 21,pick_up_the_salad_dressing_and_place_it_in_the_basket_table_21
214,Background Textures,2,3,pick_up_the_salad_dressing_and_place_it_in_the_basket,,,,,,,,,,22,,,,pick up the salad dressing and place it in the basket,pick up the salad dressing and place it in the basket table 22,pick_up_the_salad_dressing_and_place_it_in_the_basket_table_22
215,Background Textures,1,4,pick_up_the_salad_dressing_and_place_it_in_the_basket,,,,,,,,,,23,,,,pick up the salad dressing and place it in the basket,pick up the salad dressing and place it in the basket table 23,pick_up_the_salad_dressing_and_place_it_in_the_basket_table_23
216,Background Textures,2,3,pick_up_the_salad_dressing_and_place_it_in_the_basket,,,,,,,,,,3,,,,pick up the salad dressing and place it in the basket,pick up the salad dressing and place it in the basket table 3,pick_up_the_salad_dressing_and_place_it_in_the_basket_table_3
217,Background Textures,3,2,pick_up_the_salad_dressing_and_place_it_in_the_basket,,,,,,,,,,4,,,,pick up the salad dressing and place it in the basket,pick up the salad dressing and place it in the basket table 4,pick_up_the_salad_dressing_and_place_it_in_the_basket_table_4
218,Background Textures,1,4,pick_up_the_salad_dressing_and_place_it_in_the_basket,,,,,,,,,,6,,,,pick up the salad dressing and place it in the basket,pick up the salad dressing and place it in the basket table 6,pick_up_the_salad_dressing_and_place_it_in_the_basket_table_6
219,Background Textures,1,4,pick_up_the_salad_dressing_and_place_it_in_the_basket,,,,,,,,,,7,,,,pick up the salad dressing and place it in the basket,pick up the salad dressing and place it in the basket table 7,pick_up_the_salad_dressing_and_place_it_in_the_basket_table_7
220,Background Textures,3,2,pick_up_the_salad_dressing_and_place_it_in_the_basket,,,,,,,,,,9,,,,pick up the salad dressing and place it in the basket,pick up the salad dressing and place it in the basket table 9,pick_up_the_salad_dressing_and_place_it_in_the_basket_table_9
221,Background Textures,2,3,pick_up_the_salad_dressing_and_place_it_in_the_basket,,,,,,,,,,1,,,,pick up the salad dressing and place it in the basket,pick up the salad dressing and place it in the basket tb 1,pick_up_the_salad_dressing_and_place_it_in_the_basket_tb_1
222,Background Textures,1,4,pick_up_the_salad_dressing_and_place_it_in_the_basket,,,,,,,,,,12,,,,pick up the salad dressing and place it in the basket,pick up the salad dressing and place it in the basket tb 12,pick_up_the_salad_dressing_and_place_it_in_the_basket_tb_12
223,Background Textures,1,4,pick_up_the_salad_dressing_and_place_it_in_the_basket,,,,,,,,,,13,,,,pick up the salad dressing and place it in the basket,pick up the salad dressing and place it in the basket tb 13,pick_up_the_salad_dressing_and_place_it_in_the_basket_tb_13
224,Background Textures,2,3,pick_up_the_salad_dressing_and_place_it_in_the_basket,,,,,,,,,,15,,,,pick up the salad dressing and place it in the basket,pick up the salad dressing and place it in the basket tb 15,pick_up_the_salad_dressing_and_place_it_in_the_basket_tb_15
225,Background Textures,1,4,pick_up_the_salad_dressing_and_place_it_in_the_basket,,,,,,,,,,16,,,,pick up the salad dressing and place it in the basket,pick up the salad dressing and place it in the basket tb 16,pick_up_the_salad_dressing_and_place_it_in_the_basket_tb_16
226,Background Textures,1,4,pick_up_the_salad_dressing_and_place_it_in_the_basket,,,,,,,,,,18,,,,pick up the salad dressing and place it in the basket,pick up the salad dressing and place it in the basket tb 18,pick_up_the_salad_dressing_and_place_it_in_the_basket_tb_18
227,Background Textures,2,3,pick_up_the_salad_dressing_and_place_it_in_the_basket,,,,,,,,,,2,,,,pick up the salad dressing and place it in the basket,pick up the salad dressing and place it in the basket tb 2,pick_up_the_salad_dressing_and_place_it_in_the_basket_tb_2
228,Background Textures,1,4,pick_up_the_salad_dressing_and_place_it_in_the_basket,,,,,,,,,,23,,,,pick up the salad dressing and place it in the basket,pick up the salad dressing and place it in the basket tb 23,pick_up_the_salad_dressing_and_place_it_in_the_basket_tb_23
229,Background Textures,1,4,pick_up_the_salad_dressing_and_place_it_in_the_basket,,,,,,,,,,3,,,,pick up the salad dressing and place it in the basket,pick up the salad dressing and place it in the basket tb 3,pick_up_the_salad_dressing_and_place_it_in_the_basket_tb_3
230,Background Textures,1,4,pick_up_the_salad_dressing_and_place_it_in_the_basket,,,,,,,,,,4,,,,pick up the salad dressing and place it in the basket,pick up the salad dressing and place it in the basket tb 4,pick_up_the_salad_dressing_and_place_it_in_the_basket_tb_4
231,Background Textures,1,4,pick_up_the_salad_dressing_and_place_it_in_the_basket,,,,,,,,,,5,,,,pick up the salad dressing and place it in the basket,pick up the salad dressing and place it in the basket tb 5,pick_up_the_salad_dressing_and_place_it_in_the_basket_tb_5
232,Background Textures,1,4,pick_up_the_salad_dressing_and_place_it_in_the_basket,,,,,,,,,,6,,,,pick up the salad dressing and place it in the basket,pick up the salad dressing and place it in the basket tb 6,pick_up_the_salad_dressing_and_place_it_in_the_basket_tb_6
233,Background Textures,1,4,pick_up_the_salad_dressing_and_place_it_in_the_basket,,,,,,,,,,8,,,,pick up the salad dressing and place it in the basket,pick up the salad dressing and place it in the basket tb 8,pick_up_the_salad_dressing_and_place_it_in_the_basket_tb_8
234,Background Textures,1,4,pick_up_the_salad_dressing_and_place_it_in_the_basket,,,,,,,,,,9,,,,pick up the salad dressing and place it in the basket,pick up the salad dressing and place it in the basket tb 9,pick_up_the_salad_dressing_and_place_it_in_the_basket_tb_9
235,Background Textures,2,3,pick_up_the_tomato_sauce_and_place_it_in_the_basket,,,,,,,,,,1,,,,pick up the tomato sauce and place it in the basket,pick up the tomato sauce and place it in the basket table 1,pick_up_the_tomato_sauce_and_place_it_in_the_basket_table_1
236,Background Textures,3,2,pick_up_the_tomato_sauce_and_place_it_in_the_basket,,,,,,,,,,14,,,,pick up the tomato sauce and place it in the basket,pick up the tomato sauce and place it in the basket table 14,pick_up_the_tomato_sauce_and_place_it_in_the_basket_table_14
237,Background Textures,4,1,pick_up_the_tomato_sauce_and_place_it_in_the_basket,,,,,,,,,,17,,,,pick up the tomato sauce and place it in the basket,pick up the tomato sauce and place it in the basket table 17,pick_up_the_tomato_sauce_and_place_it_in_the_basket_table_17
238,Background Textures,2,3,pick_up_the_tomato_sauce_and_place_it_in_the_basket,,,,,,,,,,2,,,,pick up the tomato sauce and place it in the basket,pick up the tomato sauce and place it in the basket table 2,pick_up_the_tomato_sauce_and_place_it_in_the_basket_table_2
239,Background Textures,2,3,pick_up_the_tomato_sauce_and_place_it_in_the_basket,,,,,,,,,,23,,,,pick up the tomato sauce and place it in the basket,pick up the tomato sauce and place it in the basket table 23,pick_up_the_tomato_sauce_and_place_it_in_the_basket_table_23
240,Background Textures,5,0,pick_up_the_tomato_sauce_and_place_it_in_the_basket,,,,,,,,,,27,,,,pick up the tomato sauce and place it in the basket,pick up the tomato sauce and place it in the basket table 27,pick_up_the_tomato_sauce_and_place_it_in_the_basket_table_27
241,Background Textures,4,1,pick_up_the_tomato_sauce_and_place_it_in_the_basket,,,,,,,,,,28,,,,pick up the tomato sauce and place it in the basket,pick up the tomato sauce and place it in the basket table 28,pick_up_the_tomato_sauce_and_place_it_in_the_basket_table_28
242,Background Textures,2,3,pick_up_the_tomato_sauce_and_place_it_in_the_basket,,,,,,,,,,3,,,,pick up the tomato sauce and place it in the basket,pick up the tomato sauce and place it in the basket table 3,pick_up_the_tomato_sauce_and_place_it_in_the_basket_table_3
243,Background Textures,3,2,pick_up_the_tomato_sauce_and_place_it_in_the_basket,,,,,,,,,,4,,,,pick up the tomato sauce and place it in the basket,pick up the tomato sauce and place it in the basket table 4,pick_up_the_tomato_sauce_and_place_it_in_the_basket_table_4
244,Background Textures,5,0,pick_up_the_tomato_sauce_and_place_it_in_the_basket,,,,,,,,,,1,,,,pick up the tomato sauce and place it in the basket,pick up the tomato sauce and place it in the basket tb 1,pick_up_the_tomato_sauce_and_place_it_in_the_basket_tb_1
245,Background Textures,2,3,pick_up_the_tomato_sauce_and_place_it_in_the_basket,,,,,,,,,,12,,,,pick up the tomato sauce and place it in the basket,pick up the tomato sauce and place it in the basket tb 12,pick_up_the_tomato_sauce_and_place_it_in_the_basket_tb_12
246,Background Textures,4,1,pick_up_the_tomato_sauce_and_place_it_in_the_basket,,,,,,,,,,2,,,,pick up the tomato sauce and place it in the basket,pick up the tomato sauce and place it in the basket tb 2,pick_up_the_tomato_sauce_and_place_it_in_the_basket_tb_2
247,Background Textures,1,4,pick_up_the_tomato_sauce_and_place_it_in_the_basket,,,,,,,,,,6,,,,pick up the tomato sauce and place it in the basket,pick up the tomato sauce and place it in the basket tb 6,pick_up_the_tomato_sauce_and_place_it_in_the_basket_tb_6
248,Robot Initial States,1,4,pick_up_the_alphabet_soup_and_place_it_in_the_basket,0,0,100,0,0,11,,,,,,,,pick up the alphabet soup and place it in the basket,pick up the alphabet soup and place it in the basket view 0 0 100 0 0 initstate 11,pick_up_the_alphabet_soup_and_place_it_in_the_basket_view_0_0_100_0_0_initstate_11
249,Robot Initial States,1,4,pick_up_the_alphabet_soup_and_place_it_in_the_basket,0,0,100,0,0,51,,,,,,,,pick up the alphabet soup and place it in the basket,pick up the alphabet soup and place it in the basket view 0 0 100 0 0 initstate 51,pick_up_the_alphabet_soup_and_place_it_in_the_basket_view_0_0_100_0_0_initstate_51
250,Robot Initial States,2,3,pick_up_the_alphabet_soup_and_place_it_in_the_basket,0,0,100,0,0,71,,,,,,,,pick up the alphabet soup and place it in the basket,pick up the alphabet soup and place it in the basket view 0 0 100 0 0 initstate 71,pick_up_the_alphabet_soup_and_place_it_in_the_basket_view_0_0_100_0_0_initstate_71
251,Robot Initial States,2,3,pick_up_the_alphabet_soup_and_place_it_in_the_basket,0,0,100,0,0,81,,,,,,,,pick up the alphabet soup and place it in the basket,pick up the alphabet soup and place it in the basket view 0 0 100 0 0 initstate 81,pick_up_the_alphabet_soup_and_place_it_in_the_basket_view_0_0_100_0_0_initstate_81
252,Robot Initial States,1,4,pick_up_the_alphabet_soup_and_place_it_in_the_basket,0,0,100,0,0,101,,,,,,,,pick up the alphabet soup and place it in the basket,pick up the alphabet soup and place it in the basket view 0 0 100 0 0 initstate 101,pick_up_the_alphabet_soup_and_place_it_in_the_basket_view_0_0_100_0_0_initstate_101
253,Robot Initial States,1,4,pick_up_the_alphabet_soup_and_place_it_in_the_basket,0,0,100,0,0,121,,,,,,,,pick up the alphabet soup and place it in the basket,pick up the alphabet soup and place it in the basket view 0 0 100 0 0 initstate 121,pick_up_the_alphabet_soup_and_place_it_in_the_basket_view_0_0_100_0_0_initstate_121
254,Robot Initial States,2,3,pick_up_the_alphabet_soup_and_place_it_in_the_basket,0,0,100,0,0,131,,,,,,,,pick up the alphabet soup and place it in the basket,pick up the alphabet soup and place it in the basket view 0 0 100 0 0 initstate 131,pick_up_the_alphabet_soup_and_place_it_in_the_basket_view_0_0_100_0_0_initstate_131
255,Robot Initial States,1,4,pick_up_the_alphabet_soup_and_place_it_in_the_basket,0,0,100,0,0,141,,,,,,,,pick up the alphabet soup and place it in the basket,pick up the alphabet soup and place it in the basket view 0 0 100 0 0 initstate 141,pick_up_the_alphabet_soup_and_place_it_in_the_basket_view_0_0_100_0_0_initstate_141
256,Robot Initial States,4,1,pick_up_the_alphabet_soup_and_place_it_in_the_basket,0,0,100,0,0,161,,,,,,,,pick up the alphabet soup and place it in the basket,pick up the alphabet soup and place it in the basket view 0 0 100 0 0 initstate 161,pick_up_the_alphabet_soup_and_place_it_in_the_basket_view_0_0_100_0_0_initstate_161
257,Robot Initial States,2,3,pick_up_the_alphabet_soup_and_place_it_in_the_basket,0,0,100,0,0,171,,,,,,,,pick up the alphabet soup and place it in the basket,pick up the alphabet soup and place it in the basket view 0 0 100 0 0 initstate 171,pick_up_the_alphabet_soup_and_place_it_in_the_basket_view_0_0_100_0_0_initstate_171
258,Robot Initial States,3,2,pick_up_the_alphabet_soup_and_place_it_in_the_basket,0,0,100,0,0,181,,,,,,,,pick up the alphabet soup and place it in the basket,pick up the alphabet soup and place it in the basket view 0 0 100 0 0 initstate 181,pick_up_the_alphabet_soup_and_place_it_in_the_basket_view_0_0_100_0_0_initstate_181
259,Robot Initial States,1,4,pick_up_the_alphabet_soup_and_place_it_in_the_basket,0,0,100,0,0,191,,,,,,,,pick up the alphabet soup and place it in the basket,pick up the alphabet soup and place it in the basket view 0 0 100 0 0 initstate 191,pick_up_the_alphabet_soup_and_place_it_in_the_basket_view_0_0_100_0_0_initstate_191
260,Robot Initial States,2,3,pick_up_the_alphabet_soup_and_place_it_in_the_basket,0,0,100,0,0,201,,,,,,,,pick up the alphabet soup and place it in the basket,pick up the alphabet soup and place it in the basket view 0 0 100 0 0 initstate 201,pick_up_the_alphabet_soup_and_place_it_in_the_basket_view_0_0_100_0_0_initstate_201
261,Robot Initial States,3,2,pick_up_the_alphabet_soup_and_place_it_in_the_basket,0,0,100,0,0,211,,,,,,,,pick up the alphabet soup and place it in the basket,pick up the alphabet soup and place it in the basket view 0 0 100 0 0 initstate 211,pick_up_the_alphabet_soup_and_place_it_in_the_basket_view_0_0_100_0_0_initstate_211
262,Robot Initial States,4,1,pick_up_the_alphabet_soup_and_place_it_in_the_basket,0,0,100,0,0,221,,,,,,,,pick up the alphabet soup and place it in the basket,pick up the alphabet soup and place it in the basket view 0 0 100 0 0 initstate 221,pick_up_the_alphabet_soup_and_place_it_in_the_basket_view_0_0_100_0_0_initstate_221
263,Robot Initial States,3,2,pick_up_the_alphabet_soup_and_place_it_in_the_basket,0,0,100,0,0,231,,,,,,,,pick up the alphabet soup and place it in the basket,pick up the alphabet soup and place it in the basket view 0 0 100 0 0 initstate 231,pick_up_the_alphabet_soup_and_place_it_in_the_basket_view_0_0_100_0_0_initstate_231
264,Robot Initial States,3,2,pick_up_the_alphabet_soup_and_place_it_in_the_basket,0,0,100,0,0,241,,,,,,,,pick up the alphabet soup and place it in the basket,pick up the alphabet soup and place it in the basket view 0 0 100 0 0 initstate 241,pick_up_the_alphabet_soup_and_place_it_in_the_basket_view_0_0_100_0_0_initstate_241
265,Robot Initial States,3,2,pick_up_the_alphabet_soup_and_place_it_in_the_basket,0,0,100,0,0,251,,,,,,,,pick up the alphabet soup and place it in the basket,pick up the alphabet soup and place it in the basket view 0 0 100 0 0 initstate 251,pick_up_the_alphabet_soup_and_place_it_in_the_basket_view_0_0_100_0_0_initstate_251
266,Robot Initial States,2,3,pick_up_the_alphabet_soup_and_place_it_in_the_basket,0,0,100,0,0,261,,,,,,,,pick up the alphabet soup and place it in the basket,pick up the alphabet soup and place it in the basket view 0 0 100 0 0 initstate 261,pick_up_the_alphabet_soup_and_place_it_in_the_basket_view_0_0_100_0_0_initstate_261
267,Robot Initial States,2,3,pick_up_the_alphabet_soup_and_place_it_in_the_basket,0,0,100,0,0,271,,,,,,,,pick up the alphabet soup and place it in the basket,pick up the alphabet soup and place it in the basket view 0 0 100 0 0 initstate 271,pick_up_the_alphabet_soup_and_place_it_in_the_basket_view_0_0_100_0_0_initstate_271
268,Robot Initial States,3,2,pick_up_the_alphabet_soup_and_place_it_in_the_basket,0,0,100,0,0,281,,,,,,,,pick up the alphabet soup and place it in the basket,pick up the alphabet soup and place it in the basket view 0 0 100 0 0 initstate 281,pick_up_the_alphabet_soup_and_place_it_in_the_basket_view_0_0_100_0_0_initstate_281
269,Robot Initial States,3,2,pick_up_the_alphabet_soup_and_place_it_in_the_basket,0,0,100,0,0,291,,,,,,,,pick up the alphabet soup and place it in the basket,pick up the alphabet soup and place it in the basket view 0 0 100 0 0 initstate 291,pick_up_the_alphabet_soup_and_place_it_in_the_basket_view_0_0_100_0_0_initstate_291
270,Robot Initial States,4,1,pick_up_the_alphabet_soup_and_place_it_in_the_basket,0,0,100,0,0,301,,,,,,,,pick up the alphabet soup and place it in the basket,pick up the alphabet soup and place it in the basket view 0 0 100 0 0 initstate 301,pick_up_the_alphabet_soup_and_place_it_in_the_basket_view_0_0_100_0_0_initstate_301
271,Robot Initial States,5,0,pick_up_the_alphabet_soup_and_place_it_in_the_basket,0,0,100,0,0,311,,,,,,,,pick up the alphabet soup and place it in the basket,pick up the alphabet soup and place it in the basket view 0 0 100 0 0 initstate 311,pick_up_the_alphabet_soup_and_place_it_in_the_basket_view_0_0_100_0_0_initstate_311
272,Robot Initial States,3,2,pick_up_the_alphabet_soup_and_place_it_in_the_basket,0,0,100,0,0,321,,,,,,,,pick up the alphabet soup and place it in the basket,pick up the alphabet soup and place it in the basket view 0 0 100 0 0 initstate 321,pick_up_the_alphabet_soup_and_place_it_in_the_basket_view_0_0_100_0_0_initstate_321
273,Robot Initial States,4,1,pick_up_the_alphabet_soup_and_place_it_in_the_basket,0,0,100,0,0,331,,,,,,,,pick up the alphabet soup and place it in the basket,pick up the alphabet soup and place it in the basket view 0 0 100 0 0 initstate 331,pick_up_the_alphabet_soup_and_place_it_in_the_basket_view_0_0_100_0_0_initstate_331
274,Robot Initial States,1,4,pick_up_the_alphabet_soup_and_place_it_in_the_basket,0,0,100,0,0,341,,,,,,,,pick up the alphabet soup and place it in the basket,pick up the alphabet soup and place it in the basket view 0 0 100 0 0 initstate 341,pick_up_the_alphabet_soup_and_place_it_in_the_basket_view_0_0_100_0_0_initstate_341
275,Robot Initial States,3,2,pick_up_the_alphabet_soup_and_place_it_in_the_basket,0,0,100,0,0,351,,,,,,,,pick up the alphabet soup and place it in the basket,pick up the alphabet soup and place it in the basket view 0 0 100 0 0 initstate 351,pick_up_the_alphabet_soup_and_place_it_in_the_basket_view_0_0_100_0_0_initstate_351
276,Robot Initial States,5,0,pick_up_the_alphabet_soup_and_place_it_in_the_basket,0,0,100,0,0,361,,,,,,,,pick up the alphabet soup and place it in the basket,pick up the alphabet soup and place it in the basket view 0 0 100 0 0 initstate 361,pick_up_the_alphabet_soup_and_place_it_in_the_basket_view_0_0_100_0_0_initstate_361
277,Robot Initial States,4,1,pick_up_the_alphabet_soup_and_place_it_in_the_basket,0,0,100,0,0,371,,,,,,,,pick up the alphabet soup and place it in the basket,pick up the alphabet soup and place it in the basket view 0 0 100 0 0 initstate 371,pick_up_the_alphabet_soup_and_place_it_in_the_basket_view_0_0_100_0_0_initstate_371
278,Robot Initial States,4,1,pick_up_the_alphabet_soup_and_place_it_in_the_basket,0,0,100,0,0,381,,,,,,,,pick up the alphabet soup and place it in the basket,pick up the alphabet soup and place it in the basket view 0 0 100 0 0 initstate 381,pick_up_the_alphabet_soup_and_place_it_in_the_basket_view_0_0_100_0_0_initstate_381
279,Robot Initial States,5,0,pick_up_the_alphabet_soup_and_place_it_in_the_basket,0,0,100,0,0,391,,,,,,,,pick up the alphabet soup and place it in the basket,pick up the alphabet soup and place it in the basket view 0 0 100 0 0 initstate 391,pick_up_the_alphabet_soup_and_place_it_in_the_basket_view_0_0_100_0_0_initstate_391
280,Robot Initial States,5,0,pick_up_the_alphabet_soup_and_place_it_in_the_basket,0,0,100,0,0,401,,,,,,,,pick up the alphabet soup and place it in the basket,pick up the alphabet soup and place it in the basket view 0 0 100 0 0 initstate 401,pick_up_the_alphabet_soup_and_place_it_in_the_basket_view_0_0_100_0_0_initstate_401
281,Robot Initial States,5,0,pick_up_the_alphabet_soup_and_place_it_in_the_basket,0,0,100,0,0,411,,,,,,,,pick up the alphabet soup and place it in the basket,pick up the alphabet soup and place it in the basket view 0 0 100 0 0 initstate 411,pick_up_the_alphabet_soup_and_place_it_in_the_basket_view_0_0_100_0_0_initstate_411
282,Robot Initial States,4,1,pick_up_the_alphabet_soup_and_place_it_in_the_basket,0,0,100,0,0,421,,,,,,,,pick up the alphabet soup and place it in the basket,pick up the alphabet soup and place it in the basket view 0 0 100 0 0 initstate 421,pick_up_the_alphabet_soup_and_place_it_in_the_basket_view_0_0_100_0_0_initstate_421
283,Robot Initial States,4,1,pick_up_the_alphabet_soup_and_place_it_in_the_basket,0,0,100,0,0,431,,,,,,,,pick up the alphabet soup and place it in the basket,pick up the alphabet soup and place it in the basket view 0 0 100 0 0 initstate 431,pick_up_the_alphabet_soup_and_place_it_in_the_basket_view_0_0_100_0_0_initstate_431
284,Robot Initial States,4,1,pick_up_the_alphabet_soup_and_place_it_in_the_basket,0,0,100,0,0,441,,,,,,,,pick up the alphabet soup and place it in the basket,pick up the alphabet soup and place it in the basket view 0 0 100 0 0 initstate 441,pick_up_the_alphabet_soup_and_place_it_in_the_basket_view_0_0_100_0_0_initstate_441
285,Robot Initial States,2,3,pick_up_the_alphabet_soup_and_place_it_in_the_basket,0,0,100,0,0,451,,,,,,,,pick up the alphabet soup and place it in the basket,pick up the alphabet soup and place it in the basket view 0 0 100 0 0 initstate 451,pick_up_the_alphabet_soup_and_place_it_in_the_basket_view_0_0_100_0_0_initstate_451
286,Robot Initial States,3,2,pick_up_the_alphabet_soup_and_place_it_in_the_basket,0,0,100,0,0,461,,,,,,,,pick up the alphabet soup and place it in the basket,pick up the alphabet soup and place it in the basket view 0 0 100 0 0 initstate 461,pick_up_the_alphabet_soup_and_place_it_in_the_basket_view_0_0_100_0_0_initstate_461
287,Robot Initial States,4,1,pick_up_the_alphabet_soup_and_place_it_in_the_basket,0,0,100,0,0,471,,,,,,,,pick up the alphabet soup and place it in the basket,pick up the alphabet soup and place it in the basket view 0 0 100 0 0 initstate 471,pick_up_the_alphabet_soup_and_place_it_in_the_basket_view_0_0_100_0_0_initstate_471
288,Robot Initial States,3,2,pick_up_the_alphabet_soup_and_place_it_in_the_basket,0,0,100,0,0,481,,,,,,,,pick up the alphabet soup and place it in the basket,pick up the alphabet soup and place it in the basket view 0 0 100 0 0 initstate 481,pick_up_the_alphabet_soup_and_place_it_in_the_basket_view_0_0_100_0_0_initstate_481
289,Robot Initial States,5,0,pick_up_the_alphabet_soup_and_place_it_in_the_basket,0,0,100,0,0,491,,,,,,,,pick up the alphabet soup and place it in the basket,pick up the alphabet soup and place it in the basket view 0 0 100 0 0 initstate 491,pick_up_the_alphabet_soup_and_place_it_in_the_basket_view_0_0_100_0_0_initstate_491
290,Robot Initial States,2,3,pick_up_the_cream_cheese_and_place_it_in_the_basket,0,0,100,0,0,2,,,,,,,,pick up the cream cheese and place it in the basket,pick up the cream cheese and place it in the basket view 0 0 100 0 0 initstate 2,pick_up_the_cream_cheese_and_place_it_in_the_basket_view_0_0_100_0_0_initstate_2
291,Robot Initial States,2,3,pick_up_the_cream_cheese_and_place_it_in_the_basket,0,0,100,0,0,42,,,,,,,,pick up the cream cheese and place it in the basket,pick up the cream cheese and place it in the basket view 0 0 100 0 0 initstate 42,pick_up_the_cream_cheese_and_place_it_in_the_basket_view_0_0_100_0_0_initstate_42
292,Robot Initial States,3,2,pick_up_the_cream_cheese_and_place_it_in_the_basket,0,0,100,0,0,62,,,,,,,,pick up the cream cheese and place it in the basket,pick up the cream cheese and place it in the basket view 0 0 100 0 0 initstate 62,pick_up_the_cream_cheese_and_place_it_in_the_basket_view_0_0_100_0_0_initstate_62
293,Robot Initial States,2,3,pick_up_the_cream_cheese_and_place_it_in_the_basket,0,0,100,0,0,102,,,,,,,,pick up the cream cheese and place it in the basket,pick up the cream cheese and place it in the basket view 0 0 100 0 0 initstate 102,pick_up_the_cream_cheese_and_place_it_in_the_basket_view_0_0_100_0_0_initstate_102
294,Robot Initial States,1,4,pick_up_the_cream_cheese_and_place_it_in_the_basket,0,0,100,0,0,112,,,,,,,,pick up the cream cheese and place it in the basket,pick up the cream cheese and place it in the basket view 0 0 100 0 0 initstate 112,pick_up_the_cream_cheese_and_place_it_in_the_basket_view_0_0_100_0_0_initstate_112
295,Robot Initial States,2,3,pick_up_the_cream_cheese_and_place_it_in_the_basket,0,0,100,0,0,132,,,,,,,,pick up the cream cheese and place it in the basket,pick up the cream cheese and place it in the basket view 0 0 100 0 0 initstate 132,pick_up_the_cream_cheese_and_place_it_in_the_basket_view_0_0_100_0_0_initstate_132
296,Robot Initial States,3,2,pick_up_the_cream_cheese_and_place_it_in_the_basket,0,0,100,0,0,142,,,,,,,,pick up the cream cheese and place it in the basket,pick up the cream cheese and place it in the basket view 0 0 100 0 0 initstate 142,pick_up_the_cream_cheese_and_place_it_in_the_basket_view_0_0_100_0_0_initstate_142
297,Robot Initial States,2,3,pick_up_the_cream_cheese_and_place_it_in_the_basket,0,0,100,0,0,152,,,,,,,,pick up the cream cheese and place it in the basket,pick up the cream cheese and place it in the basket view 0 0 100 0 0 initstate 152,pick_up_the_cream_cheese_and_place_it_in_the_basket_view_0_0_100_0_0_initstate_152
298,Robot Initial States,2,3,pick_up_the_cream_cheese_and_place_it_in_the_basket,0,0,100,0,0,162,,,,,,,,pick up the cream cheese and place it in the basket,pick up the cream cheese and place it in the basket view 0 0 100 0 0 initstate 162,pick_up_the_cream_cheese_and_place_it_in_the_basket_view_0_0_100_0_0_initstate_162
299,Robot Initial States,2,3,pick_up_the_cream_cheese_and_place_it_in_the_basket,0,0,100,0,0,172,,,,,,,,pick up the cream cheese and place it in the basket,pick up the cream cheese and place it in the basket view 0 0 100 0 0 initstate 172,pick_up_the_cream_cheese_and_place_it_in_the_basket_view_0_0_100_0_0_initstate_172
300,Robot Initial States,1,4,pick_up_the_cream_cheese_and_place_it_in_the_basket,0,0,100,0,0,192,,,,,,,,pick up the cream cheese and place it in the basket,pick up the cream cheese and place it in the basket view 0 0 100 0 0 initstate 192,pick_up_the_cream_cheese_and_place_it_in_the_basket_view_0_0_100_0_0_initstate_192
301,Robot Initial States,3,2,pick_up_the_cream_cheese_and_place_it_in_the_basket,0,0,100,0,0,202,,,,,,,,pick up the cream cheese and place it in the basket,pick up the cream cheese and place it in the basket view 0 0 100 0 0 initstate 202,pick_up_the_cream_cheese_and_place_it_in_the_basket_view_0_0_100_0_0_initstate_202
302,Robot Initial States,4,1,pick_up_the_cream_cheese_and_place_it_in_the_basket,0,0,100,0,0,222,,,,,,,,pick up the cream cheese and place it in the basket,pick up the cream cheese and place it in the basket view 0 0 100 0 0 initstate 222,pick_up_the_cream_cheese_and_place_it_in_the_basket_view_0_0_100_0_0_initstate_222
303,Robot Initial States,2,3,pick_up_the_cream_cheese_and_place_it_in_the_basket,0,0,100,0,0,232,,,,,,,,pick up the cream cheese and place it in the basket,pick up the cream cheese and place it in the basket view 0 0 100 0 0 initstate 232,pick_up_the_cream_cheese_and_place_it_in_the_basket_view_0_0_100_0_0_initstate_232
304,Robot Initial States,2,3,pick_up_the_cream_cheese_and_place_it_in_the_basket,0,0,100,0,0,242,,,,,,,,pick up the cream cheese and place it in the basket,pick up the cream cheese and place it in the basket view 0 0 100 0 0 initstate 242,pick_up_the_cream_cheese_and_place_it_in_the_basket_view_0_0_100_0_0_initstate_242
305,Robot Initial States,3,2,pick_up_the_cream_cheese_and_place_it_in_the_basket,0,0,100,0,0,252,,,,,,,,pick up the cream cheese and place it in the basket,pick up the cream cheese and place it in the basket view 0 0 100 0 0 initstate 252,pick_up_the_cream_cheese_and_place_it_in_the_basket_view_0_0_100_0_0_initstate_252
306,Robot Initial States,5,0,pick_up_the_cream_cheese_and_place_it_in_the_basket,0,0,100,0,0,262,,,,,,,,pick up the cream cheese and place it in the basket,pick up the cream cheese and place it in the basket view 0 0 100 0 0 initstate 262,pick_up_the_cream_cheese_and_place_it_in_the_basket_view_0_0_100_0_0_initstate_262
307,Robot Initial States,3,2,pick_up_the_cream_cheese_and_place_it_in_the_basket,0,0,100,0,0,282,,,,,,,,pick up the cream cheese and place it in the basket,pick up the cream cheese and place it in the basket view 0 0 100 0 0 initstate 282,pick_up_the_cream_cheese_and_place_it_in_the_basket_view_0_0_100_0_0_initstate_282
308,Robot Initial States,4,1,pick_up_the_cream_cheese_and_place_it_in_the_basket,0,0,100,0,0,292,,,,,,,,pick up the cream cheese and place it in the basket,pick up the cream cheese and place it in the basket view 0 0 100 0 0 initstate 292,pick_up_the_cream_cheese_and_place_it_in_the_basket_view_0_0_100_0_0_initstate_292
309,Robot Initial States,4,1,pick_up_the_cream_cheese_and_place_it_in_the_basket,0,0,100,0,0,302,,,,,,,,pick up the cream cheese and place it in the basket,pick up the cream cheese and place it in the basket view 0 0 100 0 0 initstate 302,pick_up_the_cream_cheese_and_place_it_in_the_basket_view_0_0_100_0_0_initstate_302
310,Robot Initial States,4,1,pick_up_the_cream_cheese_and_place_it_in_the_basket,0,0,100,0,0,312,,,,,,,,pick up the cream cheese and place it in the basket,pick up the cream cheese and place it in the basket view 0 0 100 0 0 initstate 312,pick_up_the_cream_cheese_and_place_it_in_the_basket_view_0_0_100_0_0_initstate_312
311,Robot Initial States,5,0,pick_up_the_cream_cheese_and_place_it_in_the_basket,0,0,100,0,0,322,,,,,,,,pick up the cream cheese and place it in the basket,pick up the cream cheese and place it in the basket view 0 0 100 0 0 initstate 322,pick_up_the_cream_cheese_and_place_it_in_the_basket_view_0_0_100_0_0_initstate_322
312,Robot Initial States,1,4,pick_up_the_cream_cheese_and_place_it_in_the_basket,0,0,100,0,0,332,,,,,,,,pick up the cream cheese and place it in the basket,pick up the cream cheese and place it in the basket view 0 0 100 0 0 initstate 332,pick_up_the_cream_cheese_and_place_it_in_the_basket_view_0_0_100_0_0_initstate_332
313,Robot Initial States,5,0,pick_up_the_cream_cheese_and_place_it_in_the_basket,0,0,100,0,0,342,,,,,,,,pick up the cream cheese and place it in the basket,pick up the cream cheese and place it in the basket view 0 0 100 0 0 initstate 342,pick_up_the_cream_cheese_and_place_it_in_the_basket_view_0_0_100_0_0_initstate_342
314,Robot Initial States,5,0,pick_up_the_cream_cheese_and_place_it_in_the_basket,0,0,100,0,0,352,,,,,,,,pick up the cream cheese and place it in the basket,pick up the cream cheese and place it in the basket view 0 0 100 0 0 initstate 352,pick_up_the_cream_cheese_and_place_it_in_the_basket_view_0_0_100_0_0_initstate_352
315,Robot Initial States,3,2,pick_up_the_cream_cheese_and_place_it_in_the_basket,0,0,100,0,0,362,,,,,,,,pick up the cream cheese and place it in the basket,pick up the cream cheese and place it in the basket view 0 0 100 0 0 initstate 362,pick_up_the_cream_cheese_and_place_it_in_the_basket_view_0_0_100_0_0_initstate_362
316,Robot Initial States,5,0,pick_up_the_cream_cheese_and_place_it_in_the_basket,0,0,100,0,0,372,,,,,,,,pick up the cream cheese and place it in the basket,pick up the cream cheese and place it in the basket view 0 0 100 0 0 initstate 372,pick_up_the_cream_cheese_and_place_it_in_the_basket_view_0_0_100_0_0_initstate_372
317,Robot Initial States,4,1,pick_up_the_cream_cheese_and_place_it_in_the_basket,0,0,100,0,0,382,,,,,,,,pick up the cream cheese and place it in the basket,pick up the cream cheese and place it in the basket view 0 0 100 0 0 initstate 382,pick_up_the_cream_cheese_and_place_it_in_the_basket_view_0_0_100_0_0_initstate_382
318,Robot Initial States,3,2,pick_up_the_cream_cheese_and_place_it_in_the_basket,0,0,100,0,0,392,,,,,,,,pick up the cream cheese and place it in the basket,pick up the cream cheese and place it in the basket view 0 0 100 0 0 initstate 392,pick_up_the_cream_cheese_and_place_it_in_the_basket_view_0_0_100_0_0_initstate_392
319,Robot Initial States,3,2,pick_up_the_cream_cheese_and_place_it_in_the_basket,0,0,100,0,0,402,,,,,,,,pick up the cream cheese and place it in the basket,pick up the cream cheese and place it in the basket view 0 0 100 0 0 initstate 402,pick_up_the_cream_cheese_and_place_it_in_the_basket_view_0_0_100_0_0_initstate_402
320,Robot Initial States,5,0,pick_up_the_cream_cheese_and_place_it_in_the_basket,0,0,100,0,0,412,,,,,,,,pick up the cream cheese and place it in the basket,pick up the cream cheese and place it in the basket view 0 0 100 0 0 initstate 412,pick_up_the_cream_cheese_and_place_it_in_the_basket_view_0_0_100_0_0_initstate_412
321,Robot Initial States,5,0,pick_up_the_cream_cheese_and_place_it_in_the_basket,0,0,100,0,0,422,,,,,,,,pick up the cream cheese and place it in the basket,pick up the cream cheese and place it in the basket view 0 0 100 0 0 initstate 422,pick_up_the_cream_cheese_and_place_it_in_the_basket_view_0_0_100_0_0_initstate_422
322,Robot Initial States,3,2,pick_up_the_cream_cheese_and_place_it_in_the_basket,0,0,100,0,0,432,,,,,,,,pick up the cream cheese and place it in the basket,pick up the cream cheese and place it in the basket view 0 0 100 0 0 initstate 432,pick_up_the_cream_cheese_and_place_it_in_the_basket_view_0_0_100_0_0_initstate_432
323,Robot Initial States,2,3,pick_up_the_cream_cheese_and_place_it_in_the_basket,0,0,100,0,0,442,,,,,,,,pick up the cream cheese and place it in the basket,pick up the cream cheese and place it in the basket view 0 0 100 0 0 initstate 442,pick_up_the_cream_cheese_and_place_it_in_the_basket_view_0_0_100_0_0_initstate_442
324,Robot Initial States,5,0,pick_up_the_cream_cheese_and_place_it_in_the_basket,0,0,100,0,0,452,,,,,,,,pick up the cream cheese and place it in the basket,pick up the cream cheese and place it in the basket view 0 0 100 0 0 initstate 452,pick_up_the_cream_cheese_and_place_it_in_the_basket_view_0_0_100_0_0_initstate_452
325,Robot Initial States,4,1,pick_up_the_cream_cheese_and_place_it_in_the_basket,0,0,100,0,0,462,,,,,,,,pick up the cream cheese and place it in the basket,pick up the cream cheese and place it in the basket view 0 0 100 0 0 initstate 462,pick_up_the_cream_cheese_and_place_it_in_the_basket_view_0_0_100_0_0_initstate_462
326,Robot Initial States,3,2,pick_up_the_cream_cheese_and_place_it_in_the_basket,0,0,100,0,0,472,,,,,,,,pick up the cream cheese and place it in the basket,pick up the cream cheese and place it in the basket view 0 0 100 0 0 initstate 472,pick_up_the_cream_cheese_and_place_it_in_the_basket_view_0_0_100_0_0_initstate_472
327,Robot Initial States,3,2,pick_up_the_cream_cheese_and_place_it_in_the_basket,0,0,100,0,0,482,,,,,,,,pick up the cream cheese and place it in the basket,pick up the cream cheese and place it in the basket view 0 0 100 0 0 initstate 482,pick_up_the_cream_cheese_and_place_it_in_the_basket_view_0_0_100_0_0_initstate_482
328,Robot Initial States,2,3,pick_up_the_cream_cheese_and_place_it_in_the_basket,0,0,100,0,0,492,,,,,,,,pick up the cream cheese and place it in the basket,pick up the cream cheese and place it in the basket view 0 0 100 0 0 initstate 492,pick_up_the_cream_cheese_and_place_it_in_the_basket_view_0_0_100_0_0_initstate_492
329,Robot Initial States,2,3,pick_up_the_salad_dressing_and_place_it_in_the_basket,0,0,100,0,0,3,,,,,,,,pick up the salad dressing and place it in the basket,pick up the salad dressing and place it in the basket view 0 0 100 0 0 initstate 3,pick_up_the_salad_dressing_and_place_it_in_the_basket_view_0_0_100_0_0_initstate_3
330,Robot Initial States,1,4,pick_up_the_salad_dressing_and_place_it_in_the_basket,0,0,100,0,0,23,,,,,,,,pick up the salad dressing and place it in the basket,pick up the salad dressing and place it in the basket view 0 0 100 0 0 initstate 23,pick_up_the_salad_dressing_and_place_it_in_the_basket_view_0_0_100_0_0_initstate_23
331,Robot Initial States,1,4,pick_up_the_salad_dressing_and_place_it_in_the_basket,0,0,100,0,0,63,,,,,,,,pick up the salad dressing and place it in the basket,pick up the salad dressing and place it in the basket view 0 0 100 0 0 initstate 63,pick_up_the_salad_dressing_and_place_it_in_the_basket_view_0_0_100_0_0_initstate_63
332,Robot Initial States,4,1,pick_up_the_salad_dressing_and_place_it_in_the_basket,0,0,100,0,0,73,,,,,,,,pick up the salad dressing and place it in the basket,pick up the salad dressing and place it in the basket view 0 0 100 0 0 initstate 73,pick_up_the_salad_dressing_and_place_it_in_the_basket_view_0_0_100_0_0_initstate_73
333,Robot Initial States,1,4,pick_up_the_salad_dressing_and_place_it_in_the_basket,0,0,100,0,0,83,,,,,,,,pick up the salad dressing and place it in the basket,pick up the salad dressing and place it in the basket view 0 0 100 0 0 initstate 83,pick_up_the_salad_dressing_and_place_it_in_the_basket_view_0_0_100_0_0_initstate_83
334,Robot Initial States,5,0,pick_up_the_salad_dressing_and_place_it_in_the_basket,0,0,100,0,0,103,,,,,,,,pick up the salad dressing and place it in the basket,pick up the salad dressing and place it in the basket view 0 0 100 0 0 initstate 103,pick_up_the_salad_dressing_and_place_it_in_the_basket_view_0_0_100_0_0_initstate_103
335,Robot Initial States,4,1,pick_up_the_salad_dressing_and_place_it_in_the_basket,0,0,100,0,0,113,,,,,,,,pick up the salad dressing and place it in the basket,pick up the salad dressing and place it in the basket view 0 0 100 0 0 initstate 113,pick_up_the_salad_dressing_and_place_it_in_the_basket_view_0_0_100_0_0_initstate_113
336,Robot Initial States,3,2,pick_up_the_salad_dressing_and_place_it_in_the_basket,0,0,100,0,0,123,,,,,,,,pick up the salad dressing and place it in the basket,pick up the salad dressing and place it in the basket view 0 0 100 0 0 initstate 123,pick_up_the_salad_dressing_and_place_it_in_the_basket_view_0_0_100_0_0_initstate_123
337,Robot Initial States,4,1,pick_up_the_salad_dressing_and_place_it_in_the_basket,0,0,100,0,0,133,,,,,,,,pick up the salad dressing and place it in the basket,pick up the salad dressing and place it in the basket view 0 0 100 0 0 initstate 133,pick_up_the_salad_dressing_and_place_it_in_the_basket_view_0_0_100_0_0_initstate_133
338,Robot Initial States,2,3,pick_up_the_salad_dressing_and_place_it_in_the_basket,0,0,100,0,0,153,,,,,,,,pick up the salad dressing and place it in the basket,pick up the salad dressing and place it in the basket view 0 0 100 0 0 initstate 153,pick_up_the_salad_dressing_and_place_it_in_the_basket_view_0_0_100_0_0_initstate_153
339,Robot Initial States,4,1,pick_up_the_salad_dressing_and_place_it_in_the_basket,0,0,100,0,0,163,,,,,,,,pick up the salad dressing and place it in the basket,pick up the salad dressing and place it in the basket view 0 0 100 0 0 initstate 163,pick_up_the_salad_dressing_and_place_it_in_the_basket_view_0_0_100_0_0_initstate_163
340,Robot Initial States,1,4,pick_up_the_salad_dressing_and_place_it_in_the_basket,0,0,100,0,0,173,,,,,,,,pick up the salad dressing and place it in the basket,pick up the salad dressing and place it in the basket view 0 0 100 0 0 initstate 173,pick_up_the_salad_dressing_and_place_it_in_the_basket_view_0_0_100_0_0_initstate_173
341,Robot Initial States,2,3,pick_up_the_salad_dressing_and_place_it_in_the_basket,0,0,100,0,0,183,,,,,,,,pick up the salad dressing and place it in the basket,pick up the salad dressing and place it in the basket view 0 0 100 0 0 initstate 183,pick_up_the_salad_dressing_and_place_it_in_the_basket_view_0_0_100_0_0_initstate_183
342,Robot Initial States,4,1,pick_up_the_salad_dressing_and_place_it_in_the_basket,0,0,100,0,0,203,,,,,,,,pick up the salad dressing and place it in the basket,pick up the salad dressing and place it in the basket view 0 0 100 0 0 initstate 203,pick_up_the_salad_dressing_and_place_it_in_the_basket_view_0_0_100_0_0_initstate_203
343,Robot Initial States,4,1,pick_up_the_salad_dressing_and_place_it_in_the_basket,0,0,100,0,0,213,,,,,,,,pick up the salad dressing and place it in the basket,pick up the salad dressing and place it in the basket view 0 0 100 0 0 initstate 213,pick_up_the_salad_dressing_and_place_it_in_the_basket_view_0_0_100_0_0_initstate_213
344,Robot Initial States,5,0,pick_up_the_salad_dressing_and_place_it_in_the_basket,0,0,100,0,0,223,,,,,,,,pick up the salad dressing and place it in the basket,pick up the salad dressing and place it in the basket view 0 0 100 0 0 initstate 223,pick_up_the_salad_dressing_and_place_it_in_the_basket_view_0_0_100_0_0_initstate_223
345,Robot Initial States,3,2,pick_up_the_salad_dressing_and_place_it_in_the_basket,0,0,100,0,0,233,,,,,,,,pick up the salad dressing and place it in the basket,pick up the salad dressing and place it in the basket view 0 0 100 0 0 initstate 233,pick_up_the_salad_dressing_and_place_it_in_the_basket_view_0_0_100_0_0_initstate_233
346,Robot Initial States,5,0,pick_up_the_salad_dressing_and_place_it_in_the_basket,0,0,100,0,0,243,,,,,,,,pick up the salad dressing and place it in the basket,pick up the salad dressing and place it in the basket view 0 0 100 0 0 initstate 243,pick_up_the_salad_dressing_and_place_it_in_the_basket_view_0_0_100_0_0_initstate_243
347,Robot Initial States,4,1,pick_up_the_salad_dressing_and_place_it_in_the_basket,0,0,100,0,0,263,,,,,,,,pick up the salad dressing and place it in the basket,pick up the salad dressing and place it in the basket view 0 0 100 0 0 initstate 263,pick_up_the_salad_dressing_and_place_it_in_the_basket_view_0_0_100_0_0_initstate_263
348,Robot Initial States,4,1,pick_up_the_salad_dressing_and_place_it_in_the_basket,0,0,100,0,0,273,,,,,,,,pick up the salad dressing and place it in the basket,pick up the salad dressing and place it in the basket view 0 0 100 0 0 initstate 273,pick_up_the_salad_dressing_and_place_it_in_the_basket_view_0_0_100_0_0_initstate_273
349,Robot Initial States,3,2,pick_up_the_salad_dressing_and_place_it_in_the_basket,0,0,100,0,0,283,,,,,,,,pick up the salad dressing and place it in the basket,pick up the salad dressing and place it in the basket view 0 0 100 0 0 initstate 283,pick_up_the_salad_dressing_and_place_it_in_the_basket_view_0_0_100_0_0_initstate_283
350,Robot Initial States,4,1,pick_up_the_salad_dressing_and_place_it_in_the_basket,0,0,100,0,0,293,,,,,,,,pick up the salad dressing and place it in the basket,pick up the salad dressing and place it in the basket view 0 0 100 0 0 initstate 293,pick_up_the_salad_dressing_and_place_it_in_the_basket_view_0_0_100_0_0_initstate_293
351,Robot Initial States,4,1,pick_up_the_salad_dressing_and_place_it_in_the_basket,0,0,100,0,0,303,,,,,,,,pick up the salad dressing and place it in the basket,pick up the salad dressing and place it in the basket view 0 0 100 0 0 initstate 303,pick_up_the_salad_dressing_and_place_it_in_the_basket_view_0_0_100_0_0_initstate_303
352,Robot Initial States,4,1,pick_up_the_salad_dressing_and_place_it_in_the_basket,0,0,100,0,0,313,,,,,,,,pick up the salad dressing and place it in the basket,pick up the salad dressing and place it in the basket view 0 0 100 0 0 initstate 313,pick_up_the_salad_dressing_and_place_it_in_the_basket_view_0_0_100_0_0_initstate_313
353,Robot Initial States,4,1,pick_up_the_salad_dressing_and_place_it_in_the_basket,0,0,100,0,0,323,,,,,,,,pick up the salad dressing and place it in the basket,pick up the salad dressing and place it in the basket view 0 0 100 0 0 initstate 323,pick_up_the_salad_dressing_and_place_it_in_the_basket_view_0_0_100_0_0_initstate_323
354,Robot Initial States,5,0,pick_up_the_salad_dressing_and_place_it_in_the_basket,0,0,100,0,0,333,,,,,,,,pick up the salad dressing and place it in the basket,pick up the salad dressing and place it in the basket view 0 0 100 0 0 initstate 333,pick_up_the_salad_dressing_and_place_it_in_the_basket_view_0_0_100_0_0_initstate_333
355,Robot Initial States,2,3,pick_up_the_salad_dressing_and_place_it_in_the_basket,0,0,100,0,0,343,,,,,,,,pick up the salad dressing and place it in the basket,pick up the salad dressing and place it in the basket view 0 0 100 0 0 initstate 343,pick_up_the_salad_dressing_and_place_it_in_the_basket_view_0_0_100_0_0_initstate_343
356,Robot Initial States,5,0,pick_up_the_salad_dressing_and_place_it_in_the_basket,0,0,100,0,0,353,,,,,,,,pick up the salad dressing and place it in the basket,pick up the salad dressing and place it in the basket view 0 0 100 0 0 initstate 353,pick_up_the_salad_dressing_and_place_it_in_the_basket_view_0_0_100_0_0_initstate_353
357,Robot Initial States,3,2,pick_up_the_salad_dressing_and_place_it_in_the_basket,0,0,100,0,0,363,,,,,,,,pick up the salad dressing and place it in the basket,pick up the salad dressing and place it in the basket view 0 0 100 0 0 initstate 363,pick_up_the_salad_dressing_and_place_it_in_the_basket_view_0_0_100_0_0_initstate_363
358,Robot Initial States,4,1,pick_up_the_salad_dressing_and_place_it_in_the_basket,0,0,100,0,0,373,,,,,,,,pick up the salad dressing and place it in the basket,pick up the salad dressing and place it in the basket view 0 0 100 0 0 initstate 373,pick_up_the_salad_dressing_and_place_it_in_the_basket_view_0_0_100_0_0_initstate_373
359,Robot Initial States,5,0,pick_up_the_salad_dressing_and_place_it_in_the_basket,0,0,100,0,0,393,,,,,,,,pick up the salad dressing and place it in the basket,pick up the salad dressing and place it in the basket view 0 0 100 0 0 initstate 393,pick_up_the_salad_dressing_and_place_it_in_the_basket_view_0_0_100_0_0_initstate_393
360,Robot Initial States,5,0,pick_up_the_salad_dressing_and_place_it_in_the_basket,0,0,100,0,0,403,,,,,,,,pick up the salad dressing and place it in the basket,pick up the salad dressing and place it in the basket view 0 0 100 0 0 initstate 403,pick_up_the_salad_dressing_and_place_it_in_the_basket_view_0_0_100_0_0_initstate_403
361,Robot Initial States,4,1,pick_up_the_salad_dressing_and_place_it_in_the_basket,0,0,100,0,0,413,,,,,,,,pick up the salad dressing and place it in the basket,pick up the salad dressing and place it in the basket view 0 0 100 0 0 initstate 413,pick_up_the_salad_dressing_and_place_it_in_the_basket_view_0_0_100_0_0_initstate_413
362,Robot Initial States,5,0,pick_up_the_salad_dressing_and_place_it_in_the_basket,0,0,100,0,0,423,,,,,,,,pick up the salad dressing and place it in the basket,pick up the salad dressing and place it in the basket view 0 0 100 0 0 initstate 423,pick_up_the_salad_dressing_and_place_it_in_the_basket_view_0_0_100_0_0_initstate_423
363,Robot Initial States,2,3,pick_up_the_salad_dressing_and_place_it_in_the_basket,0,0,100,0,0,443,,,,,,,,pick up the salad dressing and place it in the basket,pick up the salad dressing and place it in the basket view 0 0 100 0 0 initstate 443,pick_up_the_salad_dressing_and_place_it_in_the_basket_view_0_0_100_0_0_initstate_443
364,Robot Initial States,2,3,pick_up_the_salad_dressing_and_place_it_in_the_basket,0,0,100,0,0,453,,,,,,,,pick up the salad dressing and place it in the basket,pick up the salad dressing and place it in the basket view 0 0 100 0 0 initstate 453,pick_up_the_salad_dressing_and_place_it_in_the_basket_view_0_0_100_0_0_initstate_453
365,Robot Initial States,4,1,pick_up_the_salad_dressing_and_place_it_in_the_basket,0,0,100,0,0,463,,,,,,,,pick up the salad dressing and place it in the basket,pick up the salad dressing and place it in the basket view 0 0 100 0 0 initstate 463,pick_up_the_salad_dressing_and_place_it_in_the_basket_view_0_0_100_0_0_initstate_463
366,Robot Initial States,5,0,pick_up_the_salad_dressing_and_place_it_in_the_basket,0,0,100,0,0,473,,,,,,,,pick up the salad dressing and place it in the basket,pick up the salad dressing and place it in the basket view 0 0 100 0 0 initstate 473,pick_up_the_salad_dressing_and_place_it_in_the_basket_view_0_0_100_0_0_initstate_473
367,Robot Initial States,4,1,pick_up_the_salad_dressing_and_place_it_in_the_basket,0,0,100,0,0,483,,,,,,,,pick up the salad dressing and place it in the basket,pick up the salad dressing and place it in the basket view 0 0 100 0 0 initstate 483,pick_up_the_salad_dressing_and_place_it_in_the_basket_view_0_0_100_0_0_initstate_483
368,Robot Initial States,3,2,pick_up_the_salad_dressing_and_place_it_in_the_basket,0,0,100,0,0,493,,,,,,,,pick up the salad dressing and place it in the basket,pick up the salad dressing and place it in the basket view 0 0 100 0 0 initstate 493,pick_up_the_salad_dressing_and_place_it_in_the_basket_view_0_0_100_0_0_initstate_493
369,Robot Initial States,3,2,pick_up_the_bbq_sauce_and_place_it_in_the_basket,0,0,100,0,0,4,,,,,,,,pick up the bbq sauce and place it in the basket,pick up the bbq sauce and place it in the basket view 0 0 100 0 0 initstate 4,pick_up_the_bbq_sauce_and_place_it_in_the_basket_view_0_0_100_0_0_initstate_4
370,Robot Initial States,1,4,pick_up_the_bbq_sauce_and_place_it_in_the_basket,0,0,100,0,0,74,,,,,,,,pick up the bbq sauce and place it in the basket,pick up the bbq sauce and place it in the basket view 0 0 100 0 0 initstate 74,pick_up_the_bbq_sauce_and_place_it_in_the_basket_view_0_0_100_0_0_initstate_74
371,Robot Initial States,5,0,pick_up_the_bbq_sauce_and_place_it_in_the_basket,0,0,100,0,0,114,,,,,,,,pick up the bbq sauce and place it in the basket,pick up the bbq sauce and place it in the basket view 0 0 100 0 0 initstate 114,pick_up_the_bbq_sauce_and_place_it_in_the_basket_view_0_0_100_0_0_initstate_114
372,Robot Initial States,4,1,pick_up_the_bbq_sauce_and_place_it_in_the_basket,0,0,100,0,0,124,,,,,,,,pick up the bbq sauce and place it in the basket,pick up the bbq sauce and place it in the basket view 0 0 100 0 0 initstate 124,pick_up_the_bbq_sauce_and_place_it_in_the_basket_view_0_0_100_0_0_initstate_124
373,Robot Initial States,2,3,pick_up_the_bbq_sauce_and_place_it_in_the_basket,0,0,100,0,0,144,,,,,,,,pick up the bbq sauce and place it in the basket,pick up the bbq sauce and place it in the basket view 0 0 100 0 0 initstate 144,pick_up_the_bbq_sauce_and_place_it_in_the_basket_view_0_0_100_0_0_initstate_144
374,Robot Initial States,2,3,pick_up_the_bbq_sauce_and_place_it_in_the_basket,0,0,100,0,0,154,,,,,,,,pick up the bbq sauce and place it in the basket,pick up the bbq sauce and place it in the basket view 0 0 100 0 0 initstate 154,pick_up_the_bbq_sauce_and_place_it_in_the_basket_view_0_0_100_0_0_initstate_154
375,Robot Initial States,2,3,pick_up_the_bbq_sauce_and_place_it_in_the_basket,0,0,100,0,0,164,,,,,,,,pick up the bbq sauce and place it in the basket,pick up the bbq sauce and place it in the basket view 0 0 100 0 0 initstate 164,pick_up_the_bbq_sauce_and_place_it_in_the_basket_view_0_0_100_0_0_initstate_164
376,Robot Initial States,4,1,pick_up_the_bbq_sauce_and_place_it_in_the_basket,0,0,100,0,0,184,,,,,,,,pick up the bbq sauce and place it in the basket,pick up the bbq sauce and place it in the basket view 0 0 100 0 0 initstate 184,pick_up_the_bbq_sauce_and_place_it_in_the_basket_view_0_0_100_0_0_initstate_184
377,Robot Initial States,3,2,pick_up_the_bbq_sauce_and_place_it_in_the_basket,0,0,100,0,0,194,,,,,,,,pick up the bbq sauce and place it in the basket,pick up the bbq sauce and place it in the basket view 0 0 100 0 0 initstate 194,pick_up_the_bbq_sauce_and_place_it_in_the_basket_view_0_0_100_0_0_initstate_194
378,Robot Initial States,2,3,pick_up_the_bbq_sauce_and_place_it_in_the_basket,0,0,100,0,0,204,,,,,,,,pick up the bbq sauce and place it in the basket,pick up the bbq sauce and place it in the basket view 0 0 100 0 0 initstate 204,pick_up_the_bbq_sauce_and_place_it_in_the_basket_view_0_0_100_0_0_initstate_204
379,Robot Initial States,4,1,pick_up_the_bbq_sauce_and_place_it_in_the_basket,0,0,100,0,0,214,,,,,,,,pick up the bbq sauce and place it in the basket,pick up the bbq sauce and place it in the basket view 0 0 100 0 0 initstate 214,pick_up_the_bbq_sauce_and_place_it_in_the_basket_view_0_0_100_0_0_initstate_214
380,Robot Initial States,1,4,pick_up_the_bbq_sauce_and_place_it_in_the_basket,0,0,100,0,0,224,,,,,,,,pick up the bbq sauce and place it in the basket,pick up the bbq sauce and place it in the basket view 0 0 100 0 0 initstate 224,pick_up_the_bbq_sauce_and_place_it_in_the_basket_view_0_0_100_0_0_initstate_224
381,Robot Initial States,3,2,pick_up_the_bbq_sauce_and_place_it_in_the_basket,0,0,100,0,0,234,,,,,,,,pick up the bbq sauce and place it in the basket,pick up the bbq sauce and place it in the basket view 0 0 100 0 0 initstate 234,pick_up_the_bbq_sauce_and_place_it_in_the_basket_view_0_0_100_0_0_initstate_234
382,Robot Initial States,3,2,pick_up_the_bbq_sauce_and_place_it_in_the_basket,0,0,100,0,0,254,,,,,,,,pick up the bbq sauce and place it in the basket,pick up the bbq sauce and place it in the basket view 0 0 100 0 0 initstate 254,pick_up_the_bbq_sauce_and_place_it_in_the_basket_view_0_0_100_0_0_initstate_254
383,Robot Initial States,1,4,pick_up_the_bbq_sauce_and_place_it_in_the_basket,0,0,100,0,0,264,,,,,,,,pick up the bbq sauce and place it in the basket,pick up the bbq sauce and place it in the basket view 0 0 100 0 0 initstate 264,pick_up_the_bbq_sauce_and_place_it_in_the_basket_view_0_0_100_0_0_initstate_264
384,Robot Initial States,5,0,pick_up_the_bbq_sauce_and_place_it_in_the_basket,0,0,100,0,0,274,,,,,,,,pick up the bbq sauce and place it in the basket,pick up the bbq sauce and place it in the basket view 0 0 100 0 0 initstate 274,pick_up_the_bbq_sauce_and_place_it_in_the_basket_view_0_0_100_0_0_initstate_274
385,Robot Initial States,1,4,pick_up_the_bbq_sauce_and_place_it_in_the_basket,0,0,100,0,0,284,,,,,,,,pick up the bbq sauce and place it in the basket,pick up the bbq sauce and place it in the basket view 0 0 100 0 0 initstate 284,pick_up_the_bbq_sauce_and_place_it_in_the_basket_view_0_0_100_0_0_initstate_284
386,Robot Initial States,5,0,pick_up_the_bbq_sauce_and_place_it_in_the_basket,0,0,100,0,0,294,,,,,,,,pick up the bbq sauce and place it in the basket,pick up the bbq sauce and place it in the basket view 0 0 100 0 0 initstate 294,pick_up_the_bbq_sauce_and_place_it_in_the_basket_view_0_0_100_0_0_initstate_294
387,Robot Initial States,5,0,pick_up_the_bbq_sauce_and_place_it_in_the_basket,0,0,100,0,0,304,,,,,,,,pick up the bbq sauce and place it in the basket,pick up the bbq sauce and place it in the basket view 0 0 100 0 0 initstate 304,pick_up_the_bbq_sauce_and_place_it_in_the_basket_view_0_0_100_0_0_initstate_304
388,Robot Initial States,4,1,pick_up_the_bbq_sauce_and_place_it_in_the_basket,0,0,100,0,0,314,,,,,,,,pick up the bbq sauce and place it in the basket,pick up the bbq sauce and place it in the basket view 0 0 100 0 0 initstate 314,pick_up_the_bbq_sauce_and_place_it_in_the_basket_view_0_0_100_0_0_initstate_314
389,Robot Initial States,5,0,pick_up_the_bbq_sauce_and_place_it_in_the_basket,0,0,100,0,0,324,,,,,,,,pick up the bbq sauce and place it in the basket,pick up the bbq sauce and place it in the basket view 0 0 100 0 0 initstate 324,pick_up_the_bbq_sauce_and_place_it_in_the_basket_view_0_0_100_0_0_initstate_324
390,Robot Initial States,3,2,pick_up_the_bbq_sauce_and_place_it_in_the_basket,0,0,100,0,0,334,,,,,,,,pick up the bbq sauce and place it in the basket,pick up the bbq sauce and place it in the basket view 0 0 100 0 0 initstate 334,pick_up_the_bbq_sauce_and_place_it_in_the_basket_view_0_0_100_0_0_initstate_334
391,Robot Initial States,3,2,pick_up_the_bbq_sauce_and_place_it_in_the_basket,0,0,100,0,0,344,,,,,,,,pick up the bbq sauce and place it in the basket,pick up the bbq sauce and place it in the basket view 0 0 100 0 0 initstate 344,pick_up_the_bbq_sauce_and_place_it_in_the_basket_view_0_0_100_0_0_initstate_344
392,Robot Initial States,3,2,pick_up_the_bbq_sauce_and_place_it_in_the_basket,0,0,100,0,0,354,,,,,,,,pick up the bbq sauce and place it in the basket,pick up the bbq sauce and place it in the basket view 0 0 100 0 0 initstate 354,pick_up_the_bbq_sauce_and_place_it_in_the_basket_view_0_0_100_0_0_initstate_354
393,Robot Initial States,1,4,pick_up_the_bbq_sauce_and_place_it_in_the_basket,0,0,100,0,0,364,,,,,,,,pick up the bbq sauce and place it in the basket,pick up the bbq sauce and place it in the basket view 0 0 100 0 0 initstate 364,pick_up_the_bbq_sauce_and_place_it_in_the_basket_view_0_0_100_0_0_initstate_364
394,Robot Initial States,5,0,pick_up_the_bbq_sauce_and_place_it_in_the_basket,0,0,100,0,0,374,,,,,,,,pick up the bbq sauce and place it in the basket,pick up the bbq sauce and place it in the basket view 0 0 100 0 0 initstate 374,pick_up_the_bbq_sauce_and_place_it_in_the_basket_view_0_0_100_0_0_initstate_374
395,Robot Initial States,4,1,pick_up_the_bbq_sauce_and_place_it_in_the_basket,0,0,100,0,0,384,,,,,,,,pick up the bbq sauce and place it in the basket,pick up the bbq sauce and place it in the basket view 0 0 100 0 0 initstate 384,pick_up_the_bbq_sauce_and_place_it_in_the_basket_view_0_0_100_0_0_initstate_384
396,Robot Initial States,3,2,pick_up_the_bbq_sauce_and_place_it_in_the_basket,0,0,100,0,0,394,,,,,,,,pick up the bbq sauce and place it in the basket,pick up the bbq sauce and place it in the basket view 0 0 100 0 0 initstate 394,pick_up_the_bbq_sauce_and_place_it_in_the_basket_view_0_0_100_0_0_initstate_394
397,Robot Initial States,4,1,pick_up_the_bbq_sauce_and_place_it_in_the_basket,0,0,100,0,0,404,,,,,,,,pick up the bbq sauce and place it in the basket,pick up the bbq sauce and place it in the basket view 0 0 100 0 0 initstate 404,pick_up_the_bbq_sauce_and_place_it_in_the_basket_view_0_0_100_0_0_initstate_404
398,Robot Initial States,5,0,pick_up_the_bbq_sauce_and_place_it_in_the_basket,0,0,100,0,0,414,,,,,,,,pick up the bbq sauce and place it in the basket,pick up the bbq sauce and place it in the basket view 0 0 100 0 0 initstate 414,pick_up_the_bbq_sauce_and_place_it_in_the_basket_view_0_0_100_0_0_initstate_414
399,Robot Initial States,3,2,pick_up_the_bbq_sauce_and_place_it_in_the_basket,0,0,100,0,0,424,,,,,,,,pick up the bbq sauce and place it in the basket,pick up the bbq sauce and place it in the basket view 0 0 100 0 0 initstate 424,pick_up_the_bbq_sauce_and_place_it_in_the_basket_view_0_0_100_0_0_initstate_424
400,Robot Initial States,5,0,pick_up_the_bbq_sauce_and_place_it_in_the_basket,0,0,100,0,0,434,,,,,,,,pick up the bbq sauce and place it in the basket,pick up the bbq sauce and place it in the basket view 0 0 100 0 0 initstate 434,pick_up_the_bbq_sauce_and_place_it_in_the_basket_view_0_0_100_0_0_initstate_434
401,Robot Initial States,5,0,pick_up_the_bbq_sauce_and_place_it_in_the_basket,0,0,100,0,0,444,,,,,,,,pick up the bbq sauce and place it in the basket,pick up the bbq sauce and place it in the basket view 0 0 100 0 0 initstate 444,pick_up_the_bbq_sauce_and_place_it_in_the_basket_view_0_0_100_0_0_initstate_444
402,Robot Initial States,5,0,pick_up_the_bbq_sauce_and_place_it_in_the_basket,0,0,100,0,0,454,,,,,,,,pick up the bbq sauce and place it in the basket,pick up the bbq sauce and place it in the basket view 0 0 100 0 0 initstate 454,pick_up_the_bbq_sauce_and_place_it_in_the_basket_view_0_0_100_0_0_initstate_454
403,Robot Initial States,4,1,pick_up_the_bbq_sauce_and_place_it_in_the_basket,0,0,100,0,0,464,,,,,,,,pick up the bbq sauce and place it in the basket,pick up the bbq sauce and place it in the basket view 0 0 100 0 0 initstate 464,pick_up_the_bbq_sauce_and_place_it_in_the_basket_view_0_0_100_0_0_initstate_464
404,Robot Initial States,5,0,pick_up_the_bbq_sauce_and_place_it_in_the_basket,0,0,100,0,0,474,,,,,,,,pick up the bbq sauce and place it in the basket,pick up the bbq sauce and place it in the basket view 0 0 100 0 0 initstate 474,pick_up_the_bbq_sauce_and_place_it_in_the_basket_view_0_0_100_0_0_initstate_474
405,Robot Initial States,3,2,pick_up_the_bbq_sauce_and_place_it_in_the_basket,0,0,100,0,0,484,,,,,,,,pick up the bbq sauce and place it in the basket,pick up the bbq sauce and place it in the basket view 0 0 100 0 0 initstate 484,pick_up_the_bbq_sauce_and_place_it_in_the_basket_view_0_0_100_0_0_initstate_484
406,Robot Initial States,5,0,pick_up_the_bbq_sauce_and_place_it_in_the_basket,0,0,100,0,0,494,,,,,,,,pick up the bbq sauce and place it in the basket,pick up the bbq sauce and place it in the basket view 0 0 100 0 0 initstate 494,pick_up_the_bbq_sauce_and_place_it_in_the_basket_view_0_0_100_0_0_initstate_494
407,Robot Initial States,3,2,pick_up_the_ketchup_and_place_it_in_the_basket,0,0,100,0,0,45,,,,,,,,pick up the ketchup and place it in the basket,pick up the ketchup and place it in the basket view 0 0 100 0 0 initstate 45,pick_up_the_ketchup_and_place_it_in_the_basket_view_0_0_100_0_0_initstate_45
408,Robot Initial States,3,2,pick_up_the_ketchup_and_place_it_in_the_basket,0,0,100,0,0,65,,,,,,,,pick up the ketchup and place it in the basket,pick up the ketchup and place it in the basket view 0 0 100 0 0 initstate 65,pick_up_the_ketchup_and_place_it_in_the_basket_view_0_0_100_0_0_initstate_65
409,Robot Initial States,1,4,pick_up_the_ketchup_and_place_it_in_the_basket,0,0,100,0,0,95,,,,,,,,pick up the ketchup and place it in the basket,pick up the ketchup and place it in the basket view 0 0 100 0 0 initstate 95,pick_up_the_ketchup_and_place_it_in_the_basket_view_0_0_100_0_0_initstate_95
410,Robot Initial States,1,4,pick_up_the_ketchup_and_place_it_in_the_basket,0,0,100,0,0,115,,,,,,,,pick up the ketchup and place it in the basket,pick up the ketchup and place it in the basket view 0 0 100 0 0 initstate 115,pick_up_the_ketchup_and_place_it_in_the_basket_view_0_0_100_0_0_initstate_115
411,Robot Initial States,2,3,pick_up_the_ketchup_and_place_it_in_the_basket,0,0,100,0,0,135,,,,,,,,pick up the ketchup and place it in the basket,pick up the ketchup and place it in the basket view 0 0 100 0 0 initstate 135,pick_up_the_ketchup_and_place_it_in_the_basket_view_0_0_100_0_0_initstate_135
412,Robot Initial States,2,3,pick_up_the_ketchup_and_place_it_in_the_basket,0,0,100,0,0,145,,,,,,,,pick up the ketchup and place it in the basket,pick up the ketchup and place it in the basket view 0 0 100 0 0 initstate 145,pick_up_the_ketchup_and_place_it_in_the_basket_view_0_0_100_0_0_initstate_145
413,Robot Initial States,2,3,pick_up_the_ketchup_and_place_it_in_the_basket,0,0,100,0,0,155,,,,,,,,pick up the ketchup and place it in the basket,pick up the ketchup and place it in the basket view 0 0 100 0 0 initstate 155,pick_up_the_ketchup_and_place_it_in_the_basket_view_0_0_100_0_0_initstate_155
414,Robot Initial States,1,4,pick_up_the_ketchup_and_place_it_in_the_basket,0,0,100,0,0,175,,,,,,,,pick up the ketchup and place it in the basket,pick up the ketchup and place it in the basket view 0 0 100 0 0 initstate 175,pick_up_the_ketchup_and_place_it_in_the_basket_view_0_0_100_0_0_initstate_175
415,Robot Initial States,5,0,pick_up_the_ketchup_and_place_it_in_the_basket,0,0,100,0,0,185,,,,,,,,pick up the ketchup and place it in the basket,pick up the ketchup and place it in the basket view 0 0 100 0 0 initstate 185,pick_up_the_ketchup_and_place_it_in_the_basket_view_0_0_100_0_0_initstate_185
416,Robot Initial States,5,0,pick_up_the_ketchup_and_place_it_in_the_basket,0,0,100,0,0,205,,,,,,,,pick up the ketchup and place it in the basket,pick up the ketchup and place it in the basket view 0 0 100 0 0 initstate 205,pick_up_the_ketchup_and_place_it_in_the_basket_view_0_0_100_0_0_initstate_205
417,Robot Initial States,3,2,pick_up_the_ketchup_and_place_it_in_the_basket,0,0,100,0,0,225,,,,,,,,pick up the ketchup and place it in the basket,pick up the ketchup and place it in the basket view 0 0 100 0 0 initstate 225,pick_up_the_ketchup_and_place_it_in_the_basket_view_0_0_100_0_0_initstate_225
418,Robot Initial States,4,1,pick_up_the_ketchup_and_place_it_in_the_basket,0,0,100,0,0,235,,,,,,,,pick up the ketchup and place it in the basket,pick up the ketchup and place it in the basket view 0 0 100 0 0 initstate 235,pick_up_the_ketchup_and_place_it_in_the_basket_view_0_0_100_0_0_initstate_235
419,Robot Initial States,5,0,pick_up_the_ketchup_and_place_it_in_the_basket,0,0,100,0,0,245,,,,,,,,pick up the ketchup and place it in the basket,pick up the ketchup and place it in the basket view 0 0 100 0 0 initstate 245,pick_up_the_ketchup_and_place_it_in_the_basket_view_0_0_100_0_0_initstate_245
420,Robot Initial States,3,2,pick_up_the_ketchup_and_place_it_in_the_basket,0,0,100,0,0,255,,,,,,,,pick up the ketchup and place it in the basket,pick up the ketchup and place it in the basket view 0 0 100 0 0 initstate 255,pick_up_the_ketchup_and_place_it_in_the_basket_view_0_0_100_0_0_initstate_255
421,Robot Initial States,5,0,pick_up_the_ketchup_and_place_it_in_the_basket,0,0,100,0,0,265,,,,,,,,pick up the ketchup and place it in the basket,pick up the ketchup and place it in the basket view 0 0 100 0 0 initstate 265,pick_up_the_ketchup_and_place_it_in_the_basket_view_0_0_100_0_0_initstate_265
422,Robot Initial States,2,3,pick_up_the_ketchup_and_place_it_in_the_basket,0,0,100,0,0,275,,,,,,,,pick up the ketchup and place it in the basket,pick up the ketchup and place it in the basket view 0 0 100 0 0 initstate 275,pick_up_the_ketchup_and_place_it_in_the_basket_view_0_0_100_0_0_initstate_275
423,Robot Initial States,4,1,pick_up_the_ketchup_and_place_it_in_the_basket,0,0,100,0,0,285,,,,,,,,pick up the ketchup and place it in the basket,pick up the ketchup and place it in the basket view 0 0 100 0 0 initstate 285,pick_up_the_ketchup_and_place_it_in_the_basket_view_0_0_100_0_0_initstate_285
424,Robot Initial States,3,2,pick_up_the_ketchup_and_place_it_in_the_basket,0,0,100,0,0,295,,,,,,,,pick up the ketchup and place it in the basket,pick up the ketchup and place it in the basket view 0 0 100 0 0 initstate 295,pick_up_the_ketchup_and_place_it_in_the_basket_view_0_0_100_0_0_initstate_295
425,Robot Initial States,4,1,pick_up_the_ketchup_and_place_it_in_the_basket,0,0,100,0,0,305,,,,,,,,pick up the ketchup and place it in the basket,pick up the ketchup and place it in the basket view 0 0 100 0 0 initstate 305,pick_up_the_ketchup_and_place_it_in_the_basket_view_0_0_100_0_0_initstate_305
426,Robot Initial States,5,0,pick_up_the_ketchup_and_place_it_in_the_basket,0,0,100,0,0,315,,,,,,,,pick up the ketchup and place it in the basket,pick up the ketchup and place it in the basket view 0 0 100 0 0 initstate 315,pick_up_the_ketchup_and_place_it_in_the_basket_view_0_0_100_0_0_initstate_315
427,Robot Initial States,1,4,pick_up_the_ketchup_and_place_it_in_the_basket,0,0,100,0,0,325,,,,,,,,pick up the ketchup and place it in the basket,pick up the ketchup and place it in the basket view 0 0 100 0 0 initstate 325,pick_up_the_ketchup_and_place_it_in_the_basket_view_0_0_100_0_0_initstate_325
428,Robot Initial States,4,1,pick_up_the_ketchup_and_place_it_in_the_basket,0,0,100,0,0,335,,,,,,,,pick up the ketchup and place it in the basket,pick up the ketchup and place it in the basket view 0 0 100 0 0 initstate 335,pick_up_the_ketchup_and_place_it_in_the_basket_view_0_0_100_0_0_initstate_335
429,Robot Initial States,5,0,pick_up_the_ketchup_and_place_it_in_the_basket,0,0,100,0,0,345,,,,,,,,pick up the ketchup and place it in the basket,pick up the ketchup and place it in the basket view 0 0 100 0 0 initstate 345,pick_up_the_ketchup_and_place_it_in_the_basket_view_0_0_100_0_0_initstate_345
430,Robot Initial States,5,0,pick_up_the_ketchup_and_place_it_in_the_basket,0,0,100,0,0,355,,,,,,,,pick up the ketchup and place it in the basket,pick up the ketchup and place it in the basket view 0 0 100 0 0 initstate 355,pick_up_the_ketchup_and_place_it_in_the_basket_view_0_0_100_0_0_initstate_355
431,Robot Initial States,5,0,pick_up_the_ketchup_and_place_it_in_the_basket,0,0,100,0,0,365,,,,,,,,pick up the ketchup and place it in the basket,pick up the ketchup and place it in the basket view 0 0 100 0 0 initstate 365,pick_up_the_ketchup_and_place_it_in_the_basket_view_0_0_100_0_0_initstate_365
432,Robot Initial States,5,0,pick_up_the_ketchup_and_place_it_in_the_basket,0,0,100,0,0,375,,,,,,,,pick up the ketchup and place it in the basket,pick up the ketchup and place it in the basket view 0 0 100 0 0 initstate 375,pick_up_the_ketchup_and_place_it_in_the_basket_view_0_0_100_0_0_initstate_375
433,Robot Initial States,3,2,pick_up_the_ketchup_and_place_it_in_the_basket,0,0,100,0,0,385,,,,,,,,pick up the ketchup and place it in the basket,pick up the ketchup and place it in the basket view 0 0 100 0 0 initstate 385,pick_up_the_ketchup_and_place_it_in_the_basket_view_0_0_100_0_0_initstate_385
434,Robot Initial States,5,0,pick_up_the_ketchup_and_place_it_in_the_basket,0,0,100,0,0,395,,,,,,,,pick up the ketchup and place it in the basket,pick up the ketchup and place it in the basket view 0 0 100 0 0 initstate 395,pick_up_the_ketchup_and_place_it_in_the_basket_view_0_0_100_0_0_initstate_395
435,Robot Initial States,5,0,pick_up_the_ketchup_and_place_it_in_the_basket,0,0,100,0,0,405,,,,,,,,pick up the ketchup and place it in the basket,pick up the ketchup and place it in the basket view 0 0 100 0 0 initstate 405,pick_up_the_ketchup_and_place_it_in_the_basket_view_0_0_100_0_0_initstate_405
436,Robot Initial States,3,2,pick_up_the_ketchup_and_place_it_in_the_basket,0,0,100,0,0,415,,,,,,,,pick up the ketchup and place it in the basket,pick up the ketchup and place it in the basket view 0 0 100 0 0 initstate 415,pick_up_the_ketchup_and_place_it_in_the_basket_view_0_0_100_0_0_initstate_415
437,Robot Initial States,2,3,pick_up_the_ketchup_and_place_it_in_the_basket,0,0,100,0,0,425,,,,,,,,pick up the ketchup and place it in the basket,pick up the ketchup and place it in the basket view 0 0 100 0 0 initstate 425,pick_up_the_ketchup_and_place_it_in_the_basket_view_0_0_100_0_0_initstate_425
438,Robot Initial States,2,3,pick_up_the_ketchup_and_place_it_in_the_basket,0,0,100,0,0,435,,,,,,,,pick up the ketchup and place it in the basket,pick up the ketchup and place it in the basket view 0 0 100 0 0 initstate 435,pick_up_the_ketchup_and_place_it_in_the_basket_view_0_0_100_0_0_initstate_435
439,Robot Initial States,2,3,pick_up_the_ketchup_and_place_it_in_the_basket,0,0,100,0,0,445,,,,,,,,pick up the ketchup and place it in the basket,pick up the ketchup and place it in the basket view 0 0 100 0 0 initstate 445,pick_up_the_ketchup_and_place_it_in_the_basket_view_0_0_100_0_0_initstate_445
440,Robot Initial States,4,1,pick_up_the_ketchup_and_place_it_in_the_basket,0,0,100,0,0,455,,,,,,,,pick up the ketchup and place it in the basket,pick up the ketchup and place it in the basket view 0 0 100 0 0 initstate 455,pick_up_the_ketchup_and_place_it_in_the_basket_view_0_0_100_0_0_initstate_455
441,Robot Initial States,5,0,pick_up_the_ketchup_and_place_it_in_the_basket,0,0,100,0,0,465,,,,,,,,pick up the ketchup and place it in the basket,pick up the ketchup and place it in the basket view 0 0 100 0 0 initstate 465,pick_up_the_ketchup_and_place_it_in_the_basket_view_0_0_100_0_0_initstate_465
442,Robot Initial States,5,0,pick_up_the_ketchup_and_place_it_in_the_basket,0,0,100,0,0,475,,,,,,,,pick up the ketchup and place it in the basket,pick up the ketchup and place it in the basket view 0 0 100 0 0 initstate 475,pick_up_the_ketchup_and_place_it_in_the_basket_view_0_0_100_0_0_initstate_475
443,Robot Initial States,3,2,pick_up_the_ketchup_and_place_it_in_the_basket,0,0,100,0,0,485,,,,,,,,pick up the ketchup and place it in the basket,pick up the ketchup and place it in the basket view 0 0 100 0 0 initstate 485,pick_up_the_ketchup_and_place_it_in_the_basket_view_0_0_100_0_0_initstate_485
444,Robot Initial States,5,0,pick_up_the_ketchup_and_place_it_in_the_basket,0,0,100,0,0,495,,,,,,,,pick up the ketchup and place it in the basket,pick up the ketchup and place it in the basket view 0 0 100 0 0 initstate 495,pick_up_the_ketchup_and_place_it_in_the_basket_view_0_0_100_0_0_initstate_495
445,Robot Initial States,2,3,pick_up_the_tomato_sauce_and_place_it_in_the_basket,0,0,100,0,0,6,,,,,,,,pick up the tomato sauce and place it in the basket,pick up the tomato sauce and place it in the basket view 0 0 100 0 0 initstate 6,pick_up_the_tomato_sauce_and_place_it_in_the_basket_view_0_0_100_0_0_initstate_6
446,Robot Initial States,3,2,pick_up_the_tomato_sauce_and_place_it_in_the_basket,0,0,100,0,0,16,,,,,,,,pick up the tomato sauce and place it in the basket,pick up the tomato sauce and place it in the basket view 0 0 100 0 0 initstate 16,pick_up_the_tomato_sauce_and_place_it_in_the_basket_view_0_0_100_0_0_initstate_16
447,Robot Initial States,2,3,pick_up_the_tomato_sauce_and_place_it_in_the_basket,0,0,100,0,0,106,,,,,,,,pick up the tomato sauce and place it in the basket,pick up the tomato sauce and place it in the basket view 0 0 100 0 0 initstate 106,pick_up_the_tomato_sauce_and_place_it_in_the_basket_view_0_0_100_0_0_initstate_106
448,Robot Initial States,3,2,pick_up_the_tomato_sauce_and_place_it_in_the_basket,0,0,100,0,0,126,,,,,,,,pick up the tomato sauce and place it in the basket,pick up the tomato sauce and place it in the basket view 0 0 100 0 0 initstate 126,pick_up_the_tomato_sauce_and_place_it_in_the_basket_view_0_0_100_0_0_initstate_126
449,Robot Initial States,1,4,pick_up_the_tomato_sauce_and_place_it_in_the_basket,0,0,100,0,0,136,,,,,,,,pick up the tomato sauce and place it in the basket,pick up the tomato sauce and place it in the basket view 0 0 100 0 0 initstate 136,pick_up_the_tomato_sauce_and_place_it_in_the_basket_view_0_0_100_0_0_initstate_136
450,Robot Initial States,3,2,pick_up_the_tomato_sauce_and_place_it_in_the_basket,0,0,100,0,0,146,,,,,,,,pick up the tomato sauce and place it in the basket,pick up the tomato sauce and place it in the basket view 0 0 100 0 0 initstate 146,pick_up_the_tomato_sauce_and_place_it_in_the_basket_view_0_0_100_0_0_initstate_146
451,Robot Initial States,4,1,pick_up_the_tomato_sauce_and_place_it_in_the_basket,0,0,100,0,0,156,,,,,,,,pick up the tomato sauce and place it in the basket,pick up the tomato sauce and place it in the basket view 0 0 100 0 0 initstate 156,pick_up_the_tomato_sauce_and_place_it_in_the_basket_view_0_0_100_0_0_initstate_156
452,Robot Initial States,3,2,pick_up_the_tomato_sauce_and_place_it_in_the_basket,0,0,100,0,0,176,,,,,,,,pick up the tomato sauce and place it in the basket,pick up the tomato sauce and place it in the basket view 0 0 100 0 0 initstate 176,pick_up_the_tomato_sauce_and_place_it_in_the_basket_view_0_0_100_0_0_initstate_176
453,Robot Initial States,5,0,pick_up_the_tomato_sauce_and_place_it_in_the_basket,0,0,100,0,0,186,,,,,,,,pick up the tomato sauce and place it in the basket,pick up the tomato sauce and place it in the basket view 0 0 100 0 0 initstate 186,pick_up_the_tomato_sauce_and_place_it_in_the_basket_view_0_0_100_0_0_initstate_186
454,Robot Initial States,4,1,pick_up_the_tomato_sauce_and_place_it_in_the_basket,0,0,100,0,0,196,,,,,,,,pick up the tomato sauce and place it in the basket,pick up the tomato sauce and place it in the basket view 0 0 100 0 0 initstate 196,pick_up_the_tomato_sauce_and_place_it_in_the_basket_view_0_0_100_0_0_initstate_196
455,Robot Initial States,3,2,pick_up_the_tomato_sauce_and_place_it_in_the_basket,0,0,100,0,0,206,,,,,,,,pick up the tomato sauce and place it in the basket,pick up the tomato sauce and place it in the basket view 0 0 100 0 0 initstate 206,pick_up_the_tomato_sauce_and_place_it_in_the_basket_view_0_0_100_0_0_initstate_206
456,Robot Initial States,5,0,pick_up_the_tomato_sauce_and_place_it_in_the_basket,0,0,100,0,0,216,,,,,,,,pick up the tomato sauce and place it in the basket,pick up the tomato sauce and place it in the basket view 0 0 100 0 0 initstate 216,pick_up_the_tomato_sauce_and_place_it_in_the_basket_view_0_0_100_0_0_initstate_216
457,Robot Initial States,1,4,pick_up_the_tomato_sauce_and_place_it_in_the_basket,0,0,100,0,0,226,,,,,,,,pick up the tomato sauce and place it in the basket,pick up the tomato sauce and place it in the basket view 0 0 100 0 0 initstate 226,pick_up_the_tomato_sauce_and_place_it_in_the_basket_view_0_0_100_0_0_initstate_226
458,Robot Initial States,4,1,pick_up_the_tomato_sauce_and_place_it_in_the_basket,0,0,100,0,0,236,,,,,,,,pick up the tomato sauce and place it in the basket,pick up the tomato sauce and place it in the basket view 0 0 100 0 0 initstate 236,pick_up_the_tomato_sauce_and_place_it_in_the_basket_view_0_0_100_0_0_initstate_236
459,Robot Initial States,1,4,pick_up_the_tomato_sauce_and_place_it_in_the_basket,0,0,100,0,0,246,,,,,,,,pick up the tomato sauce and place it in the basket,pick up the tomato sauce and place it in the basket view 0 0 100 0 0 initstate 246,pick_up_the_tomato_sauce_and_place_it_in_the_basket_view_0_0_100_0_0_initstate_246
460,Robot Initial States,4,1,pick_up_the_tomato_sauce_and_place_it_in_the_basket,0,0,100,0,0,256,,,,,,,,pick up the tomato sauce and place it in the basket,pick up the tomato sauce and place it in the basket view 0 0 100 0 0 initstate 256,pick_up_the_tomato_sauce_and_place_it_in_the_basket_view_0_0_100_0_0_initstate_256
461,Robot Initial States,5,0,pick_up_the_tomato_sauce_and_place_it_in_the_basket,0,0,100,0,0,266,,,,,,,,pick up the tomato sauce and place it in the basket,pick up the tomato sauce and place it in the basket view 0 0 100 0 0 initstate 266,pick_up_the_tomato_sauce_and_place_it_in_the_basket_view_0_0_100_0_0_initstate_266
462,Robot Initial States,3,2,pick_up_the_tomato_sauce_and_place_it_in_the_basket,0,0,100,0,0,276,,,,,,,,pick up the tomato sauce and place it in the basket,pick up the tomato sauce and place it in the basket view 0 0 100 0 0 initstate 276,pick_up_the_tomato_sauce_and_place_it_in_the_basket_view_0_0_100_0_0_initstate_276
463,Robot Initial States,3,2,pick_up_the_tomato_sauce_and_place_it_in_the_basket,0,0,100,0,0,286,,,,,,,,pick up the tomato sauce and place it in the basket,pick up the tomato sauce and place it in the basket view 0 0 100 0 0 initstate 286,pick_up_the_tomato_sauce_and_place_it_in_the_basket_view_0_0_100_0_0_initstate_286
464,Robot Initial States,3,2,pick_up_the_tomato_sauce_and_place_it_in_the_basket,0,0,100,0,0,296,,,,,,,,pick up the tomato sauce and place it in the basket,pick up the tomato sauce and place it in the basket view 0 0 100 0 0 initstate 296,pick_up_the_tomato_sauce_and_place_it_in_the_basket_view_0_0_100_0_0_initstate_296
465,Robot Initial States,5,0,pick_up_the_tomato_sauce_and_place_it_in_the_basket,0,0,100,0,0,306,,,,,,,,pick up the tomato sauce and place it in the basket,pick up the tomato sauce and place it in the basket view 0 0 100 0 0 initstate 306,pick_up_the_tomato_sauce_and_place_it_in_the_basket_view_0_0_100_0_0_initstate_306
466,Robot Initial States,5,0,pick_up_the_tomato_sauce_and_place_it_in_the_basket,0,0,100,0,0,316,,,,,,,,pick up the tomato sauce and place it in the basket,pick up the tomato sauce and place it in the basket view 0 0 100 0 0 initstate 316,pick_up_the_tomato_sauce_and_place_it_in_the_basket_view_0_0_100_0_0_initstate_316
467,Robot Initial States,5,0,pick_up_the_tomato_sauce_and_place_it_in_the_basket,0,0,100,0,0,326,,,,,,,,pick up the tomato sauce and place it in the basket,pick up the tomato sauce and place it in the basket view 0 0 100 0 0 initstate 326,pick_up_the_tomato_sauce_and_place_it_in_the_basket_view_0_0_100_0_0_initstate_326
468,Robot Initial States,1,4,pick_up_the_tomato_sauce_and_place_it_in_the_basket,0,0,100,0,0,346,,,,,,,,pick up the tomato sauce and place it in the basket,pick up the tomato sauce and place it in the basket view 0 0 100 0 0 initstate 346,pick_up_the_tomato_sauce_and_place_it_in_the_basket_view_0_0_100_0_0_initstate_346
469,Robot Initial States,3,2,pick_up_the_tomato_sauce_and_place_it_in_the_basket,0,0,100,0,0,356,,,,,,,,pick up the tomato sauce and place it in the basket,pick up the tomato sauce and place it in the basket view 0 0 100 0 0 initstate 356,pick_up_the_tomato_sauce_and_place_it_in_the_basket_view_0_0_100_0_0_initstate_356
470,Robot Initial States,3,2,pick_up_the_tomato_sauce_and_place_it_in_the_basket,0,0,100,0,0,366,,,,,,,,pick up the tomato sauce and place it in the basket,pick up the tomato sauce and place it in the basket view 0 0 100 0 0 initstate 366,pick_up_the_tomato_sauce_and_place_it_in_the_basket_view_0_0_100_0_0_initstate_366
471,Robot Initial States,5,0,pick_up_the_tomato_sauce_and_place_it_in_the_basket,0,0,100,0,0,376,,,,,,,,pick up the tomato sauce and place it in the basket,pick up the tomato sauce and place it in the basket view 0 0 100 0 0 initstate 376,pick_up_the_tomato_sauce_and_place_it_in_the_basket_view_0_0_100_0_0_initstate_376
472,Robot Initial States,3,2,pick_up_the_tomato_sauce_and_place_it_in_the_basket,0,0,100,0,0,386,,,,,,,,pick up the tomato sauce and place it in the basket,pick up the tomato sauce and place it in the basket view 0 0 100 0 0 initstate 386,pick_up_the_tomato_sauce_and_place_it_in_the_basket_view_0_0_100_0_0_initstate_386
473,Robot Initial States,4,1,pick_up_the_tomato_sauce_and_place_it_in_the_basket,0,0,100,0,0,396,,,,,,,,pick up the tomato sauce and place it in the basket,pick up the tomato sauce and place it in the basket view 0 0 100 0 0 initstate 396,pick_up_the_tomato_sauce_and_place_it_in_the_basket_view_0_0_100_0_0_initstate_396
474,Robot Initial States,2,3,pick_up_the_tomato_sauce_and_place_it_in_the_basket,0,0,100,0,0,406,,,,,,,,pick up the tomato sauce and place it in the basket,pick up the tomato sauce and place it in the basket view 0 0 100 0 0 initstate 406,pick_up_the_tomato_sauce_and_place_it_in_the_basket_view_0_0_100_0_0_initstate_406
475,Robot Initial States,4,1,pick_up_the_tomato_sauce_and_place_it_in_the_basket,0,0,100,0,0,416,,,,,,,,pick up the tomato sauce and place it in the basket,pick up the tomato sauce and place it in the basket view 0 0 100 0 0 initstate 416,pick_up_the_tomato_sauce_and_place_it_in_the_basket_view_0_0_100_0_0_initstate_416
476,Robot Initial States,5,0,pick_up_the_tomato_sauce_and_place_it_in_the_basket,0,0,100,0,0,426,,,,,,,,pick up the tomato sauce and place it in the basket,pick up the tomato sauce and place it in the basket view 0 0 100 0 0 initstate 426,pick_up_the_tomato_sauce_and_place_it_in_the_basket_view_0_0_100_0_0_initstate_426
477,Robot Initial States,5,0,pick_up_the_tomato_sauce_and_place_it_in_the_basket,0,0,100,0,0,436,,,,,,,,pick up the tomato sauce and place it in the basket,pick up the tomato sauce and place it in the basket view 0 0 100 0 0 initstate 436,pick_up_the_tomato_sauce_and_place_it_in_the_basket_view_0_0_100_0_0_initstate_436
478,Robot Initial States,5,0,pick_up_the_tomato_sauce_and_place_it_in_the_basket,0,0,100,0,0,446,,,,,,,,pick up the tomato sauce and place it in the basket,pick up the tomato sauce and place it in the basket view 0 0 100 0 0 initstate 446,pick_up_the_tomato_sauce_and_place_it_in_the_basket_view_0_0_100_0_0_initstate_446
479,Robot Initial States,4,1,pick_up_the_tomato_sauce_and_place_it_in_the_basket,0,0,100,0,0,456,,,,,,,,pick up the tomato sauce and place it in the basket,pick up the tomato sauce and place it in the basket view 0 0 100 0 0 initstate 456,pick_up_the_tomato_sauce_and_place_it_in_the_basket_view_0_0_100_0_0_initstate_456
480,Robot Initial States,5,0,pick_up_the_tomato_sauce_and_place_it_in_the_basket,0,0,100,0,0,466,,,,,,,,pick up the tomato sauce and place it in the basket,pick up the tomato sauce and place it in the basket view 0 0 100 0 0 initstate 466,pick_up_the_tomato_sauce_and_place_it_in_the_basket_view_0_0_100_0_0_initstate_466
481,Robot Initial States,5,0,pick_up_the_tomato_sauce_and_place_it_in_the_basket,0,0,100,0,0,476,,,,,,,,pick up the tomato sauce and place it in the basket,pick up the tomato sauce and place it in the basket view 0 0 100 0 0 initstate 476,pick_up_the_tomato_sauce_and_place_it_in_the_basket_view_0_0_100_0_0_initstate_476
482,Robot Initial States,5,0,pick_up_the_tomato_sauce_and_place_it_in_the_basket,0,0,100,0,0,496,,,,,,,,pick up the tomato sauce and place it in the basket,pick up the tomato sauce and place it in the basket view 0 0 100 0 0 initstate 496,pick_up_the_tomato_sauce_and_place_it_in_the_basket_view_0_0_100_0_0_initstate_496
483,Robot Initial States,1,4,pick_up_the_butter_and_place_it_in_the_basket,0,0,100,0,0,17,,,,,,,,pick up the butter and place it in the basket,pick up the butter and place it in the basket view 0 0 100 0 0 initstate 17,pick_up_the_butter_and_place_it_in_the_basket_view_0_0_100_0_0_initstate_17
484,Robot Initial States,1,4,pick_up_the_butter_and_place_it_in_the_basket,0,0,100,0,0,47,,,,,,,,pick up the butter and place it in the basket,pick up the butter and place it in the basket view 0 0 100 0 0 initstate 47,pick_up_the_butter_and_place_it_in_the_basket_view_0_0_100_0_0_initstate_47
485,Robot Initial States,1,4,pick_up_the_butter_and_place_it_in_the_basket,0,0,100,0,0,67,,,,,,,,pick up the butter and place it in the basket,pick up the butter and place it in the basket view 0 0 100 0 0 initstate 67,pick_up_the_butter_and_place_it_in_the_basket_view_0_0_100_0_0_initstate_67
486,Robot Initial States,1,4,pick_up_the_butter_and_place_it_in_the_basket,0,0,100,0,0,77,,,,,,,,pick up the butter and place it in the basket,pick up the butter and place it in the basket view 0 0 100 0 0 initstate 77,pick_up_the_butter_and_place_it_in_the_basket_view_0_0_100_0_0_initstate_77
487,Robot Initial States,3,2,pick_up_the_butter_and_place_it_in_the_basket,0,0,100,0,0,107,,,,,,,,pick up the butter and place it in the basket,pick up the butter and place it in the basket view 0 0 100 0 0 initstate 107,pick_up_the_butter_and_place_it_in_the_basket_view_0_0_100_0_0_initstate_107
488,Robot Initial States,1,4,pick_up_the_butter_and_place_it_in_the_basket,0,0,100,0,0,117,,,,,,,,pick up the butter and place it in the basket,pick up the butter and place it in the basket view 0 0 100 0 0 initstate 117,pick_up_the_butter_and_place_it_in_the_basket_view_0_0_100_0_0_initstate_117
489,Robot Initial States,2,3,pick_up_the_butter_and_place_it_in_the_basket,0,0,100,0,0,127,,,,,,,,pick up the butter and place it in the basket,pick up the butter and place it in the basket view 0 0 100 0 0 initstate 127,pick_up_the_butter_and_place_it_in_the_basket_view_0_0_100_0_0_initstate_127
490,Robot Initial States,1,4,pick_up_the_butter_and_place_it_in_the_basket,0,0,100,0,0,137,,,,,,,,pick up the butter and place it in the basket,pick up the butter and place it in the basket view 0 0 100 0 0 initstate 137,pick_up_the_butter_and_place_it_in_the_basket_view_0_0_100_0_0_initstate_137
491,Robot Initial States,2,3,pick_up_the_butter_and_place_it_in_the_basket,0,0,100,0,0,147,,,,,,,,pick up the butter and place it in the basket,pick up the butter and place it in the basket view 0 0 100 0 0 initstate 147,pick_up_the_butter_and_place_it_in_the_basket_view_0_0_100_0_0_initstate_147
492,Robot Initial States,2,3,pick_up_the_butter_and_place_it_in_the_basket,0,0,100,0,0,157,,,,,,,,pick up the butter and place it in the basket,pick up the butter and place it in the basket view 0 0 100 0 0 initstate 157,pick_up_the_butter_and_place_it_in_the_basket_view_0_0_100_0_0_initstate_157
493,Robot Initial States,4,1,pick_up_the_butter_and_place_it_in_the_basket,0,0,100,0,0,167,,,,,,,,pick up the butter and place it in the basket,pick up the butter and place it in the basket view 0 0 100 0 0 initstate 167,pick_up_the_butter_and_place_it_in_the_basket_view_0_0_100_0_0_initstate_167
494,Robot Initial States,2,3,pick_up_the_butter_and_place_it_in_the_basket,0,0,100,0,0,177,,,,,,,,pick up the butter and place it in the basket,pick up the butter and place it in the basket view 0 0 100 0 0 initstate 177,pick_up_the_butter_and_place_it_in_the_basket_view_0_0_100_0_0_initstate_177
495,Robot Initial States,3,2,pick_up_the_butter_and_place_it_in_the_basket,0,0,100,0,0,197,,,,,,,,pick up the butter and place it in the basket,pick up the butter and place it in the basket view 0 0 100 0 0 initstate 197,pick_up_the_butter_and_place_it_in_the_basket_view_0_0_100_0_0_initstate_197
496,Robot Initial States,4,1,pick_up_the_butter_and_place_it_in_the_basket,0,0,100,0,0,207,,,,,,,,pick up the butter and place it in the basket,pick up the butter and place it in the basket view 0 0 100 0 0 initstate 207,pick_up_the_butter_and_place_it_in_the_basket_view_0_0_100_0_0_initstate_207
497,Robot Initial States,4,1,pick_up_the_butter_and_place_it_in_the_basket,0,0,100,0,0,217,,,,,,,,pick up the butter and place it in the basket,pick up the butter and place it in the basket view 0 0 100 0 0 initstate 217,pick_up_the_butter_and_place_it_in_the_basket_view_0_0_100_0_0_initstate_217
498,Robot Initial States,3,2,pick_up_the_butter_and_place_it_in_the_basket,0,0,100,0,0,237,,,,,,,,pick up the butter and place it in the basket,pick up the butter and place it in the basket view 0 0 100 0 0 initstate 237,pick_up_the_butter_and_place_it_in_the_basket_view_0_0_100_0_0_initstate_237
499,Robot Initial States,3,2,pick_up_the_butter_and_place_it_in_the_basket,0,0,100,0,0,247,,,,,,,,pick up the butter and place it in the basket,pick up the butter and place it in the basket view 0 0 100 0 0 initstate 247,pick_up_the_butter_and_place_it_in_the_basket_view_0_0_100_0_0_initstate_247
500,Robot Initial States,5,0,pick_up_the_butter_and_place_it_in_the_basket,0,0,100,0,0,257,,,,,,,,pick up the butter and place it in the basket,pick up the butter and place it in the basket view 0 0 100 0 0 initstate 257,pick_up_the_butter_and_place_it_in_the_basket_view_0_0_100_0_0_initstate_257
501,Robot Initial States,3,2,pick_up_the_butter_and_place_it_in_the_basket,0,0,100,0,0,267,,,,,,,,pick up the butter and place it in the basket,pick up the butter and place it in the basket view 0 0 100 0 0 initstate 267,pick_up_the_butter_and_place_it_in_the_basket_view_0_0_100_0_0_initstate_267
502,Robot Initial States,1,4,pick_up_the_butter_and_place_it_in_the_basket,0,0,100,0,0,277,,,,,,,,pick up the butter and place it in the basket,pick up the butter and place it in the basket view 0 0 100 0 0 initstate 277,pick_up_the_butter_and_place_it_in_the_basket_view_0_0_100_0_0_initstate_277
503,Robot Initial States,1,4,pick_up_the_butter_and_place_it_in_the_basket,0,0,100,0,0,287,,,,,,,,pick up the butter and place it in the basket,pick up the butter and place it in the basket view 0 0 100 0 0 initstate 287,pick_up_the_butter_and_place_it_in_the_basket_view_0_0_100_0_0_initstate_287
504,Robot Initial States,2,3,pick_up_the_butter_and_place_it_in_the_basket,0,0,100,0,0,297,,,,,,,,pick up the butter and place it in the basket,pick up the butter and place it in the basket view 0 0 100 0 0 initstate 297,pick_up_the_butter_and_place_it_in_the_basket_view_0_0_100_0_0_initstate_297
505,Robot Initial States,3,2,pick_up_the_butter_and_place_it_in_the_basket,0,0,100,0,0,307,,,,,,,,pick up the butter and place it in the basket,pick up the butter and place it in the basket view 0 0 100 0 0 initstate 307,pick_up_the_butter_and_place_it_in_the_basket_view_0_0_100_0_0_initstate_307
506,Robot Initial States,2,3,pick_up_the_butter_and_place_it_in_the_basket,0,0,100,0,0,317,,,,,,,,pick up the butter and place it in the basket,pick up the butter and place it in the basket view 0 0 100 0 0 initstate 317,pick_up_the_butter_and_place_it_in_the_basket_view_0_0_100_0_0_initstate_317
507,Robot Initial States,4,1,pick_up_the_butter_and_place_it_in_the_basket,0,0,100,0,0,327,,,,,,,,pick up the butter and place it in the basket,pick up the butter and place it in the basket view 0 0 100 0 0 initstate 327,pick_up_the_butter_and_place_it_in_the_basket_view_0_0_100_0_0_initstate_327
508,Robot Initial States,5,0,pick_up_the_butter_and_place_it_in_the_basket,0,0,100,0,0,337,,,,,,,,pick up the butter and place it in the basket,pick up the butter and place it in the basket view 0 0 100 0 0 initstate 337,pick_up_the_butter_and_place_it_in_the_basket_view_0_0_100_0_0_initstate_337
509,Robot Initial States,2,3,pick_up_the_butter_and_place_it_in_the_basket,0,0,100,0,0,347,,,,,,,,pick up the butter and place it in the basket,pick up the butter and place it in the basket view 0 0 100 0 0 initstate 347,pick_up_the_butter_and_place_it_in_the_basket_view_0_0_100_0_0_initstate_347
510,Robot Initial States,2,3,pick_up_the_butter_and_place_it_in_the_basket,0,0,100,0,0,357,,,,,,,,pick up the butter and place it in the basket,pick up the butter and place it in the basket view 0 0 100 0 0 initstate 357,pick_up_the_butter_and_place_it_in_the_basket_view_0_0_100_0_0_initstate_357
511,Robot Initial States,1,4,pick_up_the_butter_and_place_it_in_the_basket,0,0,100,0,0,367,,,,,,,,pick up the butter and place it in the basket,pick up the butter and place it in the basket view 0 0 100 0 0 initstate 367,pick_up_the_butter_and_place_it_in_the_basket_view_0_0_100_0_0_initstate_367
512,Robot Initial States,4,1,pick_up_the_butter_and_place_it_in_the_basket,0,0,100,0,0,377,,,,,,,,pick up the butter and place it in the basket,pick up the butter and place it in the basket view 0 0 100 0 0 initstate 377,pick_up_the_butter_and_place_it_in_the_basket_view_0_0_100_0_0_initstate_377
513,Robot Initial States,2,3,pick_up_the_butter_and_place_it_in_the_basket,0,0,100,0,0,387,,,,,,,,pick up the butter and place it in the basket,pick up the butter and place it in the basket view 0 0 100 0 0 initstate 387,pick_up_the_butter_and_place_it_in_the_basket_view_0_0_100_0_0_initstate_387
514,Robot Initial States,4,1,pick_up_the_butter_and_place_it_in_the_basket,0,0,100,0,0,397,,,,,,,,pick up the butter and place it in the basket,pick up the butter and place it in the basket view 0 0 100 0 0 initstate 397,pick_up_the_butter_and_place_it_in_the_basket_view_0_0_100_0_0_initstate_397
515,Robot Initial States,4,1,pick_up_the_butter_and_place_it_in_the_basket,0,0,100,0,0,407,,,,,,,,pick up the butter and place it in the basket,pick up the butter and place it in the basket view 0 0 100 0 0 initstate 407,pick_up_the_butter_and_place_it_in_the_basket_view_0_0_100_0_0_initstate_407
516,Robot Initial States,4,1,pick_up_the_butter_and_place_it_in_the_basket,0,0,100,0,0,417,,,,,,,,pick up the butter and place it in the basket,pick up the butter and place it in the basket view 0 0 100 0 0 initstate 417,pick_up_the_butter_and_place_it_in_the_basket_view_0_0_100_0_0_initstate_417
517,Robot Initial States,5,0,pick_up_the_butter_and_place_it_in_the_basket,0,0,100,0,0,427,,,,,,,,pick up the butter and place it in the basket,pick up the butter and place it in the basket view 0 0 100 0 0 initstate 427,pick_up_the_butter_and_place_it_in_the_basket_view_0_0_100_0_0_initstate_427
518,Robot Initial States,4,1,pick_up_the_butter_and_place_it_in_the_basket,0,0,100,0,0,437,,,,,,,,pick up the butter and place it in the basket,pick up the butter and place it in the basket view 0 0 100 0 0 initstate 437,pick_up_the_butter_and_place_it_in_the_basket_view_0_0_100_0_0_initstate_437
519,Robot Initial States,5,0,pick_up_the_butter_and_place_it_in_the_basket,0,0,100,0,0,447,,,,,,,,pick up the butter and place it in the basket,pick up the butter and place it in the basket view 0 0 100 0 0 initstate 447,pick_up_the_butter_and_place_it_in_the_basket_view_0_0_100_0_0_initstate_447
520,Robot Initial States,5,0,pick_up_the_butter_and_place_it_in_the_basket,0,0,100,0,0,457,,,,,,,,pick up the butter and place it in the basket,pick up the butter and place it in the basket view 0 0 100 0 0 initstate 457,pick_up_the_butter_and_place_it_in_the_basket_view_0_0_100_0_0_initstate_457
521,Robot Initial States,1,4,pick_up_the_butter_and_place_it_in_the_basket,0,0,100,0,0,467,,,,,,,,pick up the butter and place it in the basket,pick up the butter and place it in the basket view 0 0 100 0 0 initstate 467,pick_up_the_butter_and_place_it_in_the_basket_view_0_0_100_0_0_initstate_467
522,Robot Initial States,5,0,pick_up_the_butter_and_place_it_in_the_basket,0,0,100,0,0,477,,,,,,,,pick up the butter and place it in the basket,pick up the butter and place it in the basket view 0 0 100 0 0 initstate 477,pick_up_the_butter_and_place_it_in_the_basket_view_0_0_100_0_0_initstate_477
523,Robot Initial States,5,0,pick_up_the_butter_and_place_it_in_the_basket,0,0,100,0,0,487,,,,,,,,pick up the butter and place it in the basket,pick up the butter and place it in the basket view 0 0 100 0 0 initstate 487,pick_up_the_butter_and_place_it_in_the_basket_view_0_0_100_0_0_initstate_487
524,Robot Initial States,4,1,pick_up_the_butter_and_place_it_in_the_basket,0,0,100,0,0,497,,,,,,,,pick up the butter and place it in the basket,pick up the butter and place it in the basket view 0 0 100 0 0 initstate 497,pick_up_the_butter_and_place_it_in_the_basket_view_0_0_100_0_0_initstate_497
525,Robot Initial States,1,4,pick_up_the_milk_and_place_it_in_the_basket,0,0,100,0,0,78,,,,,,,,pick up the milk and place it in the basket,pick up the milk and place it in the basket view 0 0 100 0 0 initstate 78,pick_up_the_milk_and_place_it_in_the_basket_view_0_0_100_0_0_initstate_78
526,Robot Initial States,2,3,pick_up_the_milk_and_place_it_in_the_basket,0,0,100,0,0,88,,,,,,,,pick up the milk and place it in the basket,pick up the milk and place it in the basket view 0 0 100 0 0 initstate 88,pick_up_the_milk_and_place_it_in_the_basket_view_0_0_100_0_0_initstate_88
527,Robot Initial States,2,3,pick_up_the_milk_and_place_it_in_the_basket,0,0,100,0,0,108,,,,,,,,pick up the milk and place it in the basket,pick up the milk and place it in the basket view 0 0 100 0 0 initstate 108,pick_up_the_milk_and_place_it_in_the_basket_view_0_0_100_0_0_initstate_108
528,Robot Initial States,3,2,pick_up_the_milk_and_place_it_in_the_basket,0,0,100,0,0,118,,,,,,,,pick up the milk and place it in the basket,pick up the milk and place it in the basket view 0 0 100 0 0 initstate 118,pick_up_the_milk_and_place_it_in_the_basket_view_0_0_100_0_0_initstate_118
529,Robot Initial States,3,2,pick_up_the_milk_and_place_it_in_the_basket,0,0,100,0,0,128,,,,,,,,pick up the milk and place it in the basket,pick up the milk and place it in the basket view 0 0 100 0 0 initstate 128,pick_up_the_milk_and_place_it_in_the_basket_view_0_0_100_0_0_initstate_128
530,Robot Initial States,2,3,pick_up_the_milk_and_place_it_in_the_basket,0,0,100,0,0,148,,,,,,,,pick up the milk and place it in the basket,pick up the milk and place it in the basket view 0 0 100 0 0 initstate 148,pick_up_the_milk_and_place_it_in_the_basket_view_0_0_100_0_0_initstate_148
531,Robot Initial States,1,4,pick_up_the_milk_and_place_it_in_the_basket,0,0,100,0,0,158,,,,,,,,pick up the milk and place it in the basket,pick up the milk and place it in the basket view 0 0 100 0 0 initstate 158,pick_up_the_milk_and_place_it_in_the_basket_view_0_0_100_0_0_initstate_158
532,Robot Initial States,2,3,pick_up_the_milk_and_place_it_in_the_basket,0,0,100,0,0,168,,,,,,,,pick up the milk and place it in the basket,pick up the milk and place it in the basket view 0 0 100 0 0 initstate 168,pick_up_the_milk_and_place_it_in_the_basket_view_0_0_100_0_0_initstate_168
533,Robot Initial States,2,3,pick_up_the_milk_and_place_it_in_the_basket,0,0,100,0,0,178,,,,,,,,pick up the milk and place it in the basket,pick up the milk and place it in the basket view 0 0 100 0 0 initstate 178,pick_up_the_milk_and_place_it_in_the_basket_view_0_0_100_0_0_initstate_178
534,Robot Initial States,4,1,pick_up_the_milk_and_place_it_in_the_basket,0,0,100,0,0,188,,,,,,,,pick up the milk and place it in the basket,pick up the milk and place it in the basket view 0 0 100 0 0 initstate 188,pick_up_the_milk_and_place_it_in_the_basket_view_0_0_100_0_0_initstate_188
535,Robot Initial States,4,1,pick_up_the_milk_and_place_it_in_the_basket,0,0,100,0,0,198,,,,,,,,pick up the milk and place it in the basket,pick up the milk and place it in the basket view 0 0 100 0 0 initstate 198,pick_up_the_milk_and_place_it_in_the_basket_view_0_0_100_0_0_initstate_198
536,Robot Initial States,3,2,pick_up_the_milk_and_place_it_in_the_basket,0,0,100,0,0,208,,,,,,,,pick up the milk and place it in the basket,pick up the milk and place it in the basket view 0 0 100 0 0 initstate 208,pick_up_the_milk_and_place_it_in_the_basket_view_0_0_100_0_0_initstate_208
537,Robot Initial States,1,4,pick_up_the_milk_and_place_it_in_the_basket,0,0,100,0,0,228,,,,,,,,pick up the milk and place it in the basket,pick up the milk and place it in the basket view 0 0 100 0 0 initstate 228,pick_up_the_milk_and_place_it_in_the_basket_view_0_0_100_0_0_initstate_228
538,Robot Initial States,3,2,pick_up_the_milk_and_place_it_in_the_basket,0,0,100,0,0,238,,,,,,,,pick up the milk and place it in the basket,pick up the milk and place it in the basket view 0 0 100 0 0 initstate 238,pick_up_the_milk_and_place_it_in_the_basket_view_0_0_100_0_0_initstate_238
539,Robot Initial States,3,2,pick_up_the_milk_and_place_it_in_the_basket,0,0,100,0,0,248,,,,,,,,pick up the milk and place it in the basket,pick up the milk and place it in the basket view 0 0 100 0 0 initstate 248,pick_up_the_milk_and_place_it_in_the_basket_view_0_0_100_0_0_initstate_248
540,Robot Initial States,5,0,pick_up_the_milk_and_place_it_in_the_basket,0,0,100,0,0,258,,,,,,,,pick up the milk and place it in the basket,pick up the milk and place it in the basket view 0 0 100 0 0 initstate 258,pick_up_the_milk_and_place_it_in_the_basket_view_0_0_100_0_0_initstate_258
541,Robot Initial States,4,1,pick_up_the_milk_and_place_it_in_the_basket,0,0,100,0,0,268,,,,,,,,pick up the milk and place it in the basket,pick up the milk and place it in the basket view 0 0 100 0 0 initstate 268,pick_up_the_milk_and_place_it_in_the_basket_view_0_0_100_0_0_initstate_268
542,Robot Initial States,4,1,pick_up_the_milk_and_place_it_in_the_basket,0,0,100,0,0,278,,,,,,,,pick up the milk and place it in the basket,pick up the milk and place it in the basket view 0 0 100 0 0 initstate 278,pick_up_the_milk_and_place_it_in_the_basket_view_0_0_100_0_0_initstate_278
543,Robot Initial States,3,2,pick_up_the_milk_and_place_it_in_the_basket,0,0,100,0,0,288,,,,,,,,pick up the milk and place it in the basket,pick up the milk and place it in the basket view 0 0 100 0 0 initstate 288,pick_up_the_milk_and_place_it_in_the_basket_view_0_0_100_0_0_initstate_288
544,Robot Initial States,4,1,pick_up_the_milk_and_place_it_in_the_basket,0,0,100,0,0,298,,,,,,,,pick up the milk and place it in the basket,pick up the milk and place it in the basket view 0 0 100 0 0 initstate 298,pick_up_the_milk_and_place_it_in_the_basket_view_0_0_100_0_0_initstate_298
545,Robot Initial States,2,3,pick_up_the_milk_and_place_it_in_the_basket,0,0,100,0,0,308,,,,,,,,pick up the milk and place it in the basket,pick up the milk and place it in the basket view 0 0 100 0 0 initstate 308,pick_up_the_milk_and_place_it_in_the_basket_view_0_0_100_0_0_initstate_308
546,Robot Initial States,2,3,pick_up_the_milk_and_place_it_in_the_basket,0,0,100,0,0,318,,,,,,,,pick up the milk and place it in the basket,pick up the milk and place it in the basket view 0 0 100 0 0 initstate 318,pick_up_the_milk_and_place_it_in_the_basket_view_0_0_100_0_0_initstate_318
547,Robot Initial States,4,1,pick_up_the_milk_and_place_it_in_the_basket,0,0,100,0,0,328,,,,,,,,pick up the milk and place it in the basket,pick up the milk and place it in the basket view 0 0 100 0 0 initstate 328,pick_up_the_milk_and_place_it_in_the_basket_view_0_0_100_0_0_initstate_328
548,Robot Initial States,4,1,pick_up_the_milk_and_place_it_in_the_basket,0,0,100,0,0,338,,,,,,,,pick up the milk and place it in the basket,pick up the milk and place it in the basket view 0 0 100 0 0 initstate 338,pick_up_the_milk_and_place_it_in_the_basket_view_0_0_100_0_0_initstate_338
549,Robot Initial States,2,3,pick_up_the_milk_and_place_it_in_the_basket,0,0,100,0,0,348,,,,,,,,pick up the milk and place it in the basket,pick up the milk and place it in the basket view 0 0 100 0 0 initstate 348,pick_up_the_milk_and_place_it_in_the_basket_view_0_0_100_0_0_initstate_348
550,Robot Initial States,5,0,pick_up_the_milk_and_place_it_in_the_basket,0,0,100,0,0,358,,,,,,,,pick up the milk and place it in the basket,pick up the milk and place it in the basket view 0 0 100 0 0 initstate 358,pick_up_the_milk_and_place_it_in_the_basket_view_0_0_100_0_0_initstate_358
551,Robot Initial States,5,0,pick_up_the_milk_and_place_it_in_the_basket,0,0,100,0,0,368,,,,,,,,pick up the milk and place it in the basket,pick up the milk and place it in the basket view 0 0 100 0 0 initstate 368,pick_up_the_milk_and_place_it_in_the_basket_view_0_0_100_0_0_initstate_368
552,Robot Initial States,5,0,pick_up_the_milk_and_place_it_in_the_basket,0,0,100,0,0,378,,,,,,,,pick up the milk and place it in the basket,pick up the milk and place it in the basket view 0 0 100 0 0 initstate 378,pick_up_the_milk_and_place_it_in_the_basket_view_0_0_100_0_0_initstate_378
553,Robot Initial States,5,0,pick_up_the_milk_and_place_it_in_the_basket,0,0,100,0,0,388,,,,,,,,pick up the milk and place it in the basket,pick up the milk and place it in the basket view 0 0 100 0 0 initstate 388,pick_up_the_milk_and_place_it_in_the_basket_view_0_0_100_0_0_initstate_388
554,Robot Initial States,5,0,pick_up_the_milk_and_place_it_in_the_basket,0,0,100,0,0,398,,,,,,,,pick up the milk and place it in the basket,pick up the milk and place it in the basket view 0 0 100 0 0 initstate 398,pick_up_the_milk_and_place_it_in_the_basket_view_0_0_100_0_0_initstate_398
555,Robot Initial States,2,3,pick_up_the_milk_and_place_it_in_the_basket,0,0,100,0,0,408,,,,,,,,pick up the milk and place it in the basket,pick up the milk and place it in the basket view 0 0 100 0 0 initstate 408,pick_up_the_milk_and_place_it_in_the_basket_view_0_0_100_0_0_initstate_408
556,Robot Initial States,4,1,pick_up_the_milk_and_place_it_in_the_basket,0,0,100,0,0,418,,,,,,,,pick up the milk and place it in the basket,pick up the milk and place it in the basket view 0 0 100 0 0 initstate 418,pick_up_the_milk_and_place_it_in_the_basket_view_0_0_100_0_0_initstate_418
557,Robot Initial States,5,0,pick_up_the_milk_and_place_it_in_the_basket,0,0,100,0,0,428,,,,,,,,pick up the milk and place it in the basket,pick up the milk and place it in the basket view 0 0 100 0 0 initstate 428,pick_up_the_milk_and_place_it_in_the_basket_view_0_0_100_0_0_initstate_428
558,Robot Initial States,5,0,pick_up_the_milk_and_place_it_in_the_basket,0,0,100,0,0,438,,,,,,,,pick up the milk and place it in the basket,pick up the milk and place it in the basket view 0 0 100 0 0 initstate 438,pick_up_the_milk_and_place_it_in_the_basket_view_0_0_100_0_0_initstate_438
559,Robot Initial States,5,0,pick_up_the_milk_and_place_it_in_the_basket,0,0,100,0,0,448,,,,,,,,pick up the milk and place it in the basket,pick up the milk and place it in the basket view 0 0 100 0 0 initstate 448,pick_up_the_milk_and_place_it_in_the_basket_view_0_0_100_0_0_initstate_448
560,Robot Initial States,5,0,pick_up_the_milk_and_place_it_in_the_basket,0,0,100,0,0,458,,,,,,,,pick up the milk and place it in the basket,pick up the milk and place it in the basket view 0 0 100 0 0 initstate 458,pick_up_the_milk_and_place_it_in_the_basket_view_0_0_100_0_0_initstate_458
561,Robot Initial States,5,0,pick_up_the_milk_and_place_it_in_the_basket,0,0,100,0,0,468,,,,,,,,pick up the milk and place it in the basket,pick up the milk and place it in the basket view 0 0 100 0 0 initstate 468,pick_up_the_milk_and_place_it_in_the_basket_view_0_0_100_0_0_initstate_468
562,Robot Initial States,5,0,pick_up_the_milk_and_place_it_in_the_basket,0,0,100,0,0,478,,,,,,,,pick up the milk and place it in the basket,pick up the milk and place it in the basket view 0 0 100 0 0 initstate 478,pick_up_the_milk_and_place_it_in_the_basket_view_0_0_100_0_0_initstate_478
563,Robot Initial States,4,1,pick_up_the_milk_and_place_it_in_the_basket,0,0,100,0,0,488,,,,,,,,pick up the milk and place it in the basket,pick up the milk and place it in the basket view 0 0 100 0 0 initstate 488,pick_up_the_milk_and_place_it_in_the_basket_view_0_0_100_0_0_initstate_488
564,Robot Initial States,2,3,pick_up_the_milk_and_place_it_in_the_basket,0,0,100,0,0,498,,,,,,,,pick up the milk and place it in the basket,pick up the milk and place it in the basket view 0 0 100 0 0 initstate 498,pick_up_the_milk_and_place_it_in_the_basket_view_0_0_100_0_0_initstate_498
565,Robot Initial States,1,4,pick_up_the_chocolate_pudding_and_place_it_in_the_basket,0,0,100,0,0,99,,,,,,,,pick up the chocolate pudding and place it in the basket,pick up the chocolate pudding and place it in the basket view 0 0 100 0 0 initstate 99,pick_up_the_chocolate_pudding_and_place_it_in_the_basket_view_0_0_100_0_0_initstate_99
566,Robot Initial States,2,3,pick_up_the_chocolate_pudding_and_place_it_in_the_basket,0,0,100,0,0,129,,,,,,,,pick up the chocolate pudding and place it in the basket,pick up the chocolate pudding and place it in the basket view 0 0 100 0 0 initstate 129,pick_up_the_chocolate_pudding_and_place_it_in_the_basket_view_0_0_100_0_0_initstate_129
567,Robot Initial States,4,1,pick_up_the_chocolate_pudding_and_place_it_in_the_basket,0,0,100,0,0,139,,,,,,,,pick up the chocolate pudding and place it in the basket,pick up the chocolate pudding and place it in the basket view 0 0 100 0 0 initstate 139,pick_up_the_chocolate_pudding_and_place_it_in_the_basket_view_0_0_100_0_0_initstate_139
568,Robot Initial States,2,3,pick_up_the_chocolate_pudding_and_place_it_in_the_basket,0,0,100,0,0,149,,,,,,,,pick up the chocolate pudding and place it in the basket,pick up the chocolate pudding and place it in the basket view 0 0 100 0 0 initstate 149,pick_up_the_chocolate_pudding_and_place_it_in_the_basket_view_0_0_100_0_0_initstate_149
569,Robot Initial States,3,2,pick_up_the_chocolate_pudding_and_place_it_in_the_basket,0,0,100,0,0,159,,,,,,,,pick up the chocolate pudding and place it in the basket,pick up the chocolate pudding and place it in the basket view 0 0 100 0 0 initstate 159,pick_up_the_chocolate_pudding_and_place_it_in_the_basket_view_0_0_100_0_0_initstate_159
570,Robot Initial States,1,4,pick_up_the_chocolate_pudding_and_place_it_in_the_basket,0,0,100,0,0,209,,,,,,,,pick up the chocolate pudding and place it in the basket,pick up the chocolate pudding and place it in the basket view 0 0 100 0 0 initstate 209,pick_up_the_chocolate_pudding_and_place_it_in_the_basket_view_0_0_100_0_0_initstate_209
571,Robot Initial States,4,1,pick_up_the_chocolate_pudding_and_place_it_in_the_basket,0,0,100,0,0,219,,,,,,,,pick up the chocolate pudding and place it in the basket,pick up the chocolate pudding and place it in the basket view 0 0 100 0 0 initstate 219,pick_up_the_chocolate_pudding_and_place_it_in_the_basket_view_0_0_100_0_0_initstate_219
572,Robot Initial States,3,2,pick_up_the_chocolate_pudding_and_place_it_in_the_basket,0,0,100,0,0,229,,,,,,,,pick up the chocolate pudding and place it in the basket,pick up the chocolate pudding and place it in the basket view 0 0 100 0 0 initstate 229,pick_up_the_chocolate_pudding_and_place_it_in_the_basket_view_0_0_100_0_0_initstate_229
573,Robot Initial States,1,4,pick_up_the_chocolate_pudding_and_place_it_in_the_basket,0,0,100,0,0,239,,,,,,,,pick up the chocolate pudding and place it in the basket,pick up the chocolate pudding and place it in the basket view 0 0 100 0 0 initstate 239,pick_up_the_chocolate_pudding_and_place_it_in_the_basket_view_0_0_100_0_0_initstate_239
574,Robot Initial States,3,2,pick_up_the_chocolate_pudding_and_place_it_in_the_basket,0,0,100,0,0,249,,,,,,,,pick up the chocolate pudding and place it in the basket,pick up the chocolate pudding and place it in the basket view 0 0 100 0 0 initstate 249,pick_up_the_chocolate_pudding_and_place_it_in_the_basket_view_0_0_100_0_0_initstate_249
575,Robot Initial States,1,4,pick_up_the_chocolate_pudding_and_place_it_in_the_basket,0,0,100,0,0,269,,,,,,,,pick up the chocolate pudding and place it in the basket,pick up the chocolate pudding and place it in the basket view 0 0 100 0 0 initstate 269,pick_up_the_chocolate_pudding_and_place_it_in_the_basket_view_0_0_100_0_0_initstate_269
576,Robot Initial States,4,1,pick_up_the_chocolate_pudding_and_place_it_in_the_basket,0,0,100,0,0,279,,,,,,,,pick up the chocolate pudding and place it in the basket,pick up the chocolate pudding and place it in the basket view 0 0 100 0 0 initstate 279,pick_up_the_chocolate_pudding_and_place_it_in_the_basket_view_0_0_100_0_0_initstate_279
577,Robot Initial States,2,3,pick_up_the_chocolate_pudding_and_place_it_in_the_basket,0,0,100,0,0,289,,,,,,,,pick up the chocolate pudding and place it in the basket,pick up the chocolate pudding and place it in the basket view 0 0 100 0 0 initstate 289,pick_up_the_chocolate_pudding_and_place_it_in_the_basket_view_0_0_100_0_0_initstate_289
578,Robot Initial States,3,2,pick_up_the_chocolate_pudding_and_place_it_in_the_basket,0,0,100,0,0,299,,,,,,,,pick up the chocolate pudding and place it in the basket,pick up the chocolate pudding and place it in the basket view 0 0 100 0 0 initstate 299,pick_up_the_chocolate_pudding_and_place_it_in_the_basket_view_0_0_100_0_0_initstate_299
579,Robot Initial States,3,2,pick_up_the_chocolate_pudding_and_place_it_in_the_basket,0,0,100,0,0,309,,,,,,,,pick up the chocolate pudding and place it in the basket,pick up the chocolate pudding and place it in the basket view 0 0 100 0 0 initstate 309,pick_up_the_chocolate_pudding_and_place_it_in_the_basket_view_0_0_100_0_0_initstate_309
580,Robot Initial States,4,1,pick_up_the_chocolate_pudding_and_place_it_in_the_basket,0,0,100,0,0,319,,,,,,,,pick up the chocolate pudding and place it in the basket,pick up the chocolate pudding and place it in the basket view 0 0 100 0 0 initstate 319,pick_up_the_chocolate_pudding_and_place_it_in_the_basket_view_0_0_100_0_0_initstate_319
581,Robot Initial States,5,0,pick_up_the_chocolate_pudding_and_place_it_in_the_basket,0,0,100,0,0,329,,,,,,,,pick up the chocolate pudding and place it in the basket,pick up the chocolate pudding and place it in the basket view 0 0 100 0 0 initstate 329,pick_up_the_chocolate_pudding_and_place_it_in_the_basket_view_0_0_100_0_0_initstate_329
582,Robot Initial States,2,3,pick_up_the_chocolate_pudding_and_place_it_in_the_basket,0,0,100,0,0,339,,,,,,,,pick up the chocolate pudding and place it in the basket,pick up the chocolate pudding and place it in the basket view 0 0 100 0 0 initstate 339,pick_up_the_chocolate_pudding_and_place_it_in_the_basket_view_0_0_100_0_0_initstate_339
583,Robot Initial States,3,2,pick_up_the_chocolate_pudding_and_place_it_in_the_basket,0,0,100,0,0,349,,,,,,,,pick up the chocolate pudding and place it in the basket,pick up the chocolate pudding and place it in the basket view 0 0 100 0 0 initstate 349,pick_up_the_chocolate_pudding_and_place_it_in_the_basket_view_0_0_100_0_0_initstate_349
584,Robot Initial States,3,2,pick_up_the_chocolate_pudding_and_place_it_in_the_basket,0,0,100,0,0,359,,,,,,,,pick up the chocolate pudding and place it in the basket,pick up the chocolate pudding and place it in the basket view 0 0 100 0 0 initstate 359,pick_up_the_chocolate_pudding_and_place_it_in_the_basket_view_0_0_100_0_0_initstate_359
585,Robot Initial States,3,2,pick_up_the_chocolate_pudding_and_place_it_in_the_basket,0,0,100,0,0,369,,,,,,,,pick up the chocolate pudding and place it in the basket,pick up the chocolate pudding and place it in the basket view 0 0 100 0 0 initstate 369,pick_up_the_chocolate_pudding_and_place_it_in_the_basket_view_0_0_100_0_0_initstate_369
586,Robot Initial States,5,0,pick_up_the_chocolate_pudding_and_place_it_in_the_basket,0,0,100,0,0,379,,,,,,,,pick up the chocolate pudding and place it in the basket,pick up the chocolate pudding and place it in the basket view 0 0 100 0 0 initstate 379,pick_up_the_chocolate_pudding_and_place_it_in_the_basket_view_0_0_100_0_0_initstate_379
587,Robot Initial States,5,0,pick_up_the_chocolate_pudding_and_place_it_in_the_basket,0,0,100,0,0,389,,,,,,,,pick up the chocolate pudding and place it in the basket,pick up the chocolate pudding and place it in the basket view 0 0 100 0 0 initstate 389,pick_up_the_chocolate_pudding_and_place_it_in_the_basket_view_0_0_100_0_0_initstate_389
588,Robot Initial States,3,2,pick_up_the_chocolate_pudding_and_place_it_in_the_basket,0,0,100,0,0,399,,,,,,,,pick up the chocolate pudding and place it in the basket,pick up the chocolate pudding and place it in the basket view 0 0 100 0 0 initstate 399,pick_up_the_chocolate_pudding_and_place_it_in_the_basket_view_0_0_100_0_0_initstate_399
589,Robot Initial States,5,0,pick_up_the_chocolate_pudding_and_place_it_in_the_basket,0,0,100,0,0,409,,,,,,,,pick up the chocolate pudding and place it in the basket,pick up the chocolate pudding and place it in the basket view 0 0 100 0 0 initstate 409,pick_up_the_chocolate_pudding_and_place_it_in_the_basket_view_0_0_100_0_0_initstate_409
590,Robot Initial States,3,2,pick_up_the_chocolate_pudding_and_place_it_in_the_basket,0,0,100,0,0,419,,,,,,,,pick up the chocolate pudding and place it in the basket,pick up the chocolate pudding and place it in the basket view 0 0 100 0 0 initstate 419,pick_up_the_chocolate_pudding_and_place_it_in_the_basket_view_0_0_100_0_0_initstate_419
591,Robot Initial States,5,0,pick_up_the_chocolate_pudding_and_place_it_in_the_basket,0,0,100,0,0,429,,,,,,,,pick up the chocolate pudding and place it in the basket,pick up the chocolate pudding and place it in the basket view 0 0 100 0 0 initstate 429,pick_up_the_chocolate_pudding_and_place_it_in_the_basket_view_0_0_100_0_0_initstate_429
592,Robot Initial States,4,1,pick_up_the_chocolate_pudding_and_place_it_in_the_basket,0,0,100,0,0,439,,,,,,,,pick up the chocolate pudding and place it in the basket,pick up the chocolate pudding and place it in the basket view 0 0 100 0 0 initstate 439,pick_up_the_chocolate_pudding_and_place_it_in_the_basket_view_0_0_100_0_0_initstate_439
593,Robot Initial States,4,1,pick_up_the_chocolate_pudding_and_place_it_in_the_basket,0,0,100,0,0,449,,,,,,,,pick up the chocolate pudding and place it in the basket,pick up the chocolate pudding and place it in the basket view 0 0 100 0 0 initstate 449,pick_up_the_chocolate_pudding_and_place_it_in_the_basket_view_0_0_100_0_0_initstate_449
594,Robot Initial States,4,1,pick_up_the_chocolate_pudding_and_place_it_in_the_basket,0,0,100,0,0,459,,,,,,,,pick up the chocolate pudding and place it in the basket,pick up the chocolate pudding and place it in the basket view 0 0 100 0 0 initstate 459,pick_up_the_chocolate_pudding_and_place_it_in_the_basket_view_0_0_100_0_0_initstate_459
595,Robot Initial States,3,2,pick_up_the_chocolate_pudding_and_place_it_in_the_basket,0,0,100,0,0,469,,,,,,,,pick up the chocolate pudding and place it in the basket,pick up the chocolate pudding and place it in the basket view 0 0 100 0 0 initstate 469,pick_up_the_chocolate_pudding_and_place_it_in_the_basket_view_0_0_100_0_0_initstate_469
596,Robot Initial States,4,1,pick_up_the_chocolate_pudding_and_place_it_in_the_basket,0,0,100,0,0,479,,,,,,,,pick up the chocolate pudding and place it in the basket,pick up the chocolate pudding and place it in the basket view 0 0 100 0 0 initstate 479,pick_up_the_chocolate_pudding_and_place_it_in_the_basket_view_0_0_100_0_0_initstate_479
597,Robot Initial States,3,2,pick_up_the_chocolate_pudding_and_place_it_in_the_basket,0,0,100,0,0,489,,,,,,,,pick up the chocolate pudding and place it in the basket,pick up the chocolate pudding and place it in the basket view 0 0 100 0 0 initstate 489,pick_up_the_chocolate_pudding_and_place_it_in_the_basket_view_0_0_100_0_0_initstate_489
598,Robot Initial States,5,0,pick_up_the_chocolate_pudding_and_place_it_in_the_basket,0,0,100,0,0,499,,,,,,,,pick up the chocolate pudding and place it in the basket,pick up the chocolate pudding and place it in the basket view 0 0 100 0 0 initstate 499,pick_up_the_chocolate_pudding_and_place_it_in_the_basket_view_0_0_100_0_0_initstate_499
599,Robot Initial States,1,4,pick_up_the_orange_juice_and_place_it_in_the_basket,0,0,100,0,0,30,,,,,,,,pick up the orange juice and place it in the basket,pick up the orange juice and place it in the basket view 0 0 100 0 0 initstate 30,pick_up_the_orange_juice_and_place_it_in_the_basket_view_0_0_100_0_0_initstate_30
600,Robot Initial States,2,3,pick_up_the_orange_juice_and_place_it_in_the_basket,0,0,100,0,0,40,,,,,,,,pick up the orange juice and place it in the basket,pick up the orange juice and place it in the basket view 0 0 100 0 0 initstate 40,pick_up_the_orange_juice_and_place_it_in_the_basket_view_0_0_100_0_0_initstate_40
601,Robot Initial States,4,1,pick_up_the_orange_juice_and_place_it_in_the_basket,0,0,100,0,0,50,,,,,,,,pick up the orange juice and place it in the basket,pick up the orange juice and place it in the basket view 0 0 100 0 0 initstate 50,pick_up_the_orange_juice_and_place_it_in_the_basket_view_0_0_100_0_0_initstate_50
602,Robot Initial States,1,4,pick_up_the_orange_juice_and_place_it_in_the_basket,0,0,100,0,0,60,,,,,,,,pick up the orange juice and place it in the basket,pick up the orange juice and place it in the basket view 0 0 100 0 0 initstate 60,pick_up_the_orange_juice_and_place_it_in_the_basket_view_0_0_100_0_0_initstate_60
603,Robot Initial States,1,4,pick_up_the_orange_juice_and_place_it_in_the_basket,0,0,100,0,0,70,,,,,,,,pick up the orange juice and place it in the basket,pick up the orange juice and place it in the basket view 0 0 100 0 0 initstate 70,pick_up_the_orange_juice_and_place_it_in_the_basket_view_0_0_100_0_0_initstate_70
604,Robot Initial States,2,3,pick_up_the_orange_juice_and_place_it_in_the_basket,0,0,100,0,0,80,,,,,,,,pick up the orange juice and place it in the basket,pick up the orange juice and place it in the basket view 0 0 100 0 0 initstate 80,pick_up_the_orange_juice_and_place_it_in_the_basket_view_0_0_100_0_0_initstate_80
605,Robot Initial States,2,3,pick_up_the_orange_juice_and_place_it_in_the_basket,0,0,100,0,0,90,,,,,,,,pick up the orange juice and place it in the basket,pick up the orange juice and place it in the basket view 0 0 100 0 0 initstate 90,pick_up_the_orange_juice_and_place_it_in_the_basket_view_0_0_100_0_0_initstate_90
606,Robot Initial States,3,2,pick_up_the_orange_juice_and_place_it_in_the_basket,0,0,100,0,0,100,,,,,,,,pick up the orange juice and place it in the basket,pick up the orange juice and place it in the basket view 0 0 100 0 0 initstate 100,pick_up_the_orange_juice_and_place_it_in_the_basket_view_0_0_100_0_0_initstate_100
607,Robot Initial States,5,0,pick_up_the_orange_juice_and_place_it_in_the_basket,0,0,100,0,0,110,,,,,,,,pick up the orange juice and place it in the basket,pick up the orange juice and place it in the basket view 0 0 100 0 0 initstate 110,pick_up_the_orange_juice_and_place_it_in_the_basket_view_0_0_100_0_0_initstate_110
608,Robot Initial States,3,2,pick_up_the_orange_juice_and_place_it_in_the_basket,0,0,100,0,0,120,,,,,,,,pick up the orange juice and place it in the basket,pick up the orange juice and place it in the basket view 0 0 100 0 0 initstate 120,pick_up_the_orange_juice_and_place_it_in_the_basket_view_0_0_100_0_0_initstate_120
609,Robot Initial States,2,3,pick_up_the_orange_juice_and_place_it_in_the_basket,0,0,100,0,0,130,,,,,,,,pick up the orange juice and place it in the basket,pick up the orange juice and place it in the basket view 0 0 100 0 0 initstate 130,pick_up_the_orange_juice_and_place_it_in_the_basket_view_0_0_100_0_0_initstate_130
610,Robot Initial States,4,1,pick_up_the_orange_juice_and_place_it_in_the_basket,0,0,100,0,0,140,,,,,,,,pick up the orange juice and place it in the basket,pick up the orange juice and place it in the basket view 0 0 100 0 0 initstate 140,pick_up_the_orange_juice_and_place_it_in_the_basket_view_0_0_100_0_0_initstate_140
611,Robot Initial States,2,3,pick_up_the_orange_juice_and_place_it_in_the_basket,0,0,100,0,0,150,,,,,,,,pick up the orange juice and place it in the basket,pick up the orange juice and place it in the basket view 0 0 100 0 0 initstate 150,pick_up_the_orange_juice_and_place_it_in_the_basket_view_0_0_100_0_0_initstate_150
612,Robot Initial States,2,3,pick_up_the_orange_juice_and_place_it_in_the_basket,0,0,100,0,0,160,,,,,,,,pick up the orange juice and place it in the basket,pick up the orange juice and place it in the basket view 0 0 100 0 0 initstate 160,pick_up_the_orange_juice_and_place_it_in_the_basket_view_0_0_100_0_0_initstate_160
613,Robot Initial States,1,4,pick_up_the_orange_juice_and_place_it_in_the_basket,0,0,100,0,0,170,,,,,,,,pick up the orange juice and place it in the basket,pick up the orange juice and place it in the basket view 0 0 100 0 0 initstate 170,pick_up_the_orange_juice_and_place_it_in_the_basket_view_0_0_100_0_0_initstate_170
614,Robot Initial States,1,4,pick_up_the_orange_juice_and_place_it_in_the_basket,0,0,100,0,0,180,,,,,,,,pick up the orange juice and place it in the basket,pick up the orange juice and place it in the basket view 0 0 100 0 0 initstate 180,pick_up_the_orange_juice_and_place_it_in_the_basket_view_0_0_100_0_0_initstate_180
615,Robot Initial States,5,0,pick_up_the_orange_juice_and_place_it_in_the_basket,0,0,100,0,0,190,,,,,,,,pick up the orange juice and place it in the basket,pick up the orange juice and place it in the basket view 0 0 100 0 0 initstate 190,pick_up_the_orange_juice_and_place_it_in_the_basket_view_0_0_100_0_0_initstate_190
616,Robot Initial States,3,2,pick_up_the_orange_juice_and_place_it_in_the_basket,0,0,100,0,0,200,,,,,,,,pick up the orange juice and place it in the basket,pick up the orange juice and place it in the basket view 0 0 100 0 0 initstate 200,pick_up_the_orange_juice_and_place_it_in_the_basket_view_0_0_100_0_0_initstate_200
617,Robot Initial States,3,2,pick_up_the_orange_juice_and_place_it_in_the_basket,0,0,100,0,0,210,,,,,,,,pick up the orange juice and place it in the basket,pick up the orange juice and place it in the basket view 0 0 100 0 0 initstate 210,pick_up_the_orange_juice_and_place_it_in_the_basket_view_0_0_100_0_0_initstate_210
618,Robot Initial States,1,4,pick_up_the_orange_juice_and_place_it_in_the_basket,0,0,100,0,0,220,,,,,,,,pick up the orange juice and place it in the basket,pick up the orange juice and place it in the basket view 0 0 100 0 0 initstate 220,pick_up_the_orange_juice_and_place_it_in_the_basket_view_0_0_100_0_0_initstate_220
619,Robot Initial States,4,1,pick_up_the_orange_juice_and_place_it_in_the_basket,0,0,100,0,0,230,,,,,,,,pick up the orange juice and place it in the basket,pick up the orange juice and place it in the basket view 0 0 100 0 0 initstate 230,pick_up_the_orange_juice_and_place_it_in_the_basket_view_0_0_100_0_0_initstate_230
620,Robot Initial States,2,3,pick_up_the_orange_juice_and_place_it_in_the_basket,0,0,100,0,0,240,,,,,,,,pick up the orange juice and place it in the basket,pick up the orange juice and place it in the basket view 0 0 100 0 0 initstate 240,pick_up_the_orange_juice_and_place_it_in_the_basket_view_0_0_100_0_0_initstate_240
621,Robot Initial States,3,2,pick_up_the_orange_juice_and_place_it_in_the_basket,0,0,100,0,0,250,,,,,,,,pick up the orange juice and place it in the basket,pick up the orange juice and place it in the basket view 0 0 100 0 0 initstate 250,pick_up_the_orange_juice_and_place_it_in_the_basket_view_0_0_100_0_0_initstate_250
622,Robot Initial States,3,2,pick_up_the_orange_juice_and_place_it_in_the_basket,0,0,100,0,0,260,,,,,,,,pick up the orange juice and place it in the basket,pick up the orange juice and place it in the basket view 0 0 100 0 0 initstate 260,pick_up_the_orange_juice_and_place_it_in_the_basket_view_0_0_100_0_0_initstate_260
623,Robot Initial States,5,0,pick_up_the_orange_juice_and_place_it_in_the_basket,0,0,100,0,0,270,,,,,,,,pick up the orange juice and place it in the basket,pick up the orange juice and place it in the basket view 0 0 100 0 0 initstate 270,pick_up_the_orange_juice_and_place_it_in_the_basket_view_0_0_100_0_0_initstate_270
624,Robot Initial States,3,2,pick_up_the_orange_juice_and_place_it_in_the_basket,0,0,100,0,0,280,,,,,,,,pick up the orange juice and place it in the basket,pick up the orange juice and place it in the basket view 0 0 100 0 0 initstate 280,pick_up_the_orange_juice_and_place_it_in_the_basket_view_0_0_100_0_0_initstate_280
625,Robot Initial States,3,2,pick_up_the_orange_juice_and_place_it_in_the_basket,0,0,100,0,0,290,,,,,,,,pick up the orange juice and place it in the basket,pick up the orange juice and place it in the basket view 0 0 100 0 0 initstate 290,pick_up_the_orange_juice_and_place_it_in_the_basket_view_0_0_100_0_0_initstate_290
626,Robot Initial States,4,1,pick_up_the_orange_juice_and_place_it_in_the_basket,0,0,100,0,0,300,,,,,,,,pick up the orange juice and place it in the basket,pick up the orange juice and place it in the basket view 0 0 100 0 0 initstate 300,pick_up_the_orange_juice_and_place_it_in_the_basket_view_0_0_100_0_0_initstate_300
627,Robot Initial States,5,0,pick_up_the_orange_juice_and_place_it_in_the_basket,0,0,100,0,0,310,,,,,,,,pick up the orange juice and place it in the basket,pick up the orange juice and place it in the basket view 0 0 100 0 0 initstate 310,pick_up_the_orange_juice_and_place_it_in_the_basket_view_0_0_100_0_0_initstate_310
628,Robot Initial States,4,1,pick_up_the_orange_juice_and_place_it_in_the_basket,0,0,100,0,0,320,,,,,,,,pick up the orange juice and place it in the basket,pick up the orange juice and place it in the basket view 0 0 100 0 0 initstate 320,pick_up_the_orange_juice_and_place_it_in_the_basket_view_0_0_100_0_0_initstate_320
629,Robot Initial States,2,3,pick_up_the_orange_juice_and_place_it_in_the_basket,0,0,100,0,0,330,,,,,,,,pick up the orange juice and place it in the basket,pick up the orange juice and place it in the basket view 0 0 100 0 0 initstate 330,pick_up_the_orange_juice_and_place_it_in_the_basket_view_0_0_100_0_0_initstate_330
630,Robot Initial States,5,0,pick_up_the_orange_juice_and_place_it_in_the_basket,0,0,100,0,0,340,,,,,,,,pick up the orange juice and place it in the basket,pick up the orange juice and place it in the basket view 0 0 100 0 0 initstate 340,pick_up_the_orange_juice_and_place_it_in_the_basket_view_0_0_100_0_0_initstate_340
631,Robot Initial States,5,0,pick_up_the_orange_juice_and_place_it_in_the_basket,0,0,100,0,0,350,,,,,,,,pick up the orange juice and place it in the basket,pick up the orange juice and place it in the basket view 0 0 100 0 0 initstate 350,pick_up_the_orange_juice_and_place_it_in_the_basket_view_0_0_100_0_0_initstate_350
632,Robot Initial States,5,0,pick_up_the_orange_juice_and_place_it_in_the_basket,0,0,100,0,0,360,,,,,,,,pick up the orange juice and place it in the basket,pick up the orange juice and place it in the basket view 0 0 100 0 0 initstate 360,pick_up_the_orange_juice_and_place_it_in_the_basket_view_0_0_100_0_0_initstate_360
633,Robot Initial States,5,0,pick_up_the_orange_juice_and_place_it_in_the_basket,0,0,100,0,0,370,,,,,,,,pick up the orange juice and place it in the basket,pick up the orange juice and place it in the basket view 0 0 100 0 0 initstate 370,pick_up_the_orange_juice_and_place_it_in_the_basket_view_0_0_100_0_0_initstate_370
634,Robot Initial States,3,2,pick_up_the_orange_juice_and_place_it_in_the_basket,0,0,100,0,0,380,,,,,,,,pick up the orange juice and place it in the basket,pick up the orange juice and place it in the basket view 0 0 100 0 0 initstate 380,pick_up_the_orange_juice_and_place_it_in_the_basket_view_0_0_100_0_0_initstate_380
635,Robot Initial States,4,1,pick_up_the_orange_juice_and_place_it_in_the_basket,0,0,100,0,0,390,,,,,,,,pick up the orange juice and place it in the basket,pick up the orange juice and place it in the basket view 0 0 100 0 0 initstate 390,pick_up_the_orange_juice_and_place_it_in_the_basket_view_0_0_100_0_0_initstate_390
636,Robot Initial States,5,0,pick_up_the_orange_juice_and_place_it_in_the_basket,0,0,100,0,0,400,,,,,,,,pick up the orange juice and place it in the basket,pick up the orange juice and place it in the basket view 0 0 100 0 0 initstate 400,pick_up_the_orange_juice_and_place_it_in_the_basket_view_0_0_100_0_0_initstate_400
637,Robot Initial States,4,1,pick_up_the_orange_juice_and_place_it_in_the_basket,0,0,100,0,0,410,,,,,,,,pick up the orange juice and place it in the basket,pick up the orange juice and place it in the basket view 0 0 100 0 0 initstate 410,pick_up_the_orange_juice_and_place_it_in_the_basket_view_0_0_100_0_0_initstate_410
638,Robot Initial States,4,1,pick_up_the_orange_juice_and_place_it_in_the_basket,0,0,100,0,0,420,,,,,,,,pick up the orange juice and place it in the basket,pick up the orange juice and place it in the basket view 0 0 100 0 0 initstate 420,pick_up_the_orange_juice_and_place_it_in_the_basket_view_0_0_100_0_0_initstate_420
639,Robot Initial States,3,2,pick_up_the_orange_juice_and_place_it_in_the_basket,0,0,100,0,0,430,,,,,,,,pick up the orange juice and place it in the basket,pick up the orange juice and place it in the basket view 0 0 100 0 0 initstate 430,pick_up_the_orange_juice_and_place_it_in_the_basket_view_0_0_100_0_0_initstate_430
640,Robot Initial States,5,0,pick_up_the_orange_juice_and_place_it_in_the_basket,0,0,100,0,0,440,,,,,,,,pick up the orange juice and place it in the basket,pick up the orange juice and place it in the basket view 0 0 100 0 0 initstate 440,pick_up_the_orange_juice_and_place_it_in_the_basket_view_0_0_100_0_0_initstate_440
641,Robot Initial States,4,1,pick_up_the_orange_juice_and_place_it_in_the_basket,0,0,100,0,0,450,,,,,,,,pick up the orange juice and place it in the basket,pick up the orange juice and place it in the basket view 0 0 100 0 0 initstate 450,pick_up_the_orange_juice_and_place_it_in_the_basket_view_0_0_100_0_0_initstate_450
642,Robot Initial States,5,0,pick_up_the_orange_juice_and_place_it_in_the_basket,0,0,100,0,0,460,,,,,,,,pick up the orange juice and place it in the basket,pick up the orange juice and place it in the basket view 0 0 100 0 0 initstate 460,pick_up_the_orange_juice_and_place_it_in_the_basket_view_0_0_100_0_0_initstate_460
643,Robot Initial States,5,0,pick_up_the_orange_juice_and_place_it_in_the_basket,0,0,100,0,0,470,,,,,,,,pick up the orange juice and place it in the basket,pick up the orange juice and place it in the basket view 0 0 100 0 0 initstate 470,pick_up_the_orange_juice_and_place_it_in_the_basket_view_0_0_100_0_0_initstate_470
644,Robot Initial States,5,0,pick_up_the_orange_juice_and_place_it_in_the_basket,0,0,100,0,0,480,,,,,,,,pick up the orange juice and place it in the basket,pick up the orange juice and place it in the basket view 0 0 100 0 0 initstate 480,pick_up_the_orange_juice_and_place_it_in_the_basket_view_0_0_100_0_0_initstate_480
645,Robot Initial States,5,0,pick_up_the_orange_juice_and_place_it_in_the_basket,0,0,100,0,0,490,,,,,,,,pick up the orange juice and place it in the basket,pick up the orange juice and place it in the basket view 0 0 100 0 0 initstate 490,pick_up_the_orange_juice_and_place_it_in_the_basket_view_0_0_100_0_0_initstate_490
646,Camera Viewpoints,1,4,pick_up_the_alphabet_soup_and_place_it_in_the_basket,0,0,100,2,4,0,,,,,,,,pick up the alphabet soup and place it in the basket,pick up the alphabet soup and place it in the basket view 0 0 100 2 4 initstate 0,pick_up_the_alphabet_soup_and_place_it_in_the_basket_view_0_0_100_2_4_initstate_0
647,Camera Viewpoints,2,3,pick_up_the_alphabet_soup_and_place_it_in_the_basket,0,0,100,2,6,0,,,,,,,,pick up the alphabet soup and place it in the basket,pick up the alphabet soup and place it in the basket view 0 0 100 2 6 initstate 0,pick_up_the_alphabet_soup_and_place_it_in_the_basket_view_0_0_100_2_6_initstate_0
648,Camera Viewpoints,1,4,pick_up_the_alphabet_soup_and_place_it_in_the_basket,0,0,100,2,8,0,,,,,,,,pick up the alphabet soup and place it in the basket,pick up the alphabet soup and place it in the basket view 0 0 100 2 8 initstate 0,pick_up_the_alphabet_soup_and_place_it_in_the_basket_view_0_0_100_2_8_initstate_0
649,Camera Viewpoints,2,3,pick_up_the_alphabet_soup_and_place_it_in_the_basket,0,0,100,2,10,0,,,,,,,,pick up the alphabet soup and place it in the basket,pick up the alphabet soup and place it in the basket view 0 0 100 2 10 initstate 0,pick_up_the_alphabet_soup_and_place_it_in_the_basket_view_0_0_100_2_10_initstate_0
650,Camera Viewpoints,1,4,pick_up_the_alphabet_soup_and_place_it_in_the_basket,0,0,100,2,350,0,,,,,,,,pick up the alphabet soup and place it in the basket,pick up the alphabet soup and place it in the basket view 0 0 100 2 350 initstate 0,pick_up_the_alphabet_soup_and_place_it_in_the_basket_view_0_0_100_2_350_initstate_0
651,Camera Viewpoints,1,4,pick_up_the_alphabet_soup_and_place_it_in_the_basket,0,0,100,2,352,0,,,,,,,,pick up the alphabet soup and place it in the basket,pick up the alphabet soup and place it in the basket view 0 0 100 2 352 initstate 0,pick_up_the_alphabet_soup_and_place_it_in_the_basket_view_0_0_100_2_352_initstate_0
652,Camera Viewpoints,1,4,pick_up_the_alphabet_soup_and_place_it_in_the_basket,0,0,100,2,354,0,,,,,,,,pick up the alphabet soup and place it in the basket,pick up the alphabet soup and place it in the basket view 0 0 100 2 354 initstate 0,pick_up_the_alphabet_soup_and_place_it_in_the_basket_view_0_0_100_2_354_initstate_0
653,Camera Viewpoints,1,4,pick_up_the_alphabet_soup_and_place_it_in_the_basket,1,15,100,0,0,0,,,,,,,,pick up the alphabet soup and place it in the basket,pick up the alphabet soup and place it in the basket view 1 15 100 0 0 initstate 0,pick_up_the_alphabet_soup_and_place_it_in_the_basket_view_1_15_100_0_0_initstate_0
654,Camera Viewpoints,1,4,pick_up_the_alphabet_soup_and_place_it_in_the_basket,2,15,100,0,0,0,,,,,,,,pick up the alphabet soup and place it in the basket,pick up the alphabet soup and place it in the basket view 2 15 100 0 0 initstate 0,pick_up_the_alphabet_soup_and_place_it_in_the_basket_view_2_15_100_0_0_initstate_0
655,Camera Viewpoints,2,3,pick_up_the_alphabet_soup_and_place_it_in_the_basket,4,15,100,0,0,0,,,,,,,,pick up the alphabet soup and place it in the basket,pick up the alphabet soup and place it in the basket view 4 15 100 0 0 initstate 0,pick_up_the_alphabet_soup_and_place_it_in_the_basket_view_4_15_100_0_0_initstate_0
656,Camera Viewpoints,2,3,pick_up_the_alphabet_soup_and_place_it_in_the_basket,5,15,100,0,0,0,,,,,,,,pick up the alphabet soup and place it in the basket,pick up the alphabet soup and place it in the basket view 5 15 100 0 0 initstate 0,pick_up_the_alphabet_soup_and_place_it_in_the_basket_view_5_15_100_0_0_initstate_0
657,Camera Viewpoints,3,2,pick_up_the_alphabet_soup_and_place_it_in_the_basket,6,15,100,0,0,0,,,,,,,,pick up the alphabet soup and place it in the basket,pick up the alphabet soup and place it in the basket view 6 15 100 0 0 initstate 0,pick_up_the_alphabet_soup_and_place_it_in_the_basket_view_6_15_100_0_0_initstate_0
658,Camera Viewpoints,2,3,pick_up_the_alphabet_soup_and_place_it_in_the_basket,7,15,100,0,0,0,,,,,,,,pick up the alphabet soup and place it in the basket,pick up the alphabet soup and place it in the basket view 7 15 100 0 0 initstate 0,pick_up_the_alphabet_soup_and_place_it_in_the_basket_view_7_15_100_0_0_initstate_0
659,Camera Viewpoints,2,3,pick_up_the_alphabet_soup_and_place_it_in_the_basket,8,15,100,0,0,0,,,,,,,,pick up the alphabet soup and place it in the basket,pick up the alphabet soup and place it in the basket view 8 15 100 0 0 initstate 0,pick_up_the_alphabet_soup_and_place_it_in_the_basket_view_8_15_100_0_0_initstate_0
660,Camera Viewpoints,1,4,pick_up_the_alphabet_soup_and_place_it_in_the_basket,9,15,100,0,0,0,,,,,,,,pick up the alphabet soup and place it in the basket,pick up the alphabet soup and place it in the basket view 9 15 100 0 0 initstate 0,pick_up_the_alphabet_soup_and_place_it_in_the_basket_view_9_15_100_0_0_initstate_0
661,Camera Viewpoints,1,4,pick_up_the_alphabet_soup_and_place_it_in_the_basket,10,15,100,0,0,0,,,,,,,,pick up the alphabet soup and place it in the basket,pick up the alphabet soup and place it in the basket view 10 15 100 0 0 initstate 0,pick_up_the_alphabet_soup_and_place_it_in_the_basket_view_10_15_100_0_0_initstate_0
662,Camera Viewpoints,4,1,pick_up_the_alphabet_soup_and_place_it_in_the_basket,11,15,100,0,0,0,,,,,,,,pick up the alphabet soup and place it in the basket,pick up the alphabet soup and place it in the basket view 11 15 100 0 0 initstate 0,pick_up_the_alphabet_soup_and_place_it_in_the_basket_view_11_15_100_0_0_initstate_0
663,Camera Viewpoints,5,0,pick_up_the_alphabet_soup_and_place_it_in_the_basket,12,15,100,0,0,0,,,,,,,,pick up the alphabet soup and place it in the basket,pick up the alphabet soup and place it in the basket view 12 15 100 0 0 initstate 0,pick_up_the_alphabet_soup_and_place_it_in_the_basket_view_12_15_100_0_0_initstate_0
664,Camera Viewpoints,4,1,pick_up_the_alphabet_soup_and_place_it_in_the_basket,13,15,100,0,0,0,,,,,,,,pick up the alphabet soup and place it in the basket,pick up the alphabet soup and place it in the basket view 13 15 100 0 0 initstate 0,pick_up_the_alphabet_soup_and_place_it_in_the_basket_view_13_15_100_0_0_initstate_0
665,Camera Viewpoints,4,1,pick_up_the_alphabet_soup_and_place_it_in_the_basket,14,15,100,0,0,0,,,,,,,,pick up the alphabet soup and place it in the basket,pick up the alphabet soup and place it in the basket view 14 15 100 0 0 initstate 0,pick_up_the_alphabet_soup_and_place_it_in_the_basket_view_14_15_100_0_0_initstate_0
666,Camera Viewpoints,4,1,pick_up_the_alphabet_soup_and_place_it_in_the_basket,15,15,100,0,0,0,,,,,,,,pick up the alphabet soup and place it in the basket,pick up the alphabet soup and place it in the basket view 15 15 100 0 0 initstate 0,pick_up_the_alphabet_soup_and_place_it_in_the_basket_view_15_15_100_0_0_initstate_0
667,Camera Viewpoints,1,4,pick_up_the_cream_cheese_and_place_it_in_the_basket,0,0,115,0,0,0,,,,,,,,pick up the cream cheese and place it in the basket,pick up the cream cheese and place it in the basket view 0 0 115 0 0 initstate 0,pick_up_the_cream_cheese_and_place_it_in_the_basket_view_0_0_115_0_0_initstate_0
668,Camera Viewpoints,2,3,pick_up_the_cream_cheese_and_place_it_in_the_basket,0,0,119,0,0,0,,,,,,,,pick up the cream cheese and place it in the basket,pick up the cream cheese and place it in the basket view 0 0 119 0 0 initstate 0,pick_up_the_cream_cheese_and_place_it_in_the_basket_view_0_0_119_0_0_initstate_0
669,Camera Viewpoints,1,4,pick_up_the_cream_cheese_and_place_it_in_the_basket,0,0,120,0,0,0,,,,,,,,pick up the cream cheese and place it in the basket,pick up the cream cheese and place it in the basket view 0 0 120 0 0 initstate 0,pick_up_the_cream_cheese_and_place_it_in_the_basket_view_0_0_120_0_0_initstate_0
670,Camera Viewpoints,2,3,pick_up_the_cream_cheese_and_place_it_in_the_basket,0,0,100,4,6,0,,,,,,,,pick up the cream cheese and place it in the basket,pick up the cream cheese and place it in the basket view 0 0 100 4 6 initstate 0,pick_up_the_cream_cheese_and_place_it_in_the_basket_view_0_0_100_4_6_initstate_0
671,Camera Viewpoints,2,3,pick_up_the_cream_cheese_and_place_it_in_the_basket,0,0,100,4,8,0,,,,,,,,pick up the cream cheese and place it in the basket,pick up the cream cheese and place it in the basket view 0 0 100 4 8 initstate 0,pick_up_the_cream_cheese_and_place_it_in_the_basket_view_0_0_100_4_8_initstate_0
672,Camera Viewpoints,3,2,pick_up_the_cream_cheese_and_place_it_in_the_basket,0,0,100,4,10,0,,,,,,,,pick up the cream cheese and place it in the basket,pick up the cream cheese and place it in the basket view 0 0 100 4 10 initstate 0,pick_up_the_cream_cheese_and_place_it_in_the_basket_view_0_0_100_4_10_initstate_0
673,Camera Viewpoints,2,3,pick_up_the_cream_cheese_and_place_it_in_the_basket,0,0,100,4,350,0,,,,,,,,pick up the cream cheese and place it in the basket,pick up the cream cheese and place it in the basket view 0 0 100 4 350 initstate 0,pick_up_the_cream_cheese_and_place_it_in_the_basket_view_0_0_100_4_350_initstate_0
674,Camera Viewpoints,1,4,pick_up_the_cream_cheese_and_place_it_in_the_basket,0,0,100,4,352,0,,,,,,,,pick up the cream cheese and place it in the basket,pick up the cream cheese and place it in the basket view 0 0 100 4 352 initstate 0,pick_up_the_cream_cheese_and_place_it_in_the_basket_view_0_0_100_4_352_initstate_0
675,Camera Viewpoints,1,4,pick_up_the_cream_cheese_and_place_it_in_the_basket,16,15,100,0,0,0,,,,,,,,pick up the cream cheese and place it in the basket,pick up the cream cheese and place it in the basket view 16 15 100 0 0 initstate 0,pick_up_the_cream_cheese_and_place_it_in_the_basket_view_16_15_100_0_0_initstate_0
676,Camera Viewpoints,1,4,pick_up_the_cream_cheese_and_place_it_in_the_basket,18,15,100,0,0,0,,,,,,,,pick up the cream cheese and place it in the basket,pick up the cream cheese and place it in the basket view 18 15 100 0 0 initstate 0,pick_up_the_cream_cheese_and_place_it_in_the_basket_view_18_15_100_0_0_initstate_0
677,Camera Viewpoints,2,3,pick_up_the_cream_cheese_and_place_it_in_the_basket,19,15,100,0,0,0,,,,,,,,pick up the cream cheese and place it in the basket,pick up the cream cheese and place it in the basket view 19 15 100 0 0 initstate 0,pick_up_the_cream_cheese_and_place_it_in_the_basket_view_19_15_100_0_0_initstate_0
678,Camera Viewpoints,1,4,pick_up_the_cream_cheese_and_place_it_in_the_basket,20,15,100,0,0,0,,,,,,,,pick up the cream cheese and place it in the basket,pick up the cream cheese and place it in the basket view 20 15 100 0 0 initstate 0,pick_up_the_cream_cheese_and_place_it_in_the_basket_view_20_15_100_0_0_initstate_0
679,Camera Viewpoints,2,3,pick_up_the_cream_cheese_and_place_it_in_the_basket,21,15,100,0,0,0,,,,,,,,pick up the cream cheese and place it in the basket,pick up the cream cheese and place it in the basket view 21 15 100 0 0 initstate 0,pick_up_the_cream_cheese_and_place_it_in_the_basket_view_21_15_100_0_0_initstate_0
680,Camera Viewpoints,1,4,pick_up_the_cream_cheese_and_place_it_in_the_basket,22,0,100,0,0,0,,,,,,,,pick up the cream cheese and place it in the basket,pick up the cream cheese and place it in the basket view 22 0 100 0 0 initstate 0,pick_up_the_cream_cheese_and_place_it_in_the_basket_view_22_0_100_0_0_initstate_0
681,Camera Viewpoints,1,4,pick_up_the_cream_cheese_and_place_it_in_the_basket,22,15,100,0,0,0,,,,,,,,pick up the cream cheese and place it in the basket,pick up the cream cheese and place it in the basket view 22 15 100 0 0 initstate 0,pick_up_the_cream_cheese_and_place_it_in_the_basket_view_22_15_100_0_0_initstate_0
682,Camera Viewpoints,2,3,pick_up_the_cream_cheese_and_place_it_in_the_basket,23,15,100,0,0,0,,,,,,,,pick up the cream cheese and place it in the basket,pick up the cream cheese and place it in the basket view 23 15 100 0 0 initstate 0,pick_up_the_cream_cheese_and_place_it_in_the_basket_view_23_15_100_0_0_initstate_0
683,Camera Viewpoints,1,4,pick_up_the_cream_cheese_and_place_it_in_the_basket,24,15,100,0,0,0,,,,,,,,pick up the cream cheese and place it in the basket,pick up the cream cheese and place it in the basket view 24 15 100 0 0 initstate 0,pick_up_the_cream_cheese_and_place_it_in_the_basket_view_24_15_100_0_0_initstate_0
684,Camera Viewpoints,1,4,pick_up_the_cream_cheese_and_place_it_in_the_basket,27,15,100,0,0,0,,,,,,,,pick up the cream cheese and place it in the basket,pick up the cream cheese and place it in the basket view 27 15 100 0 0 initstate 0,pick_up_the_cream_cheese_and_place_it_in_the_basket_view_27_15_100_0_0_initstate_0
685,Camera Viewpoints,1,4,pick_up_the_cream_cheese_and_place_it_in_the_basket,29,15,100,0,0,0,,,,,,,,pick up the cream cheese and place it in the basket,pick up the cream cheese and place it in the basket view 29 15 100 0 0 initstate 0,pick_up_the_cream_cheese_and_place_it_in_the_basket_view_29_15_100_0_0_initstate_0
686,Camera Viewpoints,1,4,pick_up_the_cream_cheese_and_place_it_in_the_basket,30,15,100,0,0,0,,,,,,,,pick up the cream cheese and place it in the basket,pick up the cream cheese and place it in the basket view 30 15 100 0 0 initstate 0,pick_up_the_cream_cheese_and_place_it_in_the_basket_view_30_15_100_0_0_initstate_0
687,Camera Viewpoints,2,3,pick_up_the_salad_dressing_and_place_it_in_the_basket,0,0,121,0,0,0,,,,,,,,pick up the salad dressing and place it in the basket,pick up the salad dressing and place it in the basket view 0 0 121 0 0 initstate 0,pick_up_the_salad_dressing_and_place_it_in_the_basket_view_0_0_121_0_0_initstate_0
688,Camera Viewpoints,3,2,pick_up_the_salad_dressing_and_place_it_in_the_basket,0,0,122,0,0,0,,,,,,,,pick up the salad dressing and place it in the basket,pick up the salad dressing and place it in the basket view 0 0 122 0 0 initstate 0,pick_up_the_salad_dressing_and_place_it_in_the_basket_view_0_0_122_0_0_initstate_0
689,Camera Viewpoints,3,2,pick_up_the_salad_dressing_and_place_it_in_the_basket,0,0,123,0,0,0,,,,,,,,pick up the salad dressing and place it in the basket,pick up the salad dressing and place it in the basket view 0 0 123 0 0 initstate 0,pick_up_the_salad_dressing_and_place_it_in_the_basket_view_0_0_123_0_0_initstate_0
690,Camera Viewpoints,2,3,pick_up_the_salad_dressing_and_place_it_in_the_basket,0,0,124,0,0,0,,,,,,,,pick up the salad dressing and place it in the basket,pick up the salad dressing and place it in the basket view 0 0 124 0 0 initstate 0,pick_up_the_salad_dressing_and_place_it_in_the_basket_view_0_0_124_0_0_initstate_0
691,Camera Viewpoints,3,2,pick_up_the_salad_dressing_and_place_it_in_the_basket,0,0,125,0,0,0,,,,,,,,pick up the salad dressing and place it in the basket,pick up the salad dressing and place it in the basket view 0 0 125 0 0 initstate 0,pick_up_the_salad_dressing_and_place_it_in_the_basket_view_0_0_125_0_0_initstate_0
692,Camera Viewpoints,3,2,pick_up_the_salad_dressing_and_place_it_in_the_basket,0,0,126,0,0,0,,,,,,,,pick up the salad dressing and place it in the basket,pick up the salad dressing and place it in the basket view 0 0 126 0 0 initstate 0,pick_up_the_salad_dressing_and_place_it_in_the_basket_view_0_0_126_0_0_initstate_0
693,Camera Viewpoints,3,2,pick_up_the_salad_dressing_and_place_it_in_the_basket,0,0,127,0,0,0,,,,,,,,pick up the salad dressing and place it in the basket,pick up the salad dressing and place it in the basket view 0 0 127 0 0 initstate 0,pick_up_the_salad_dressing_and_place_it_in_the_basket_view_0_0_127_0_0_initstate_0
694,Camera Viewpoints,3,2,pick_up_the_salad_dressing_and_place_it_in_the_basket,0,0,128,0,0,0,,,,,,,,pick up the salad dressing and place it in the basket,pick up the salad dressing and place it in the basket view 0 0 128 0 0 initstate 0,pick_up_the_salad_dressing_and_place_it_in_the_basket_view_0_0_128_0_0_initstate_0
695,Camera Viewpoints,4,1,pick_up_the_salad_dressing_and_place_it_in_the_basket,0,0,129,0,0,0,,,,,,,,pick up the salad dressing and place it in the basket,pick up the salad dressing and place it in the basket view 0 0 129 0 0 initstate 0,pick_up_the_salad_dressing_and_place_it_in_the_basket_view_0_0_129_0_0_initstate_0
696,Camera Viewpoints,3,2,pick_up_the_salad_dressing_and_place_it_in_the_basket,0,0,130,0,0,0,,,,,,,,pick up the salad dressing and place it in the basket,pick up the salad dressing and place it in the basket view 0 0 130 0 0 initstate 0,pick_up_the_salad_dressing_and_place_it_in_the_basket_view_0_0_130_0_0_initstate_0
697,Camera Viewpoints,2,3,pick_up_the_salad_dressing_and_place_it_in_the_basket,0,0,100,6,2,0,,,,,,,,pick up the salad dressing and place it in the basket,pick up the salad dressing and place it in the basket view 0 0 100 6 2 initstate 0,pick_up_the_salad_dressing_and_place_it_in_the_basket_view_0_0_100_6_2_initstate_0
698,Camera Viewpoints,2,3,pick_up_the_salad_dressing_and_place_it_in_the_basket,0,0,100,6,4,0,,,,,,,,pick up the salad dressing and place it in the basket,pick up the salad dressing and place it in the basket view 0 0 100 6 4 initstate 0,pick_up_the_salad_dressing_and_place_it_in_the_basket_view_0_0_100_6_4_initstate_0
699,Camera Viewpoints,5,0,pick_up_the_salad_dressing_and_place_it_in_the_basket,0,0,100,6,6,0,,,,,,,,pick up the salad dressing and place it in the basket,pick up the salad dressing and place it in the basket view 0 0 100 6 6 initstate 0,pick_up_the_salad_dressing_and_place_it_in_the_basket_view_0_0_100_6_6_initstate_0
700,Camera Viewpoints,5,0,pick_up_the_salad_dressing_and_place_it_in_the_basket,0,0,100,6,8,0,,,,,,,,pick up the salad dressing and place it in the basket,pick up the salad dressing and place it in the basket view 0 0 100 6 8 initstate 0,pick_up_the_salad_dressing_and_place_it_in_the_basket_view_0_0_100_6_8_initstate_0
701,Camera Viewpoints,5,0,pick_up_the_salad_dressing_and_place_it_in_the_basket,0,0,100,6,10,0,,,,,,,,pick up the salad dressing and place it in the basket,pick up the salad dressing and place it in the basket view 0 0 100 6 10 initstate 0,pick_up_the_salad_dressing_and_place_it_in_the_basket_view_0_0_100_6_10_initstate_0
702,Camera Viewpoints,2,3,pick_up_the_salad_dressing_and_place_it_in_the_basket,0,0,100,6,350,0,,,,,,,,pick up the salad dressing and place it in the basket,pick up the salad dressing and place it in the basket view 0 0 100 6 350 initstate 0,pick_up_the_salad_dressing_and_place_it_in_the_basket_view_0_0_100_6_350_initstate_0
703,Camera Viewpoints,3,2,pick_up_the_salad_dressing_and_place_it_in_the_basket,0,0,100,6,358,0,,,,,,,,pick up the salad dressing and place it in the basket,pick up the salad dressing and place it in the basket view 0 0 100 6 358 initstate 0,pick_up_the_salad_dressing_and_place_it_in_the_basket_view_0_0_100_6_358_initstate_0
704,Camera Viewpoints,2,3,pick_up_the_salad_dressing_and_place_it_in_the_basket,31,0,100,0,0,0,,,,,,,,pick up the salad dressing and place it in the basket,pick up the salad dressing and place it in the basket view 31 0 100 0 0 initstate 0,pick_up_the_salad_dressing_and_place_it_in_the_basket_view_31_0_100_0_0_initstate_0
705,Camera Viewpoints,1,4,pick_up_the_salad_dressing_and_place_it_in_the_basket,31,15,100,0,0,0,,,,,,,,pick up the salad dressing and place it in the basket,pick up the salad dressing and place it in the basket view 31 15 100 0 0 initstate 0,pick_up_the_salad_dressing_and_place_it_in_the_basket_view_31_15_100_0_0_initstate_0
706,Camera Viewpoints,1,4,pick_up_the_salad_dressing_and_place_it_in_the_basket,32,0,100,0,0,0,,,,,,,,pick up the salad dressing and place it in the basket,pick up the salad dressing and place it in the basket view 32 0 100 0 0 initstate 0,pick_up_the_salad_dressing_and_place_it_in_the_basket_view_32_0_100_0_0_initstate_0
707,Camera Viewpoints,3,2,pick_up_the_salad_dressing_and_place_it_in_the_basket,32,15,100,0,0,0,,,,,,,,pick up the salad dressing and place it in the basket,pick up the salad dressing and place it in the basket view 32 15 100 0 0 initstate 0,pick_up_the_salad_dressing_and_place_it_in_the_basket_view_32_15_100_0_0_initstate_0
708,Camera Viewpoints,1,4,pick_up_the_salad_dressing_and_place_it_in_the_basket,33,0,100,0,0,0,,,,,,,,pick up the salad dressing and place it in the basket,pick up the salad dressing and place it in the basket view 33 0 100 0 0 initstate 0,pick_up_the_salad_dressing_and_place_it_in_the_basket_view_33_0_100_0_0_initstate_0
709,Camera Viewpoints,2,3,pick_up_the_salad_dressing_and_place_it_in_the_basket,33,15,100,0,0,0,,,,,,,,pick up the salad dressing and place it in the basket,pick up the salad dressing and place it in the basket view 33 15 100 0 0 initstate 0,pick_up_the_salad_dressing_and_place_it_in_the_basket_view_33_15_100_0_0_initstate_0
710,Camera Viewpoints,1,4,pick_up_the_salad_dressing_and_place_it_in_the_basket,34,0,100,0,0,0,,,,,,,,pick up the salad dressing and place it in the basket,pick up the salad dressing and place it in the basket view 34 0 100 0 0 initstate 0,pick_up_the_salad_dressing_and_place_it_in_the_basket_view_34_0_100_0_0_initstate_0
711,Camera Viewpoints,2,3,pick_up_the_salad_dressing_and_place_it_in_the_basket,34,15,100,0,0,0,,,,,,,,pick up the salad dressing and place it in the basket,pick up the salad dressing and place it in the basket view 34 15 100 0 0 initstate 0,pick_up_the_salad_dressing_and_place_it_in_the_basket_view_34_15_100_0_0_initstate_0
712,Camera Viewpoints,1,4,pick_up_the_salad_dressing_and_place_it_in_the_basket,35,0,100,0,0,0,,,,,,,,pick up the salad dressing and place it in the basket,pick up the salad dressing and place it in the basket view 35 0 100 0 0 initstate 0,pick_up_the_salad_dressing_and_place_it_in_the_basket_view_35_0_100_0_0_initstate_0
713,Camera Viewpoints,2,3,pick_up_the_salad_dressing_and_place_it_in_the_basket,35,15,100,0,0,0,,,,,,,,pick up the salad dressing and place it in the basket,pick up the salad dressing and place it in the basket view 35 15 100 0 0 initstate 0,pick_up_the_salad_dressing_and_place_it_in_the_basket_view_35_15_100_0_0_initstate_0
714,Camera Viewpoints,1,4,pick_up_the_salad_dressing_and_place_it_in_the_basket,36,0,100,0,0,0,,,,,,,,pick up the salad dressing and place it in the basket,pick up the salad dressing and place it in the basket view 36 0 100 0 0 initstate 0,pick_up_the_salad_dressing_and_place_it_in_the_basket_view_36_0_100_0_0_initstate_0
715,Camera Viewpoints,3,2,pick_up_the_salad_dressing_and_place_it_in_the_basket,36,15,100,0,0,0,,,,,,,,pick up the salad dressing and place it in the basket,pick up the salad dressing and place it in the basket view 36 15 100 0 0 initstate 0,pick_up_the_salad_dressing_and_place_it_in_the_basket_view_36_15_100_0_0_initstate_0
716,Camera Viewpoints,2,3,pick_up_the_salad_dressing_and_place_it_in_the_basket,37,0,100,0,0,0,,,,,,,,pick up the salad dressing and place it in the basket,pick up the salad dressing and place it in the basket view 37 0 100 0 0 initstate 0,pick_up_the_salad_dressing_and_place_it_in_the_basket_view_37_0_100_0_0_initstate_0
717,Camera Viewpoints,1,4,pick_up_the_salad_dressing_and_place_it_in_the_basket,37,15,100,0,0,0,,,,,,,,pick up the salad dressing and place it in the basket,pick up the salad dressing and place it in the basket view 37 15 100 0 0 initstate 0,pick_up_the_salad_dressing_and_place_it_in_the_basket_view_37_15_100_0_0_initstate_0
718,Camera Viewpoints,1,4,pick_up_the_salad_dressing_and_place_it_in_the_basket,38,0,100,0,0,0,,,,,,,,pick up the salad dressing and place it in the basket,pick up the salad dressing and place it in the basket view 38 0 100 0 0 initstate 0,pick_up_the_salad_dressing_and_place_it_in_the_basket_view_38_0_100_0_0_initstate_0
719,Camera Viewpoints,1,4,pick_up_the_salad_dressing_and_place_it_in_the_basket,38,15,100,0,0,0,,,,,,,,pick up the salad dressing and place it in the basket,pick up the salad dressing and place it in the basket view 38 15 100 0 0 initstate 0,pick_up_the_salad_dressing_and_place_it_in_the_basket_view_38_15_100_0_0_initstate_0
720,Camera Viewpoints,2,3,pick_up_the_salad_dressing_and_place_it_in_the_basket,39,0,100,0,0,0,,,,,,,,pick up the salad dressing and place it in the basket,pick up the salad dressing and place it in the basket view 39 0 100 0 0 initstate 0,pick_up_the_salad_dressing_and_place_it_in_the_basket_view_39_0_100_0_0_initstate_0
721,Camera Viewpoints,2,3,pick_up_the_salad_dressing_and_place_it_in_the_basket,39,15,100,0,0,0,,,,,,,,pick up the salad dressing and place it in the basket,pick up the salad dressing and place it in the basket view 39 15 100 0 0 initstate 0,pick_up_the_salad_dressing_and_place_it_in_the_basket_view_39_15_100_0_0_initstate_0
722,Camera Viewpoints,1,4,pick_up_the_salad_dressing_and_place_it_in_the_basket,40,0,100,0,0,0,,,,,,,,pick up the salad dressing and place it in the basket,pick up the salad dressing and place it in the basket view 40 0 100 0 0 initstate 0,pick_up_the_salad_dressing_and_place_it_in_the_basket_view_40_0_100_0_0_initstate_0
723,Camera Viewpoints,2,3,pick_up_the_salad_dressing_and_place_it_in_the_basket,40,15,100,0,0,0,,,,,,,,pick up the salad dressing and place it in the basket,pick up the salad dressing and place it in the basket view 40 15 100 0 0 initstate 0,pick_up_the_salad_dressing_and_place_it_in_the_basket_view_40_15_100_0_0_initstate_0
724,Camera Viewpoints,1,4,pick_up_the_salad_dressing_and_place_it_in_the_basket,41,0,100,0,0,0,,,,,,,,pick up the salad dressing and place it in the basket,pick up the salad dressing and place it in the basket view 41 0 100 0 0 initstate 0,pick_up_the_salad_dressing_and_place_it_in_the_basket_view_41_0_100_0_0_initstate_0
725,Camera Viewpoints,3,2,pick_up_the_salad_dressing_and_place_it_in_the_basket,41,15,100,0,0,0,,,,,,,,pick up the salad dressing and place it in the basket,pick up the salad dressing and place it in the basket view 41 15 100 0 0 initstate 0,pick_up_the_salad_dressing_and_place_it_in_the_basket_view_41_15_100_0_0_initstate_0
726,Camera Viewpoints,2,3,pick_up_the_salad_dressing_and_place_it_in_the_basket,42,0,100,0,0,0,,,,,,,,pick up the salad dressing and place it in the basket,pick up the salad dressing and place it in the basket view 42 0 100 0 0 initstate 0,pick_up_the_salad_dressing_and_place_it_in_the_basket_view_42_0_100_0_0_initstate_0
727,Camera Viewpoints,3,2,pick_up_the_salad_dressing_and_place_it_in_the_basket,42,15,100,0,0,0,,,,,,,,pick up the salad dressing and place it in the basket,pick up the salad dressing and place it in the basket view 42 15 100 0 0 initstate 0,pick_up_the_salad_dressing_and_place_it_in_the_basket_view_42_15_100_0_0_initstate_0
728,Camera Viewpoints,3,2,pick_up_the_salad_dressing_and_place_it_in_the_basket,43,0,100,0,0,0,,,,,,,,pick up the salad dressing and place it in the basket,pick up the salad dressing and place it in the basket view 43 0 100 0 0 initstate 0,pick_up_the_salad_dressing_and_place_it_in_the_basket_view_43_0_100_0_0_initstate_0
729,Camera Viewpoints,3,2,pick_up_the_salad_dressing_and_place_it_in_the_basket,43,15,100,0,0,0,,,,,,,,pick up the salad dressing and place it in the basket,pick up the salad dressing and place it in the basket view 43 15 100 0 0 initstate 0,pick_up_the_salad_dressing_and_place_it_in_the_basket_view_43_15_100_0_0_initstate_0
730,Camera Viewpoints,4,1,pick_up_the_salad_dressing_and_place_it_in_the_basket,44,0,100,0,0,0,,,,,,,,pick up the salad dressing and place it in the basket,pick up the salad dressing and place it in the basket view 44 0 100 0 0 initstate 0,pick_up_the_salad_dressing_and_place_it_in_the_basket_view_44_0_100_0_0_initstate_0
731,Camera Viewpoints,4,1,pick_up_the_salad_dressing_and_place_it_in_the_basket,44,15,100,0,0,0,,,,,,,,pick up the salad dressing and place it in the basket,pick up the salad dressing and place it in the basket view 44 15 100 0 0 initstate 0,pick_up_the_salad_dressing_and_place_it_in_the_basket_view_44_15_100_0_0_initstate_0
732,Camera Viewpoints,3,2,pick_up_the_salad_dressing_and_place_it_in_the_basket,45,0,100,0,0,0,,,,,,,,pick up the salad dressing and place it in the basket,pick up the salad dressing and place it in the basket view 45 0 100 0 0 initstate 0,pick_up_the_salad_dressing_and_place_it_in_the_basket_view_45_0_100_0_0_initstate_0
733,Camera Viewpoints,4,1,pick_up_the_salad_dressing_and_place_it_in_the_basket,45,15,100,0,0,0,,,,,,,,pick up the salad dressing and place it in the basket,pick up the salad dressing and place it in the basket view 45 15 100 0 0 initstate 0,pick_up_the_salad_dressing_and_place_it_in_the_basket_view_45_15_100_0_0_initstate_0
734,Camera Viewpoints,3,2,pick_up_the_bbq_sauce_and_place_it_in_the_basket,0,0,132,0,0,0,,,,,,,,pick up the bbq sauce and place it in the basket,pick up the bbq sauce and place it in the basket view 0 0 132 0 0 initstate 0,pick_up_the_bbq_sauce_and_place_it_in_the_basket_view_0_0_132_0_0_initstate_0
735,Camera Viewpoints,2,3,pick_up_the_bbq_sauce_and_place_it_in_the_basket,0,0,133,0,0,0,,,,,,,,pick up the bbq sauce and place it in the basket,pick up the bbq sauce and place it in the basket view 0 0 133 0 0 initstate 0,pick_up_the_bbq_sauce_and_place_it_in_the_basket_view_0_0_133_0_0_initstate_0
736,Camera Viewpoints,2,3,pick_up_the_bbq_sauce_and_place_it_in_the_basket,0,0,134,0,0,0,,,,,,,,pick up the bbq sauce and place it in the basket,pick up the bbq sauce and place it in the basket view 0 0 134 0 0 initstate 0,pick_up_the_bbq_sauce_and_place_it_in_the_basket_view_0_0_134_0_0_initstate_0
737,Camera Viewpoints,3,2,pick_up_the_bbq_sauce_and_place_it_in_the_basket,0,0,135,0,0,0,,,,,,,,pick up the bbq sauce and place it in the basket,pick up the bbq sauce and place it in the basket view 0 0 135 0 0 initstate 0,pick_up_the_bbq_sauce_and_place_it_in_the_basket_view_0_0_135_0_0_initstate_0
738,Camera Viewpoints,2,3,pick_up_the_bbq_sauce_and_place_it_in_the_basket,0,0,136,0,0,0,,,,,,,,pick up the bbq sauce and place it in the basket,pick up the bbq sauce and place it in the basket view 0 0 136 0 0 initstate 0,pick_up_the_bbq_sauce_and_place_it_in_the_basket_view_0_0_136_0_0_initstate_0
739,Camera Viewpoints,1,4,pick_up_the_bbq_sauce_and_place_it_in_the_basket,0,0,137,0,0,0,,,,,,,,pick up the bbq sauce and place it in the basket,pick up the bbq sauce and place it in the basket view 0 0 137 0 0 initstate 0,pick_up_the_bbq_sauce_and_place_it_in_the_basket_view_0_0_137_0_0_initstate_0
740,Camera Viewpoints,2,3,pick_up_the_bbq_sauce_and_place_it_in_the_basket,0,0,138,0,0,0,,,,,,,,pick up the bbq sauce and place it in the basket,pick up the bbq sauce and place it in the basket view 0 0 138 0 0 initstate 0,pick_up_the_bbq_sauce_and_place_it_in_the_basket_view_0_0_138_0_0_initstate_0
741,Camera Viewpoints,2,3,pick_up_the_bbq_sauce_and_place_it_in_the_basket,0,0,139,0,0,0,,,,,,,,pick up the bbq sauce and place it in the basket,pick up the bbq sauce and place it in the basket view 0 0 139 0 0 initstate 0,pick_up_the_bbq_sauce_and_place_it_in_the_basket_view_0_0_139_0_0_initstate_0
742,Camera Viewpoints,1,4,pick_up_the_bbq_sauce_and_place_it_in_the_basket,0,0,140,0,0,0,,,,,,,,pick up the bbq sauce and place it in the basket,pick up the bbq sauce and place it in the basket view 0 0 140 0 0 initstate 0,pick_up_the_bbq_sauce_and_place_it_in_the_basket_view_0_0_140_0_0_initstate_0
743,Camera Viewpoints,1,4,pick_up_the_bbq_sauce_and_place_it_in_the_basket,0,0,100,8,2,0,,,,,,,,pick up the bbq sauce and place it in the basket,pick up the bbq sauce and place it in the basket view 0 0 100 8 2 initstate 0,pick_up_the_bbq_sauce_and_place_it_in_the_basket_view_0_0_100_8_2_initstate_0
744,Camera Viewpoints,3,2,pick_up_the_bbq_sauce_and_place_it_in_the_basket,0,0,100,8,4,0,,,,,,,,pick up the bbq sauce and place it in the basket,pick up the bbq sauce and place it in the basket view 0 0 100 8 4 initstate 0,pick_up_the_bbq_sauce_and_place_it_in_the_basket_view_0_0_100_8_4_initstate_0
745,Camera Viewpoints,5,0,pick_up_the_bbq_sauce_and_place_it_in_the_basket,0,0,100,8,6,0,,,,,,,,pick up the bbq sauce and place it in the basket,pick up the bbq sauce and place it in the basket view 0 0 100 8 6 initstate 0,pick_up_the_bbq_sauce_and_place_it_in_the_basket_view_0_0_100_8_6_initstate_0
746,Camera Viewpoints,3,2,pick_up_the_bbq_sauce_and_place_it_in_the_basket,0,0,100,8,8,0,,,,,,,,pick up the bbq sauce and place it in the basket,pick up the bbq sauce and place it in the basket view 0 0 100 8 8 initstate 0,pick_up_the_bbq_sauce_and_place_it_in_the_basket_view_0_0_100_8_8_initstate_0
747,Camera Viewpoints,5,0,pick_up_the_bbq_sauce_and_place_it_in_the_basket,0,0,100,8,10,0,,,,,,,,pick up the bbq sauce and place it in the basket,pick up the bbq sauce and place it in the basket view 0 0 100 8 10 initstate 0,pick_up_the_bbq_sauce_and_place_it_in_the_basket_view_0_0_100_8_10_initstate_0
748,Camera Viewpoints,1,4,pick_up_the_bbq_sauce_and_place_it_in_the_basket,0,0,100,8,350,0,,,,,,,,pick up the bbq sauce and place it in the basket,pick up the bbq sauce and place it in the basket view 0 0 100 8 350 initstate 0,pick_up_the_bbq_sauce_and_place_it_in_the_basket_view_0_0_100_8_350_initstate_0
749,Camera Viewpoints,2,3,pick_up_the_bbq_sauce_and_place_it_in_the_basket,0,0,100,8,352,0,,,,,,,,pick up the bbq sauce and place it in the basket,pick up the bbq sauce and place it in the basket view 0 0 100 8 352 initstate 0,pick_up_the_bbq_sauce_and_place_it_in_the_basket_view_0_0_100_8_352_initstate_0
750,Camera Viewpoints,1,4,pick_up_the_bbq_sauce_and_place_it_in_the_basket,0,0,100,8,354,0,,,,,,,,pick up the bbq sauce and place it in the basket,pick up the bbq sauce and place it in the basket view 0 0 100 8 354 initstate 0,pick_up_the_bbq_sauce_and_place_it_in_the_basket_view_0_0_100_8_354_initstate_0
751,Camera Viewpoints,1,4,pick_up_the_bbq_sauce_and_place_it_in_the_basket,0,0,100,8,358,0,,,,,,,,pick up the bbq sauce and place it in the basket,pick up the bbq sauce and place it in the basket view 0 0 100 8 358 initstate 0,pick_up_the_bbq_sauce_and_place_it_in_the_basket_view_0_0_100_8_358_initstate_0
752,Camera Viewpoints,2,3,pick_up_the_bbq_sauce_and_place_it_in_the_basket,46,0,100,0,0,0,,,,,,,,pick up the bbq sauce and place it in the basket,pick up the bbq sauce and place it in the basket view 46 0 100 0 0 initstate 0,pick_up_the_bbq_sauce_and_place_it_in_the_basket_view_46_0_100_0_0_initstate_0
753,Camera Viewpoints,1,4,pick_up_the_bbq_sauce_and_place_it_in_the_basket,46,15,100,0,0,0,,,,,,,,pick up the bbq sauce and place it in the basket,pick up the bbq sauce and place it in the basket view 46 15 100 0 0 initstate 0,pick_up_the_bbq_sauce_and_place_it_in_the_basket_view_46_15_100_0_0_initstate_0
754,Camera Viewpoints,2,3,pick_up_the_bbq_sauce_and_place_it_in_the_basket,47,0,100,0,0,0,,,,,,,,pick up the bbq sauce and place it in the basket,pick up the bbq sauce and place it in the basket view 47 0 100 0 0 initstate 0,pick_up_the_bbq_sauce_and_place_it_in_the_basket_view_47_0_100_0_0_initstate_0
755,Camera Viewpoints,3,2,pick_up_the_bbq_sauce_and_place_it_in_the_basket,47,15,100,0,0,0,,,,,,,,pick up the bbq sauce and place it in the basket,pick up the bbq sauce and place it in the basket view 47 15 100 0 0 initstate 0,pick_up_the_bbq_sauce_and_place_it_in_the_basket_view_47_15_100_0_0_initstate_0
756,Camera Viewpoints,3,2,pick_up_the_bbq_sauce_and_place_it_in_the_basket,48,0,100,0,0,0,,,,,,,,pick up the bbq sauce and place it in the basket,pick up the bbq sauce and place it in the basket view 48 0 100 0 0 initstate 0,pick_up_the_bbq_sauce_and_place_it_in_the_basket_view_48_0_100_0_0_initstate_0
757,Camera Viewpoints,2,3,pick_up_the_bbq_sauce_and_place_it_in_the_basket,48,15,100,0,0,0,,,,,,,,pick up the bbq sauce and place it in the basket,pick up the bbq sauce and place it in the basket view 48 15 100 0 0 initstate 0,pick_up_the_bbq_sauce_and_place_it_in_the_basket_view_48_15_100_0_0_initstate_0
758,Camera Viewpoints,3,2,pick_up_the_bbq_sauce_and_place_it_in_the_basket,49,0,100,0,0,0,,,,,,,,pick up the bbq sauce and place it in the basket,pick up the bbq sauce and place it in the basket view 49 0 100 0 0 initstate 0,pick_up_the_bbq_sauce_and_place_it_in_the_basket_view_49_0_100_0_0_initstate_0
759,Camera Viewpoints,3,2,pick_up_the_bbq_sauce_and_place_it_in_the_basket,49,15,100,0,0,0,,,,,,,,pick up the bbq sauce and place it in the basket,pick up the bbq sauce and place it in the basket view 49 15 100 0 0 initstate 0,pick_up_the_bbq_sauce_and_place_it_in_the_basket_view_49_15_100_0_0_initstate_0
760,Camera Viewpoints,3,2,pick_up_the_bbq_sauce_and_place_it_in_the_basket,50,0,100,0,0,0,,,,,,,,pick up the bbq sauce and place it in the basket,pick up the bbq sauce and place it in the basket view 50 0 100 0 0 initstate 0,pick_up_the_bbq_sauce_and_place_it_in_the_basket_view_50_0_100_0_0_initstate_0
761,Camera Viewpoints,3,2,pick_up_the_bbq_sauce_and_place_it_in_the_basket,51,0,100,0,0,0,,,,,,,,pick up the bbq sauce and place it in the basket,pick up the bbq sauce and place it in the basket view 51 0 100 0 0 initstate 0,pick_up_the_bbq_sauce_and_place_it_in_the_basket_view_51_0_100_0_0_initstate_0
762,Camera Viewpoints,2,3,pick_up_the_bbq_sauce_and_place_it_in_the_basket,51,15,100,0,0,0,,,,,,,,pick up the bbq sauce and place it in the basket,pick up the bbq sauce and place it in the basket view 51 15 100 0 0 initstate 0,pick_up_the_bbq_sauce_and_place_it_in_the_basket_view_51_15_100_0_0_initstate_0
763,Camera Viewpoints,3,2,pick_up_the_bbq_sauce_and_place_it_in_the_basket,52,0,100,0,0,0,,,,,,,,pick up the bbq sauce and place it in the basket,pick up the bbq sauce and place it in the basket view 52 0 100 0 0 initstate 0,pick_up_the_bbq_sauce_and_place_it_in_the_basket_view_52_0_100_0_0_initstate_0
764,Camera Viewpoints,3,2,pick_up_the_bbq_sauce_and_place_it_in_the_basket,52,15,100,0,0,0,,,,,,,,pick up the bbq sauce and place it in the basket,pick up the bbq sauce and place it in the basket view 52 15 100 0 0 initstate 0,pick_up_the_bbq_sauce_and_place_it_in_the_basket_view_52_15_100_0_0_initstate_0
765,Camera Viewpoints,2,3,pick_up_the_bbq_sauce_and_place_it_in_the_basket,53,0,100,0,0,0,,,,,,,,pick up the bbq sauce and place it in the basket,pick up the bbq sauce and place it in the basket view 53 0 100 0 0 initstate 0,pick_up_the_bbq_sauce_and_place_it_in_the_basket_view_53_0_100_0_0_initstate_0
766,Camera Viewpoints,3,2,pick_up_the_bbq_sauce_and_place_it_in_the_basket,53,15,100,0,0,0,,,,,,,,pick up the bbq sauce and place it in the basket,pick up the bbq sauce and place it in the basket view 53 15 100 0 0 initstate 0,pick_up_the_bbq_sauce_and_place_it_in_the_basket_view_53_15_100_0_0_initstate_0
767,Camera Viewpoints,2,3,pick_up_the_bbq_sauce_and_place_it_in_the_basket,54,0,100,0,0,0,,,,,,,,pick up the bbq sauce and place it in the basket,pick up the bbq sauce and place it in the basket view 54 0 100 0 0 initstate 0,pick_up_the_bbq_sauce_and_place_it_in_the_basket_view_54_0_100_0_0_initstate_0
768,Camera Viewpoints,3,2,pick_up_the_bbq_sauce_and_place_it_in_the_basket,54,15,100,0,0,0,,,,,,,,pick up the bbq sauce and place it in the basket,pick up the bbq sauce and place it in the basket view 54 15 100 0 0 initstate 0,pick_up_the_bbq_sauce_and_place_it_in_the_basket_view_54_15_100_0_0_initstate_0
769,Camera Viewpoints,3,2,pick_up_the_bbq_sauce_and_place_it_in_the_basket,55,0,100,0,0,0,,,,,,,,pick up the bbq sauce and place it in the basket,pick up the bbq sauce and place it in the basket view 55 0 100 0 0 initstate 0,pick_up_the_bbq_sauce_and_place_it_in_the_basket_view_55_0_100_0_0_initstate_0
770,Camera Viewpoints,3,2,pick_up_the_bbq_sauce_and_place_it_in_the_basket,55,15,100,0,0,0,,,,,,,,pick up the bbq sauce and place it in the basket,pick up the bbq sauce and place it in the basket view 55 15 100 0 0 initstate 0,pick_up_the_bbq_sauce_and_place_it_in_the_basket_view_55_15_100_0_0_initstate_0
771,Camera Viewpoints,5,0,pick_up_the_bbq_sauce_and_place_it_in_the_basket,56,0,100,0,0,0,,,,,,,,pick up the bbq sauce and place it in the basket,pick up the bbq sauce and place it in the basket view 56 0 100 0 0 initstate 0,pick_up_the_bbq_sauce_and_place_it_in_the_basket_view_56_0_100_0_0_initstate_0
772,Camera Viewpoints,3,2,pick_up_the_bbq_sauce_and_place_it_in_the_basket,56,15,100,0,0,0,,,,,,,,pick up the bbq sauce and place it in the basket,pick up the bbq sauce and place it in the basket view 56 15 100 0 0 initstate 0,pick_up_the_bbq_sauce_and_place_it_in_the_basket_view_56_15_100_0_0_initstate_0
773,Camera Viewpoints,3,2,pick_up_the_bbq_sauce_and_place_it_in_the_basket,57,0,100,0,0,0,,,,,,,,pick up the bbq sauce and place it in the basket,pick up the bbq sauce and place it in the basket view 57 0 100 0 0 initstate 0,pick_up_the_bbq_sauce_and_place_it_in_the_basket_view_57_0_100_0_0_initstate_0
774,Camera Viewpoints,3,2,pick_up_the_bbq_sauce_and_place_it_in_the_basket,57,15,100,0,0,0,,,,,,,,pick up the bbq sauce and place it in the basket,pick up the bbq sauce and place it in the basket view 57 15 100 0 0 initstate 0,pick_up_the_bbq_sauce_and_place_it_in_the_basket_view_57_15_100_0_0_initstate_0
775,Camera Viewpoints,2,3,pick_up_the_bbq_sauce_and_place_it_in_the_basket,58,0,100,0,0,0,,,,,,,,pick up the bbq sauce and place it in the basket,pick up the bbq sauce and place it in the basket view 58 0 100 0 0 initstate 0,pick_up_the_bbq_sauce_and_place_it_in_the_basket_view_58_0_100_0_0_initstate_0
776,Camera Viewpoints,3,2,pick_up_the_bbq_sauce_and_place_it_in_the_basket,58,15,100,0,0,0,,,,,,,,pick up the bbq sauce and place it in the basket,pick up the bbq sauce and place it in the basket view 58 15 100 0 0 initstate 0,pick_up_the_bbq_sauce_and_place_it_in_the_basket_view_58_15_100_0_0_initstate_0
777,Camera Viewpoints,2,3,pick_up_the_bbq_sauce_and_place_it_in_the_basket,59,0,100,0,0,0,,,,,,,,pick up the bbq sauce and place it in the basket,pick up the bbq sauce and place it in the basket view 59 0 100 0 0 initstate 0,pick_up_the_bbq_sauce_and_place_it_in_the_basket_view_59_0_100_0_0_initstate_0
778,Camera Viewpoints,2,3,pick_up_the_bbq_sauce_and_place_it_in_the_basket,59,15,100,0,0,0,,,,,,,,pick up the bbq sauce and place it in the basket,pick up the bbq sauce and place it in the basket view 59 15 100 0 0 initstate 0,pick_up_the_bbq_sauce_and_place_it_in_the_basket_view_59_15_100_0_0_initstate_0
779,Camera Viewpoints,3,2,pick_up_the_bbq_sauce_and_place_it_in_the_basket,60,0,100,0,0,0,,,,,,,,pick up the bbq sauce and place it in the basket,pick up the bbq sauce and place it in the basket view 60 0 100 0 0 initstate 0,pick_up_the_bbq_sauce_and_place_it_in_the_basket_view_60_0_100_0_0_initstate_0
780,Camera Viewpoints,3,2,pick_up_the_bbq_sauce_and_place_it_in_the_basket,60,15,100,0,0,0,,,,,,,,pick up the bbq sauce and place it in the basket,pick up the bbq sauce and place it in the basket view 60 15 100 0 0 initstate 0,pick_up_the_bbq_sauce_and_place_it_in_the_basket_view_60_15_100_0_0_initstate_0
781,Camera Viewpoints,5,0,pick_up_the_ketchup_and_place_it_in_the_basket,0,0,141,0,0,0,,,,,,,,pick up the ketchup and place it in the basket,pick up the ketchup and place it in the basket view 0 0 141 0 0 initstate 0,pick_up_the_ketchup_and_place_it_in_the_basket_view_0_0_141_0_0_initstate_0
782,Camera Viewpoints,5,0,pick_up_the_ketchup_and_place_it_in_the_basket,0,0,142,0,0,0,,,,,,,,pick up the ketchup and place it in the basket,pick up the ketchup and place it in the basket view 0 0 142 0 0 initstate 0,pick_up_the_ketchup_and_place_it_in_the_basket_view_0_0_142_0_0_initstate_0
783,Camera Viewpoints,4,1,pick_up_the_ketchup_and_place_it_in_the_basket,0,0,143,0,0,0,,,,,,,,pick up the ketchup and place it in the basket,pick up the ketchup and place it in the basket view 0 0 143 0 0 initstate 0,pick_up_the_ketchup_and_place_it_in_the_basket_view_0_0_143_0_0_initstate_0
784,Camera Viewpoints,5,0,pick_up_the_ketchup_and_place_it_in_the_basket,0,0,144,0,0,0,,,,,,,,pick up the ketchup and place it in the basket,pick up the ketchup and place it in the basket view 0 0 144 0 0 initstate 0,pick_up_the_ketchup_and_place_it_in_the_basket_view_0_0_144_0_0_initstate_0
785,Camera Viewpoints,4,1,pick_up_the_ketchup_and_place_it_in_the_basket,0,0,145,0,0,0,,,,,,,,pick up the ketchup and place it in the basket,pick up the ketchup and place it in the basket view 0 0 145 0 0 initstate 0,pick_up_the_ketchup_and_place_it_in_the_basket_view_0_0_145_0_0_initstate_0
786,Camera Viewpoints,5,0,pick_up_the_ketchup_and_place_it_in_the_basket,0,0,146,0,0,0,,,,,,,,pick up the ketchup and place it in the basket,pick up the ketchup and place it in the basket view 0 0 146 0 0 initstate 0,pick_up_the_ketchup_and_place_it_in_the_basket_view_0_0_146_0_0_initstate_0
787,Camera Viewpoints,5,0,pick_up_the_ketchup_and_place_it_in_the_basket,0,0,147,0,0,0,,,,,,,,pick up the ketchup and place it in the basket,pick up the ketchup and place it in the basket view 0 0 147 0 0 initstate 0,pick_up_the_ketchup_and_place_it_in_the_basket_view_0_0_147_0_0_initstate_0
788,Camera Viewpoints,5,0,pick_up_the_ketchup_and_place_it_in_the_basket,0,0,148,0,0,0,,,,,,,,pick up the ketchup and place it in the basket,pick up the ketchup and place it in the basket view 0 0 148 0 0 initstate 0,pick_up_the_ketchup_and_place_it_in_the_basket_view_0_0_148_0_0_initstate_0
789,Camera Viewpoints,4,1,pick_up_the_ketchup_and_place_it_in_the_basket,0,0,149,0,0,0,,,,,,,,pick up the ketchup and place it in the basket,pick up the ketchup and place it in the basket view 0 0 149 0 0 initstate 0,pick_up_the_ketchup_and_place_it_in_the_basket_view_0_0_149_0_0_initstate_0
790,Camera Viewpoints,5,0,pick_up_the_ketchup_and_place_it_in_the_basket,0,0,150,0,0,0,,,,,,,,pick up the ketchup and place it in the basket,pick up the ketchup and place it in the basket view 0 0 150 0 0 initstate 0,pick_up_the_ketchup_and_place_it_in_the_basket_view_0_0_150_0_0_initstate_0
791,Camera Viewpoints,4,1,pick_up_the_ketchup_and_place_it_in_the_basket,0,0,100,10,2,0,,,,,,,,pick up the ketchup and place it in the basket,pick up the ketchup and place it in the basket view 0 0 100 10 2 initstate 0,pick_up_the_ketchup_and_place_it_in_the_basket_view_0_0_100_10_2_initstate_0
792,Camera Viewpoints,3,2,pick_up_the_ketchup_and_place_it_in_the_basket,0,0,100,10,4,0,,,,,,,,pick up the ketchup and place it in the basket,pick up the ketchup and place it in the basket view 0 0 100 10 4 initstate 0,pick_up_the_ketchup_and_place_it_in_the_basket_view_0_0_100_10_4_initstate_0
793,Camera Viewpoints,5,0,pick_up_the_ketchup_and_place_it_in_the_basket,0,0,100,10,6,0,,,,,,,,pick up the ketchup and place it in the basket,pick up the ketchup and place it in the basket view 0 0 100 10 6 initstate 0,pick_up_the_ketchup_and_place_it_in_the_basket_view_0_0_100_10_6_initstate_0
794,Camera Viewpoints,5,0,pick_up_the_ketchup_and_place_it_in_the_basket,0,0,100,10,8,0,,,,,,,,pick up the ketchup and place it in the basket,pick up the ketchup and place it in the basket view 0 0 100 10 8 initstate 0,pick_up_the_ketchup_and_place_it_in_the_basket_view_0_0_100_10_8_initstate_0
795,Camera Viewpoints,5,0,pick_up_the_ketchup_and_place_it_in_the_basket,0,0,100,10,10,0,,,,,,,,pick up the ketchup and place it in the basket,pick up the ketchup and place it in the basket view 0 0 100 10 10 initstate 0,pick_up_the_ketchup_and_place_it_in_the_basket_view_0_0_100_10_10_initstate_0
796,Camera Viewpoints,2,3,pick_up_the_ketchup_and_place_it_in_the_basket,0,0,100,10,350,0,,,,,,,,pick up the ketchup and place it in the basket,pick up the ketchup and place it in the basket view 0 0 100 10 350 initstate 0,pick_up_the_ketchup_and_place_it_in_the_basket_view_0_0_100_10_350_initstate_0
797,Camera Viewpoints,2,3,pick_up_the_ketchup_and_place_it_in_the_basket,0,0,100,10,352,0,,,,,,,,pick up the ketchup and place it in the basket,pick up the ketchup and place it in the basket view 0 0 100 10 352 initstate 0,pick_up_the_ketchup_and_place_it_in_the_basket_view_0_0_100_10_352_initstate_0
798,Camera Viewpoints,2,3,pick_up_the_ketchup_and_place_it_in_the_basket,0,0,100,10,354,0,,,,,,,,pick up the ketchup and place it in the basket,pick up the ketchup and place it in the basket view 0 0 100 10 354 initstate 0,pick_up_the_ketchup_and_place_it_in_the_basket_view_0_0_100_10_354_initstate_0
799,Camera Viewpoints,2,3,pick_up_the_ketchup_and_place_it_in_the_basket,0,0,100,10,356,0,,,,,,,,pick up the ketchup and place it in the basket,pick up the ketchup and place it in the basket view 0 0 100 10 356 initstate 0,pick_up_the_ketchup_and_place_it_in_the_basket_view_0_0_100_10_356_initstate_0
800,Camera Viewpoints,2,3,pick_up_the_ketchup_and_place_it_in_the_basket,0,0,100,10,358,0,,,,,,,,pick up the ketchup and place it in the basket,pick up the ketchup and place it in the basket view 0 0 100 10 358 initstate 0,pick_up_the_ketchup_and_place_it_in_the_basket_view_0_0_100_10_358_initstate_0
801,Camera Viewpoints,5,0,pick_up_the_ketchup_and_place_it_in_the_basket,61,0,100,0,0,0,,,,,,,,pick up the ketchup and place it in the basket,pick up the ketchup and place it in the basket view 61 0 100 0 0 initstate 0,pick_up_the_ketchup_and_place_it_in_the_basket_view_61_0_100_0_0_initstate_0
802,Camera Viewpoints,5,0,pick_up_the_ketchup_and_place_it_in_the_basket,61,15,100,0,0,0,,,,,,,,pick up the ketchup and place it in the basket,pick up the ketchup and place it in the basket view 61 15 100 0 0 initstate 0,pick_up_the_ketchup_and_place_it_in_the_basket_view_61_15_100_0_0_initstate_0
803,Camera Viewpoints,5,0,pick_up_the_ketchup_and_place_it_in_the_basket,62,0,100,0,0,0,,,,,,,,pick up the ketchup and place it in the basket,pick up the ketchup and place it in the basket view 62 0 100 0 0 initstate 0,pick_up_the_ketchup_and_place_it_in_the_basket_view_62_0_100_0_0_initstate_0
804,Camera Viewpoints,5,0,pick_up_the_ketchup_and_place_it_in_the_basket,63,0,100,0,0,0,,,,,,,,pick up the ketchup and place it in the basket,pick up the ketchup and place it in the basket view 63 0 100 0 0 initstate 0,pick_up_the_ketchup_and_place_it_in_the_basket_view_63_0_100_0_0_initstate_0
805,Camera Viewpoints,5,0,pick_up_the_ketchup_and_place_it_in_the_basket,63,15,100,0,0,0,,,,,,,,pick up the ketchup and place it in the basket,pick up the ketchup and place it in the basket view 63 15 100 0 0 initstate 0,pick_up_the_ketchup_and_place_it_in_the_basket_view_63_15_100_0_0_initstate_0
806,Camera Viewpoints,5,0,pick_up_the_ketchup_and_place_it_in_the_basket,64,15,100,0,0,0,,,,,,,,pick up the ketchup and place it in the basket,pick up the ketchup and place it in the basket view 64 15 100 0 0 initstate 0,pick_up_the_ketchup_and_place_it_in_the_basket_view_64_15_100_0_0_initstate_0
807,Camera Viewpoints,5,0,pick_up_the_ketchup_and_place_it_in_the_basket,65,0,100,0,0,0,,,,,,,,pick up the ketchup and place it in the basket,pick up the ketchup and place it in the basket view 65 0 100 0 0 initstate 0,pick_up_the_ketchup_and_place_it_in_the_basket_view_65_0_100_0_0_initstate_0
808,Camera Viewpoints,5,0,pick_up_the_ketchup_and_place_it_in_the_basket,65,15,100,0,0,0,,,,,,,,pick up the ketchup and place it in the basket,pick up the ketchup and place it in the basket view 65 15 100 0 0 initstate 0,pick_up_the_ketchup_and_place_it_in_the_basket_view_65_15_100_0_0_initstate_0
809,Camera Viewpoints,5,0,pick_up_the_ketchup_and_place_it_in_the_basket,66,0,100,0,0,0,,,,,,,,pick up the ketchup and place it in the basket,pick up the ketchup and place it in the basket view 66 0 100 0 0 initstate 0,pick_up_the_ketchup_and_place_it_in_the_basket_view_66_0_100_0_0_initstate_0
810,Camera Viewpoints,5,0,pick_up_the_ketchup_and_place_it_in_the_basket,66,15,100,0,0,0,,,,,,,,pick up the ketchup and place it in the basket,pick up the ketchup and place it in the basket view 66 15 100 0 0 initstate 0,pick_up_the_ketchup_and_place_it_in_the_basket_view_66_15_100_0_0_initstate_0
811,Camera Viewpoints,5,0,pick_up_the_ketchup_and_place_it_in_the_basket,67,0,100,0,0,0,,,,,,,,pick up the ketchup and place it in the basket,pick up the ketchup and place it in the basket view 67 0 100 0 0 initstate 0,pick_up_the_ketchup_and_place_it_in_the_basket_view_67_0_100_0_0_initstate_0
812,Camera Viewpoints,5,0,pick_up_the_ketchup_and_place_it_in_the_basket,67,15,100,0,0,0,,,,,,,,pick up the ketchup and place it in the basket,pick up the ketchup and place it in the basket view 67 15 100 0 0 initstate 0,pick_up_the_ketchup_and_place_it_in_the_basket_view_67_15_100_0_0_initstate_0
813,Camera Viewpoints,5,0,pick_up_the_ketchup_and_place_it_in_the_basket,68,0,100,0,0,0,,,,,,,,pick up the ketchup and place it in the basket,pick up the ketchup and place it in the basket view 68 0 100 0 0 initstate 0,pick_up_the_ketchup_and_place_it_in_the_basket_view_68_0_100_0_0_initstate_0
814,Camera Viewpoints,5,0,pick_up_the_ketchup_and_place_it_in_the_basket,68,15,100,0,0,0,,,,,,,,pick up the ketchup and place it in the basket,pick up the ketchup and place it in the basket view 68 15 100 0 0 initstate 0,pick_up_the_ketchup_and_place_it_in_the_basket_view_68_15_100_0_0_initstate_0
815,Camera Viewpoints,5,0,pick_up_the_ketchup_and_place_it_in_the_basket,69,0,100,0,0,0,,,,,,,,pick up the ketchup and place it in the basket,pick up the ketchup and place it in the basket view 69 0 100 0 0 initstate 0,pick_up_the_ketchup_and_place_it_in_the_basket_view_69_0_100_0_0_initstate_0
816,Camera Viewpoints,5,0,pick_up_the_ketchup_and_place_it_in_the_basket,70,0,100,0,0,0,,,,,,,,pick up the ketchup and place it in the basket,pick up the ketchup and place it in the basket view 70 0 100 0 0 initstate 0,pick_up_the_ketchup_and_place_it_in_the_basket_view_70_0_100_0_0_initstate_0
817,Camera Viewpoints,5,0,pick_up_the_ketchup_and_place_it_in_the_basket,70,15,100,0,0,0,,,,,,,,pick up the ketchup and place it in the basket,pick up the ketchup and place it in the basket view 70 15 100 0 0 initstate 0,pick_up_the_ketchup_and_place_it_in_the_basket_view_70_15_100_0_0_initstate_0
818,Camera Viewpoints,5,0,pick_up_the_ketchup_and_place_it_in_the_basket,71,0,100,0,0,0,,,,,,,,pick up the ketchup and place it in the basket,pick up the ketchup and place it in the basket view 71 0 100 0 0 initstate 0,pick_up_the_ketchup_and_place_it_in_the_basket_view_71_0_100_0_0_initstate_0
819,Camera Viewpoints,5,0,pick_up_the_ketchup_and_place_it_in_the_basket,71,15,100,0,0,0,,,,,,,,pick up the ketchup and place it in the basket,pick up the ketchup and place it in the basket view 71 15 100 0 0 initstate 0,pick_up_the_ketchup_and_place_it_in_the_basket_view_71_15_100_0_0_initstate_0
820,Camera Viewpoints,5,0,pick_up_the_ketchup_and_place_it_in_the_basket,72,0,100,0,0,0,,,,,,,,pick up the ketchup and place it in the basket,pick up the ketchup and place it in the basket view 72 0 100 0 0 initstate 0,pick_up_the_ketchup_and_place_it_in_the_basket_view_72_0_100_0_0_initstate_0
821,Camera Viewpoints,5,0,pick_up_the_ketchup_and_place_it_in_the_basket,72,15,100,0,0,0,,,,,,,,pick up the ketchup and place it in the basket,pick up the ketchup and place it in the basket view 72 15 100 0 0 initstate 0,pick_up_the_ketchup_and_place_it_in_the_basket_view_72_15_100_0_0_initstate_0
822,Camera Viewpoints,5,0,pick_up_the_ketchup_and_place_it_in_the_basket,73,0,100,0,0,0,,,,,,,,pick up the ketchup and place it in the basket,pick up the ketchup and place it in the basket view 73 0 100 0 0 initstate 0,pick_up_the_ketchup_and_place_it_in_the_basket_view_73_0_100_0_0_initstate_0
823,Camera Viewpoints,5,0,pick_up_the_ketchup_and_place_it_in_the_basket,73,15,100,0,0,0,,,,,,,,pick up the ketchup and place it in the basket,pick up the ketchup and place it in the basket view 73 15 100 0 0 initstate 0,pick_up_the_ketchup_and_place_it_in_the_basket_view_73_15_100_0_0_initstate_0
824,Camera Viewpoints,5,0,pick_up_the_ketchup_and_place_it_in_the_basket,74,0,100,0,0,0,,,,,,,,pick up the ketchup and place it in the basket,pick up the ketchup and place it in the basket view 74 0 100 0 0 initstate 0,pick_up_the_ketchup_and_place_it_in_the_basket_view_74_0_100_0_0_initstate_0
825,Camera Viewpoints,5,0,pick_up_the_ketchup_and_place_it_in_the_basket,74,15,100,0,0,0,,,,,,,,pick up the ketchup and place it in the basket,pick up the ketchup and place it in the basket view 74 15 100 0 0 initstate 0,pick_up_the_ketchup_and_place_it_in_the_basket_view_74_15_100_0_0_initstate_0
826,Camera Viewpoints,5,0,pick_up_the_ketchup_and_place_it_in_the_basket,75,0,100,0,0,0,,,,,,,,pick up the ketchup and place it in the basket,pick up the ketchup and place it in the basket view 75 0 100 0 0 initstate 0,pick_up_the_ketchup_and_place_it_in_the_basket_view_75_0_100_0_0_initstate_0
827,Camera Viewpoints,5,0,pick_up_the_ketchup_and_place_it_in_the_basket,75,15,100,0,0,0,,,,,,,,pick up the ketchup and place it in the basket,pick up the ketchup and place it in the basket view 75 15 100 0 0 initstate 0,pick_up_the_ketchup_and_place_it_in_the_basket_view_75_15_100_0_0_initstate_0
828,Camera Viewpoints,5,0,pick_up_the_tomato_sauce_and_place_it_in_the_basket,0,0,151,0,0,0,,,,,,,,pick up the tomato sauce and place it in the basket,pick up the tomato sauce and place it in the basket view 0 0 151 0 0 initstate 0,pick_up_the_tomato_sauce_and_place_it_in_the_basket_view_0_0_151_0_0_initstate_0
829,Camera Viewpoints,5,0,pick_up_the_tomato_sauce_and_place_it_in_the_basket,0,0,152,0,0,0,,,,,,,,pick up the tomato sauce and place it in the basket,pick up the tomato sauce and place it in the basket view 0 0 152 0 0 initstate 0,pick_up_the_tomato_sauce_and_place_it_in_the_basket_view_0_0_152_0_0_initstate_0
830,Camera Viewpoints,5,0,pick_up_the_tomato_sauce_and_place_it_in_the_basket,0,0,153,0,0,0,,,,,,,,pick up the tomato sauce and place it in the basket,pick up the tomato sauce and place it in the basket view 0 0 153 0 0 initstate 0,pick_up_the_tomato_sauce_and_place_it_in_the_basket_view_0_0_153_0_0_initstate_0
831,Camera Viewpoints,5,0,pick_up_the_tomato_sauce_and_place_it_in_the_basket,0,0,154,0,0,0,,,,,,,,pick up the tomato sauce and place it in the basket,pick up the tomato sauce and place it in the basket view 0 0 154 0 0 initstate 0,pick_up_the_tomato_sauce_and_place_it_in_the_basket_view_0_0_154_0_0_initstate_0
832,Camera Viewpoints,5,0,pick_up_the_tomato_sauce_and_place_it_in_the_basket,0,0,155,0,0,0,,,,,,,,pick up the tomato sauce and place it in the basket,pick up the tomato sauce and place it in the basket view 0 0 155 0 0 initstate 0,pick_up_the_tomato_sauce_and_place_it_in_the_basket_view_0_0_155_0_0_initstate_0
833,Camera Viewpoints,5,0,pick_up_the_tomato_sauce_and_place_it_in_the_basket,0,0,156,0,0,0,,,,,,,,pick up the tomato sauce and place it in the basket,pick up the tomato sauce and place it in the basket view 0 0 156 0 0 initstate 0,pick_up_the_tomato_sauce_and_place_it_in_the_basket_view_0_0_156_0_0_initstate_0
834,Camera Viewpoints,5,0,pick_up_the_tomato_sauce_and_place_it_in_the_basket,0,0,157,0,0,0,,,,,,,,pick up the tomato sauce and place it in the basket,pick up the tomato sauce and place it in the basket view 0 0 157 0 0 initstate 0,pick_up_the_tomato_sauce_and_place_it_in_the_basket_view_0_0_157_0_0_initstate_0
835,Camera Viewpoints,5,0,pick_up_the_tomato_sauce_and_place_it_in_the_basket,0,0,158,0,0,0,,,,,,,,pick up the tomato sauce and place it in the basket,pick up the tomato sauce and place it in the basket view 0 0 158 0 0 initstate 0,pick_up_the_tomato_sauce_and_place_it_in_the_basket_view_0_0_158_0_0_initstate_0
836,Camera Viewpoints,5,0,pick_up_the_tomato_sauce_and_place_it_in_the_basket,0,0,159,0,0,0,,,,,,,,pick up the tomato sauce and place it in the basket,pick up the tomato sauce and place it in the basket view 0 0 159 0 0 initstate 0,pick_up_the_tomato_sauce_and_place_it_in_the_basket_view_0_0_159_0_0_initstate_0
837,Camera Viewpoints,5,0,pick_up_the_tomato_sauce_and_place_it_in_the_basket,0,0,160,0,0,0,,,,,,,,pick up the tomato sauce and place it in the basket,pick up the tomato sauce and place it in the basket view 0 0 160 0 0 initstate 0,pick_up_the_tomato_sauce_and_place_it_in_the_basket_view_0_0_160_0_0_initstate_0
838,Camera Viewpoints,2,3,pick_up_the_tomato_sauce_and_place_it_in_the_basket,0,0,100,350,2,0,,,,,,,,pick up the tomato sauce and place it in the basket,pick up the tomato sauce and place it in the basket view 0 0 100 350 2 initstate 0,pick_up_the_tomato_sauce_and_place_it_in_the_basket_view_0_0_100_350_2_initstate_0
839,Camera Viewpoints,2,3,pick_up_the_tomato_sauce_and_place_it_in_the_basket,0,0,100,350,4,0,,,,,,,,pick up the tomato sauce and place it in the basket,pick up the tomato sauce and place it in the basket view 0 0 100 350 4 initstate 0,pick_up_the_tomato_sauce_and_place_it_in_the_basket_view_0_0_100_350_4_initstate_0
840,Camera Viewpoints,2,3,pick_up_the_tomato_sauce_and_place_it_in_the_basket,0,0,100,350,6,0,,,,,,,,pick up the tomato sauce and place it in the basket,pick up the tomato sauce and place it in the basket view 0 0 100 350 6 initstate 0,pick_up_the_tomato_sauce_and_place_it_in_the_basket_view_0_0_100_350_6_initstate_0
841,Camera Viewpoints,2,3,pick_up_the_tomato_sauce_and_place_it_in_the_basket,0,0,100,350,8,0,,,,,,,,pick up the tomato sauce and place it in the basket,pick up the tomato sauce and place it in the basket view 0 0 100 350 8 initstate 0,pick_up_the_tomato_sauce_and_place_it_in_the_basket_view_0_0_100_350_8_initstate_0
842,Camera Viewpoints,3,2,pick_up_the_tomato_sauce_and_place_it_in_the_basket,0,0,100,350,10,0,,,,,,,,pick up the tomato sauce and place it in the basket,pick up the tomato sauce and place it in the basket view 0 0 100 350 10 initstate 0,pick_up_the_tomato_sauce_and_place_it_in_the_basket_view_0_0_100_350_10_initstate_0
843,Camera Viewpoints,4,1,pick_up_the_tomato_sauce_and_place_it_in_the_basket,0,0,100,350,350,0,,,,,,,,pick up the tomato sauce and place it in the basket,pick up the tomato sauce and place it in the basket view 0 0 100 350 350 initstate 0,pick_up_the_tomato_sauce_and_place_it_in_the_basket_view_0_0_100_350_350_initstate_0
844,Camera Viewpoints,4,1,pick_up_the_tomato_sauce_and_place_it_in_the_basket,0,0,100,350,352,0,,,,,,,,pick up the tomato sauce and place it in the basket,pick up the tomato sauce and place it in the basket view 0 0 100 350 352 initstate 0,pick_up_the_tomato_sauce_and_place_it_in_the_basket_view_0_0_100_350_352_initstate_0
845,Camera Viewpoints,4,1,pick_up_the_tomato_sauce_and_place_it_in_the_basket,0,0,100,350,354,0,,,,,,,,pick up the tomato sauce and place it in the basket,pick up the tomato sauce and place it in the basket view 0 0 100 350 354 initstate 0,pick_up_the_tomato_sauce_and_place_it_in_the_basket_view_0_0_100_350_354_initstate_0
846,Camera Viewpoints,5,0,pick_up_the_tomato_sauce_and_place_it_in_the_basket,0,0,100,350,356,0,,,,,,,,pick up the tomato sauce and place it in the basket,pick up the tomato sauce and place it in the basket view 0 0 100 350 356 initstate 0,pick_up_the_tomato_sauce_and_place_it_in_the_basket_view_0_0_100_350_356_initstate_0
847,Camera Viewpoints,2,3,pick_up_the_tomato_sauce_and_place_it_in_the_basket,0,0,100,350,358,0,,,,,,,,pick up the tomato sauce and place it in the basket,pick up the tomato sauce and place it in the basket view 0 0 100 350 358 initstate 0,pick_up_the_tomato_sauce_and_place_it_in_the_basket_view_0_0_100_350_358_initstate_0
848,Camera Viewpoints,4,1,pick_up_the_tomato_sauce_and_place_it_in_the_basket,285,0,100,0,0,0,,,,,,,,pick up the tomato sauce and place it in the basket,pick up the tomato sauce and place it in the basket view 285 0 100 0 0 initstate 0,pick_up_the_tomato_sauce_and_place_it_in_the_basket_view_285_0_100_0_0_initstate_0
849,Camera Viewpoints,4,1,pick_up_the_tomato_sauce_and_place_it_in_the_basket,285,15,100,0,0,0,,,,,,,,pick up the tomato sauce and place it in the basket,pick up the tomato sauce and place it in the basket view 285 15 100 0 0 initstate 0,pick_up_the_tomato_sauce_and_place_it_in_the_basket_view_285_15_100_0_0_initstate_0
850,Camera Viewpoints,3,2,pick_up_the_tomato_sauce_and_place_it_in_the_basket,286,0,100,0,0,0,,,,,,,,pick up the tomato sauce and place it in the basket,pick up the tomato sauce and place it in the basket view 286 0 100 0 0 initstate 0,pick_up_the_tomato_sauce_and_place_it_in_the_basket_view_286_0_100_0_0_initstate_0
851,Camera Viewpoints,4,1,pick_up_the_tomato_sauce_and_place_it_in_the_basket,286,15,100,0,0,0,,,,,,,,pick up the tomato sauce and place it in the basket,pick up the tomato sauce and place it in the basket view 286 15 100 0 0 initstate 0,pick_up_the_tomato_sauce_and_place_it_in_the_basket_view_286_15_100_0_0_initstate_0
852,Camera Viewpoints,3,2,pick_up_the_tomato_sauce_and_place_it_in_the_basket,287,0,100,0,0,0,,,,,,,,pick up the tomato sauce and place it in the basket,pick up the tomato sauce and place it in the basket view 287 0 100 0 0 initstate 0,pick_up_the_tomato_sauce_and_place_it_in_the_basket_view_287_0_100_0_0_initstate_0
853,Camera Viewpoints,5,0,pick_up_the_tomato_sauce_and_place_it_in_the_basket,287,15,100,0,0,0,,,,,,,,pick up the tomato sauce and place it in the basket,pick up the tomato sauce and place it in the basket view 287 15 100 0 0 initstate 0,pick_up_the_tomato_sauce_and_place_it_in_the_basket_view_287_15_100_0_0_initstate_0
854,Camera Viewpoints,2,3,pick_up_the_tomato_sauce_and_place_it_in_the_basket,288,0,100,0,0,0,,,,,,,,pick up the tomato sauce and place it in the basket,pick up the tomato sauce and place it in the basket view 288 0 100 0 0 initstate 0,pick_up_the_tomato_sauce_and_place_it_in_the_basket_view_288_0_100_0_0_initstate_0
855,Camera Viewpoints,5,0,pick_up_the_tomato_sauce_and_place_it_in_the_basket,288,15,100,0,0,0,,,,,,,,pick up the tomato sauce and place it in the basket,pick up the tomato sauce and place it in the basket view 288 15 100 0 0 initstate 0,pick_up_the_tomato_sauce_and_place_it_in_the_basket_view_288_15_100_0_0_initstate_0
856,Camera Viewpoints,4,1,pick_up_the_tomato_sauce_and_place_it_in_the_basket,289,0,100,0,0,0,,,,,,,,pick up the tomato sauce and place it in the basket,pick up the tomato sauce and place it in the basket view 289 0 100 0 0 initstate 0,pick_up_the_tomato_sauce_and_place_it_in_the_basket_view_289_0_100_0_0_initstate_0
857,Camera Viewpoints,4,1,pick_up_the_tomato_sauce_and_place_it_in_the_basket,289,15,100,0,0,0,,,,,,,,pick up the tomato sauce and place it in the basket,pick up the tomato sauce and place it in the basket view 289 15 100 0 0 initstate 0,pick_up_the_tomato_sauce_and_place_it_in_the_basket_view_289_15_100_0_0_initstate_0
858,Camera Viewpoints,5,0,pick_up_the_tomato_sauce_and_place_it_in_the_basket,290,0,100,0,0,0,,,,,,,,pick up the tomato sauce and place it in the basket,pick up the tomato sauce and place it in the basket view 290 0 100 0 0 initstate 0,pick_up_the_tomato_sauce_and_place_it_in_the_basket_view_290_0_100_0_0_initstate_0
859,Camera Viewpoints,5,0,pick_up_the_tomato_sauce_and_place_it_in_the_basket,290,15,100,0,0,0,,,,,,,,pick up the tomato sauce and place it in the basket,pick up the tomato sauce and place it in the basket view 290 15 100 0 0 initstate 0,pick_up_the_tomato_sauce_and_place_it_in_the_basket_view_290_15_100_0_0_initstate_0
860,Camera Viewpoints,2,3,pick_up_the_tomato_sauce_and_place_it_in_the_basket,291,0,100,0,0,0,,,,,,,,pick up the tomato sauce and place it in the basket,pick up the tomato sauce and place it in the basket view 291 0 100 0 0 initstate 0,pick_up_the_tomato_sauce_and_place_it_in_the_basket_view_291_0_100_0_0_initstate_0
861,Camera Viewpoints,4,1,pick_up_the_tomato_sauce_and_place_it_in_the_basket,291,15,100,0,0,0,,,,,,,,pick up the tomato sauce and place it in the basket,pick up the tomato sauce and place it in the basket view 291 15 100 0 0 initstate 0,pick_up_the_tomato_sauce_and_place_it_in_the_basket_view_291_15_100_0_0_initstate_0
862,Camera Viewpoints,5,0,pick_up_the_tomato_sauce_and_place_it_in_the_basket,292,0,100,0,0,0,,,,,,,,pick up the tomato sauce and place it in the basket,pick up the tomato sauce and place it in the basket view 292 0 100 0 0 initstate 0,pick_up_the_tomato_sauce_and_place_it_in_the_basket_view_292_0_100_0_0_initstate_0
863,Camera Viewpoints,2,3,pick_up_the_tomato_sauce_and_place_it_in_the_basket,292,15,100,0,0,0,,,,,,,,pick up the tomato sauce and place it in the basket,pick up the tomato sauce and place it in the basket view 292 15 100 0 0 initstate 0,pick_up_the_tomato_sauce_and_place_it_in_the_basket_view_292_15_100_0_0_initstate_0
864,Camera Viewpoints,3,2,pick_up_the_tomato_sauce_and_place_it_in_the_basket,293,0,100,0,0,0,,,,,,,,pick up the tomato sauce and place it in the basket,pick up the tomato sauce and place it in the basket view 293 0 100 0 0 initstate 0,pick_up_the_tomato_sauce_and_place_it_in_the_basket_view_293_0_100_0_0_initstate_0
865,Camera Viewpoints,5,0,pick_up_the_tomato_sauce_and_place_it_in_the_basket,293,15,100,0,0,0,,,,,,,,pick up the tomato sauce and place it in the basket,pick up the tomato sauce and place it in the basket view 293 15 100 0 0 initstate 0,pick_up_the_tomato_sauce_and_place_it_in_the_basket_view_293_15_100_0_0_initstate_0
866,Camera Viewpoints,4,1,pick_up_the_tomato_sauce_and_place_it_in_the_basket,294,0,100,0,0,0,,,,,,,,pick up the tomato sauce and place it in the basket,pick up the tomato sauce and place it in the basket view 294 0 100 0 0 initstate 0,pick_up_the_tomato_sauce_and_place_it_in_the_basket_view_294_0_100_0_0_initstate_0
867,Camera Viewpoints,4,1,pick_up_the_tomato_sauce_and_place_it_in_the_basket,294,15,100,0,0,0,,,,,,,,pick up the tomato sauce and place it in the basket,pick up the tomato sauce and place it in the basket view 294 15 100 0 0 initstate 0,pick_up_the_tomato_sauce_and_place_it_in_the_basket_view_294_15_100_0_0_initstate_0
868,Camera Viewpoints,5,0,pick_up_the_tomato_sauce_and_place_it_in_the_basket,295,0,100,0,0,0,,,,,,,,pick up the tomato sauce and place it in the basket,pick up the tomato sauce and place it in the basket view 295 0 100 0 0 initstate 0,pick_up_the_tomato_sauce_and_place_it_in_the_basket_view_295_0_100_0_0_initstate_0
869,Camera Viewpoints,4,1,pick_up_the_tomato_sauce_and_place_it_in_the_basket,295,15,100,0,0,0,,,,,,,,pick up the tomato sauce and place it in the basket,pick up the tomato sauce and place it in the basket view 295 15 100 0 0 initstate 0,pick_up_the_tomato_sauce_and_place_it_in_the_basket_view_295_15_100_0_0_initstate_0
870,Camera Viewpoints,4,1,pick_up_the_tomato_sauce_and_place_it_in_the_basket,296,0,100,0,0,0,,,,,,,,pick up the tomato sauce and place it in the basket,pick up the tomato sauce and place it in the basket view 296 0 100 0 0 initstate 0,pick_up_the_tomato_sauce_and_place_it_in_the_basket_view_296_0_100_0_0_initstate_0
871,Camera Viewpoints,4,1,pick_up_the_tomato_sauce_and_place_it_in_the_basket,296,15,100,0,0,0,,,,,,,,pick up the tomato sauce and place it in the basket,pick up the tomato sauce and place it in the basket view 296 15 100 0 0 initstate 0,pick_up_the_tomato_sauce_and_place_it_in_the_basket_view_296_15_100_0_0_initstate_0
872,Camera Viewpoints,5,0,pick_up_the_tomato_sauce_and_place_it_in_the_basket,297,0,100,0,0,0,,,,,,,,pick up the tomato sauce and place it in the basket,pick up the tomato sauce and place it in the basket view 297 0 100 0 0 initstate 0,pick_up_the_tomato_sauce_and_place_it_in_the_basket_view_297_0_100_0_0_initstate_0
873,Camera Viewpoints,5,0,pick_up_the_tomato_sauce_and_place_it_in_the_basket,297,15,100,0,0,0,,,,,,,,pick up the tomato sauce and place it in the basket,pick up the tomato sauce and place it in the basket view 297 15 100 0 0 initstate 0,pick_up_the_tomato_sauce_and_place_it_in_the_basket_view_297_15_100_0_0_initstate_0
874,Camera Viewpoints,5,0,pick_up_the_tomato_sauce_and_place_it_in_the_basket,298,0,100,0,0,0,,,,,,,,pick up the tomato sauce and place it in the basket,pick up the tomato sauce and place it in the basket view 298 0 100 0 0 initstate 0,pick_up_the_tomato_sauce_and_place_it_in_the_basket_view_298_0_100_0_0_initstate_0
875,Camera Viewpoints,5,0,pick_up_the_tomato_sauce_and_place_it_in_the_basket,298,15,100,0,0,0,,,,,,,,pick up the tomato sauce and place it in the basket,pick up the tomato sauce and place it in the basket view 298 15 100 0 0 initstate 0,pick_up_the_tomato_sauce_and_place_it_in_the_basket_view_298_15_100_0_0_initstate_0
876,Camera Viewpoints,5,0,pick_up_the_tomato_sauce_and_place_it_in_the_basket,299,0,100,0,0,0,,,,,,,,pick up the tomato sauce and place it in the basket,pick up the tomato sauce and place it in the basket view 299 0 100 0 0 initstate 0,pick_up_the_tomato_sauce_and_place_it_in_the_basket_view_299_0_100_0_0_initstate_0
877,Camera Viewpoints,5,0,pick_up_the_tomato_sauce_and_place_it_in_the_basket,299,15,100,0,0,0,,,,,,,,pick up the tomato sauce and place it in the basket,pick up the tomato sauce and place it in the basket view 299 15 100 0 0 initstate 0,pick_up_the_tomato_sauce_and_place_it_in_the_basket_view_299_15_100_0_0_initstate_0
878,Camera Viewpoints,4,1,pick_up_the_butter_and_place_it_in_the_basket,0,0,161,0,0,0,,,,,,,,pick up the butter and place it in the basket,pick up the butter and place it in the basket view 0 0 161 0 0 initstate 0,pick_up_the_butter_and_place_it_in_the_basket_view_0_0_161_0_0_initstate_0
879,Camera Viewpoints,4,1,pick_up_the_butter_and_place_it_in_the_basket,0,0,162,0,0,0,,,,,,,,pick up the butter and place it in the basket,pick up the butter and place it in the basket view 0 0 162 0 0 initstate 0,pick_up_the_butter_and_place_it_in_the_basket_view_0_0_162_0_0_initstate_0
880,Camera Viewpoints,4,1,pick_up_the_butter_and_place_it_in_the_basket,0,0,163,0,0,0,,,,,,,,pick up the butter and place it in the basket,pick up the butter and place it in the basket view 0 0 163 0 0 initstate 0,pick_up_the_butter_and_place_it_in_the_basket_view_0_0_163_0_0_initstate_0
881,Camera Viewpoints,3,2,pick_up_the_butter_and_place_it_in_the_basket,0,0,164,0,0,0,,,,,,,,pick up the butter and place it in the basket,pick up the butter and place it in the basket view 0 0 164 0 0 initstate 0,pick_up_the_butter_and_place_it_in_the_basket_view_0_0_164_0_0_initstate_0
882,Camera Viewpoints,5,0,pick_up_the_butter_and_place_it_in_the_basket,0,0,165,0,0,0,,,,,,,,pick up the butter and place it in the basket,pick up the butter and place it in the basket view 0 0 165 0 0 initstate 0,pick_up_the_butter_and_place_it_in_the_basket_view_0_0_165_0_0_initstate_0
883,Camera Viewpoints,5,0,pick_up_the_butter_and_place_it_in_the_basket,0,0,166,0,0,0,,,,,,,,pick up the butter and place it in the basket,pick up the butter and place it in the basket view 0 0 166 0 0 initstate 0,pick_up_the_butter_and_place_it_in_the_basket_view_0_0_166_0_0_initstate_0
884,Camera Viewpoints,4,1,pick_up_the_butter_and_place_it_in_the_basket,0,0,167,0,0,0,,,,,,,,pick up the butter and place it in the basket,pick up the butter and place it in the basket view 0 0 167 0 0 initstate 0,pick_up_the_butter_and_place_it_in_the_basket_view_0_0_167_0_0_initstate_0
885,Camera Viewpoints,5,0,pick_up_the_butter_and_place_it_in_the_basket,0,0,168,0,0,0,,,,,,,,pick up the butter and place it in the basket,pick up the butter and place it in the basket view 0 0 168 0 0 initstate 0,pick_up_the_butter_and_place_it_in_the_basket_view_0_0_168_0_0_initstate_0
886,Camera Viewpoints,4,1,pick_up_the_butter_and_place_it_in_the_basket,0,0,169,0,0,0,,,,,,,,pick up the butter and place it in the basket,pick up the butter and place it in the basket view 0 0 169 0 0 initstate 0,pick_up_the_butter_and_place_it_in_the_basket_view_0_0_169_0_0_initstate_0
887,Camera Viewpoints,4,1,pick_up_the_butter_and_place_it_in_the_basket,0,0,170,0,0,0,,,,,,,,pick up the butter and place it in the basket,pick up the butter and place it in the basket view 0 0 170 0 0 initstate 0,pick_up_the_butter_and_place_it_in_the_basket_view_0_0_170_0_0_initstate_0
888,Camera Viewpoints,2,3,pick_up_the_butter_and_place_it_in_the_basket,0,0,100,352,2,0,,,,,,,,pick up the butter and place it in the basket,pick up the butter and place it in the basket view 0 0 100 352 2 initstate 0,pick_up_the_butter_and_place_it_in_the_basket_view_0_0_100_352_2_initstate_0
889,Camera Viewpoints,1,4,pick_up_the_butter_and_place_it_in_the_basket,0,0,100,352,4,0,,,,,,,,pick up the butter and place it in the basket,pick up the butter and place it in the basket view 0 0 100 352 4 initstate 0,pick_up_the_butter_and_place_it_in_the_basket_view_0_0_100_352_4_initstate_0
890,Camera Viewpoints,2,3,pick_up_the_butter_and_place_it_in_the_basket,0,0,100,352,6,0,,,,,,,,pick up the butter and place it in the basket,pick up the butter and place it in the basket view 0 0 100 352 6 initstate 0,pick_up_the_butter_and_place_it_in_the_basket_view_0_0_100_352_6_initstate_0
891,Camera Viewpoints,2,3,pick_up_the_butter_and_place_it_in_the_basket,0,0,100,352,10,0,,,,,,,,pick up the butter and place it in the basket,pick up the butter and place it in the basket view 0 0 100 352 10 initstate 0,pick_up_the_butter_and_place_it_in_the_basket_view_0_0_100_352_10_initstate_0
892,Camera Viewpoints,4,1,pick_up_the_butter_and_place_it_in_the_basket,0,0,100,352,350,0,,,,,,,,pick up the butter and place it in the basket,pick up the butter and place it in the basket view 0 0 100 352 350 initstate 0,pick_up_the_butter_and_place_it_in_the_basket_view_0_0_100_352_350_initstate_0
893,Camera Viewpoints,4,1,pick_up_the_butter_and_place_it_in_the_basket,0,0,100,352,352,0,,,,,,,,pick up the butter and place it in the basket,pick up the butter and place it in the basket view 0 0 100 352 352 initstate 0,pick_up_the_butter_and_place_it_in_the_basket_view_0_0_100_352_352_initstate_0
894,Camera Viewpoints,4,1,pick_up_the_butter_and_place_it_in_the_basket,0,0,100,352,354,0,,,,,,,,pick up the butter and place it in the basket,pick up the butter and place it in the basket view 0 0 100 352 354 initstate 0,pick_up_the_butter_and_place_it_in_the_basket_view_0_0_100_352_354_initstate_0
895,Camera Viewpoints,2,3,pick_up_the_butter_and_place_it_in_the_basket,0,0,100,352,356,0,,,,,,,,pick up the butter and place it in the basket,pick up the butter and place it in the basket view 0 0 100 352 356 initstate 0,pick_up_the_butter_and_place_it_in_the_basket_view_0_0_100_352_356_initstate_0
896,Camera Viewpoints,2,3,pick_up_the_butter_and_place_it_in_the_basket,0,0,100,352,358,0,,,,,,,,pick up the butter and place it in the basket,pick up the butter and place it in the basket view 0 0 100 352 358 initstate 0,pick_up_the_butter_and_place_it_in_the_basket_view_0_0_100_352_358_initstate_0
897,Camera Viewpoints,5,0,pick_up_the_butter_and_place_it_in_the_basket,300,0,100,0,0,0,,,,,,,,pick up the butter and place it in the basket,pick up the butter and place it in the basket view 300 0 100 0 0 initstate 0,pick_up_the_butter_and_place_it_in_the_basket_view_300_0_100_0_0_initstate_0
898,Camera Viewpoints,5,0,pick_up_the_butter_and_place_it_in_the_basket,300,15,100,0,0,0,,,,,,,,pick up the butter and place it in the basket,pick up the butter and place it in the basket view 300 15 100 0 0 initstate 0,pick_up_the_butter_and_place_it_in_the_basket_view_300_15_100_0_0_initstate_0
899,Camera Viewpoints,5,0,pick_up_the_butter_and_place_it_in_the_basket,301,0,100,0,0,0,,,,,,,,pick up the butter and place it in the basket,pick up the butter and place it in the basket view 301 0 100 0 0 initstate 0,pick_up_the_butter_and_place_it_in_the_basket_view_301_0_100_0_0_initstate_0
900,Camera Viewpoints,5,0,pick_up_the_butter_and_place_it_in_the_basket,301,15,100,0,0,0,,,,,,,,pick up the butter and place it in the basket,pick up the butter and place it in the basket view 301 15 100 0 0 initstate 0,pick_up_the_butter_and_place_it_in_the_basket_view_301_15_100_0_0_initstate_0
901,Camera Viewpoints,5,0,pick_up_the_butter_and_place_it_in_the_basket,302,0,100,0,0,0,,,,,,,,pick up the butter and place it in the basket,pick up the butter and place it in the basket view 302 0 100 0 0 initstate 0,pick_up_the_butter_and_place_it_in_the_basket_view_302_0_100_0_0_initstate_0
902,Camera Viewpoints,5,0,pick_up_the_butter_and_place_it_in_the_basket,302,15,100,0,0,0,,,,,,,,pick up the butter and place it in the basket,pick up the butter and place it in the basket view 302 15 100 0 0 initstate 0,pick_up_the_butter_and_place_it_in_the_basket_view_302_15_100_0_0_initstate_0
903,Camera Viewpoints,5,0,pick_up_the_butter_and_place_it_in_the_basket,303,0,100,0,0,0,,,,,,,,pick up the butter and place it in the basket,pick up the butter and place it in the basket view 303 0 100 0 0 initstate 0,pick_up_the_butter_and_place_it_in_the_basket_view_303_0_100_0_0_initstate_0
904,Camera Viewpoints,4,1,pick_up_the_butter_and_place_it_in_the_basket,303,15,100,0,0,0,,,,,,,,pick up the butter and place it in the basket,pick up the butter and place it in the basket view 303 15 100 0 0 initstate 0,pick_up_the_butter_and_place_it_in_the_basket_view_303_15_100_0_0_initstate_0
905,Camera Viewpoints,5,0,pick_up_the_butter_and_place_it_in_the_basket,304,0,100,0,0,0,,,,,,,,pick up the butter and place it in the basket,pick up the butter and place it in the basket view 304 0 100 0 0 initstate 0,pick_up_the_butter_and_place_it_in_the_basket_view_304_0_100_0_0_initstate_0
906,Camera Viewpoints,5,0,pick_up_the_butter_and_place_it_in_the_basket,304,15,100,0,0,0,,,,,,,,pick up the butter and place it in the basket,pick up the butter and place it in the basket view 304 15 100 0 0 initstate 0,pick_up_the_butter_and_place_it_in_the_basket_view_304_15_100_0_0_initstate_0
907,Camera Viewpoints,5,0,pick_up_the_butter_and_place_it_in_the_basket,305,0,100,0,0,0,,,,,,,,pick up the butter and place it in the basket,pick up the butter and place it in the basket view 305 0 100 0 0 initstate 0,pick_up_the_butter_and_place_it_in_the_basket_view_305_0_100_0_0_initstate_0
908,Camera Viewpoints,5,0,pick_up_the_butter_and_place_it_in_the_basket,305,15,100,0,0,0,,,,,,,,pick up the butter and place it in the basket,pick up the butter and place it in the basket view 305 15 100 0 0 initstate 0,pick_up_the_butter_and_place_it_in_the_basket_view_305_15_100_0_0_initstate_0
909,Camera Viewpoints,5,0,pick_up_the_butter_and_place_it_in_the_basket,306,0,100,0,0,0,,,,,,,,pick up the butter and place it in the basket,pick up the butter and place it in the basket view 306 0 100 0 0 initstate 0,pick_up_the_butter_and_place_it_in_the_basket_view_306_0_100_0_0_initstate_0
910,Camera Viewpoints,5,0,pick_up_the_butter_and_place_it_in_the_basket,306,15,100,0,0,0,,,,,,,,pick up the butter and place it in the basket,pick up the butter and place it in the basket view 306 15 100 0 0 initstate 0,pick_up_the_butter_and_place_it_in_the_basket_view_306_15_100_0_0_initstate_0
911,Camera Viewpoints,5,0,pick_up_the_butter_and_place_it_in_the_basket,307,0,100,0,0,0,,,,,,,,pick up the butter and place it in the basket,pick up the butter and place it in the basket view 307 0 100 0 0 initstate 0,pick_up_the_butter_and_place_it_in_the_basket_view_307_0_100_0_0_initstate_0
912,Camera Viewpoints,5,0,pick_up_the_butter_and_place_it_in_the_basket,307,15,100,0,0,0,,,,,,,,pick up the butter and place it in the basket,pick up the butter and place it in the basket view 307 15 100 0 0 initstate 0,pick_up_the_butter_and_place_it_in_the_basket_view_307_15_100_0_0_initstate_0
913,Camera Viewpoints,4,1,pick_up_the_butter_and_place_it_in_the_basket,308,0,100,0,0,0,,,,,,,,pick up the butter and place it in the basket,pick up the butter and place it in the basket view 308 0 100 0 0 initstate 0,pick_up_the_butter_and_place_it_in_the_basket_view_308_0_100_0_0_initstate_0
914,Camera Viewpoints,5,0,pick_up_the_butter_and_place_it_in_the_basket,308,15,100,0,0,0,,,,,,,,pick up the butter and place it in the basket,pick up the butter and place it in the basket view 308 15 100 0 0 initstate 0,pick_up_the_butter_and_place_it_in_the_basket_view_308_15_100_0_0_initstate_0
915,Camera Viewpoints,5,0,pick_up_the_butter_and_place_it_in_the_basket,309,0,100,0,0,0,,,,,,,,pick up the butter and place it in the basket,pick up the butter and place it in the basket view 309 0 100 0 0 initstate 0,pick_up_the_butter_and_place_it_in_the_basket_view_309_0_100_0_0_initstate_0
916,Camera Viewpoints,5,0,pick_up_the_butter_and_place_it_in_the_basket,309,15,100,0,0,0,,,,,,,,pick up the butter and place it in the basket,pick up the butter and place it in the basket view 309 15 100 0 0 initstate 0,pick_up_the_butter_and_place_it_in_the_basket_view_309_15_100_0_0_initstate_0
917,Camera Viewpoints,4,1,pick_up_the_butter_and_place_it_in_the_basket,310,0,100,0,0,0,,,,,,,,pick up the butter and place it in the basket,pick up the butter and place it in the basket view 310 0 100 0 0 initstate 0,pick_up_the_butter_and_place_it_in_the_basket_view_310_0_100_0_0_initstate_0
918,Camera Viewpoints,4,1,pick_up_the_butter_and_place_it_in_the_basket,310,15,100,0,0,0,,,,,,,,pick up the butter and place it in the basket,pick up the butter and place it in the basket view 310 15 100 0 0 initstate 0,pick_up_the_butter_and_place_it_in_the_basket_view_310_15_100_0_0_initstate_0
919,Camera Viewpoints,5,0,pick_up_the_butter_and_place_it_in_the_basket,311,0,100,0,0,0,,,,,,,,pick up the butter and place it in the basket,pick up the butter and place it in the basket view 311 0 100 0 0 initstate 0,pick_up_the_butter_and_place_it_in_the_basket_view_311_0_100_0_0_initstate_0
920,Camera Viewpoints,4,1,pick_up_the_butter_and_place_it_in_the_basket,311,15,100,0,0,0,,,,,,,,pick up the butter and place it in the basket,pick up the butter and place it in the basket view 311 15 100 0 0 initstate 0,pick_up_the_butter_and_place_it_in_the_basket_view_311_15_100_0_0_initstate_0
921,Camera Viewpoints,5,0,pick_up_the_butter_and_place_it_in_the_basket,312,0,100,0,0,0,,,,,,,,pick up the butter and place it in the basket,pick up the butter and place it in the basket view 312 0 100 0 0 initstate 0,pick_up_the_butter_and_place_it_in_the_basket_view_312_0_100_0_0_initstate_0
922,Camera Viewpoints,4,1,pick_up_the_butter_and_place_it_in_the_basket,312,15,100,0,0,0,,,,,,,,pick up the butter and place it in the basket,pick up the butter and place it in the basket view 312 15 100 0 0 initstate 0,pick_up_the_butter_and_place_it_in_the_basket_view_312_15_100_0_0_initstate_0
923,Camera Viewpoints,5,0,pick_up_the_butter_and_place_it_in_the_basket,313,0,100,0,0,0,,,,,,,,pick up the butter and place it in the basket,pick up the butter and place it in the basket view 313 0 100 0 0 initstate 0,pick_up_the_butter_and_place_it_in_the_basket_view_313_0_100_0_0_initstate_0
924,Camera Viewpoints,4,1,pick_up_the_butter_and_place_it_in_the_basket,313,15,100,0,0,0,,,,,,,,pick up the butter and place it in the basket,pick up the butter and place it in the basket view 313 15 100 0 0 initstate 0,pick_up_the_butter_and_place_it_in_the_basket_view_313_15_100_0_0_initstate_0
925,Camera Viewpoints,5,0,pick_up_the_butter_and_place_it_in_the_basket,314,0,100,0,0,0,,,,,,,,pick up the butter and place it in the basket,pick up the butter and place it in the basket view 314 0 100 0 0 initstate 0,pick_up_the_butter_and_place_it_in_the_basket_view_314_0_100_0_0_initstate_0
926,Camera Viewpoints,4,1,pick_up_the_butter_and_place_it_in_the_basket,314,15,100,0,0,0,,,,,,,,pick up the butter and place it in the basket,pick up the butter and place it in the basket view 314 15 100 0 0 initstate 0,pick_up_the_butter_and_place_it_in_the_basket_view_314_15_100_0_0_initstate_0
927,Camera Viewpoints,5,0,pick_up_the_milk_and_place_it_in_the_basket,0,0,171,0,0,0,,,,,,,,pick up the milk and place it in the basket,pick up the milk and place it in the basket view 0 0 171 0 0 initstate 0,pick_up_the_milk_and_place_it_in_the_basket_view_0_0_171_0_0_initstate_0
928,Camera Viewpoints,5,0,pick_up_the_milk_and_place_it_in_the_basket,0,0,172,0,0,0,,,,,,,,pick up the milk and place it in the basket,pick up the milk and place it in the basket view 0 0 172 0 0 initstate 0,pick_up_the_milk_and_place_it_in_the_basket_view_0_0_172_0_0_initstate_0
929,Camera Viewpoints,5,0,pick_up_the_milk_and_place_it_in_the_basket,0,0,173,0,0,0,,,,,,,,pick up the milk and place it in the basket,pick up the milk and place it in the basket view 0 0 173 0 0 initstate 0,pick_up_the_milk_and_place_it_in_the_basket_view_0_0_173_0_0_initstate_0
930,Camera Viewpoints,5,0,pick_up_the_milk_and_place_it_in_the_basket,0,0,174,0,0,0,,,,,,,,pick up the milk and place it in the basket,pick up the milk and place it in the basket view 0 0 174 0 0 initstate 0,pick_up_the_milk_and_place_it_in_the_basket_view_0_0_174_0_0_initstate_0
931,Camera Viewpoints,5,0,pick_up_the_milk_and_place_it_in_the_basket,0,0,175,0,0,0,,,,,,,,pick up the milk and place it in the basket,pick up the milk and place it in the basket view 0 0 175 0 0 initstate 0,pick_up_the_milk_and_place_it_in_the_basket_view_0_0_175_0_0_initstate_0
932,Camera Viewpoints,5,0,pick_up_the_milk_and_place_it_in_the_basket,0,0,176,0,0,0,,,,,,,,pick up the milk and place it in the basket,pick up the milk and place it in the basket view 0 0 176 0 0 initstate 0,pick_up_the_milk_and_place_it_in_the_basket_view_0_0_176_0_0_initstate_0
933,Camera Viewpoints,5,0,pick_up_the_milk_and_place_it_in_the_basket,0,0,177,0,0,0,,,,,,,,pick up the milk and place it in the basket,pick up the milk and place it in the basket view 0 0 177 0 0 initstate 0,pick_up_the_milk_and_place_it_in_the_basket_view_0_0_177_0_0_initstate_0
934,Camera Viewpoints,5,0,pick_up_the_milk_and_place_it_in_the_basket,0,0,178,0,0,0,,,,,,,,pick up the milk and place it in the basket,pick up the milk and place it in the basket view 0 0 178 0 0 initstate 0,pick_up_the_milk_and_place_it_in_the_basket_view_0_0_178_0_0_initstate_0
935,Camera Viewpoints,5,0,pick_up_the_milk_and_place_it_in_the_basket,0,0,179,0,0,0,,,,,,,,pick up the milk and place it in the basket,pick up the milk and place it in the basket view 0 0 179 0 0 initstate 0,pick_up_the_milk_and_place_it_in_the_basket_view_0_0_179_0_0_initstate_0
936,Camera Viewpoints,5,0,pick_up_the_milk_and_place_it_in_the_basket,0,0,180,0,0,0,,,,,,,,pick up the milk and place it in the basket,pick up the milk and place it in the basket view 0 0 180 0 0 initstate 0,pick_up_the_milk_and_place_it_in_the_basket_view_0_0_180_0_0_initstate_0
937,Camera Viewpoints,5,0,pick_up_the_milk_and_place_it_in_the_basket,0,0,100,354,2,0,,,,,,,,pick up the milk and place it in the basket,pick up the milk and place it in the basket view 0 0 100 354 2 initstate 0,pick_up_the_milk_and_place_it_in_the_basket_view_0_0_100_354_2_initstate_0
938,Camera Viewpoints,4,1,pick_up_the_milk_and_place_it_in_the_basket,0,0,100,354,4,0,,,,,,,,pick up the milk and place it in the basket,pick up the milk and place it in the basket view 0 0 100 354 4 initstate 0,pick_up_the_milk_and_place_it_in_the_basket_view_0_0_100_354_4_initstate_0
939,Camera Viewpoints,4,1,pick_up_the_milk_and_place_it_in_the_basket,0,0,100,354,6,0,,,,,,,,pick up the milk and place it in the basket,pick up the milk and place it in the basket view 0 0 100 354 6 initstate 0,pick_up_the_milk_and_place_it_in_the_basket_view_0_0_100_354_6_initstate_0
940,Camera Viewpoints,5,0,pick_up_the_milk_and_place_it_in_the_basket,0,0,100,354,10,0,,,,,,,,pick up the milk and place it in the basket,pick up the milk and place it in the basket view 0 0 100 354 10 initstate 0,pick_up_the_milk_and_place_it_in_the_basket_view_0_0_100_354_10_initstate_0
941,Camera Viewpoints,4,1,pick_up_the_milk_and_place_it_in_the_basket,0,0,100,354,350,0,,,,,,,,pick up the milk and place it in the basket,pick up the milk and place it in the basket view 0 0 100 354 350 initstate 0,pick_up_the_milk_and_place_it_in_the_basket_view_0_0_100_354_350_initstate_0
942,Camera Viewpoints,3,2,pick_up_the_milk_and_place_it_in_the_basket,0,0,100,354,352,0,,,,,,,,pick up the milk and place it in the basket,pick up the milk and place it in the basket view 0 0 100 354 352 initstate 0,pick_up_the_milk_and_place_it_in_the_basket_view_0_0_100_354_352_initstate_0
943,Camera Viewpoints,2,3,pick_up_the_milk_and_place_it_in_the_basket,0,0,100,354,354,0,,,,,,,,pick up the milk and place it in the basket,pick up the milk and place it in the basket view 0 0 100 354 354 initstate 0,pick_up_the_milk_and_place_it_in_the_basket_view_0_0_100_354_354_initstate_0
944,Camera Viewpoints,2,3,pick_up_the_milk_and_place_it_in_the_basket,0,0,100,354,356,0,,,,,,,,pick up the milk and place it in the basket,pick up the milk and place it in the basket view 0 0 100 354 356 initstate 0,pick_up_the_milk_and_place_it_in_the_basket_view_0_0_100_354_356_initstate_0
945,Camera Viewpoints,2,3,pick_up_the_milk_and_place_it_in_the_basket,0,0,100,354,358,0,,,,,,,,pick up the milk and place it in the basket,pick up the milk and place it in the basket view 0 0 100 354 358 initstate 0,pick_up_the_milk_and_place_it_in_the_basket_view_0_0_100_354_358_initstate_0
946,Camera Viewpoints,5,0,pick_up_the_milk_and_place_it_in_the_basket,315,0,100,0,0,0,,,,,,,,pick up the milk and place it in the basket,pick up the milk and place it in the basket view 315 0 100 0 0 initstate 0,pick_up_the_milk_and_place_it_in_the_basket_view_315_0_100_0_0_initstate_0
947,Camera Viewpoints,5,0,pick_up_the_milk_and_place_it_in_the_basket,315,15,100,0,0,0,,,,,,,,pick up the milk and place it in the basket,pick up the milk and place it in the basket view 315 15 100 0 0 initstate 0,pick_up_the_milk_and_place_it_in_the_basket_view_315_15_100_0_0_initstate_0
948,Camera Viewpoints,5,0,pick_up_the_milk_and_place_it_in_the_basket,316,0,100,0,0,0,,,,,,,,pick up the milk and place it in the basket,pick up the milk and place it in the basket view 316 0 100 0 0 initstate 0,pick_up_the_milk_and_place_it_in_the_basket_view_316_0_100_0_0_initstate_0
949,Camera Viewpoints,5,0,pick_up_the_milk_and_place_it_in_the_basket,316,15,100,0,0,0,,,,,,,,pick up the milk and place it in the basket,pick up the milk and place it in the basket view 316 15 100 0 0 initstate 0,pick_up_the_milk_and_place_it_in_the_basket_view_316_15_100_0_0_initstate_0
950,Camera Viewpoints,5,0,pick_up_the_milk_and_place_it_in_the_basket,317,0,100,0,0,0,,,,,,,,pick up the milk and place it in the basket,pick up the milk and place it in the basket view 317 0 100 0 0 initstate 0,pick_up_the_milk_and_place_it_in_the_basket_view_317_0_100_0_0_initstate_0
951,Camera Viewpoints,5,0,pick_up_the_milk_and_place_it_in_the_basket,317,15,100,0,0,0,,,,,,,,pick up the milk and place it in the basket,pick up the milk and place it in the basket view 317 15 100 0 0 initstate 0,pick_up_the_milk_and_place_it_in_the_basket_view_317_15_100_0_0_initstate_0
952,Camera Viewpoints,4,1,pick_up_the_milk_and_place_it_in_the_basket,318,0,100,0,0,0,,,,,,,,pick up the milk and place it in the basket,pick up the milk and place it in the basket view 318 0 100 0 0 initstate 0,pick_up_the_milk_and_place_it_in_the_basket_view_318_0_100_0_0_initstate_0
953,Camera Viewpoints,5,0,pick_up_the_milk_and_place_it_in_the_basket,318,15,100,0,0,0,,,,,,,,pick up the milk and place it in the basket,pick up the milk and place it in the basket view 318 15 100 0 0 initstate 0,pick_up_the_milk_and_place_it_in_the_basket_view_318_15_100_0_0_initstate_0
954,Camera Viewpoints,5,0,pick_up_the_milk_and_place_it_in_the_basket,319,0,100,0,0,0,,,,,,,,pick up the milk and place it in the basket,pick up the milk and place it in the basket view 319 0 100 0 0 initstate 0,pick_up_the_milk_and_place_it_in_the_basket_view_319_0_100_0_0_initstate_0
955,Camera Viewpoints,5,0,pick_up_the_milk_and_place_it_in_the_basket,319,15,100,0,0,0,,,,,,,,pick up the milk and place it in the basket,pick up the milk and place it in the basket view 319 15 100 0 0 initstate 0,pick_up_the_milk_and_place_it_in_the_basket_view_319_15_100_0_0_initstate_0
956,Camera Viewpoints,5,0,pick_up_the_milk_and_place_it_in_the_basket,320,0,100,0,0,0,,,,,,,,pick up the milk and place it in the basket,pick up the milk and place it in the basket view 320 0 100 0 0 initstate 0,pick_up_the_milk_and_place_it_in_the_basket_view_320_0_100_0_0_initstate_0
957,Camera Viewpoints,5,0,pick_up_the_milk_and_place_it_in_the_basket,320,15,100,0,0,0,,,,,,,,pick up the milk and place it in the basket,pick up the milk and place it in the basket view 320 15 100 0 0 initstate 0,pick_up_the_milk_and_place_it_in_the_basket_view_320_15_100_0_0_initstate_0
958,Camera Viewpoints,5,0,pick_up_the_milk_and_place_it_in_the_basket,321,0,100,0,0,0,,,,,,,,pick up the milk and place it in the basket,pick up the milk and place it in the basket view 321 0 100 0 0 initstate 0,pick_up_the_milk_and_place_it_in_the_basket_view_321_0_100_0_0_initstate_0
959,Camera Viewpoints,5,0,pick_up_the_milk_and_place_it_in_the_basket,321,15,100,0,0,0,,,,,,,,pick up the milk and place it in the basket,pick up the milk and place it in the basket view 321 15 100 0 0 initstate 0,pick_up_the_milk_and_place_it_in_the_basket_view_321_15_100_0_0_initstate_0
960,Camera Viewpoints,5,0,pick_up_the_milk_and_place_it_in_the_basket,322,0,100,0,0,0,,,,,,,,pick up the milk and place it in the basket,pick up the milk and place it in the basket view 322 0 100 0 0 initstate 0,pick_up_the_milk_and_place_it_in_the_basket_view_322_0_100_0_0_initstate_0
961,Camera Viewpoints,5,0,pick_up_the_milk_and_place_it_in_the_basket,322,15,100,0,0,0,,,,,,,,pick up the milk and place it in the basket,pick up the milk and place it in the basket view 322 15 100 0 0 initstate 0,pick_up_the_milk_and_place_it_in_the_basket_view_322_15_100_0_0_initstate_0
962,Camera Viewpoints,5,0,pick_up_the_milk_and_place_it_in_the_basket,323,0,100,0,0,0,,,,,,,,pick up the milk and place it in the basket,pick up the milk and place it in the basket view 323 0 100 0 0 initstate 0,pick_up_the_milk_and_place_it_in_the_basket_view_323_0_100_0_0_initstate_0
963,Camera Viewpoints,5,0,pick_up_the_milk_and_place_it_in_the_basket,323,15,100,0,0,0,,,,,,,,pick up the milk and place it in the basket,pick up the milk and place it in the basket view 323 15 100 0 0 initstate 0,pick_up_the_milk_and_place_it_in_the_basket_view_323_15_100_0_0_initstate_0
964,Camera Viewpoints,4,1,pick_up_the_milk_and_place_it_in_the_basket,324,0,100,0,0,0,,,,,,,,pick up the milk and place it in the basket,pick up the milk and place it in the basket view 324 0 100 0 0 initstate 0,pick_up_the_milk_and_place_it_in_the_basket_view_324_0_100_0_0_initstate_0
965,Camera Viewpoints,4,1,pick_up_the_milk_and_place_it_in_the_basket,324,15,100,0,0,0,,,,,,,,pick up the milk and place it in the basket,pick up the milk and place it in the basket view 324 15 100 0 0 initstate 0,pick_up_the_milk_and_place_it_in_the_basket_view_324_15_100_0_0_initstate_0
966,Camera Viewpoints,4,1,pick_up_the_milk_and_place_it_in_the_basket,325,15,100,0,0,0,,,,,,,,pick up the milk and place it in the basket,pick up the milk and place it in the basket view 325 15 100 0 0 initstate 0,pick_up_the_milk_and_place_it_in_the_basket_view_325_15_100_0_0_initstate_0
967,Camera Viewpoints,5,0,pick_up_the_milk_and_place_it_in_the_basket,326,0,100,0,0,0,,,,,,,,pick up the milk and place it in the basket,pick up the milk and place it in the basket view 326 0 100 0 0 initstate 0,pick_up_the_milk_and_place_it_in_the_basket_view_326_0_100_0_0_initstate_0
968,Camera Viewpoints,5,0,pick_up_the_milk_and_place_it_in_the_basket,326,15,100,0,0,0,,,,,,,,pick up the milk and place it in the basket,pick up the milk and place it in the basket view 326 15 100 0 0 initstate 0,pick_up_the_milk_and_place_it_in_the_basket_view_326_15_100_0_0_initstate_0
969,Camera Viewpoints,4,1,pick_up_the_milk_and_place_it_in_the_basket,327,0,100,0,0,0,,,,,,,,pick up the milk and place it in the basket,pick up the milk and place it in the basket view 327 0 100 0 0 initstate 0,pick_up_the_milk_and_place_it_in_the_basket_view_327_0_100_0_0_initstate_0
970,Camera Viewpoints,5,0,pick_up_the_milk_and_place_it_in_the_basket,327,15,100,0,0,0,,,,,,,,pick up the milk and place it in the basket,pick up the milk and place it in the basket view 327 15 100 0 0 initstate 0,pick_up_the_milk_and_place_it_in_the_basket_view_327_15_100_0_0_initstate_0
971,Camera Viewpoints,3,2,pick_up_the_milk_and_place_it_in_the_basket,328,0,100,0,0,0,,,,,,,,pick up the milk and place it in the basket,pick up the milk and place it in the basket view 328 0 100 0 0 initstate 0,pick_up_the_milk_and_place_it_in_the_basket_view_328_0_100_0_0_initstate_0
972,Camera Viewpoints,5,0,pick_up_the_milk_and_place_it_in_the_basket,328,15,100,0,0,0,,,,,,,,pick up the milk and place it in the basket,pick up the milk and place it in the basket view 328 15 100 0 0 initstate 0,pick_up_the_milk_and_place_it_in_the_basket_view_328_15_100_0_0_initstate_0
973,Camera Viewpoints,3,2,pick_up_the_milk_and_place_it_in_the_basket,329,0,100,0,0,0,,,,,,,,pick up the milk and place it in the basket,pick up the milk and place it in the basket view 329 0 100 0 0 initstate 0,pick_up_the_milk_and_place_it_in_the_basket_view_329_0_100_0_0_initstate_0
974,Camera Viewpoints,5,0,pick_up_the_milk_and_place_it_in_the_basket,329,15,100,0,0,0,,,,,,,,pick up the milk and place it in the basket,pick up the milk and place it in the basket view 329 15 100 0 0 initstate 0,pick_up_the_milk_and_place_it_in_the_basket_view_329_15_100_0_0_initstate_0
975,Camera Viewpoints,4,1,pick_up_the_chocolate_pudding_and_place_it_in_the_basket,0,0,181,0,0,0,,,,,,,,pick up the chocolate pudding and place it in the basket,pick up the chocolate pudding and place it in the basket view 0 0 181 0 0 initstate 0,pick_up_the_chocolate_pudding_and_place_it_in_the_basket_view_0_0_181_0_0_initstate_0
976,Camera Viewpoints,5,0,pick_up_the_chocolate_pudding_and_place_it_in_the_basket,0,0,182,0,0,0,,,,,,,,pick up the chocolate pudding and place it in the basket,pick up the chocolate pudding and place it in the basket view 0 0 182 0 0 initstate 0,pick_up_the_chocolate_pudding_and_place_it_in_the_basket_view_0_0_182_0_0_initstate_0
977,Camera Viewpoints,5,0,pick_up_the_chocolate_pudding_and_place_it_in_the_basket,0,0,183,0,0,0,,,,,,,,pick up the chocolate pudding and place it in the basket,pick up the chocolate pudding and place it in the basket view 0 0 183 0 0 initstate 0,pick_up_the_chocolate_pudding_and_place_it_in_the_basket_view_0_0_183_0_0_initstate_0
978,Camera Viewpoints,5,0,pick_up_the_chocolate_pudding_and_place_it_in_the_basket,0,0,184,0,0,0,,,,,,,,pick up the chocolate pudding and place it in the basket,pick up the chocolate pudding and place it in the basket view 0 0 184 0 0 initstate 0,pick_up_the_chocolate_pudding_and_place_it_in_the_basket_view_0_0_184_0_0_initstate_0
979,Camera Viewpoints,5,0,pick_up_the_chocolate_pudding_and_place_it_in_the_basket,0,0,185,0,0,0,,,,,,,,pick up the chocolate pudding and place it in the basket,pick up the chocolate pudding and place it in the basket view 0 0 185 0 0 initstate 0,pick_up_the_chocolate_pudding_and_place_it_in_the_basket_view_0_0_185_0_0_initstate_0
980,Camera Viewpoints,5,0,pick_up_the_chocolate_pudding_and_place_it_in_the_basket,0,0,186,0,0,0,,,,,,,,pick up the chocolate pudding and place it in the basket,pick up the chocolate pudding and place it in the basket view 0 0 186 0 0 initstate 0,pick_up_the_chocolate_pudding_and_place_it_in_the_basket_view_0_0_186_0_0_initstate_0
981,Camera Viewpoints,5,0,pick_up_the_chocolate_pudding_and_place_it_in_the_basket,0,0,187,0,0,0,,,,,,,,pick up the chocolate pudding and place it in the basket,pick up the chocolate pudding and place it in the basket view 0 0 187 0 0 initstate 0,pick_up_the_chocolate_pudding_and_place_it_in_the_basket_view_0_0_187_0_0_initstate_0
982,Camera Viewpoints,5,0,pick_up_the_chocolate_pudding_and_place_it_in_the_basket,0,0,188,0,0,0,,,,,,,,pick up the chocolate pudding and place it in the basket,pick up the chocolate pudding and place it in the basket view 0 0 188 0 0 initstate 0,pick_up_the_chocolate_pudding_and_place_it_in_the_basket_view_0_0_188_0_0_initstate_0
983,Camera Viewpoints,5,0,pick_up_the_chocolate_pudding_and_place_it_in_the_basket,0,0,189,0,0,0,,,,,,,,pick up the chocolate pudding and place it in the basket,pick up the chocolate pudding and place it in the basket view 0 0 189 0 0 initstate 0,pick_up_the_chocolate_pudding_and_place_it_in_the_basket_view_0_0_189_0_0_initstate_0
984,Camera Viewpoints,5,0,pick_up_the_chocolate_pudding_and_place_it_in_the_basket,0,0,190,0,0,0,,,,,,,,pick up the chocolate pudding and place it in the basket,pick up the chocolate pudding and place it in the basket view 0 0 190 0 0 initstate 0,pick_up_the_chocolate_pudding_and_place_it_in_the_basket_view_0_0_190_0_0_initstate_0
985,Camera Viewpoints,3,2,pick_up_the_chocolate_pudding_and_place_it_in_the_basket,0,0,100,356,10,0,,,,,,,,pick up the chocolate pudding and place it in the basket,pick up the chocolate pudding and place it in the basket view 0 0 100 356 10 initstate 0,pick_up_the_chocolate_pudding_and_place_it_in_the_basket_view_0_0_100_356_10_initstate_0
986,Camera Viewpoints,4,1,pick_up_the_chocolate_pudding_and_place_it_in_the_basket,0,0,100,356,350,0,,,,,,,,pick up the chocolate pudding and place it in the basket,pick up the chocolate pudding and place it in the basket view 0 0 100 356 350 initstate 0,pick_up_the_chocolate_pudding_and_place_it_in_the_basket_view_0_0_100_356_350_initstate_0
987,Camera Viewpoints,2,3,pick_up_the_chocolate_pudding_and_place_it_in_the_basket,0,0,100,356,352,0,,,,,,,,pick up the chocolate pudding and place it in the basket,pick up the chocolate pudding and place it in the basket view 0 0 100 356 352 initstate 0,pick_up_the_chocolate_pudding_and_place_it_in_the_basket_view_0_0_100_356_352_initstate_0
988,Camera Viewpoints,1,4,pick_up_the_chocolate_pudding_and_place_it_in_the_basket,0,0,100,356,354,0,,,,,,,,pick up the chocolate pudding and place it in the basket,pick up the chocolate pudding and place it in the basket view 0 0 100 356 354 initstate 0,pick_up_the_chocolate_pudding_and_place_it_in_the_basket_view_0_0_100_356_354_initstate_0
989,Camera Viewpoints,1,4,pick_up_the_chocolate_pudding_and_place_it_in_the_basket,330,0,100,0,0,0,,,,,,,,pick up the chocolate pudding and place it in the basket,pick up the chocolate pudding and place it in the basket view 330 0 100 0 0 initstate 0,pick_up_the_chocolate_pudding_and_place_it_in_the_basket_view_330_0_100_0_0_initstate_0
990,Camera Viewpoints,3,2,pick_up_the_chocolate_pudding_and_place_it_in_the_basket,330,15,100,0,0,0,,,,,,,,pick up the chocolate pudding and place it in the basket,pick up the chocolate pudding and place it in the basket view 330 15 100 0 0 initstate 0,pick_up_the_chocolate_pudding_and_place_it_in_the_basket_view_330_15_100_0_0_initstate_0
991,Camera Viewpoints,1,4,pick_up_the_chocolate_pudding_and_place_it_in_the_basket,331,0,100,0,0,0,,,,,,,,pick up the chocolate pudding and place it in the basket,pick up the chocolate pudding and place it in the basket view 331 0 100 0 0 initstate 0,pick_up_the_chocolate_pudding_and_place_it_in_the_basket_view_331_0_100_0_0_initstate_0
992,Camera Viewpoints,3,2,pick_up_the_chocolate_pudding_and_place_it_in_the_basket,331,15,100,0,0,0,,,,,,,,pick up the chocolate pudding and place it in the basket,pick up the chocolate pudding and place it in the basket view 331 15 100 0 0 initstate 0,pick_up_the_chocolate_pudding_and_place_it_in_the_basket_view_331_15_100_0_0_initstate_0
993,Camera Viewpoints,1,4,pick_up_the_chocolate_pudding_and_place_it_in_the_basket,332,0,100,0,0,0,,,,,,,,pick up the chocolate pudding and place it in the basket,pick up the chocolate pudding and place it in the basket view 332 0 100 0 0 initstate 0,pick_up_the_chocolate_pudding_and_place_it_in_the_basket_view_332_0_100_0_0_initstate_0
994,Camera Viewpoints,3,2,pick_up_the_chocolate_pudding_and_place_it_in_the_basket,332,15,100,0,0,0,,,,,,,,pick up the chocolate pudding and place it in the basket,pick up the chocolate pudding and place it in the basket view 332 15 100 0 0 initstate 0,pick_up_the_chocolate_pudding_and_place_it_in_the_basket_view_332_15_100_0_0_initstate_0
995,Camera Viewpoints,1,4,pick_up_the_chocolate_pudding_and_place_it_in_the_basket,333,0,100,0,0,0,,,,,,,,pick up the chocolate pudding and place it in the basket,pick up the chocolate pudding and place it in the basket view 333 0 100 0 0 initstate 0,pick_up_the_chocolate_pudding_and_place_it_in_the_basket_view_333_0_100_0_0_initstate_0
996,Camera Viewpoints,4,1,pick_up_the_chocolate_pudding_and_place_it_in_the_basket,333,15,100,0,0,0,,,,,,,,pick up the chocolate pudding and place it in the basket,pick up the chocolate pudding and place it in the basket view 333 15 100 0 0 initstate 0,pick_up_the_chocolate_pudding_and_place_it_in_the_basket_view_333_15_100_0_0_initstate_0
997,Camera Viewpoints,2,3,pick_up_the_chocolate_pudding_and_place_it_in_the_basket,334,0,100,0,0,0,,,,,,,,pick up the chocolate pudding and place it in the basket,pick up the chocolate pudding and place it in the basket view 334 0 100 0 0 initstate 0,pick_up_the_chocolate_pudding_and_place_it_in_the_basket_view_334_0_100_0_0_initstate_0
998,Camera Viewpoints,3,2,pick_up_the_chocolate_pudding_and_place_it_in_the_basket,334,15,100,0,0,0,,,,,,,,pick up the chocolate pudding and place it in the basket,pick up the chocolate pudding and place it in the basket view 334 15 100 0 0 initstate 0,pick_up_the_chocolate_pudding_and_place_it_in_the_basket_view_334_15_100_0_0_initstate_0
999,Camera Viewpoints,2,3,pick_up_the_chocolate_pudding_and_place_it_in_the_basket,335,0,100,0,0,0,,,,,,,,pick up the chocolate pudding and place it in the basket,pick up the chocolate pudding and place it in the basket view 335 0 100 0 0 initstate 0,pick_up_the_chocolate_pudding_and_place_it_in_the_basket_view_335_0_100_0_0_initstate_0
1000,Camera Viewpoints,3,2,pick_up_the_chocolate_pudding_and_place_it_in_the_basket,335,15,100,0,0,0,,,,,,,,pick up the chocolate pudding and place it in the basket,pick up the chocolate pudding and place it in the basket view 335 15 100 0 0 initstate 0,pick_up_the_chocolate_pudding_and_place_it_in_the_basket_view_335_15_100_0_0_initstate_0
1001,Camera Viewpoints,1,4,pick_up_the_chocolate_pudding_and_place_it_in_the_basket,336,0,100,0,0,0,,,,,,,,pick up the chocolate pudding and place it in the basket,pick up the chocolate pudding and place it in the basket view 336 0 100 0 0 initstate 0,pick_up_the_chocolate_pudding_and_place_it_in_the_basket_view_336_0_100_0_0_initstate_0
1002,Camera Viewpoints,3,2,pick_up_the_chocolate_pudding_and_place_it_in_the_basket,336,15,100,0,0,0,,,,,,,,pick up the chocolate pudding and place it in the basket,pick up the chocolate pudding and place it in the basket view 336 15 100 0 0 initstate 0,pick_up_the_chocolate_pudding_and_place_it_in_the_basket_view_336_15_100_0_0_initstate_0
1003,Camera Viewpoints,1,4,pick_up_the_chocolate_pudding_and_place_it_in_the_basket,337,0,100,0,0,0,,,,,,,,pick up the chocolate pudding and place it in the basket,pick up the chocolate pudding and place it in the basket view 337 0 100 0 0 initstate 0,pick_up_the_chocolate_pudding_and_place_it_in_the_basket_view_337_0_100_0_0_initstate_0
1004,Camera Viewpoints,3,2,pick_up_the_chocolate_pudding_and_place_it_in_the_basket,337,15,100,0,0,0,,,,,,,,pick up the chocolate pudding and place it in the basket,pick up the chocolate pudding and place it in the basket view 337 15 100 0 0 initstate 0,pick_up_the_chocolate_pudding_and_place_it_in_the_basket_view_337_15_100_0_0_initstate_0
1005,Camera Viewpoints,1,4,pick_up_the_chocolate_pudding_and_place_it_in_the_basket,338,0,100,0,0,0,,,,,,,,pick up the chocolate pudding and place it in the basket,pick up the chocolate pudding and place it in the basket view 338 0 100 0 0 initstate 0,pick_up_the_chocolate_pudding_and_place_it_in_the_basket_view_338_0_100_0_0_initstate_0
1006,Camera Viewpoints,4,1,pick_up_the_chocolate_pudding_and_place_it_in_the_basket,338,15,100,0,0,0,,,,,,,,pick up the chocolate pudding and place it in the basket,pick up the chocolate pudding and place it in the basket view 338 15 100 0 0 initstate 0,pick_up_the_chocolate_pudding_and_place_it_in_the_basket_view_338_15_100_0_0_initstate_0
1007,Camera Viewpoints,1,4,pick_up_the_chocolate_pudding_and_place_it_in_the_basket,339,0,100,0,0,0,,,,,,,,pick up the chocolate pudding and place it in the basket,pick up the chocolate pudding and place it in the basket view 339 0 100 0 0 initstate 0,pick_up_the_chocolate_pudding_and_place_it_in_the_basket_view_339_0_100_0_0_initstate_0
1008,Camera Viewpoints,3,2,pick_up_the_chocolate_pudding_and_place_it_in_the_basket,339,15,100,0,0,0,,,,,,,,pick up the chocolate pudding and place it in the basket,pick up the chocolate pudding and place it in the basket view 339 15 100 0 0 initstate 0,pick_up_the_chocolate_pudding_and_place_it_in_the_basket_view_339_15_100_0_0_initstate_0
1009,Camera Viewpoints,1,4,pick_up_the_chocolate_pudding_and_place_it_in_the_basket,340,0,100,0,0,0,,,,,,,,pick up the chocolate pudding and place it in the basket,pick up the chocolate pudding and place it in the basket view 340 0 100 0 0 initstate 0,pick_up_the_chocolate_pudding_and_place_it_in_the_basket_view_340_0_100_0_0_initstate_0
1010,Camera Viewpoints,3,2,pick_up_the_chocolate_pudding_and_place_it_in_the_basket,340,15,100,0,0,0,,,,,,,,pick up the chocolate pudding and place it in the basket,pick up the chocolate pudding and place it in the basket view 340 15 100 0 0 initstate 0,pick_up_the_chocolate_pudding_and_place_it_in_the_basket_view_340_15_100_0_0_initstate_0
1011,Camera Viewpoints,2,3,pick_up_the_chocolate_pudding_and_place_it_in_the_basket,341,15,100,0,0,0,,,,,,,,pick up the chocolate pudding and place it in the basket,pick up the chocolate pudding and place it in the basket view 341 15 100 0 0 initstate 0,pick_up_the_chocolate_pudding_and_place_it_in_the_basket_view_341_15_100_0_0_initstate_0
1012,Camera Viewpoints,2,3,pick_up_the_chocolate_pudding_and_place_it_in_the_basket,342,0,100,0,0,0,,,,,,,,pick up the chocolate pudding and place it in the basket,pick up the chocolate pudding and place it in the basket view 342 0 100 0 0 initstate 0,pick_up_the_chocolate_pudding_and_place_it_in_the_basket_view_342_0_100_0_0_initstate_0
1013,Camera Viewpoints,1,4,pick_up_the_chocolate_pudding_and_place_it_in_the_basket,342,15,100,0,0,0,,,,,,,,pick up the chocolate pudding and place it in the basket,pick up the chocolate pudding and place it in the basket view 342 15 100 0 0 initstate 0,pick_up_the_chocolate_pudding_and_place_it_in_the_basket_view_342_15_100_0_0_initstate_0
1014,Camera Viewpoints,1,4,pick_up_the_chocolate_pudding_and_place_it_in_the_basket,343,15,100,0,0,0,,,,,,,,pick up the chocolate pudding and place it in the basket,pick up the chocolate pudding and place it in the basket view 343 15 100 0 0 initstate 0,pick_up_the_chocolate_pudding_and_place_it_in_the_basket_view_343_15_100_0_0_initstate_0
1015,Camera Viewpoints,1,4,pick_up_the_chocolate_pudding_and_place_it_in_the_basket,344,15,100,0,0,0,,,,,,,,pick up the chocolate pudding and place it in the basket,pick up the chocolate pudding and place it in the basket view 344 15 100 0 0 initstate 0,pick_up_the_chocolate_pudding_and_place_it_in_the_basket_view_344_15_100_0_0_initstate_0
1016,Camera Viewpoints,5,0,pick_up_the_orange_juice_and_place_it_in_the_basket,0,0,191,0,0,0,,,,,,,,pick up the orange juice and place it in the basket,pick up the orange juice and place it in the basket view 0 0 191 0 0 initstate 0,pick_up_the_orange_juice_and_place_it_in_the_basket_view_0_0_191_0_0_initstate_0
1017,Camera Viewpoints,5,0,pick_up_the_orange_juice_and_place_it_in_the_basket,0,0,192,0,0,0,,,,,,,,pick up the orange juice and place it in the basket,pick up the orange juice and place it in the basket view 0 0 192 0 0 initstate 0,pick_up_the_orange_juice_and_place_it_in_the_basket_view_0_0_192_0_0_initstate_0
1018,Camera Viewpoints,5,0,pick_up_the_orange_juice_and_place_it_in_the_basket,0,0,193,0,0,0,,,,,,,,pick up the orange juice and place it in the basket,pick up the orange juice and place it in the basket view 0 0 193 0 0 initstate 0,pick_up_the_orange_juice_and_place_it_in_the_basket_view_0_0_193_0_0_initstate_0
1019,Camera Viewpoints,5,0,pick_up_the_orange_juice_and_place_it_in_the_basket,0,0,194,0,0,0,,,,,,,,pick up the orange juice and place it in the basket,pick up the orange juice and place it in the basket view 0 0 194 0 0 initstate 0,pick_up_the_orange_juice_and_place_it_in_the_basket_view_0_0_194_0_0_initstate_0
1020,Camera Viewpoints,5,0,pick_up_the_orange_juice_and_place_it_in_the_basket,0,0,195,0,0,0,,,,,,,,pick up the orange juice and place it in the basket,pick up the orange juice and place it in the basket view 0 0 195 0 0 initstate 0,pick_up_the_orange_juice_and_place_it_in_the_basket_view_0_0_195_0_0_initstate_0
1021,Camera Viewpoints,5,0,pick_up_the_orange_juice_and_place_it_in_the_basket,0,0,196,0,0,0,,,,,,,,pick up the orange juice and place it in the basket,pick up the orange juice and place it in the basket view 0 0 196 0 0 initstate 0,pick_up_the_orange_juice_and_place_it_in_the_basket_view_0_0_196_0_0_initstate_0
1022,Camera Viewpoints,5,0,pick_up_the_orange_juice_and_place_it_in_the_basket,0,0,197,0,0,0,,,,,,,,pick up the orange juice and place it in the basket,pick up the orange juice and place it in the basket view 0 0 197 0 0 initstate 0,pick_up_the_orange_juice_and_place_it_in_the_basket_view_0_0_197_0_0_initstate_0
1023,Camera Viewpoints,5,0,pick_up_the_orange_juice_and_place_it_in_the_basket,0,0,198,0,0,0,,,,,,,,pick up the orange juice and place it in the basket,pick up the orange juice and place it in the basket view 0 0 198 0 0 initstate 0,pick_up_the_orange_juice_and_place_it_in_the_basket_view_0_0_198_0_0_initstate_0
1024,Camera Viewpoints,5,0,pick_up_the_orange_juice_and_place_it_in_the_basket,0,0,199,0,0,0,,,,,,,,pick up the orange juice and place it in the basket,pick up the orange juice and place it in the basket view 0 0 199 0 0 initstate 0,pick_up_the_orange_juice_and_place_it_in_the_basket_view_0_0_199_0_0_initstate_0
1025,Camera Viewpoints,5,0,pick_up_the_orange_juice_and_place_it_in_the_basket,0,0,200,0,0,0,,,,,,,,pick up the orange juice and place it in the basket,pick up the orange juice and place it in the basket view 0 0 200 0 0 initstate 0,pick_up_the_orange_juice_and_place_it_in_the_basket_view_0_0_200_0_0_initstate_0
1026,Camera Viewpoints,1,4,pick_up_the_orange_juice_and_place_it_in_the_basket,0,0,100,358,2,0,,,,,,,,pick up the orange juice and place it in the basket,pick up the orange juice and place it in the basket view 0 0 100 358 2 initstate 0,pick_up_the_orange_juice_and_place_it_in_the_basket_view_0_0_100_358_2_initstate_0
1027,Camera Viewpoints,4,1,pick_up_the_orange_juice_and_place_it_in_the_basket,0,0,100,358,6,0,,,,,,,,pick up the orange juice and place it in the basket,pick up the orange juice and place it in the basket view 0 0 100 358 6 initstate 0,pick_up_the_orange_juice_and_place_it_in_the_basket_view_0_0_100_358_6_initstate_0
1028,Camera Viewpoints,4,1,pick_up_the_orange_juice_and_place_it_in_the_basket,0,0,100,358,8,0,,,,,,,,pick up the orange juice and place it in the basket,pick up the orange juice and place it in the basket view 0 0 100 358 8 initstate 0,pick_up_the_orange_juice_and_place_it_in_the_basket_view_0_0_100_358_8_initstate_0
1029,Camera Viewpoints,4,1,pick_up_the_orange_juice_and_place_it_in_the_basket,0,0,100,358,10,0,,,,,,,,pick up the orange juice and place it in the basket,pick up the orange juice and place it in the basket view 0 0 100 358 10 initstate 0,pick_up_the_orange_juice_and_place_it_in_the_basket_view_0_0_100_358_10_initstate_0
1030,Camera Viewpoints,2,3,pick_up_the_orange_juice_and_place_it_in_the_basket,0,0,100,358,350,0,,,,,,,,pick up the orange juice and place it in the basket,pick up the orange juice and place it in the basket view 0 0 100 358 350 initstate 0,pick_up_the_orange_juice_and_place_it_in_the_basket_view_0_0_100_358_350_initstate_0
1031,Camera Viewpoints,1,4,pick_up_the_orange_juice_and_place_it_in_the_basket,0,0,100,358,352,0,,,,,,,,pick up the orange juice and place it in the basket,pick up the orange juice and place it in the basket view 0 0 100 358 352 initstate 0,pick_up_the_orange_juice_and_place_it_in_the_basket_view_0_0_100_358_352_initstate_0
1032,Camera Viewpoints,1,4,pick_up_the_orange_juice_and_place_it_in_the_basket,0,0,100,358,354,0,,,,,,,,pick up the orange juice and place it in the basket,pick up the orange juice and place it in the basket view 0 0 100 358 354 initstate 0,pick_up_the_orange_juice_and_place_it_in_the_basket_view_0_0_100_358_354_initstate_0
1033,Camera Viewpoints,2,3,pick_up_the_orange_juice_and_place_it_in_the_basket,345,0,100,0,0,0,,,,,,,,pick up the orange juice and place it in the basket,pick up the orange juice and place it in the basket view 345 0 100 0 0 initstate 0,pick_up_the_orange_juice_and_place_it_in_the_basket_view_345_0_100_0_0_initstate_0
1034,Camera Viewpoints,1,4,pick_up_the_orange_juice_and_place_it_in_the_basket,345,15,100,0,0,0,,,,,,,,pick up the orange juice and place it in the basket,pick up the orange juice and place it in the basket view 345 15 100 0 0 initstate 0,pick_up_the_orange_juice_and_place_it_in_the_basket_view_345_15_100_0_0_initstate_0
1035,Camera Viewpoints,1,4,pick_up_the_orange_juice_and_place_it_in_the_basket,346,0,100,0,0,0,,,,,,,,pick up the orange juice and place it in the basket,pick up the orange juice and place it in the basket view 346 0 100 0 0 initstate 0,pick_up_the_orange_juice_and_place_it_in_the_basket_view_346_0_100_0_0_initstate_0
1036,Camera Viewpoints,1,4,pick_up_the_orange_juice_and_place_it_in_the_basket,347,0,100,0,0,0,,,,,,,,pick up the orange juice and place it in the basket,pick up the orange juice and place it in the basket view 347 0 100 0 0 initstate 0,pick_up_the_orange_juice_and_place_it_in_the_basket_view_347_0_100_0_0_initstate_0
1037,Camera Viewpoints,1,4,pick_up_the_orange_juice_and_place_it_in_the_basket,352,15,100,0,0,0,,,,,,,,pick up the orange juice and place it in the basket,pick up the orange juice and place it in the basket view 352 15 100 0 0 initstate 0,pick_up_the_orange_juice_and_place_it_in_the_basket_view_352_15_100_0_0_initstate_0
1038,Camera Viewpoints,1,4,pick_up_the_orange_juice_and_place_it_in_the_basket,355,15,100,0,0,0,,,,,,,,pick up the orange juice and place it in the basket,pick up the orange juice and place it in the basket view 355 15 100 0 0 initstate 0,pick_up_the_orange_juice_and_place_it_in_the_basket_view_355_15_100_0_0_initstate_0
1039,Camera Viewpoints,2,3,pick_up_the_orange_juice_and_place_it_in_the_basket,356,0,100,0,0,0,,,,,,,,pick up the orange juice and place it in the basket,pick up the orange juice and place it in the basket view 356 0 100 0 0 initstate 0,pick_up_the_orange_juice_and_place_it_in_the_basket_view_356_0_100_0_0_initstate_0
1040,Camera Viewpoints,1,4,pick_up_the_orange_juice_and_place_it_in_the_basket,356,15,100,0,0,0,,,,,,,,pick up the orange juice and place it in the basket,pick up the orange juice and place it in the basket view 356 15 100 0 0 initstate 0,pick_up_the_orange_juice_and_place_it_in_the_basket_view_356_15_100_0_0_initstate_0
1041,Camera Viewpoints,1,4,pick_up_the_orange_juice_and_place_it_in_the_basket,359,15,100,0,0,0,,,,,,,,pick up the orange juice and place it in the basket,pick up the orange juice and place it in the basket view 359 15 100 0 0 initstate 0,pick_up_the_orange_juice_and_place_it_in_the_basket_view_359_15_100_0_0_initstate_0
1042,Language Instructions,4,1,pick_up_the_alphabet_soup_and_place_it_in_the_basket,0,0,100,0,0,0,,,,,2,,,as part of our grocery organization please pick up the alphabet soup and place it in the basket,as part of our grocery organization please pick up the alphabet soup and place it in the basket,pick_up_the_alphabet_soup_and_place_it_in_the_basket_language_2_view_0_0_100_0_0_initstate_0
1043,Language Instructions,1,4,pick_up_the_alphabet_soup_and_place_it_in_the_basket,0,0,100,0,0,0,,,,,5,,,collect the alphabet soup and set it in the basket,collect the alphabet soup and set it in the basket,pick_up_the_alphabet_soup_and_place_it_in_the_basket_language_5_view_0_0_100_0_0_initstate_0
1044,Language Instructions,1,4,pick_up_the_alphabet_soup_and_place_it_in_the_basket,0,0,100,0,0,0,,,,,8,,,collect the brothbased entrée with letters and position it in the woven container,collect the brothbased entrée with letters and position it in the woven container,pick_up_the_alphabet_soup_and_place_it_in_the_basket_language_8_view_0_0_100_0_0_initstate_0
1045,Language Instructions,3,2,pick_up_the_alphabet_soup_and_place_it_in_the_basket,0,0,100,0,0,0,,,,,11,,,would you mind picking up the alphabet soup from the shelf and placing it in the basket,would you mind picking up the alphabet soup from the shelf and placing it in the basket,pick_up_the_alphabet_soup_and_place_it_in_the_basket_language_11_view_0_0_100_0_0_initstate_0
1046,Language Instructions,1,4,pick_up_the_alphabet_soup_and_place_it_in_the_basket,0,0,100,0,0,0,,,,,12,,,lift the alphabet soup and insert it into the basket,lift the alphabet soup and insert it into the basket,pick_up_the_alphabet_soup_and_place_it_in_the_basket_language_12_view_0_0_100_0_0_initstate_0
1047,Language Instructions,5,0,pick_up_the_alphabet_soup_and_place_it_in_the_basket,0,0,100,0,0,0,,,,,14,,,grasp the alphabet soup and set it in the basket,grasp the alphabet soup and set it in the basket,pick_up_the_alphabet_soup_and_place_it_in_the_basket_language_14_view_0_0_100_0_0_initstate_0
1048,Language Instructions,2,3,pick_up_the_alphabet_soup_and_place_it_in_the_basket,0,0,100,0,0,0,,,,,15,,,to complete this step pick up the alphabet soup carefully and place it in the basket,to complete this step pick up the alphabet soup carefully and place it in the basket,pick_up_the_alphabet_soup_and_place_it_in_the_basket_language_15_view_0_0_100_0_0_initstate_0
1049,Language Instructions,1,4,pick_up_the_alphabet_soup_and_place_it_in_the_basket,0,0,100,0,0,0,,,,,20,,,lift the soup featuring letters and deposit it in the woven holder,lift the soup featuring letters and deposit it in the woven holder,pick_up_the_alphabet_soup_and_place_it_in_the_basket_language_20_view_0_0_100_0_0_initstate_0
1050,Language Instructions,4,1,pick_up_the_alphabet_soup_and_place_it_in_the_basket,0,0,100,0,0,0,,,,,22,,,before the store closes pick up the alphabet soup and place it in the shopping basket,before the store closes pick up the alphabet soup and place it in the shopping basket,pick_up_the_alphabet_soup_and_place_it_in_the_basket_language_22_view_0_0_100_0_0_initstate_0
1051,Language Instructions,1,4,pick_up_the_alphabet_soup_and_place_it_in_the_basket,0,0,100,0,0,0,,,,,23,,,as part of our alphabet learning activity pick up the alphabet soup and place it in the basket,as part of our alphabet learning activity pick up the alphabet soup and place it in the basket,pick_up_the_alphabet_soup_and_place_it_in_the_basket_language_23_view_0_0_100_0_0_initstate_0
1052,Language Instructions,1,4,pick_up_the_alphabet_soup_and_place_it_in_the_basket,0,0,100,0,0,0,,,,,24,,,as your next task locate the alphabet soup pick it up and place it in the basket,as your next task locate the alphabet soup pick it up and place it in the basket,pick_up_the_alphabet_soup_and_place_it_in_the_basket_language_24_view_0_0_100_0_0_initstate_0
1053,Language Instructions,1,4,pick_up_the_alphabet_soup_and_place_it_in_the_basket,0,0,100,0,0,0,,,,,32,,,the basket is ready now please pick up the alphabet soup and place it inside,the basket is ready now please pick up the alphabet soup and place it inside,pick_up_the_alphabet_soup_and_place_it_in_the_basket_language_32_view_0_0_100_0_0_initstate_0
1054,Language Instructions,4,1,pick_up_the_alphabet_soup_and_place_it_in_the_basket,0,0,100,0,0,0,,,,,33,,,could you put the alphabet soup in the basket please,could you put the alphabet soup in the basket please,pick_up_the_alphabet_soup_and_place_it_in_the_basket_language_33_view_0_0_100_0_0_initstate_0
1055,Language Instructions,1,4,pick_up_the_alphabet_soup_and_place_it_in_the_basket,0,0,100,0,0,0,,,,,34,,,pick up the container of noodle letters and place it in the woven holder,pick up the container of noodle letters and place it in the woven holder,pick_up_the_alphabet_soup_and_place_it_in_the_basket_language_34_view_0_0_100_0_0_initstate_0
1056,Language Instructions,5,0,pick_up_the_alphabet_soup_and_place_it_in_the_basket,0,0,100,0,0,0,,,,,36,,,grasp the alphabet soup and deposit it in the hamper,grasp the alphabet soup and deposit it in the hamper,pick_up_the_alphabet_soup_and_place_it_in_the_basket_language_36_view_0_0_100_0_0_initstate_0
1057,Language Instructions,5,0,pick_up_the_alphabet_soup_and_place_it_in_the_basket,0,0,100,0,0,0,,,,,38,,,the next item to organize is the alphabet soup please pick it up and place it in the basket,the next item to organize is the alphabet soup please pick it up and place it in the basket,pick_up_the_alphabet_soup_and_place_it_in_the_basket_language_38_view_0_0_100_0_0_initstate_0
1058,Language Instructions,2,3,pick_up_the_alphabet_soup_and_place_it_in_the_basket,0,0,100,0,0,0,,,,,39,,,can you put the alphabet soup in the basket,can you put the alphabet soup in the basket,pick_up_the_alphabet_soup_and_place_it_in_the_basket_language_39_view_0_0_100_0_0_initstate_0
1059,Language Instructions,2,3,pick_up_the_alphabet_soup_and_place_it_in_the_basket,0,0,100,0,0,0,,,,,40,,,for our cooking project we need you to pick up the alphabet soup and place it in the basket,for our cooking project we need you to pick up the alphabet soup and place it in the basket,pick_up_the_alphabet_soup_and_place_it_in_the_basket_language_40_view_0_0_100_0_0_initstate_0
1060,Language Instructions,2,3,pick_up_the_alphabet_soup_and_place_it_in_the_basket,0,0,100,0,0,0,,,,,41,,,could you make sure the alphabet soup ends up in the basket,could you make sure the alphabet soup ends up in the basket,pick_up_the_alphabet_soup_and_place_it_in_the_basket_language_41_view_0_0_100_0_0_initstate_0
1061,Language Instructions,4,1,pick_up_the_alphabet_soup_and_place_it_in_the_basket,0,0,100,0,0,0,,,,,43,,,grab the alphabet soup and set it in the basket,grab the alphabet soup and set it in the basket,pick_up_the_alphabet_soup_and_place_it_in_the_basket_language_43_view_0_0_100_0_0_initstate_0
1062,Language Instructions,5,0,pick_up_the_alphabet_soup_and_place_it_in_the_basket,0,0,100,0,0,0,,,,,46,,,pick up the bowl of letterthemed broth and place it in the woven container,pick up the bowl of letterthemed broth and place it in the woven container,pick_up_the_alphabet_soup_and_place_it_in_the_basket_language_46_view_0_0_100_0_0_initstate_0
1063,Language Instructions,2,3,pick_up_the_alphabet_soup_and_place_it_in_the_basket,0,0,100,0,0,0,,,,,49,,,pick up the brothy concoction of lettershaped pasta and place it in the woven container,pick up the brothy concoction of lettershaped pasta and place it in the woven container,pick_up_the_alphabet_soup_and_place_it_in_the_basket_language_49_view_0_0_100_0_0_initstate_0
1064,Language Instructions,2,3,pick_up_the_alphabet_soup_and_place_it_in_the_basket,0,0,100,0,0,0,,,,,50,,,for todays task pick up the alphabet soup and carefully place it in the basket,for todays task pick up the alphabet soup and carefully place it in the basket,pick_up_the_alphabet_soup_and_place_it_in_the_basket_language_50_view_0_0_100_0_0_initstate_0
1065,Language Instructions,5,0,pick_up_the_cream_cheese_and_place_it_in_the_basket,0,0,100,0,0,0,,,,,1,,,grasp the cream cheese and deposit it into the basket,grasp the cream cheese and deposit it into the basket,pick_up_the_cream_cheese_and_place_it_in_the_basket_language_1_view_0_0_100_0_0_initstate_0
1066,Language Instructions,1,4,pick_up_the_cream_cheese_and_place_it_in_the_basket,0,0,100,0,0,0,,,,,2,,,collect the cream cheese and set it in the basket,collect the cream cheese and set it in the basket,pick_up_the_cream_cheese_and_place_it_in_the_basket_language_2_view_0_0_100_0_0_initstate_0
1067,Language Instructions,1,4,pick_up_the_cream_cheese_and_place_it_in_the_basket,0,0,100,0,0,0,,,,,3,,,the cream cheese should be picked up and placed in the basket immediately,the cream cheese should be picked up and placed in the basket immediately,pick_up_the_cream_cheese_and_place_it_in_the_basket_language_3_view_0_0_100_0_0_initstate_0
1068,Language Instructions,3,2,pick_up_the_cream_cheese_and_place_it_in_the_basket,0,0,100,0,0,0,,,,,5,,,grasp the spreadable dairy product and deposit it into the woven container,grasp the spreadable dairy product and deposit it into the woven container,pick_up_the_cream_cheese_and_place_it_in_the_basket_language_5_view_0_0_100_0_0_initstate_0
1069,Language Instructions,1,4,pick_up_the_cream_cheese_and_place_it_in_the_basket,0,0,100,0,0,0,,,,,6,,,grasp the spreadable dairy product and position it within the woven container,grasp the spreadable dairy product and position it within the woven container,pick_up_the_cream_cheese_and_place_it_in_the_basket_language_6_view_0_0_100_0_0_initstate_0
1070,Language Instructions,5,0,pick_up_the_cream_cheese_and_place_it_in_the_basket,0,0,100,0,0,0,,,,,7,,,lift the cream cheese and position it in the basket,lift the cream cheese and position it in the basket,pick_up_the_cream_cheese_and_place_it_in_the_basket_language_7_view_0_0_100_0_0_initstate_0
1071,Language Instructions,1,4,pick_up_the_cream_cheese_and_place_it_in_the_basket,0,0,100,0,0,0,,,,,8,,,lift the spread often used for bagels and add it to the container meant for holding items during shopping,lift the spread often used for bagels and add it to the container meant for holding items during shopping,pick_up_the_cream_cheese_and_place_it_in_the_basket_language_8_view_0_0_100_0_0_initstate_0
1072,Language Instructions,4,1,pick_up_the_cream_cheese_and_place_it_in_the_basket,0,0,100,0,0,0,,,,,10,,,pick up the spreadable dairy product and place it in the woven carrying container,pick up the spreadable dairy product and place it in the woven carrying container,pick_up_the_cream_cheese_and_place_it_in_the_basket_language_10_view_0_0_100_0_0_initstate_0
1073,Language Instructions,3,2,pick_up_the_cream_cheese_and_place_it_in_the_basket,0,0,100,0,0,0,,,,,14,,,please retrieve the cream cheese and put it into the basket,please retrieve the cream cheese and put it into the basket,pick_up_the_cream_cheese_and_place_it_in_the_basket_language_14_view_0_0_100_0_0_initstate_0
1074,Language Instructions,1,4,pick_up_the_cream_cheese_and_place_it_in_the_basket,0,0,100,0,0,0,,,,,15,,,pick up the spread often used on bagels and place it in the container typically made of woven materials,pick up the spread often used on bagels and place it in the container typically made of woven materials,pick_up_the_cream_cheese_and_place_it_in_the_basket_language_15_view_0_0_100_0_0_initstate_0
1075,Language Instructions,5,0,pick_up_the_cream_cheese_and_place_it_in_the_basket,0,0,100,0,0,0,,,,,16,,,for our recipe well need to pick up the cream cheese and place it in the basket,for our recipe well need to pick up the cream cheese and place it in the basket,pick_up_the_cream_cheese_and_place_it_in_the_basket_language_16_view_0_0_100_0_0_initstate_0
1076,Language Instructions,4,1,pick_up_the_cream_cheese_and_place_it_in_the_basket,0,0,100,0,0,0,,,,,18,,,can you put the cream cheese in the basket for me,can you put the cream cheese in the basket for me,pick_up_the_cream_cheese_and_place_it_in_the_basket_language_18_view_0_0_100_0_0_initstate_0
1077,Language Instructions,4,1,pick_up_the_cream_cheese_and_place_it_in_the_basket,0,0,100,0,0,0,,,,,20,,,could you get the cream cheese and put it in the basket please,could you get the cream cheese and put it in the basket please,pick_up_the_cream_cheese_and_place_it_in_the_basket_language_20_view_0_0_100_0_0_initstate_0
1078,Language Instructions,5,0,pick_up_the_cream_cheese_and_place_it_in_the_basket,0,0,100,0,0,0,,,,,21,,,grasp the spread used for bagels and relocate it to the woven container for holding items,grasp the spread used for bagels and relocate it to the woven container for holding items,pick_up_the_cream_cheese_and_place_it_in_the_basket_language_21_view_0_0_100_0_0_initstate_0
1079,Language Instructions,1,4,pick_up_the_cream_cheese_and_place_it_in_the_basket,0,0,100,0,0,0,,,,,24,,,were running low on time quickly pick up the cream cheese and put it in the basket,were running low on time quickly pick up the cream cheese and put it in the basket,pick_up_the_cream_cheese_and_place_it_in_the_basket_language_24_view_0_0_100_0_0_initstate_0
1080,Language Instructions,5,0,pick_up_the_cream_cheese_and_place_it_in_the_basket,0,0,100,0,0,0,,,,,25,,,lift the spread used on bagels and deposit it inside the woven container,lift the spread used on bagels and deposit it inside the woven container,pick_up_the_cream_cheese_and_place_it_in_the_basket_language_25_view_0_0_100_0_0_initstate_0
1081,Language Instructions,4,1,pick_up_the_cream_cheese_and_place_it_in_the_basket,0,0,100,0,0,0,,,,,26,,,grasp the spread often used on bagels and position it within the woven container designed for carrying items,grasp the spread often used on bagels and position it within the woven container designed for carrying items,pick_up_the_cream_cheese_and_place_it_in_the_basket_language_26_view_0_0_100_0_0_initstate_0
1082,Language Instructions,5,0,pick_up_the_cream_cheese_and_place_it_in_the_basket,0,0,100,0,0,0,,,,,27,,,lets get the cream cheese and place it in the basket shall we,lets get the cream cheese and place it in the basket shall we,pick_up_the_cream_cheese_and_place_it_in_the_basket_language_27_view_0_0_100_0_0_initstate_0
1083,Language Instructions,5,0,pick_up_the_cream_cheese_and_place_it_in_the_basket,0,0,100,0,0,0,,,,,28,,,add the cream cheese to the basket,add the cream cheese to the basket,pick_up_the_cream_cheese_and_place_it_in_the_basket_language_28_view_0_0_100_0_0_initstate_0
1084,Language Instructions,1,4,pick_up_the_cream_cheese_and_place_it_in_the_basket,0,0,100,0,0,0,,,,,29,,,grasp the cream cheese and insert it into the basket,grasp the cream cheese and insert it into the basket,pick_up_the_cream_cheese_and_place_it_in_the_basket_language_29_view_0_0_100_0_0_initstate_0
1085,Language Instructions,4,1,pick_up_the_cream_cheese_and_place_it_in_the_basket,0,0,100,0,0,0,,,,,30,,,pick up the spread used on bagels and place it in the woven container for carrying items,pick up the spread used on bagels and place it in the woven container for carrying items,pick_up_the_cream_cheese_and_place_it_in_the_basket_language_30_view_0_0_100_0_0_initstate_0
1086,Language Instructions,3,2,pick_up_the_cream_cheese_and_place_it_in_the_basket,0,0,100,0,0,0,,,,,32,,,would you mind putting the cream cheese in the basket for me please,would you mind putting the cream cheese in the basket for me please,pick_up_the_cream_cheese_and_place_it_in_the_basket_language_32_view_0_0_100_0_0_initstate_0
1087,Language Instructions,3,2,pick_up_the_cream_cheese_and_place_it_in_the_basket,0,0,100,0,0,0,,,,,34,,,grasp the cream cheese and position it inside the basket,grasp the cream cheese and position it inside the basket,pick_up_the_cream_cheese_and_place_it_in_the_basket_language_34_view_0_0_100_0_0_initstate_0
1088,Language Instructions,3,2,pick_up_the_cream_cheese_and_place_it_in_the_basket,0,0,100,0,0,0,,,,,36,,,could you please pick up the cream cheese and put it in the basket,could you please pick up the cream cheese and put it in the basket,pick_up_the_cream_cheese_and_place_it_in_the_basket_language_36_view_0_0_100_0_0_initstate_0
1089,Language Instructions,2,3,pick_up_the_cream_cheese_and_place_it_in_the_basket,0,0,100,0,0,0,,,,,39,,,grasp the cream cheese and deposit it in the basket,grasp the cream cheese and deposit it in the basket,pick_up_the_cream_cheese_and_place_it_in_the_basket_language_39_view_0_0_100_0_0_initstate_0
1090,Language Instructions,3,2,pick_up_the_cream_cheese_and_place_it_in_the_basket,0,0,100,0,0,0,,,,,40,,,grab the cream cheese and put it in the basket,grab the cream cheese and put it in the basket,pick_up_the_cream_cheese_and_place_it_in_the_basket_language_40_view_0_0_100_0_0_initstate_0
1091,Language Instructions,5,0,pick_up_the_cream_cheese_and_place_it_in_the_basket,0,0,100,0,0,0,,,,,41,,,gather the soft spreadable dairy product and position it inside the woven container,gather the soft spreadable dairy product and position it inside the woven container,pick_up_the_cream_cheese_and_place_it_in_the_basket_language_41_view_0_0_100_0_0_initstate_0
1092,Language Instructions,4,1,pick_up_the_cream_cheese_and_place_it_in_the_basket,0,0,100,0,0,0,,,,,43,,,your task is simple pick up the cream cheese and place it in the basket,your task is simple pick up the cream cheese and place it in the basket,pick_up_the_cream_cheese_and_place_it_in_the_basket_language_43_view_0_0_100_0_0_initstate_0
1093,Language Instructions,5,0,pick_up_the_cream_cheese_and_place_it_in_the_basket,0,0,100,0,0,0,,,,,44,,,would you mind picking up the cream cheese and moving it to the basket,would you mind picking up the cream cheese and moving it to the basket,pick_up_the_cream_cheese_and_place_it_in_the_basket_language_44_view_0_0_100_0_0_initstate_0
1094,Language Instructions,1,4,pick_up_the_cream_cheese_and_place_it_in_the_basket,0,0,100,0,0,0,,,,,45,,,lift the spreadable dairy product and deposit it inside the woven container,lift the spreadable dairy product and deposit it inside the woven container,pick_up_the_cream_cheese_and_place_it_in_the_basket_language_45_view_0_0_100_0_0_initstate_0
1095,Language Instructions,1,4,pick_up_the_cream_cheese_and_place_it_in_the_basket,0,0,100,0,0,0,,,,,46,,,grasp the cream cheese and set it in the basket,grasp the cream cheese and set it in the basket,pick_up_the_cream_cheese_and_place_it_in_the_basket_language_46_view_0_0_100_0_0_initstate_0
1096,Language Instructions,5,0,pick_up_the_cream_cheese_and_place_it_in_the_basket,0,0,100,0,0,0,,,,,47,,,lift the spread often used on bagels and move it to the woven container,lift the spread often used on bagels and move it to the woven container,pick_up_the_cream_cheese_and_place_it_in_the_basket_language_47_view_0_0_100_0_0_initstate_0
1097,Language Instructions,3,2,pick_up_the_cream_cheese_and_place_it_in_the_basket,0,0,100,0,0,0,,,,,49,,,the cream cheese is on the counter please pick it up and place it in the basket,the cream cheese is on the counter please pick it up and place it in the basket,pick_up_the_cream_cheese_and_place_it_in_the_basket_language_49_view_0_0_100_0_0_initstate_0
1098,Language Instructions,5,0,pick_up_the_cream_cheese_and_place_it_in_the_basket,0,0,100,0,0,0,,,,,50,,,could you add the cream cheese to the basket,could you add the cream cheese to the basket,pick_up_the_cream_cheese_and_place_it_in_the_basket_language_50_view_0_0_100_0_0_initstate_0
1099,Language Instructions,2,3,pick_up_the_salad_dressing_and_place_it_in_the_basket,0,0,100,0,0,0,,,,,3,,,pick up the condiment intended for greens and place it in the woven container for carrying items,pick up the condiment intended for greens and place it in the woven container for carrying items,pick_up_the_salad_dressing_and_place_it_in_the_basket_language_3_view_0_0_100_0_0_initstate_0
1100,Language Instructions,3,2,pick_up_the_salad_dressing_and_place_it_in_the_basket,0,0,100,0,0,0,,,,,4,,,after washing your hands please pick up the salad dressing and place it in the basket,after washing your hands please pick up the salad dressing and place it in the basket,pick_up_the_salad_dressing_and_place_it_in_the_basket_language_4_view_0_0_100_0_0_initstate_0
1101,Language Instructions,2,3,pick_up_the_salad_dressing_and_place_it_in_the_basket,0,0,100,0,0,0,,,,,5,,,the recipe calls for dressing would you mind picking it up and putting it in the basket,the recipe calls for dressing would you mind picking it up and putting it in the basket,pick_up_the_salad_dressing_and_place_it_in_the_basket_language_5_view_0_0_100_0_0_initstate_0
1102,Language Instructions,2,3,pick_up_the_salad_dressing_and_place_it_in_the_basket,0,0,100,0,0,0,,,,,6,,,can you ensure the salad dressing ends up in the basket,can you ensure the salad dressing ends up in the basket,pick_up_the_salad_dressing_and_place_it_in_the_basket_language_6_view_0_0_100_0_0_initstate_0
1103,Language Instructions,2,3,pick_up_the_salad_dressing_and_place_it_in_the_basket,0,0,100,0,0,0,,,,,7,,,pick up the condiment used for enhancing the flavor of leafy greens and place it in the woven container for carrying items,pick up the condiment used for enhancing the flavor of leafy greens and place it in the woven container for carrying items,pick_up_the_salad_dressing_and_place_it_in_the_basket_language_7_view_0_0_100_0_0_initstate_0
1104,Language Instructions,1,4,pick_up_the_salad_dressing_and_place_it_in_the_basket,0,0,100,0,0,0,,,,,8,,,grasp the container of liquid used for enhancing the flavor of leafy greens and rest it within the woven container for carrying items,grasp the container of liquid used for enhancing the flavor of leafy greens and rest it within the woven container for carrying items,pick_up_the_salad_dressing_and_place_it_in_the_basket_language_8_view_0_0_100_0_0_initstate_0
1105,Language Instructions,1,4,pick_up_the_salad_dressing_and_place_it_in_the_basket,0,0,100,0,0,0,,,,,9,,,pick up the condiment used for flavoring greens and place it in the woven container,pick up the condiment used for flavoring greens and place it in the woven container,pick_up_the_salad_dressing_and_place_it_in_the_basket_language_9_view_0_0_100_0_0_initstate_0
1106,Language Instructions,1,4,pick_up_the_salad_dressing_and_place_it_in_the_basket,0,0,100,0,0,0,,,,,10,,,before you sit down pick up the salad dressing and place it in the basket on the counter,before you sit down pick up the salad dressing and place it in the basket on the counter,pick_up_the_salad_dressing_and_place_it_in_the_basket_language_10_view_0_0_100_0_0_initstate_0
1107,Language Instructions,4,1,pick_up_the_salad_dressing_and_place_it_in_the_basket,0,0,100,0,0,0,,,,,12,,,pick up the bottle containing the liquid used for enhancing the flavor of greens and vegetables and place it in the woven container for carrying items,pick up the bottle containing the liquid used for enhancing the flavor of greens and vegetables and place it in the woven container for carrying items,pick_up_the_salad_dressing_and_place_it_in_the_basket_language_12_view_0_0_100_0_0_initstate_0
1108,Language Instructions,2,3,pick_up_the_salad_dressing_and_place_it_in_the_basket,0,0,100,0,0,0,,,,,13,,,before the guests arrive pick up the salad dressing and place it in the basket on the dining table,before the guests arrive pick up the salad dressing and place it in the basket on the dining table,pick_up_the_salad_dressing_and_place_it_in_the_basket_language_13_view_0_0_100_0_0_initstate_0
1109,Language Instructions,3,2,pick_up_the_salad_dressing_and_place_it_in_the_basket,0,0,100,0,0,0,,,,,17,,,pick up the condiment used for flavoring greens and place it in the carrying container designed for shopping,pick up the condiment used for flavoring greens and place it in the carrying container designed for shopping,pick_up_the_salad_dressing_and_place_it_in_the_basket_language_17_view_0_0_100_0_0_initstate_0
1110,Language Instructions,2,3,pick_up_the_salad_dressing_and_place_it_in_the_basket,0,0,100,0,0,0,,,,,18,,,grasp the container for enhancing the flavor of greens and relocate it to the woven holder for carrying items,grasp the container for enhancing the flavor of greens and relocate it to the woven holder for carrying items,pick_up_the_salad_dressing_and_place_it_in_the_basket_language_18_view_0_0_100_0_0_initstate_0
1111,Language Instructions,3,2,pick_up_the_salad_dressing_and_place_it_in_the_basket,0,0,100,0,0,0,,,,,20,,,im preparing dinner could you help by picking up the salad dressing and placing it in the basket,im preparing dinner could you help by picking up the salad dressing and placing it in the basket,pick_up_the_salad_dressing_and_place_it_in_the_basket_language_20_view_0_0_100_0_0_initstate_0
1112,Language Instructions,3,2,pick_up_the_salad_dressing_and_place_it_in_the_basket,0,0,100,0,0,0,,,,,21,,,pick up the condiment used for enhancing the flavor of greens and relocate it to the carrying container designed for holding groceries,pick up the condiment used for enhancing the flavor of greens and relocate it to the carrying container designed for holding groceries,pick_up_the_salad_dressing_and_place_it_in_the_basket_language_21_view_0_0_100_0_0_initstate_0
1113,Language Instructions,1,4,pick_up_the_salad_dressing_and_place_it_in_the_basket,0,0,100,0,0,0,,,,,23,,,the basket looks empty pick up the salad dressing and place it there to complete our meal setup,the basket looks empty pick up the salad dressing and place it there to complete our meal setup,pick_up_the_salad_dressing_and_place_it_in_the_basket_language_23_view_0_0_100_0_0_initstate_0
1114,Language Instructions,1,4,pick_up_the_salad_dressing_and_place_it_in_the_basket,0,0,100,0,0,0,,,,,24,,,pick up the liquid condiment for greens and place it in the woven carrier,pick up the liquid condiment for greens and place it in the woven carrier,pick_up_the_salad_dressing_and_place_it_in_the_basket_language_24_view_0_0_100_0_0_initstate_0
1115,Language Instructions,4,1,pick_up_the_salad_dressing_and_place_it_in_the_basket,0,0,100,0,0,0,,,,,25,,,please make sure the salad dressing ends up in the basket,please make sure the salad dressing ends up in the basket,pick_up_the_salad_dressing_and_place_it_in_the_basket_language_25_view_0_0_100_0_0_initstate_0
1116,Language Instructions,2,3,pick_up_the_salad_dressing_and_place_it_in_the_basket,0,0,100,0,0,0,,,,,28,,,could you put the salad dressing in the basket for me,could you put the salad dressing in the basket for me,pick_up_the_salad_dressing_and_place_it_in_the_basket_language_28_view_0_0_100_0_0_initstate_0
1117,Language Instructions,4,1,pick_up_the_salad_dressing_and_place_it_in_the_basket,0,0,100,0,0,0,,,,,29,,,our picnic isnt ready yet pick up the salad dressing and place it in the basket with other condiments,our picnic isnt ready yet pick up the salad dressing and place it in the basket with other condiments,pick_up_the_salad_dressing_and_place_it_in_the_basket_language_29_view_0_0_100_0_0_initstate_0
1118,Language Instructions,2,3,pick_up_the_salad_dressing_and_place_it_in_the_basket,0,0,100,0,0,0,,,,,31,,,for food safety reasons please pick up the salad dressing and place it in the sealed basket,for food safety reasons please pick up the salad dressing and place it in the sealed basket,pick_up_the_salad_dressing_and_place_it_in_the_basket_language_31_view_0_0_100_0_0_initstate_0
1119,Language Instructions,1,4,pick_up_the_salad_dressing_and_place_it_in_the_basket,0,0,100,0,0,0,,,,,33,,,pick up the condiment often used on leafy green dishes and place it in the woven container,pick up the condiment often used on leafy green dishes and place it in the woven container,pick_up_the_salad_dressing_and_place_it_in_the_basket_language_33_view_0_0_100_0_0_initstate_0
1120,Language Instructions,3,2,pick_up_the_salad_dressing_and_place_it_in_the_basket,0,0,100,0,0,0,,,,,34,,,grab the salad dressing and set it in the basket,grab the salad dressing and set it in the basket,pick_up_the_salad_dressing_and_place_it_in_the_basket_language_34_view_0_0_100_0_0_initstate_0
1121,Language Instructions,1,4,pick_up_the_salad_dressing_and_place_it_in_the_basket,0,0,100,0,0,0,,,,,35,,,ensure the salad dressing ends up in the basket,ensure the salad dressing ends up in the basket,pick_up_the_salad_dressing_and_place_it_in_the_basket_language_35_view_0_0_100_0_0_initstate_0
1122,Language Instructions,3,2,pick_up_the_salad_dressing_and_place_it_in_the_basket,0,0,100,0,0,0,,,,,36,,,grasp the container of liquid condiment and deposit it in the woven holder,grasp the container of liquid condiment and deposit it in the woven holder,pick_up_the_salad_dressing_and_place_it_in_the_basket_language_36_view_0_0_100_0_0_initstate_0
1123,Language Instructions,1,4,pick_up_the_salad_dressing_and_place_it_in_the_basket,0,0,100,0,0,0,,,,,37,,,grasp the salad dressing and position it in the basket,grasp the salad dressing and position it in the basket,pick_up_the_salad_dressing_and_place_it_in_the_basket_language_37_view_0_0_100_0_0_initstate_0
1124,Language Instructions,2,3,pick_up_the_salad_dressing_and_place_it_in_the_basket,0,0,100,0,0,0,,,,,38,,,pick up the liquid condiment for greens and place it in the woven container for carrying items,pick up the liquid condiment for greens and place it in the woven container for carrying items,pick_up_the_salad_dressing_and_place_it_in_the_basket_language_38_view_0_0_100_0_0_initstate_0
1125,Language Instructions,1,4,pick_up_the_salad_dressing_and_place_it_in_the_basket,0,0,100,0,0,0,,,,,39,,,our grocery list is almost done just pick up the salad dressing and place it in the basket,our grocery list is almost done just pick up the salad dressing and place it in the basket,pick_up_the_salad_dressing_and_place_it_in_the_basket_language_39_view_0_0_100_0_0_initstate_0
1126,Language Instructions,3,2,pick_up_the_salad_dressing_and_place_it_in_the_basket,0,0,100,0,0,0,,,,,40,,,grab the salad sauce and set it in the basket,grab the salad sauce and set it in the basket,pick_up_the_salad_dressing_and_place_it_in_the_basket_language_40_view_0_0_100_0_0_initstate_0
1127,Language Instructions,4,1,pick_up_the_salad_dressing_and_place_it_in_the_basket,0,0,100,0,0,0,,,,,41,,,the salad isnt complete yet grab the dressing and place it in the basket with the other ingredients,the salad isnt complete yet grab the dressing and place it in the basket with the other ingredients,pick_up_the_salad_dressing_and_place_it_in_the_basket_language_41_view_0_0_100_0_0_initstate_0
1128,Language Instructions,1,4,pick_up_the_salad_dressing_and_place_it_in_the_basket,0,0,100,0,0,0,,,,,42,,,id like the salad dressing in the basket please,id like the salad dressing in the basket please,pick_up_the_salad_dressing_and_place_it_in_the_basket_language_42_view_0_0_100_0_0_initstate_0
1129,Language Instructions,3,2,pick_up_the_salad_dressing_and_place_it_in_the_basket,0,0,100,0,0,0,,,,,43,,,the basket is missing one item pick up the salad dressing and place it there to complete the set,the basket is missing one item pick up the salad dressing and place it there to complete the set,pick_up_the_salad_dressing_and_place_it_in_the_basket_language_43_view_0_0_100_0_0_initstate_0
1130,Language Instructions,1,4,pick_up_the_salad_dressing_and_place_it_in_the_basket,0,0,100,0,0,0,,,,,44,,,to save time later pick up the salad dressing now and place it in the meal prep basket,to save time later pick up the salad dressing now and place it in the meal prep basket,pick_up_the_salad_dressing_and_place_it_in_the_basket_language_44_view_0_0_100_0_0_initstate_0
1131,Language Instructions,1,4,pick_up_the_salad_dressing_and_place_it_in_the_basket,0,0,100,0,0,0,,,,,45,,,lift the salad dressing and set it in the basket,lift the salad dressing and set it in the basket,pick_up_the_salad_dressing_and_place_it_in_the_basket_language_45_view_0_0_100_0_0_initstate_0
1132,Language Instructions,3,2,pick_up_the_salad_dressing_and_place_it_in_the_basket,0,0,100,0,0,0,,,,,48,,,for our healthy meal prep please pick up the salad dressing and add it to the basket,for our healthy meal prep please pick up the salad dressing and add it to the basket,pick_up_the_salad_dressing_and_place_it_in_the_basket_language_48_view_0_0_100_0_0_initstate_0
1133,Language Instructions,3,2,pick_up_the_salad_dressing_and_place_it_in_the_basket,0,0,100,0,0,0,,,,,49,,,grab the salad condiment and set it in the basket,grab the salad condiment and set it in the basket,pick_up_the_salad_dressing_and_place_it_in_the_basket_language_49_view_0_0_100_0_0_initstate_0
1134,Language Instructions,1,4,pick_up_the_salad_dressing_and_place_it_in_the_basket,0,0,100,0,0,0,,,,,50,,,pick up the condiment used for flavoring greens and place it in the container for carrying goods,pick up the condiment used for flavoring greens and place it in the container for carrying goods,pick_up_the_salad_dressing_and_place_it_in_the_basket_language_50_view_0_0_100_0_0_initstate_0
1135,Language Instructions,3,2,pick_up_the_bbq_sauce_and_place_it_in_the_basket,0,0,100,0,0,0,,,,,2,,,dont forget the condiments pick up the bbq sauce and place it in the basket,dont forget the condiments pick up the bbq sauce and place it in the basket,pick_up_the_bbq_sauce_and_place_it_in_the_basket_language_2_view_0_0_100_0_0_initstate_0
1136,Language Instructions,3,2,pick_up_the_bbq_sauce_and_place_it_in_the_basket,0,0,100,0,0,0,,,,,4,,,grasp the smoky grilling condiment and deposit it into the woven container,grasp the smoky grilling condiment and deposit it into the woven container,pick_up_the_bbq_sauce_and_place_it_in_the_basket_language_4_view_0_0_100_0_0_initstate_0
1137,Language Instructions,2,3,pick_up_the_bbq_sauce_and_place_it_in_the_basket,0,0,100,0,0,0,,,,,5,,,to prepare for dinner your task is to pick up the bbq sauce and place it in the basket,to prepare for dinner your task is to pick up the bbq sauce and place it in the basket,pick_up_the_bbq_sauce_and_place_it_in_the_basket_language_5_view_0_0_100_0_0_initstate_0
1138,Language Instructions,3,2,pick_up_the_bbq_sauce_and_place_it_in_the_basket,0,0,100,0,0,0,,,,,6,,,for our cookout later could you pick up the bbq sauce and put it in the basket,for our cookout later could you pick up the bbq sauce and put it in the basket,pick_up_the_bbq_sauce_and_place_it_in_the_basket_language_6_view_0_0_100_0_0_initstate_0
1139,Language Instructions,3,2,pick_up_the_bbq_sauce_and_place_it_in_the_basket,0,0,100,0,0,0,,,,,10,,,i love bbq sauce please pick it up and put it in the shopping basket for me,i love bbq sauce please pick it up and put it in the shopping basket for me,pick_up_the_bbq_sauce_and_place_it_in_the_basket_language_10_view_0_0_100_0_0_initstate_0
1140,Language Instructions,3,2,pick_up_the_bbq_sauce_and_place_it_in_the_basket,0,0,100,0,0,0,,,,,15,,,lift the bbq sauce and set it in the basket,lift the bbq sauce and set it in the basket,pick_up_the_bbq_sauce_and_place_it_in_the_basket_language_15_view_0_0_100_0_0_initstate_0
1141,Language Instructions,2,3,pick_up_the_bbq_sauce_and_place_it_in_the_basket,0,0,100,0,0,0,,,,,16,,,make sure the bbq sauce ends up in the basket,make sure the bbq sauce ends up in the basket,pick_up_the_bbq_sauce_and_place_it_in_the_basket_language_16_view_0_0_100_0_0_initstate_0
1142,Language Instructions,1,4,pick_up_the_bbq_sauce_and_place_it_in_the_basket,0,0,100,0,0,0,,,,,18,,,grasp the condiment typically used for grilling meats and position it in the container for carrying purchases,grasp the condiment typically used for grilling meats and position it in the container for carrying purchases,pick_up_the_bbq_sauce_and_place_it_in_the_basket_language_18_view_0_0_100_0_0_initstate_0
1143,Language Instructions,1,4,pick_up_the_bbq_sauce_and_place_it_in_the_basket,0,0,100,0,0,0,,,,,19,,,for safety please pick up the bbq sauce carefully and place it in the basket,for safety please pick up the bbq sauce carefully and place it in the basket,pick_up_the_bbq_sauce_and_place_it_in_the_basket_language_19_view_0_0_100_0_0_initstate_0
1144,Language Instructions,2,3,pick_up_the_bbq_sauce_and_place_it_in_the_basket,0,0,100,0,0,0,,,,,22,,,grasp the condiment often used for grilling meats and transfer it to the woven container,grasp the condiment often used for grilling meats and transfer it to the woven container,pick_up_the_bbq_sauce_and_place_it_in_the_basket_language_22_view_0_0_100_0_0_initstate_0
1145,Language Instructions,3,2,pick_up_the_bbq_sauce_and_place_it_in_the_basket,0,0,100,0,0,0,,,,,25,,,grasp the condiment often used for grilling and deposit it into the woven container,grasp the condiment often used for grilling and deposit it into the woven container,pick_up_the_bbq_sauce_and_place_it_in_the_basket_language_25_view_0_0_100_0_0_initstate_0
1146,Language Instructions,1,4,pick_up_the_bbq_sauce_and_place_it_in_the_basket,0,0,100,0,0,0,,,,,26,,,grab the bbq condiment and set it in the basket,grab the bbq condiment and set it in the basket,pick_up_the_bbq_sauce_and_place_it_in_the_basket_language_26_view_0_0_100_0_0_initstate_0
1147,Language Instructions,1,4,pick_up_the_bbq_sauce_and_place_it_in_the_basket,0,0,100,0,0,0,,,,,28,,,lets organize the kitchen pick up the bbq sauce and place it in the basket with other condiments,lets organize the kitchen pick up the bbq sauce and place it in the basket with other condiments,pick_up_the_bbq_sauce_and_place_it_in_the_basket_language_28_view_0_0_100_0_0_initstate_0
1148,Language Instructions,4,1,pick_up_the_bbq_sauce_and_place_it_in_the_basket,0,0,100,0,0,0,,,,,30,,,could you do me a favor pick up the bbq sauce and place it in the basket please,could you do me a favor pick up the bbq sauce and place it in the basket please,pick_up_the_bbq_sauce_and_place_it_in_the_basket_language_30_view_0_0_100_0_0_initstate_0
1149,Language Instructions,3,2,pick_up_the_bbq_sauce_and_place_it_in_the_basket,0,0,100,0,0,0,,,,,31,,,retrieve the bbq sauce and set it in the basket,retrieve the bbq sauce and set it in the basket,pick_up_the_bbq_sauce_and_place_it_in_the_basket_language_31_view_0_0_100_0_0_initstate_0
1150,Language Instructions,1,4,pick_up_the_bbq_sauce_and_place_it_in_the_basket,0,0,100,0,0,0,,,,,32,,,grab the bbq condiment and set it in the basket,grab the bbq condiment and set it in the basket,pick_up_the_bbq_sauce_and_place_it_in_the_basket_language_32_view_0_0_100_0_0_initstate_0
1151,Language Instructions,5,0,pick_up_the_bbq_sauce_and_place_it_in_the_basket,0,0,100,0,0,0,,,,,35,,,could you put the bbq sauce in the basket please,could you put the bbq sauce in the basket please,pick_up_the_bbq_sauce_and_place_it_in_the_basket_language_35_view_0_0_100_0_0_initstate_0
1152,Language Instructions,4,1,pick_up_the_bbq_sauce_and_place_it_in_the_basket,0,0,100,0,0,0,,,,,39,,,pick up the condiment generally used for grilling and place it in the container for carrying items,pick up the condiment generally used for grilling and place it in the container for carrying items,pick_up_the_bbq_sauce_and_place_it_in_the_basket_language_39_view_0_0_100_0_0_initstate_0
1153,Language Instructions,3,2,pick_up_the_bbq_sauce_and_place_it_in_the_basket,0,0,100,0,0,0,,,,,42,,,could you put the bbq sauce in the basket for me please,could you put the bbq sauce in the basket for me please,pick_up_the_bbq_sauce_and_place_it_in_the_basket_language_42_view_0_0_100_0_0_initstate_0
1154,Language Instructions,2,3,pick_up_the_bbq_sauce_and_place_it_in_the_basket,0,0,100,0,0,0,,,,,43,,,take the bbq sauce and set it in the basket,take the bbq sauce and set it in the basket,pick_up_the_bbq_sauce_and_place_it_in_the_basket_language_43_view_0_0_100_0_0_initstate_0
1155,Language Instructions,1,4,pick_up_the_bbq_sauce_and_place_it_in_the_basket,0,0,100,0,0,0,,,,,44,,,the bbq sauce is essential for our meal so pick it up and place it in the basket now,the bbq sauce is essential for our meal so pick it up and place it in the basket now,pick_up_the_bbq_sauce_and_place_it_in_the_basket_language_44_view_0_0_100_0_0_initstate_0
1156,Language Instructions,1,4,pick_up_the_bbq_sauce_and_place_it_in_the_basket,0,0,100,0,0,0,,,,,45,,,put the bbq sauce in the basket,put the bbq sauce in the basket,pick_up_the_bbq_sauce_and_place_it_in_the_basket_language_45_view_0_0_100_0_0_initstate_0
1157,Language Instructions,1,4,pick_up_the_bbq_sauce_and_place_it_in_the_basket,0,0,100,0,0,0,,,,,47,,,grasp the condiment bottle used for grilling and deposit it into the woven container,grasp the condiment bottle used for grilling and deposit it into the woven container,pick_up_the_bbq_sauce_and_place_it_in_the_basket_language_47_view_0_0_100_0_0_initstate_0
1158,Language Instructions,1,4,pick_up_the_bbq_sauce_and_place_it_in_the_basket,0,0,100,0,0,0,,,,,48,,,take hold of the condiment bottle typically used for grilling and deposit it inside the woven container designed for holding items,take hold of the condiment bottle typically used for grilling and deposit it inside the woven container designed for holding items,pick_up_the_bbq_sauce_and_place_it_in_the_basket_language_48_view_0_0_100_0_0_initstate_0
1159,Language Instructions,1,4,pick_up_the_bbq_sauce_and_place_it_in_the_basket,0,0,100,0,0,0,,,,,49,,,the bbq sauce is on the counter pick it up and place it in the basket would you,the bbq sauce is on the counter pick it up and place it in the basket would you,pick_up_the_bbq_sauce_and_place_it_in_the_basket_language_49_view_0_0_100_0_0_initstate_0
1160,Language Instructions,2,3,pick_up_the_bbq_sauce_and_place_it_in_the_basket,0,0,100,0,0,0,,,,,50,,,can you ensure the bbq sauce ends up in the basket,can you ensure the bbq sauce ends up in the basket,pick_up_the_bbq_sauce_and_place_it_in_the_basket_language_50_view_0_0_100_0_0_initstate_0
1161,Language Instructions,1,4,pick_up_the_ketchup_and_place_it_in_the_basket,0,0,100,0,0,0,,,,,1,,,grab the ketchup and set it in the basket,grab the ketchup and set it in the basket,pick_up_the_ketchup_and_place_it_in_the_basket_language_1_view_0_0_100_0_0_initstate_0
1162,Language Instructions,3,2,pick_up_the_ketchup_and_place_it_in_the_basket,0,0,100,0,0,0,,,,,3,,,for our bbq preparation we need you to pick up the ketchup and place it in the basket,for our bbq preparation we need you to pick up the ketchup and place it in the basket,pick_up_the_ketchup_and_place_it_in_the_basket_language_3_view_0_0_100_0_0_initstate_0
1163,Language Instructions,1,4,pick_up_the_ketchup_and_place_it_in_the_basket,0,0,100,0,0,0,,,,,4,,,can you make sure the ketchup ends up in the basket,can you make sure the ketchup ends up in the basket,pick_up_the_ketchup_and_place_it_in_the_basket_language_4_view_0_0_100_0_0_initstate_0
1164,Language Instructions,2,3,pick_up_the_ketchup_and_place_it_in_the_basket,0,0,100,0,0,0,,,,,5,,,grab the ketchup and position it in the basket,grab the ketchup and position it in the basket,pick_up_the_ketchup_and_place_it_in_the_basket_language_5_view_0_0_100_0_0_initstate_0
1165,Language Instructions,1,4,pick_up_the_ketchup_and_place_it_in_the_basket,0,0,100,0,0,0,,,,,7,,,for inventory purposes please pick up the ketchup and place it in the designated basket,for inventory purposes please pick up the ketchup and place it in the designated basket,pick_up_the_ketchup_and_place_it_in_the_basket_language_7_view_0_0_100_0_0_initstate_0
1166,Language Instructions,1,4,pick_up_the_ketchup_and_place_it_in_the_basket,0,0,100,0,0,0,,,,,8,,,quick task pick up the ketchup thats near the fridge and put it in the basket,quick task pick up the ketchup thats near the fridge and put it in the basket,pick_up_the_ketchup_and_place_it_in_the_basket_language_8_view_0_0_100_0_0_initstate_0
1167,Language Instructions,2,3,pick_up_the_ketchup_and_place_it_in_the_basket,0,0,100,0,0,0,,,,,11,,,before you leave remember to pick up the ketchup and place it in the basket by the door,before you leave remember to pick up the ketchup and place it in the basket by the door,pick_up_the_ketchup_and_place_it_in_the_basket_language_11_view_0_0_100_0_0_initstate_0
1168,Language Instructions,2,3,pick_up_the_ketchup_and_place_it_in_the_basket,0,0,100,0,0,0,,,,,12,,,for proper organization pick up the ketchup bottle and place it in the basket labeled condiments,for proper organization pick up the ketchup bottle and place it in the basket labeled condiments,pick_up_the_ketchup_and_place_it_in_the_basket_language_12_view_0_0_100_0_0_initstate_0
1169,Language Instructions,1,4,pick_up_the_ketchup_and_place_it_in_the_basket,0,0,100,0,0,0,,,,,13,,,lift the red condiment bottle and position it within the woven container,lift the red condiment bottle and position it within the woven container,pick_up_the_ketchup_and_place_it_in_the_basket_language_13_view_0_0_100_0_0_initstate_0
1170,Language Instructions,3,2,pick_up_the_ketchup_and_place_it_in_the_basket,0,0,100,0,0,0,,,,,15,,,the cooking show starts soon first pick up the ketchup and place it in the basket,the cooking show starts soon first pick up the ketchup and place it in the basket,pick_up_the_ketchup_and_place_it_in_the_basket_language_15_view_0_0_100_0_0_initstate_0
1171,Language Instructions,1,4,pick_up_the_ketchup_and_place_it_in_the_basket,0,0,100,0,0,0,,,,,16,,,attention please pick up the heinz ketchup bottle and place it in the wicker basket,attention please pick up the heinz ketchup bottle and place it in the wicker basket,pick_up_the_ketchup_and_place_it_in_the_basket_language_16_view_0_0_100_0_0_initstate_0
1172,Language Instructions,1,4,pick_up_the_ketchup_and_place_it_in_the_basket,0,0,100,0,0,0,,,,,17,,,collect the ketchup and deposit it in the basket,collect the ketchup and deposit it in the basket,pick_up_the_ketchup_and_place_it_in_the_basket_language_17_view_0_0_100_0_0_initstate_0
1173,Language Instructions,4,1,pick_up_the_ketchup_and_place_it_in_the_basket,0,0,100,0,0,0,,,,,18,,,could you please pick up the ketchup and put it in the basket its for the picnic later,could you please pick up the ketchup and put it in the basket its for the picnic later,pick_up_the_ketchup_and_place_it_in_the_basket_language_18_view_0_0_100_0_0_initstate_0
1174,Language Instructions,4,1,pick_up_the_ketchup_and_place_it_in_the_basket,0,0,100,0,0,0,,,,,19,,,pick up the red condiment bottle and place it in the container for carrying items,pick up the red condiment bottle and place it in the container for carrying items,pick_up_the_ketchup_and_place_it_in_the_basket_language_19_view_0_0_100_0_0_initstate_0
1175,Language Instructions,3,2,pick_up_the_ketchup_and_place_it_in_the_basket,0,0,100,0,0,0,,,,,20,,,grab the ketchup and put it in the basket,grab the ketchup and put it in the basket,pick_up_the_ketchup_and_place_it_in_the_basket_language_20_view_0_0_100_0_0_initstate_0
1176,Language Instructions,3,2,pick_up_the_ketchup_and_place_it_in_the_basket,0,0,100,0,0,0,,,,,21,,,i noticed the ketchup is out of place would you pick it up and put it in the basket,i noticed the ketchup is out of place would you pick it up and put it in the basket,pick_up_the_ketchup_and_place_it_in_the_basket_language_21_view_0_0_100_0_0_initstate_0
1177,Language Instructions,3,2,pick_up_the_ketchup_and_place_it_in_the_basket,0,0,100,0,0,0,,,,,22,,,retrieve the red condiment bottle and deposit it into the woven container,retrieve the red condiment bottle and deposit it into the woven container,pick_up_the_ketchup_and_place_it_in_the_basket_language_22_view_0_0_100_0_0_initstate_0
1178,Language Instructions,1,4,pick_up_the_ketchup_and_place_it_in_the_basket,0,0,100,0,0,0,,,,,24,,,grasp the red condiment container and set it inside the woven storage holder,grasp the red condiment container and set it inside the woven storage holder,pick_up_the_ketchup_and_place_it_in_the_basket_language_24_view_0_0_100_0_0_initstate_0
1179,Language Instructions,1,4,pick_up_the_ketchup_and_place_it_in_the_basket,0,0,100,0,0,0,,,,,25,,,hey there would you mind picking up that ketchup and putting it in the basket thanks,hey there would you mind picking up that ketchup and putting it in the basket thanks,pick_up_the_ketchup_and_place_it_in_the_basket_language_25_view_0_0_100_0_0_initstate_0
1180,Language Instructions,2,3,pick_up_the_ketchup_and_place_it_in_the_basket,0,0,100,0,0,0,,,,,26,,,before the guests arrive pick up the ketchup and place it in the basket on the patio,before the guests arrive pick up the ketchup and place it in the basket on the patio,pick_up_the_ketchup_and_place_it_in_the_basket_language_26_view_0_0_100_0_0_initstate_0
1181,Language Instructions,3,2,pick_up_the_ketchup_and_place_it_in_the_basket,0,0,100,0,0,0,,,,,27,,,could you put the ketchup in the basket,could you put the ketchup in the basket,pick_up_the_ketchup_and_place_it_in_the_basket_language_27_view_0_0_100_0_0_initstate_0
1182,Language Instructions,4,1,pick_up_the_ketchup_and_place_it_in_the_basket,0,0,100,0,0,0,,,,,28,,,our checklist says we need the ketchup could you pick it up and place it in the basket,our checklist says we need the ketchup could you pick it up and place it in the basket,pick_up_the_ketchup_and_place_it_in_the_basket_language_28_view_0_0_100_0_0_initstate_0
1183,Language Instructions,4,1,pick_up_the_ketchup_and_place_it_in_the_basket,0,0,100,0,0,0,,,,,29,,,lift the ketchup and position it in the basket,lift the ketchup and position it in the basket,pick_up_the_ketchup_and_place_it_in_the_basket_language_29_view_0_0_100_0_0_initstate_0
1184,Language Instructions,1,4,pick_up_the_ketchup_and_place_it_in_the_basket,0,0,100,0,0,0,,,,,30,,,grasp the red condiment container and set it inside the woven holder,grasp the red condiment container and set it inside the woven holder,pick_up_the_ketchup_and_place_it_in_the_basket_language_30_view_0_0_100_0_0_initstate_0
1185,Language Instructions,4,1,pick_up_the_ketchup_and_place_it_in_the_basket,0,0,100,0,0,0,,,,,32,,,pick up the ketchup bottle now and transfer it to the basket on your left,pick up the ketchup bottle now and transfer it to the basket on your left,pick_up_the_ketchup_and_place_it_in_the_basket_language_32_view_0_0_100_0_0_initstate_0
1186,Language Instructions,3,2,pick_up_the_ketchup_and_place_it_in_the_basket,0,0,100,0,0,0,,,,,36,,,grasp the red condiment bottle and deposit it inside the woven container designed for holding items,grasp the red condiment bottle and deposit it inside the woven container designed for holding items,pick_up_the_ketchup_and_place_it_in_the_basket_language_36_view_0_0_100_0_0_initstate_0
1187,Language Instructions,2,3,pick_up_the_ketchup_and_place_it_in_the_basket,0,0,100,0,0,0,,,,,37,,,could you put the ketchup in the basket for me please,could you put the ketchup in the basket for me please,pick_up_the_ketchup_and_place_it_in_the_basket_language_37_view_0_0_100_0_0_initstate_0
1188,Language Instructions,4,1,pick_up_the_ketchup_and_place_it_in_the_basket,0,0,100,0,0,0,,,,,38,,,the ketchup belongs with the condiments please pick it up and place it in the basket,the ketchup belongs with the condiments please pick it up and place it in the basket,pick_up_the_ketchup_and_place_it_in_the_basket_language_38_view_0_0_100_0_0_initstate_0
1189,Language Instructions,4,1,pick_up_the_ketchup_and_place_it_in_the_basket,0,0,100,0,0,0,,,,,39,,,can you put the ketchup in the basket please,can you put the ketchup in the basket please,pick_up_the_ketchup_and_place_it_in_the_basket_language_39_view_0_0_100_0_0_initstate_0
1190,Language Instructions,2,3,pick_up_the_ketchup_and_place_it_in_the_basket,0,0,100,0,0,0,,,,,41,,,lift the red condiment container and set it inside the woven holder,lift the red condiment container and set it inside the woven holder,pick_up_the_ketchup_and_place_it_in_the_basket_language_41_view_0_0_100_0_0_initstate_0
1191,Language Instructions,1,4,pick_up_the_ketchup_and_place_it_in_the_basket,0,0,100,0,0,0,,,,,42,,,grasp the red condiment bottle and position it inside the woven container,grasp the red condiment bottle and position it inside the woven container,pick_up_the_ketchup_and_place_it_in_the_basket_language_42_view_0_0_100_0_0_initstate_0
1192,Language Instructions,1,4,pick_up_the_ketchup_and_place_it_in_the_basket,0,0,100,0,0,0,,,,,43,,,gather the ketchup and set it in the basket,gather the ketchup and set it in the basket,pick_up_the_ketchup_and_place_it_in_the_basket_language_43_view_0_0_100_0_0_initstate_0
1193,Language Instructions,4,1,pick_up_the_ketchup_and_place_it_in_the_basket,0,0,100,0,0,0,,,,,44,,,grasp the red condiment bottle and deposit it into the woven carrying container,grasp the red condiment bottle and deposit it into the woven carrying container,pick_up_the_ketchup_and_place_it_in_the_basket_language_44_view_0_0_100_0_0_initstate_0
1194,Language Instructions,4,1,pick_up_the_ketchup_and_place_it_in_the_basket,0,0,100,0,0,0,,,,,45,,,gather the ketchup and set it in the basket,gather the ketchup and set it in the basket,pick_up_the_ketchup_and_place_it_in_the_basket_language_45_view_0_0_100_0_0_initstate_0
1195,Language Instructions,4,1,pick_up_the_ketchup_and_place_it_in_the_basket,0,0,100,0,0,0,,,,,46,,,pick up the ketchup from the table not the mustard and put it in the basket please,pick up the ketchup from the table not the mustard and put it in the basket please,pick_up_the_ketchup_and_place_it_in_the_basket_language_46_view_0_0_100_0_0_initstate_0
1196,Language Instructions,2,3,pick_up_the_ketchup_and_place_it_in_the_basket,0,0,100,0,0,0,,,,,48,,,grasp the ketchup and position it in the basket,grasp the ketchup and position it in the basket,pick_up_the_ketchup_and_place_it_in_the_basket_language_48_view_0_0_100_0_0_initstate_0
1197,Language Instructions,4,1,pick_up_the_ketchup_and_place_it_in_the_basket,0,0,100,0,0,0,,,,,49,,,pick up the condiment used for enhancing the flavor of burgers and fries and place it in the woven container for carrying items,pick up the condiment used for enhancing the flavor of burgers and fries and place it in the woven container for carrying items,pick_up_the_ketchup_and_place_it_in_the_basket_language_49_view_0_0_100_0_0_initstate_0
1198,Language Instructions,3,2,pick_up_the_tomato_sauce_and_place_it_in_the_basket,0,0,100,0,0,0,,,,,1,,,could you put the tomato sauce in the basket for me,could you put the tomato sauce in the basket for me,pick_up_the_tomato_sauce_and_place_it_in_the_basket_language_1_view_0_0_100_0_0_initstate_0
1199,Language Instructions,4,1,pick_up_the_tomato_sauce_and_place_it_in_the_basket,0,0,100,0,0,0,,,,,2,,,could you add the tomato sauce to the basket please,could you add the tomato sauce to the basket please,pick_up_the_tomato_sauce_and_place_it_in_the_basket_language_2_view_0_0_100_0_0_initstate_0
1200,Language Instructions,1,4,pick_up_the_tomato_sauce_and_place_it_in_the_basket,0,0,100,0,0,0,,,,,3,,,the shopping is done now just pick up the tomato sauce and place it in the basket,the shopping is done now just pick up the tomato sauce and place it in the basket,pick_up_the_tomato_sauce_and_place_it_in_the_basket_language_3_view_0_0_100_0_0_initstate_0
1201,Language Instructions,1,4,pick_up_the_tomato_sauce_and_place_it_in_the_basket,0,0,100,0,0,0,,,,,5,,,collect the tomato sauce and deposit it in the basket,collect the tomato sauce and deposit it in the basket,pick_up_the_tomato_sauce_and_place_it_in_the_basket_language_5_view_0_0_100_0_0_initstate_0
1202,Language Instructions,2,3,pick_up_the_tomato_sauce_and_place_it_in_the_basket,0,0,100,0,0,0,,,,,6,,,im busy with other things could you pick up the tomato sauce and place it in the basket,im busy with other things could you pick up the tomato sauce and place it in the basket,pick_up_the_tomato_sauce_and_place_it_in_the_basket_language_6_view_0_0_100_0_0_initstate_0
1203,Language Instructions,1,4,pick_up_the_tomato_sauce_and_place_it_in_the_basket,0,0,100,0,0,0,,,,,8,,,could you put the tomato sauce in the basket for me please,could you put the tomato sauce in the basket for me please,pick_up_the_tomato_sauce_and_place_it_in_the_basket_language_8_view_0_0_100_0_0_initstate_0
1204,Language Instructions,3,2,pick_up_the_tomato_sauce_and_place_it_in_the_basket,0,0,100,0,0,0,,,,,9,,,lift the red condiment made from crushed garden fruits and position it within the woven container,lift the red condiment made from crushed garden fruits and position it within the woven container,pick_up_the_tomato_sauce_and_place_it_in_the_basket_language_9_view_0_0_100_0_0_initstate_0
1205,Language Instructions,4,1,pick_up_the_tomato_sauce_and_place_it_in_the_basket,0,0,100,0,0,0,,,,,10,,,the tomato sauce needs to go in the basket would you mind handling that,the tomato sauce needs to go in the basket would you mind handling that,pick_up_the_tomato_sauce_and_place_it_in_the_basket_language_10_view_0_0_100_0_0_initstate_0
1206,Language Instructions,3,2,pick_up_the_tomato_sauce_and_place_it_in_the_basket,0,0,100,0,0,0,,,,,11,,,please put the tomato sauce in the basket,please put the tomato sauce in the basket,pick_up_the_tomato_sauce_and_place_it_in_the_basket_language_11_view_0_0_100_0_0_initstate_0
1207,Language Instructions,3,2,pick_up_the_tomato_sauce_and_place_it_in_the_basket,0,0,100,0,0,0,,,,,12,,,dont forget to pick up the tomato sauce and place it in the basket before we begin,dont forget to pick up the tomato sauce and place it in the basket before we begin,pick_up_the_tomato_sauce_and_place_it_in_the_basket_language_12_view_0_0_100_0_0_initstate_0
1208,Language Instructions,4,1,pick_up_the_tomato_sauce_and_place_it_in_the_basket,0,0,100,0,0,0,,,,,13,,,grab the tomato sauce and put it in the basket,grab the tomato sauce and put it in the basket,pick_up_the_tomato_sauce_and_place_it_in_the_basket_language_13_view_0_0_100_0_0_initstate_0
1209,Language Instructions,4,1,pick_up_the_tomato_sauce_and_place_it_in_the_basket,0,0,100,0,0,0,,,,,14,,,grasp the red condiment made from crushed fruits and deposit it inside the woven container for carrying items,grasp the red condiment made from crushed fruits and deposit it inside the woven container for carrying items,pick_up_the_tomato_sauce_and_place_it_in_the_basket_language_14_view_0_0_100_0_0_initstate_0
1210,Language Instructions,1,4,pick_up_the_tomato_sauce_and_place_it_in_the_basket,0,0,100,0,0,0,,,,,15,,,were almost ready to cook just need you to pick up the tomato sauce and place it in the basket,were almost ready to cook just need you to pick up the tomato sauce and place it in the basket,pick_up_the_tomato_sauce_and_place_it_in_the_basket_language_15_view_0_0_100_0_0_initstate_0
1211,Language Instructions,1,4,pick_up_the_tomato_sauce_and_place_it_in_the_basket,0,0,100,0,0,0,,,,,16,,,take hold of the red pasta topping and put it inside the woven carrier,take hold of the red pasta topping and put it inside the woven carrier,pick_up_the_tomato_sauce_and_place_it_in_the_basket_language_16_view_0_0_100_0_0_initstate_0
1212,Language Instructions,1,4,pick_up_the_tomato_sauce_and_place_it_in_the_basket,0,0,100,0,0,0,,,,,18,,,could you please pick up the tomato sauce and put it in the basket id really appreciate it,could you please pick up the tomato sauce and put it in the basket id really appreciate it,pick_up_the_tomato_sauce_and_place_it_in_the_basket_language_18_view_0_0_100_0_0_initstate_0
1213,Language Instructions,2,3,pick_up_the_tomato_sauce_and_place_it_in_the_basket,0,0,100,0,0,0,,,,,19,,,grasp the red pasta topping and deposit it in the woven container,grasp the red pasta topping and deposit it in the woven container,pick_up_the_tomato_sauce_and_place_it_in_the_basket_language_19_view_0_0_100_0_0_initstate_0
1214,Language Instructions,1,4,pick_up_the_tomato_sauce_and_place_it_in_the_basket,0,0,100,0,0,0,,,,,20,,,grasp the container of red pasta condiment and deposit it into the woven carrier,grasp the container of red pasta condiment and deposit it into the woven carrier,pick_up_the_tomato_sauce_and_place_it_in_the_basket_language_20_view_0_0_100_0_0_initstate_0
1215,Language Instructions,2,3,pick_up_the_tomato_sauce_and_place_it_in_the_basket,0,0,100,0,0,0,,,,,21,,,pick up the red condiment derived from fruits and place it in the woven container,pick up the red condiment derived from fruits and place it in the woven container,pick_up_the_tomato_sauce_and_place_it_in_the_basket_language_21_view_0_0_100_0_0_initstate_0
1216,Language Instructions,1,4,pick_up_the_tomato_sauce_and_place_it_in_the_basket,0,0,100,0,0,0,,,,,23,,,the tomato sauce should go with the other ingredients so please pick it up and place it in the basket,the tomato sauce should go with the other ingredients so please pick it up and place it in the basket,pick_up_the_tomato_sauce_and_place_it_in_the_basket_language_23_view_0_0_100_0_0_initstate_0
1217,Language Instructions,1,4,pick_up_the_tomato_sauce_and_place_it_in_the_basket,0,0,100,0,0,0,,,,,25,,,collect the tomato sauce and set it in the basket,collect the tomato sauce and set it in the basket,pick_up_the_tomato_sauce_and_place_it_in_the_basket_language_25_view_0_0_100_0_0_initstate_0
1218,Language Instructions,4,1,pick_up_the_tomato_sauce_and_place_it_in_the_basket,0,0,100,0,0,0,,,,,26,,,before setting the table please pick up the tomato sauce and place it in the basket,before setting the table please pick up the tomato sauce and place it in the basket,pick_up_the_tomato_sauce_and_place_it_in_the_basket_language_26_view_0_0_100_0_0_initstate_0
1219,Language Instructions,4,1,pick_up_the_tomato_sauce_and_place_it_in_the_basket,0,0,100,0,0,0,,,,,27,,,for our spaghetti dinner well need the tomato sauce in the basket could you handle that,for our spaghetti dinner well need the tomato sauce in the basket could you handle that,pick_up_the_tomato_sauce_and_place_it_in_the_basket_language_27_view_0_0_100_0_0_initstate_0
1220,Language Instructions,4,1,pick_up_the_tomato_sauce_and_place_it_in_the_basket,0,0,100,0,0,0,,,,,28,,,before we start cooking remember to pick up the tomato sauce and put it in the basket,before we start cooking remember to pick up the tomato sauce and put it in the basket,pick_up_the_tomato_sauce_and_place_it_in_the_basket_language_28_view_0_0_100_0_0_initstate_0
1221,Language Instructions,2,3,pick_up_the_tomato_sauce_and_place_it_in_the_basket,0,0,100,0,0,0,,,,,29,,,would you mind putting the tomato sauce in the basket,would you mind putting the tomato sauce in the basket,pick_up_the_tomato_sauce_and_place_it_in_the_basket_language_29_view_0_0_100_0_0_initstate_0
1222,Language Instructions,1,4,pick_up_the_tomato_sauce_and_place_it_in_the_basket,0,0,100,0,0,0,,,,,30,,,put the tomato sauce in the basket,put the tomato sauce in the basket,pick_up_the_tomato_sauce_and_place_it_in_the_basket_language_30_view_0_0_100_0_0_initstate_0
1223,Language Instructions,4,1,pick_up_the_tomato_sauce_and_place_it_in_the_basket,0,0,100,0,0,0,,,,,31,,,grasp the tomato sauce and set it in the basket,grasp the tomato sauce and set it in the basket,pick_up_the_tomato_sauce_and_place_it_in_the_basket_language_31_view_0_0_100_0_0_initstate_0
1224,Language Instructions,1,4,pick_up_the_tomato_sauce_and_place_it_in_the_basket,0,0,100,0,0,0,,,,,32,,,the recipe calls for tomato sauce so please pick it up and put it in the basket,the recipe calls for tomato sauce so please pick it up and put it in the basket,pick_up_the_tomato_sauce_and_place_it_in_the_basket_language_32_view_0_0_100_0_0_initstate_0
1225,Language Instructions,5,0,pick_up_the_tomato_sauce_and_place_it_in_the_basket,0,0,100,0,0,0,,,,,34,,,collect the tomato sauce and position it inside the basket,collect the tomato sauce and position it inside the basket,pick_up_the_tomato_sauce_and_place_it_in_the_basket_language_34_view_0_0_100_0_0_initstate_0
1226,Language Instructions,1,4,pick_up_the_tomato_sauce_and_place_it_in_the_basket,0,0,100,0,0,0,,,,,35,,,grasp the red condiment container and deposit it into the woven holder,grasp the red condiment container and deposit it into the woven holder,pick_up_the_tomato_sauce_and_place_it_in_the_basket_language_35_view_0_0_100_0_0_initstate_0
1227,Language Instructions,1,4,pick_up_the_tomato_sauce_and_place_it_in_the_basket,0,0,100,0,0,0,,,,,36,,,grasp the red pasta topping and deposit it inside the woven container,grasp the red pasta topping and deposit it inside the woven container,pick_up_the_tomato_sauce_and_place_it_in_the_basket_language_36_view_0_0_100_0_0_initstate_0
1228,Language Instructions,3,2,pick_up_the_tomato_sauce_and_place_it_in_the_basket,0,0,100,0,0,0,,,,,38,,,i noticed the tomato sauce is out could you pick it up and place it in the basket,i noticed the tomato sauce is out could you pick it up and place it in the basket,pick_up_the_tomato_sauce_and_place_it_in_the_basket_language_38_view_0_0_100_0_0_initstate_0
1229,Language Instructions,5,0,pick_up_the_tomato_sauce_and_place_it_in_the_basket,0,0,100,0,0,0,,,,,41,,,grab the tomato sauce and set it in the basket,grab the tomato sauce and set it in the basket,pick_up_the_tomato_sauce_and_place_it_in_the_basket_language_41_view_0_0_100_0_0_initstate_0
1230,Language Instructions,3,2,pick_up_the_tomato_sauce_and_place_it_in_the_basket,0,0,100,0,0,0,,,,,43,,,the tomato sauce is the last item pick it up and place it in the basket to complete our prep,the tomato sauce is the last item pick it up and place it in the basket to complete our prep,pick_up_the_tomato_sauce_and_place_it_in_the_basket_language_43_view_0_0_100_0_0_initstate_0
1231,Language Instructions,4,1,pick_up_the_tomato_sauce_and_place_it_in_the_basket,0,0,100,0,0,0,,,,,44,,,to help with dinner pick up the tomato sauce and place it in the basket on the table,to help with dinner pick up the tomato sauce and place it in the basket on the table,pick_up_the_tomato_sauce_and_place_it_in_the_basket_language_44_view_0_0_100_0_0_initstate_0
1232,Language Instructions,2,3,pick_up_the_tomato_sauce_and_place_it_in_the_basket,0,0,100,0,0,0,,,,,49,,,please make sure the tomato sauce ends up in the basket,please make sure the tomato sauce ends up in the basket,pick_up_the_tomato_sauce_and_place_it_in_the_basket_language_49_view_0_0_100_0_0_initstate_0
1233,Language Instructions,3,2,pick_up_the_tomato_sauce_and_place_it_in_the_basket,0,0,100,0,0,0,,,,,50,,,lift the cylindrical container of red pasta condiment and set it inside the woven carrier,lift the cylindrical container of red pasta condiment and set it inside the woven carrier,pick_up_the_tomato_sauce_and_place_it_in_the_basket_language_50_view_0_0_100_0_0_initstate_0
1234,Language Instructions,3,2,pick_up_the_butter_and_place_it_in_the_basket,0,0,100,0,0,0,,,,,2,,,grasp the yellow dairy spread and transfer it to the woven carrying container,grasp the yellow dairy spread and transfer it to the woven carrying container,pick_up_the_butter_and_place_it_in_the_basket_language_2_view_0_0_100_0_0_initstate_0
1235,Language Instructions,5,0,pick_up_the_butter_and_place_it_in_the_basket,0,0,100,0,0,0,,,,,4,,,can you please put the butter in the basket,can you please put the butter in the basket,pick_up_the_butter_and_place_it_in_the_basket_language_4_view_0_0_100_0_0_initstate_0
1236,Language Instructions,4,1,pick_up_the_butter_and_place_it_in_the_basket,0,0,100,0,0,0,,,,,5,,,lift the butter and position it in the basket,lift the butter and position it in the basket,pick_up_the_butter_and_place_it_in_the_basket_language_5_view_0_0_100_0_0_initstate_0
1237,Language Instructions,2,3,pick_up_the_butter_and_place_it_in_the_basket,0,0,100,0,0,0,,,,,6,,,grab the butter and set it in the basket,grab the butter and set it in the basket,pick_up_the_butter_and_place_it_in_the_basket_language_6_view_0_0_100_0_0_initstate_0
1238,Language Instructions,3,2,pick_up_the_butter_and_place_it_in_the_basket,0,0,100,0,0,0,,,,,7,,,pick up the dairy product used for cooking and spreading on bread and place it in the woven container for carrying items,pick up the dairy product used for cooking and spreading on bread and place it in the woven container for carrying items,pick_up_the_butter_and_place_it_in_the_basket_language_7_view_0_0_100_0_0_initstate_0
1239,Language Instructions,3,2,pick_up_the_butter_and_place_it_in_the_basket,0,0,100,0,0,0,,,,,8,,,i noticed the butter is out would you pick it up and place it in the basket please,i noticed the butter is out would you pick it up and place it in the basket please,pick_up_the_butter_and_place_it_in_the_basket_language_8_view_0_0_100_0_0_initstate_0
1240,Language Instructions,5,0,pick_up_the_butter_and_place_it_in_the_basket,0,0,100,0,0,0,,,,,11,,,grasp the creamy dairy spread and deposit it into the woven carrying container,grasp the creamy dairy spread and deposit it into the woven carrying container,pick_up_the_butter_and_place_it_in_the_basket_language_11_view_0_0_100_0_0_initstate_0
1241,Language Instructions,4,1,pick_up_the_butter_and_place_it_in_the_basket,0,0,100,0,0,0,,,,,13,,,grasp the dairy spread and place it in the woven container,grasp the dairy spread and place it in the woven container,pick_up_the_butter_and_place_it_in_the_basket_language_13_view_0_0_100_0_0_initstate_0
1242,Language Instructions,1,4,pick_up_the_butter_and_place_it_in_the_basket,0,0,100,0,0,0,,,,,14,,,the butter is getting soft quickly pick it up and place it in the chilled basket,the butter is getting soft quickly pick it up and place it in the chilled basket,pick_up_the_butter_and_place_it_in_the_basket_language_14_view_0_0_100_0_0_initstate_0
1243,Language Instructions,2,3,pick_up_the_butter_and_place_it_in_the_basket,0,0,100,0,0,0,,,,,15,,,grasp the butter and deposit it in the basket,grasp the butter and deposit it in the basket,pick_up_the_butter_and_place_it_in_the_basket_language_15_view_0_0_100_0_0_initstate_0
1244,Language Instructions,5,0,pick_up_the_butter_and_place_it_in_the_basket,0,0,100,0,0,0,,,,,18,,,grab the butter and put it in the hamper,grab the butter and put it in the hamper,pick_up_the_butter_and_place_it_in_the_basket_language_18_view_0_0_100_0_0_initstate_0
1245,Language Instructions,3,2,pick_up_the_butter_and_place_it_in_the_basket,0,0,100,0,0,0,,,,,19,,,gather the butter and set it in the basket,gather the butter and set it in the basket,pick_up_the_butter_and_place_it_in_the_basket_language_19_view_0_0_100_0_0_initstate_0
1246,Language Instructions,1,4,pick_up_the_butter_and_place_it_in_the_basket,0,0,100,0,0,0,,,,,20,,,the basket looks empty pick up the butter from the counter and place it inside,the basket looks empty pick up the butter from the counter and place it inside,pick_up_the_butter_and_place_it_in_the_basket_language_20_view_0_0_100_0_0_initstate_0
1247,Language Instructions,1,4,pick_up_the_butter_and_place_it_in_the_basket,0,0,100,0,0,0,,,,,22,,,grasp the dairy spread and deposit it into the woven holder,grasp the dairy spread and deposit it into the woven holder,pick_up_the_butter_and_place_it_in_the_basket_language_22_view_0_0_100_0_0_initstate_0
1248,Language Instructions,2,3,pick_up_the_butter_and_place_it_in_the_basket,0,0,100,0,0,0,,,,,25,,,could you put the butter in the basket thank you,could you put the butter in the basket thank you,pick_up_the_butter_and_place_it_in_the_basket_language_25_view_0_0_100_0_0_initstate_0
1249,Language Instructions,1,4,pick_up_the_butter_and_place_it_in_the_basket,0,0,100,0,0,0,,,,,27,,,the kitchen is getting organized please pick up the butter and place it in the basket on your right,the kitchen is getting organized please pick up the butter and place it in the basket on your right,pick_up_the_butter_and_place_it_in_the_basket_language_27_view_0_0_100_0_0_initstate_0
1250,Language Instructions,1,4,pick_up_the_butter_and_place_it_in_the_basket,0,0,100,0,0,0,,,,,28,,,sure make sure the butter ends up in the basket,sure make sure the butter ends up in the basket,pick_up_the_butter_and_place_it_in_the_basket_language_28_view_0_0_100_0_0_initstate_0
1251,Language Instructions,3,2,pick_up_the_butter_and_place_it_in_the_basket,0,0,100,0,0,0,,,,,31,,,lets keep things tidy pick up that butter and place it in the basket where it belongs,lets keep things tidy pick up that butter and place it in the basket where it belongs,pick_up_the_butter_and_place_it_in_the_basket_language_31_view_0_0_100_0_0_initstate_0
1252,Language Instructions,2,3,pick_up_the_butter_and_place_it_in_the_basket,0,0,100,0,0,0,,,,,32,,,could you ensure the butter ends up in the basket,could you ensure the butter ends up in the basket,pick_up_the_butter_and_place_it_in_the_basket_language_32_view_0_0_100_0_0_initstate_0
1253,Language Instructions,1,4,pick_up_the_butter_and_place_it_in_the_basket,0,0,100,0,0,0,,,,,34,,,for proper storage pick up the butter and place it in the designated basket on the shelf,for proper storage pick up the butter and place it in the designated basket on the shelf,pick_up_the_butter_and_place_it_in_the_basket_language_34_view_0_0_100_0_0_initstate_0
1254,Language Instructions,4,1,pick_up_the_butter_and_place_it_in_the_basket,0,0,100,0,0,0,,,,,36,,,before the butter melts could you pick it up and place it in the basket thanks,before the butter melts could you pick it up and place it in the basket thanks,pick_up_the_butter_and_place_it_in_the_basket_language_36_view_0_0_100_0_0_initstate_0
1255,Language Instructions,2,3,pick_up_the_butter_and_place_it_in_the_basket,0,0,100,0,0,0,,,,,38,,,as part of your kitchen duties today pick up the butter and place it in the storage basket,as part of your kitchen duties today pick up the butter and place it in the storage basket,pick_up_the_butter_and_place_it_in_the_basket_language_38_view_0_0_100_0_0_initstate_0
1256,Language Instructions,1,4,pick_up_the_butter_and_place_it_in_the_basket,0,0,100,0,0,0,,,,,42,,,grasp the solid dairy product and deposit it in the woven container,grasp the solid dairy product and deposit it in the woven container,pick_up_the_butter_and_place_it_in_the_basket_language_42_view_0_0_100_0_0_initstate_0
1257,Language Instructions,1,4,pick_up_the_butter_and_place_it_in_the_basket,0,0,100,0,0,0,,,,,43,,,grasp the yellow dairy spread and deposit it into the woven carrying container,grasp the yellow dairy spread and deposit it into the woven carrying container,pick_up_the_butter_and_place_it_in_the_basket_language_43_view_0_0_100_0_0_initstate_0
1258,Language Instructions,2,3,pick_up_the_butter_and_place_it_in_the_basket,0,0,100,0,0,0,,,,,44,,,the cooking instructions say we should pick up the butter and place it in the basket first,the cooking instructions say we should pick up the butter and place it in the basket first,pick_up_the_butter_and_place_it_in_the_basket_language_44_view_0_0_100_0_0_initstate_0
1259,Language Instructions,3,2,pick_up_the_butter_and_place_it_in_the_basket,0,0,100,0,0,0,,,,,45,,,pick up the yellow dairy product used for cooking and spreading and place it in the woven container for holding items,pick up the yellow dairy product used for cooking and spreading and place it in the woven container for holding items,pick_up_the_butter_and_place_it_in_the_basket_language_45_view_0_0_100_0_0_initstate_0
1260,Language Instructions,3,2,pick_up_the_butter_and_place_it_in_the_basket,0,0,100,0,0,0,,,,,47,,,grasp the solid dairy product and deposit it into the woven container,grasp the solid dairy product and deposit it into the woven container,pick_up_the_butter_and_place_it_in_the_basket_language_47_view_0_0_100_0_0_initstate_0
1261,Language Instructions,3,2,pick_up_the_butter_and_place_it_in_the_basket,0,0,100,0,0,0,,,,,48,,,hey could you put the butter in the basket,hey could you put the butter in the basket,pick_up_the_butter_and_place_it_in_the_basket_language_48_view_0_0_100_0_0_initstate_0
1262,Language Instructions,4,1,pick_up_the_milk_and_place_it_in_the_basket,0,0,100,0,0,0,,,,,1,,,grasp the dairy liquid container and deposit it in the woven carrier,grasp the dairy liquid container and deposit it in the woven carrier,pick_up_the_milk_and_place_it_in_the_basket_language_1_view_0_0_100_0_0_initstate_0
1263,Language Instructions,1,4,pick_up_the_milk_and_place_it_in_the_basket,0,0,100,0,0,0,,,,,2,,,before we leave dont forget to pick up the milk and put it in the picnic basket,before we leave dont forget to pick up the milk and put it in the picnic basket,pick_up_the_milk_and_place_it_in_the_basket_language_2_view_0_0_100_0_0_initstate_0
1264,Language Instructions,3,2,pick_up_the_milk_and_place_it_in_the_basket,0,0,100,0,0,0,,,,,3,,,grab the white beverage often consumed at breakfast and deposit it into the woven holder for carrying items,grab the white beverage often consumed at breakfast and deposit it into the woven holder for carrying items,pick_up_the_milk_and_place_it_in_the_basket_language_3_view_0_0_100_0_0_initstate_0
1265,Language Instructions,2,3,pick_up_the_milk_and_place_it_in_the_basket,0,0,100,0,0,0,,,,,4,,,grasp the liquid dairy product and deposit it into the woven container,grasp the liquid dairy product and deposit it into the woven container,pick_up_the_milk_and_place_it_in_the_basket_language_4_view_0_0_100_0_0_initstate_0
1266,Language Instructions,5,0,pick_up_the_milk_and_place_it_in_the_basket,0,0,100,0,0,0,,,,,5,,,grab the milk and put it in the basket,grab the milk and put it in the basket,pick_up_the_milk_and_place_it_in_the_basket_language_5_view_0_0_100_0_0_initstate_0
1267,Language Instructions,1,4,pick_up_the_milk_and_place_it_in_the_basket,0,0,100,0,0,0,,,,,6,,,were organizing the kitchen your job is to pick up the milk and place it in the designated basket,were organizing the kitchen your job is to pick up the milk and place it in the designated basket,pick_up_the_milk_and_place_it_in_the_basket_language_6_view_0_0_100_0_0_initstate_0
1268,Language Instructions,1,4,pick_up_the_milk_and_place_it_in_the_basket,0,0,100,0,0,0,,,,,7,,,grasp the container of cows beverage and deposit it in the woven holder,grasp the container of cows beverage and deposit it in the woven holder,pick_up_the_milk_and_place_it_in_the_basket_language_7_view_0_0_100_0_0_initstate_0
1269,Language Instructions,5,0,pick_up_the_milk_and_place_it_in_the_basket,0,0,100,0,0,0,,,,,9,,,gather the milk and set it in the basket,gather the milk and set it in the basket,pick_up_the_milk_and_place_it_in_the_basket_language_9_view_0_0_100_0_0_initstate_0
1270,Language Instructions,4,1,pick_up_the_milk_and_place_it_in_the_basket,0,0,100,0,0,0,,,,,10,,,can you put the milk into the basket,can you put the milk into the basket,pick_up_the_milk_and_place_it_in_the_basket_language_10_view_0_0_100_0_0_initstate_0
1271,Language Instructions,2,3,pick_up_the_milk_and_place_it_in_the_basket,0,0,100,0,0,0,,,,,11,,,grasp the cold dairy liquid container and position it within the woven carrying accessory,grasp the cold dairy liquid container and position it within the woven carrying accessory,pick_up_the_milk_and_place_it_in_the_basket_language_11_view_0_0_100_0_0_initstate_0
1272,Language Instructions,2,3,pick_up_the_milk_and_place_it_in_the_basket,0,0,100,0,0,0,,,,,12,,,collect the dairy product used in coffee and breakfast cereals and deposit it into the woven container for carrying items,collect the dairy product used in coffee and breakfast cereals and deposit it into the woven container for carrying items,pick_up_the_milk_and_place_it_in_the_basket_language_12_view_0_0_100_0_0_initstate_0
1273,Language Instructions,1,4,pick_up_the_milk_and_place_it_in_the_basket,0,0,100,0,0,0,,,,,13,,,the children need their milk pick it up from the counter and place it in their snack basket,the children need their milk pick it up from the counter and place it in their snack basket,pick_up_the_milk_and_place_it_in_the_basket_language_13_view_0_0_100_0_0_initstate_0
1274,Language Instructions,1,4,pick_up_the_milk_and_place_it_in_the_basket,0,0,100,0,0,0,,,,,14,,,pick up the dairy liquid container and place it in the woven carrying implement,pick up the dairy liquid container and place it in the woven carrying implement,pick_up_the_milk_and_place_it_in_the_basket_language_14_view_0_0_100_0_0_initstate_0
1275,Language Instructions,5,0,pick_up_the_milk_and_place_it_in_the_basket,0,0,100,0,0,0,,,,,15,,,retrieve the milk and set it in the basket,retrieve the milk and set it in the basket,pick_up_the_milk_and_place_it_in_the_basket_language_15_view_0_0_100_0_0_initstate_0
1276,Language Instructions,5,0,pick_up_the_milk_and_place_it_in_the_basket,0,0,100,0,0,0,,,,,16,,,could you please put the milk in the basket,could you please put the milk in the basket,pick_up_the_milk_and_place_it_in_the_basket_language_16_view_0_0_100_0_0_initstate_0
1277,Language Instructions,5,0,pick_up_the_milk_and_place_it_in_the_basket,0,0,100,0,0,0,,,,,17,,,lift the white liquid container and set it into the woven carrier,lift the white liquid container and set it into the woven carrier,pick_up_the_milk_and_place_it_in_the_basket_language_17_view_0_0_100_0_0_initstate_0
1278,Language Instructions,4,1,pick_up_the_milk_and_place_it_in_the_basket,0,0,100,0,0,0,,,,,18,,,for our grocery organization please pick up the milk and transfer it to the basket,for our grocery organization please pick up the milk and transfer it to the basket,pick_up_the_milk_and_place_it_in_the_basket_language_18_view_0_0_100_0_0_initstate_0
1279,Language Instructions,2,3,pick_up_the_milk_and_place_it_in_the_basket,0,0,100,0,0,0,,,,,19,,,grasp the chilled white liquid container and deposit it into the woven carrying accessory,grasp the chilled white liquid container and deposit it into the woven carrying accessory,pick_up_the_milk_and_place_it_in_the_basket_language_19_view_0_0_100_0_0_initstate_0
1280,Language Instructions,2,3,pick_up_the_milk_and_place_it_in_the_basket,0,0,100,0,0,0,,,,,20,,,to help with dinner setup pick up the milk from the fridge and put it in the serving basket,to help with dinner setup pick up the milk from the fridge and put it in the serving basket,pick_up_the_milk_and_place_it_in_the_basket_language_20_view_0_0_100_0_0_initstate_0
1281,Language Instructions,3,2,pick_up_the_milk_and_place_it_in_the_basket,0,0,100,0,0,0,,,,,21,,,please put the milk in the basket,please put the milk in the basket,pick_up_the_milk_and_place_it_in_the_basket_language_21_view_0_0_100_0_0_initstate_0
1282,Language Instructions,3,2,pick_up_the_milk_and_place_it_in_the_basket,0,0,100,0,0,0,,,,,24,,,to complete this chore simply pick up the milk container and place it inside the laundry basket just kidding use the food basket,to complete this chore simply pick up the milk container and place it inside the laundry basket just kidding use the food basket,pick_up_the_milk_and_place_it_in_the_basket_language_24_view_0_0_100_0_0_initstate_0
1283,Language Instructions,5,0,pick_up_the_milk_and_place_it_in_the_basket,0,0,100,0,0,0,,,,,25,,,grab the milk and deposit it in the basket,grab the milk and deposit it in the basket,pick_up_the_milk_and_place_it_in_the_basket_language_25_view_0_0_100_0_0_initstate_0
1284,Language Instructions,5,0,pick_up_the_milk_and_place_it_in_the_basket,0,0,100,0,0,0,,,,,26,,,for proper storage pick up the open milk carton and place it in the refrigerator basket,for proper storage pick up the open milk carton and place it in the refrigerator basket,pick_up_the_milk_and_place_it_in_the_basket_language_26_view_0_0_100_0_0_initstate_0
1285,Language Instructions,2,3,pick_up_the_milk_and_place_it_in_the_basket,0,0,100,0,0,0,,,,,27,,,would you mind putting the milk into the basket,would you mind putting the milk into the basket,pick_up_the_milk_and_place_it_in_the_basket_language_27_view_0_0_100_0_0_initstate_0
1286,Language Instructions,4,1,pick_up_the_milk_and_place_it_in_the_basket,0,0,100,0,0,0,,,,,29,,,for breakfast preparation please pick up the milk container and place it in the breakfast basket,for breakfast preparation please pick up the milk container and place it in the breakfast basket,pick_up_the_milk_and_place_it_in_the_basket_language_29_view_0_0_100_0_0_initstate_0
1287,Language Instructions,4,1,pick_up_the_milk_and_place_it_in_the_basket,0,0,100,0,0,0,,,,,30,,,could you please pick up the milk and put it in the basket its right there on the counter,could you please pick up the milk and put it in the basket its right there on the counter,pick_up_the_milk_and_place_it_in_the_basket_language_30_view_0_0_100_0_0_initstate_0
1288,Language Instructions,4,1,pick_up_the_milk_and_place_it_in_the_basket,0,0,100,0,0,0,,,,,31,,,grasp the liquid dairy product and deposit it inside the woven container,grasp the liquid dairy product and deposit it inside the woven container,pick_up_the_milk_and_place_it_in_the_basket_language_31_view_0_0_100_0_0_initstate_0
1289,Language Instructions,3,2,pick_up_the_milk_and_place_it_in_the_basket,0,0,100,0,0,0,,,,,33,,,put the milk in the basket,put the milk in the basket,pick_up_the_milk_and_place_it_in_the_basket_language_33_view_0_0_100_0_0_initstate_0
1290,Language Instructions,5,0,pick_up_the_milk_and_place_it_in_the_basket,0,0,100,0,0,0,,,,,35,,,grab the milk and set it in the basket,grab the milk and set it in the basket,pick_up_the_milk_and_place_it_in_the_basket_language_35_view_0_0_100_0_0_initstate_0
1291,Language Instructions,5,0,pick_up_the_milk_and_place_it_in_the_basket,0,0,100,0,0,0,,,,,36,,,lift the milk and deposit it in the basket,lift the milk and deposit it in the basket,pick_up_the_milk_and_place_it_in_the_basket_language_36_view_0_0_100_0_0_initstate_0
1292,Language Instructions,4,1,pick_up_the_milk_and_place_it_in_the_basket,0,0,100,0,0,0,,,,,37,,,our guests are arriving soon quickly pick up the milk and place it in the entertainment basket,our guests are arriving soon quickly pick up the milk and place it in the entertainment basket,pick_up_the_milk_and_place_it_in_the_basket_language_37_view_0_0_100_0_0_initstate_0
1293,Language Instructions,2,3,pick_up_the_milk_and_place_it_in_the_basket,0,0,100,0,0,0,,,,,38,,,grab the milk and deposit it in the basket,grab the milk and deposit it in the basket,pick_up_the_milk_and_place_it_in_the_basket_language_38_view_0_0_100_0_0_initstate_0
1294,Language Instructions,5,0,pick_up_the_milk_and_place_it_in_the_basket,0,0,100,0,0,0,,,,,41,,,pick up the white liquid commonly obtained from cows and place it in the woven container used for carrying items,pick up the white liquid commonly obtained from cows and place it in the woven container used for carrying items,pick_up_the_milk_and_place_it_in_the_basket_language_41_view_0_0_100_0_0_initstate_0
1295,Language Instructions,1,4,pick_up_the_milk_and_place_it_in_the_basket,0,0,100,0,0,0,,,,,42,,,could you put the milk in the basket for me,could you put the milk in the basket for me,pick_up_the_milk_and_place_it_in_the_basket_language_42_view_0_0_100_0_0_initstate_0
1296,Language Instructions,1,4,pick_up_the_milk_and_place_it_in_the_basket,0,0,100,0,0,0,,,,,43,,,the recipe calls for milk first pick it up from the shelf and place it in your mixing basket,the recipe calls for milk first pick it up from the shelf and place it in your mixing basket,pick_up_the_milk_and_place_it_in_the_basket_language_43_view_0_0_100_0_0_initstate_0
1297,Language Instructions,1,4,pick_up_the_milk_and_place_it_in_the_basket,0,0,100,0,0,0,,,,,44,,,the shopping list is complete once you pick up the milk and add it to the basket with other items,the shopping list is complete once you pick up the milk and add it to the basket with other items,pick_up_the_milk_and_place_it_in_the_basket_language_44_view_0_0_100_0_0_initstate_0
1298,Language Instructions,5,0,pick_up_the_milk_and_place_it_in_the_basket,0,0,100,0,0,0,,,,,45,,,grasp the chilled dairy beverage container and deposit it into the woven carrying holder,grasp the chilled dairy beverage container and deposit it into the woven carrying holder,pick_up_the_milk_and_place_it_in_the_basket_language_45_view_0_0_100_0_0_initstate_0
1299,Language Instructions,4,1,pick_up_the_milk_and_place_it_in_the_basket,0,0,100,0,0,0,,,,,46,,,collect the milk and set it in the basket,collect the milk and set it in the basket,pick_up_the_milk_and_place_it_in_the_basket_language_46_view_0_0_100_0_0_initstate_0
1300,Language Instructions,2,3,pick_up_the_milk_and_place_it_in_the_basket,0,0,100,0,0,0,,,,,47,,,could you ensure the milk ends up in the basket,could you ensure the milk ends up in the basket,pick_up_the_milk_and_place_it_in_the_basket_language_47_view_0_0_100_0_0_initstate_0
1301,Language Instructions,2,3,pick_up_the_milk_and_place_it_in_the_basket,0,0,100,0,0,0,,,,,48,,,could you put the milk in the basket for me please,could you put the milk in the basket for me please,pick_up_the_milk_and_place_it_in_the_basket_language_48_view_0_0_100_0_0_initstate_0
1302,Language Instructions,2,3,pick_up_the_milk_and_place_it_in_the_basket,0,0,100,0,0,0,,,,,49,,,pick up the dairy product that comes from cows and place it in the woven container for carrying items,pick up the dairy product that comes from cows and place it in the woven container for carrying items,pick_up_the_milk_and_place_it_in_the_basket_language_49_view_0_0_100_0_0_initstate_0
1303,Language Instructions,1,4,pick_up_the_milk_and_place_it_in_the_basket,0,0,100,0,0,0,,,,,50,,,as part of our kitchen cleanup i need you to pick up the milk and place it in the storage basket,as part of our kitchen cleanup i need you to pick up the milk and place it in the storage basket,pick_up_the_milk_and_place_it_in_the_basket_language_50_view_0_0_100_0_0_initstate_0
1304,Language Instructions,2,3,pick_up_the_chocolate_pudding_and_place_it_in_the_basket,0,0,100,0,0,0,,,,,1,,,collect the chocolate dessert and set it in the basket,collect the chocolate dessert and set it in the basket,pick_up_the_chocolate_pudding_and_place_it_in_the_basket_language_1_view_0_0_100_0_0_initstate_0
1305,Language Instructions,1,4,pick_up_the_chocolate_pudding_and_place_it_in_the_basket,0,0,100,0,0,0,,,,,2,,,pick up the creamy dessert made from cocoa and place it in the woven container for carrying items,pick up the creamy dessert made from cocoa and place it in the woven container for carrying items,pick_up_the_chocolate_pudding_and_place_it_in_the_basket_language_2_view_0_0_100_0_0_initstate_0
1306,Language Instructions,3,2,pick_up_the_chocolate_pudding_and_place_it_in_the_basket,0,0,100,0,0,0,,,,,3,,,were almost done shopping just pick up the chocolate pudding and place it in the basket,were almost done shopping just pick up the chocolate pudding and place it in the basket,pick_up_the_chocolate_pudding_and_place_it_in_the_basket_language_3_view_0_0_100_0_0_initstate_0
1307,Language Instructions,4,1,pick_up_the_chocolate_pudding_and_place_it_in_the_basket,0,0,100,0,0,0,,,,,4,,,grab the chocolate pudding and set it in the basket,grab the chocolate pudding and set it in the basket,pick_up_the_chocolate_pudding_and_place_it_in_the_basket_language_4_view_0_0_100_0_0_initstate_0
1308,Language Instructions,2,3,pick_up_the_chocolate_pudding_and_place_it_in_the_basket,0,0,100,0,0,0,,,,,5,,,pick up the dessert made from cocoa and place it in the woven container,pick up the dessert made from cocoa and place it in the woven container,pick_up_the_chocolate_pudding_and_place_it_in_the_basket_language_5_view_0_0_100_0_0_initstate_0
1309,Language Instructions,3,2,pick_up_the_chocolate_pudding_and_place_it_in_the_basket,0,0,100,0,0,0,,,,,6,,,for our picnic later please pick up the chocolate pudding and place it in the basket,for our picnic later please pick up the chocolate pudding and place it in the basket,pick_up_the_chocolate_pudding_and_place_it_in_the_basket_language_6_view_0_0_100_0_0_initstate_0
1310,Language Instructions,1,4,pick_up_the_chocolate_pudding_and_place_it_in_the_basket,0,0,100,0,0,0,,,,,7,,,collect the chocolate pudding and set it in the basket,collect the chocolate pudding and set it in the basket,pick_up_the_chocolate_pudding_and_place_it_in_the_basket_language_7_view_0_0_100_0_0_initstate_0
1311,Language Instructions,3,2,pick_up_the_chocolate_pudding_and_place_it_in_the_basket,0,0,100,0,0,0,,,,,8,,,can you put the chocolate pudding in the basket,can you put the chocolate pudding in the basket,pick_up_the_chocolate_pudding_and_place_it_in_the_basket_language_8_view_0_0_100_0_0_initstate_0
1312,Language Instructions,2,3,pick_up_the_chocolate_pudding_and_place_it_in_the_basket,0,0,100,0,0,0,,,,,9,,,could you put the chocolate pudding in the basket for me,could you put the chocolate pudding in the basket for me,pick_up_the_chocolate_pudding_and_place_it_in_the_basket_language_9_view_0_0_100_0_0_initstate_0
1313,Language Instructions,3,2,pick_up_the_chocolate_pudding_and_place_it_in_the_basket,0,0,100,0,0,0,,,,,10,,,as part of your chores today pick up the chocolate pudding and place it in the basket,as part of your chores today pick up the chocolate pudding and place it in the basket,pick_up_the_chocolate_pudding_and_place_it_in_the_basket_language_10_view_0_0_100_0_0_initstate_0
1314,Language Instructions,3,2,pick_up_the_chocolate_pudding_and_place_it_in_the_basket,0,0,100,0,0,0,,,,,11,,,lift the creamy sweet dessert made with cocoa and milk and set it inside the woven container for carrying items,lift the creamy sweet dessert made with cocoa and milk and set it inside the woven container for carrying items,pick_up_the_chocolate_pudding_and_place_it_in_the_basket_language_11_view_0_0_100_0_0_initstate_0
1315,Language Instructions,3,2,pick_up_the_chocolate_pudding_and_place_it_in_the_basket,0,0,100,0,0,0,,,,,12,,,gather the chocolate pudding and position it inside the basket,gather the chocolate pudding and position it inside the basket,pick_up_the_chocolate_pudding_and_place_it_in_the_basket_language_12_view_0_0_100_0_0_initstate_0
1316,Language Instructions,3,2,pick_up_the_chocolate_pudding_and_place_it_in_the_basket,0,0,100,0,0,0,,,,,13,,,to complete your task pick up the chocolate pudding and place it in the basket,to complete your task pick up the chocolate pudding and place it in the basket,pick_up_the_chocolate_pudding_and_place_it_in_the_basket_language_13_view_0_0_100_0_0_initstate_0
1317,Language Instructions,3,2,pick_up_the_chocolate_pudding_and_place_it_in_the_basket,0,0,100,0,0,0,,,,,14,,,could you put the chocolate pudding in the basket for me please,could you put the chocolate pudding in the basket for me please,pick_up_the_chocolate_pudding_and_place_it_in_the_basket_language_14_view_0_0_100_0_0_initstate_0
1318,Language Instructions,5,0,pick_up_the_chocolate_pudding_and_place_it_in_the_basket,0,0,100,0,0,0,,,,,16,,,can you put the chocolate pudding in the basket please,can you put the chocolate pudding in the basket please,pick_up_the_chocolate_pudding_and_place_it_in_the_basket_language_16_view_0_0_100_0_0_initstate_0
1319,Language Instructions,3,2,pick_up_the_chocolate_pudding_and_place_it_in_the_basket,0,0,100,0,0,0,,,,,17,,,collect the chocolate pudding and set it in the basket,collect the chocolate pudding and set it in the basket,pick_up_the_chocolate_pudding_and_place_it_in_the_basket_language_17_view_0_0_100_0_0_initstate_0
1320,Language Instructions,2,3,pick_up_the_chocolate_pudding_and_place_it_in_the_basket,0,0,100,0,0,0,,,,,18,,,im organizing the groceries could you pick up the chocolate pudding and place it in the basket,im organizing the groceries could you pick up the chocolate pudding and place it in the basket,pick_up_the_chocolate_pudding_and_place_it_in_the_basket_language_18_view_0_0_100_0_0_initstate_0
1321,Language Instructions,3,2,pick_up_the_chocolate_pudding_and_place_it_in_the_basket,0,0,100,0,0,0,,,,,19,,,please put the chocolate pudding in the basket,please put the chocolate pudding in the basket,pick_up_the_chocolate_pudding_and_place_it_in_the_basket_language_19_view_0_0_100_0_0_initstate_0
1322,Language Instructions,4,1,pick_up_the_chocolate_pudding_and_place_it_in_the_basket,0,0,100,0,0,0,,,,,20,,,before we leave remember to pick up the chocolate pudding and place it in the basket,before we leave remember to pick up the chocolate pudding and place it in the basket,pick_up_the_chocolate_pudding_and_place_it_in_the_basket_language_20_view_0_0_100_0_0_initstate_0
1323,Language Instructions,4,1,pick_up_the_chocolate_pudding_and_place_it_in_the_basket,0,0,100,0,0,0,,,,,21,,,pick up the dessert made from cocoa and milk and place it in the woven container,pick up the dessert made from cocoa and milk and place it in the woven container,pick_up_the_chocolate_pudding_and_place_it_in_the_basket_language_21_view_0_0_100_0_0_initstate_0
1324,Language Instructions,4,1,pick_up_the_chocolate_pudding_and_place_it_in_the_basket,0,0,100,0,0,0,,,,,22,,,our shopping list says to pick up the chocolate pudding and place it in the basket,our shopping list says to pick up the chocolate pudding and place it in the basket,pick_up_the_chocolate_pudding_and_place_it_in_the_basket_language_22_view_0_0_100_0_0_initstate_0
1325,Language Instructions,1,4,pick_up_the_chocolate_pudding_and_place_it_in_the_basket,0,0,100,0,0,0,,,,,23,,,pick up the dessert usually made from cocoa and milk and place it in the woven container,pick up the dessert usually made from cocoa and milk and place it in the woven container,pick_up_the_chocolate_pudding_and_place_it_in_the_basket_language_23_view_0_0_100_0_0_initstate_0
1326,Language Instructions,3,2,pick_up_the_chocolate_pudding_and_place_it_in_the_basket,0,0,100,0,0,0,,,,,24,,,lift the creamy cocoaflavored dessert and set it within the woven container,lift the creamy cocoaflavored dessert and set it within the woven container,pick_up_the_chocolate_pudding_and_place_it_in_the_basket_language_24_view_0_0_100_0_0_initstate_0
1327,Language Instructions,2,3,pick_up_the_chocolate_pudding_and_place_it_in_the_basket,0,0,100,0,0,0,,,,,25,,,pick up the creamy dessert made with cocoa and place it in the woven container,pick up the creamy dessert made with cocoa and place it in the woven container,pick_up_the_chocolate_pudding_and_place_it_in_the_basket_language_25_view_0_0_100_0_0_initstate_0
1328,Language Instructions,4,1,pick_up_the_chocolate_pudding_and_place_it_in_the_basket,0,0,100,0,0,0,,,,,26,,,lets prepare for the party by picking up the chocolate pudding and placing it in the basket,lets prepare for the party by picking up the chocolate pudding and placing it in the basket,pick_up_the_chocolate_pudding_and_place_it_in_the_basket_language_26_view_0_0_100_0_0_initstate_0
1329,Language Instructions,3,2,pick_up_the_chocolate_pudding_and_place_it_in_the_basket,0,0,100,0,0,0,,,,,27,,,grasp the creamy dessert made with cocoa and place it inside the woven container,grasp the creamy dessert made with cocoa and place it inside the woven container,pick_up_the_chocolate_pudding_and_place_it_in_the_basket_language_27_view_0_0_100_0_0_initstate_0
1330,Language Instructions,4,1,pick_up_the_chocolate_pudding_and_place_it_in_the_basket,0,0,100,0,0,0,,,,,28,,,pick up the creamy dessert confection made from cocoa and place it in the woven container for carrying items,pick up the creamy dessert confection made from cocoa and place it in the woven container for carrying items,pick_up_the_chocolate_pudding_and_place_it_in_the_basket_language_28_view_0_0_100_0_0_initstate_0
1331,Language Instructions,1,4,pick_up_the_chocolate_pudding_and_place_it_in_the_basket,0,0,100,0,0,0,,,,,29,,,dont forget our dessert pick up the chocolate pudding and place it in the basket,dont forget our dessert pick up the chocolate pudding and place it in the basket,pick_up_the_chocolate_pudding_and_place_it_in_the_basket_language_29_view_0_0_100_0_0_initstate_0
1332,Language Instructions,1,4,pick_up_the_chocolate_pudding_and_place_it_in_the_basket,0,0,100,0,0,0,,,,,30,,,lift the chocolate pudding and position it inside the basket,lift the chocolate pudding and position it inside the basket,pick_up_the_chocolate_pudding_and_place_it_in_the_basket_language_30_view_0_0_100_0_0_initstate_0
1333,Language Instructions,1,4,pick_up_the_chocolate_pudding_and_place_it_in_the_basket,0,0,100,0,0,0,,,,,31,,,grasp the creamy dessert flavored with cocoa and deposit it into the woven container,grasp the creamy dessert flavored with cocoa and deposit it into the woven container,pick_up_the_chocolate_pudding_and_place_it_in_the_basket_language_31_view_0_0_100_0_0_initstate_0
1334,Language Instructions,4,1,pick_up_the_chocolate_pudding_and_place_it_in_the_basket,0,0,100,0,0,0,,,,,32,,,the chocolate pudding looks delicious pick it up and place it in the basket would you,the chocolate pudding looks delicious pick it up and place it in the basket would you,pick_up_the_chocolate_pudding_and_place_it_in_the_basket_language_32_view_0_0_100_0_0_initstate_0
1335,Language Instructions,4,1,pick_up_the_chocolate_pudding_and_place_it_in_the_basket,0,0,100,0,0,0,,,,,33,,,lift the chocolate dessert and put it in the basket,lift the chocolate dessert and put it in the basket,pick_up_the_chocolate_pudding_and_place_it_in_the_basket_language_33_view_0_0_100_0_0_initstate_0
1336,Language Instructions,2,3,pick_up_the_chocolate_pudding_and_place_it_in_the_basket,0,0,100,0,0,0,,,,,34,,,grasp the creamy dessert often enjoyed after meals and deposit it into the woven container typically used for carrying items,grasp the creamy dessert often enjoyed after meals and deposit it into the woven container typically used for carrying items,pick_up_the_chocolate_pudding_and_place_it_in_the_basket_language_34_view_0_0_100_0_0_initstate_0
1337,Language Instructions,1,4,pick_up_the_chocolate_pudding_and_place_it_in_the_basket,0,0,100,0,0,0,,,,,35,,,im making my famous dessert please pick up the chocolate pudding and place it in the basket,im making my famous dessert please pick up the chocolate pudding and place it in the basket,pick_up_the_chocolate_pudding_and_place_it_in_the_basket_language_35_view_0_0_100_0_0_initstate_0
1338,Language Instructions,4,1,pick_up_the_chocolate_pudding_and_place_it_in_the_basket,0,0,100,0,0,0,,,,,36,,,the kids will love this pick up the chocolate pudding and place it in the basket,the kids will love this pick up the chocolate pudding and place it in the basket,pick_up_the_chocolate_pudding_and_place_it_in_the_basket_language_36_view_0_0_100_0_0_initstate_0
1339,Language Instructions,4,1,pick_up_the_chocolate_pudding_and_place_it_in_the_basket,0,0,100,0,0,0,,,,,37,,,pick up the sweet creamy dessert traditionally made from cocoa and place it inside the woven container typically used for carrying items,pick up the sweet creamy dessert traditionally made from cocoa and place it inside the woven container typically used for carrying items,pick_up_the_chocolate_pudding_and_place_it_in_the_basket_language_37_view_0_0_100_0_0_initstate_0
1340,Language Instructions,4,1,pick_up_the_chocolate_pudding_and_place_it_in_the_basket,0,0,100,0,0,0,,,,,38,,,pick up the creamy cocoabased dessert and place it in the woven container,pick up the creamy cocoabased dessert and place it in the woven container,pick_up_the_chocolate_pudding_and_place_it_in_the_basket_language_38_view_0_0_100_0_0_initstate_0
1341,Language Instructions,2,3,pick_up_the_chocolate_pudding_and_place_it_in_the_basket,0,0,100,0,0,0,,,,,39,,,this is the last item we need pick up the chocolate pudding and place it in the basket,this is the last item we need pick up the chocolate pudding and place it in the basket,pick_up_the_chocolate_pudding_and_place_it_in_the_basket_language_39_view_0_0_100_0_0_initstate_0
1342,Language Instructions,3,2,pick_up_the_chocolate_pudding_and_place_it_in_the_basket,0,0,100,0,0,0,,,,,40,,,pick up the creamy dessert made from cocoa and place it in the woven container,pick up the creamy dessert made from cocoa and place it in the woven container,pick_up_the_chocolate_pudding_and_place_it_in_the_basket_language_40_view_0_0_100_0_0_initstate_0
1343,Language Instructions,5,0,pick_up_the_chocolate_pudding_and_place_it_in_the_basket,0,0,100,0,0,0,,,,,41,,,its time for dessert please pick up the chocolate pudding and place it in the basket,its time for dessert please pick up the chocolate pudding and place it in the basket,pick_up_the_chocolate_pudding_and_place_it_in_the_basket_language_41_view_0_0_100_0_0_initstate_0
1344,Language Instructions,2,3,pick_up_the_chocolate_pudding_and_place_it_in_the_basket,0,0,100,0,0,0,,,,,42,,,lift the chocolate dessert and set it in the basket,lift the chocolate dessert and set it in the basket,pick_up_the_chocolate_pudding_and_place_it_in_the_basket_language_42_view_0_0_100_0_0_initstate_0
1345,Language Instructions,3,2,pick_up_the_chocolate_pudding_and_place_it_in_the_basket,0,0,100,0,0,0,,,,,43,,,could you please put the chocolate pudding in the basket,could you please put the chocolate pudding in the basket,pick_up_the_chocolate_pudding_and_place_it_in_the_basket_language_43_view_0_0_100_0_0_initstate_0
1346,Language Instructions,1,4,pick_up_the_chocolate_pudding_and_place_it_in_the_basket,0,0,100,0,0,0,,,,,44,,,carefully pick up the chocolate pudding and place it in the basket without spilling any,carefully pick up the chocolate pudding and place it in the basket without spilling any,pick_up_the_chocolate_pudding_and_place_it_in_the_basket_language_44_view_0_0_100_0_0_initstate_0
1347,Language Instructions,3,2,pick_up_the_chocolate_pudding_and_place_it_in_the_basket,0,0,100,0,0,0,,,,,45,,,the recipe calls for this pick up the chocolate pudding and place it in the basket,the recipe calls for this pick up the chocolate pudding and place it in the basket,pick_up_the_chocolate_pudding_and_place_it_in_the_basket_language_45_view_0_0_100_0_0_initstate_0
1348,Language Instructions,3,2,pick_up_the_chocolate_pudding_and_place_it_in_the_basket,0,0,100,0,0,0,,,,,46,,,grab the chocolate dessert and put it in the hamper,grab the chocolate dessert and put it in the hamper,pick_up_the_chocolate_pudding_and_place_it_in_the_basket_language_46_view_0_0_100_0_0_initstate_0
1349,Language Instructions,4,1,pick_up_the_chocolate_pudding_and_place_it_in_the_basket,0,0,100,0,0,0,,,,,47,,,grasp the chocolate dessert and set it in the hamper,grasp the chocolate dessert and set it in the hamper,pick_up_the_chocolate_pudding_and_place_it_in_the_basket_language_47_view_0_0_100_0_0_initstate_0
1350,Language Instructions,1,4,pick_up_the_chocolate_pudding_and_place_it_in_the_basket,0,0,100,0,0,0,,,,,48,,,pick up the dessert made from milk sugar and cocoa and place it in the woven container for carrying items,pick up the dessert made from milk sugar and cocoa and place it in the woven container for carrying items,pick_up_the_chocolate_pudding_and_place_it_in_the_basket_language_48_view_0_0_100_0_0_initstate_0
1351,Language Instructions,1,4,pick_up_the_chocolate_pudding_and_place_it_in_the_basket,0,0,100,0,0,0,,,,,49,,,for the baking project please pick up the chocolate pudding and place it in the basket,for the baking project please pick up the chocolate pudding and place it in the basket,pick_up_the_chocolate_pudding_and_place_it_in_the_basket_language_49_view_0_0_100_0_0_initstate_0
1352,Language Instructions,1,4,pick_up_the_chocolate_pudding_and_place_it_in_the_basket,0,0,100,0,0,0,,,,,50,,,pick up the dessert made from cocoa and milk and place it in the woven container for carrying items,pick up the dessert made from cocoa and milk and place it in the woven container for carrying items,pick_up_the_chocolate_pudding_and_place_it_in_the_basket_language_50_view_0_0_100_0_0_initstate_0
1353,Language Instructions,2,3,pick_up_the_orange_juice_and_place_it_in_the_basket,0,0,100,0,0,0,,,,,2,,,grab the orange juice and put it in the carrier,grab the orange juice and put it in the carrier,pick_up_the_orange_juice_and_place_it_in_the_basket_language_2_view_0_0_100_0_0_initstate_0
1354,Language Instructions,1,4,pick_up_the_orange_juice_and_place_it_in_the_basket,0,0,100,0,0,0,,,,,3,,,the recipe calls for chilled juice so pick up the orange juice and place it in the basket to cool,the recipe calls for chilled juice so pick up the orange juice and place it in the basket to cool,pick_up_the_orange_juice_and_place_it_in_the_basket_language_3_view_0_0_100_0_0_initstate_0
1355,Language Instructions,2,3,pick_up_the_orange_juice_and_place_it_in_the_basket,0,0,100,0,0,0,,,,,4,,,grab the orange juice and put it in the basket,grab the orange juice and put it in the basket,pick_up_the_orange_juice_and_place_it_in_the_basket_language_4_view_0_0_100_0_0_initstate_0
1356,Language Instructions,4,1,pick_up_the_orange_juice_and_place_it_in_the_basket,0,0,100,0,0,0,,,,,6,,,lift the citrus beverage and deposit it in the woven container,lift the citrus beverage and deposit it in the woven container,pick_up_the_orange_juice_and_place_it_in_the_basket_language_6_view_0_0_100_0_0_initstate_0
1357,Language Instructions,5,0,pick_up_the_orange_juice_and_place_it_in_the_basket,0,0,100,0,0,0,,,,,8,,,collect the orange juice and deposit it in the basket,collect the orange juice and deposit it in the basket,pick_up_the_orange_juice_and_place_it_in_the_basket_language_8_view_0_0_100_0_0_initstate_0
1358,Language Instructions,4,1,pick_up_the_orange_juice_and_place_it_in_the_basket,0,0,100,0,0,0,,,,,9,,,to prevent spills carefully pick up the orange juice and place it in the basket,to prevent spills carefully pick up the orange juice and place it in the basket,pick_up_the_orange_juice_and_place_it_in_the_basket_language_9_view_0_0_100_0_0_initstate_0
1359,Language Instructions,5,0,pick_up_the_orange_juice_and_place_it_in_the_basket,0,0,100,0,0,0,,,,,10,,,grasp the citrus beverage container and deposit it into the woven carrying implement,grasp the citrus beverage container and deposit it into the woven carrying implement,pick_up_the_orange_juice_and_place_it_in_the_basket_language_10_view_0_0_100_0_0_initstate_0
1360,Language Instructions,2,3,pick_up_the_orange_juice_and_place_it_in_the_basket,0,0,100,0,0,0,,,,,11,,,the orange juice is on the counter please pick it up and place it in the basket,the orange juice is on the counter please pick it up and place it in the basket,pick_up_the_orange_juice_and_place_it_in_the_basket_language_11_view_0_0_100_0_0_initstate_0
1361,Language Instructions,3,2,pick_up_the_orange_juice_and_place_it_in_the_basket,0,0,100,0,0,0,,,,,12,,,i noticed the orange juice is still out could you pick it up and place it in the basket,i noticed the orange juice is still out could you pick it up and place it in the basket,pick_up_the_orange_juice_and_place_it_in_the_basket_language_12_view_0_0_100_0_0_initstate_0
1362,Language Instructions,1,4,pick_up_the_orange_juice_and_place_it_in_the_basket,0,0,100,0,0,0,,,,,13,,,before organizing other items remember to pick up the orange juice and place it in the basket,before organizing other items remember to pick up the orange juice and place it in the basket,pick_up_the_orange_juice_and_place_it_in_the_basket_language_13_view_0_0_100_0_0_initstate_0
1363,Language Instructions,2,3,pick_up_the_orange_juice_and_place_it_in_the_basket,0,0,100,0,0,0,,,,,14,,,for proper storage please pick up the orange juice and place it in the basket immediately,for proper storage please pick up the orange juice and place it in the basket immediately,pick_up_the_orange_juice_and_place_it_in_the_basket_language_14_view_0_0_100_0_0_initstate_0
1364,Language Instructions,3,2,pick_up_the_orange_juice_and_place_it_in_the_basket,0,0,100,0,0,0,,,,,15,,,our guests are arriving soon pick up the orange juice and place it in the basket quickly,our guests are arriving soon pick up the orange juice and place it in the basket quickly,pick_up_the_orange_juice_and_place_it_in_the_basket_language_15_view_0_0_100_0_0_initstate_0
1365,Language Instructions,5,0,pick_up_the_orange_juice_and_place_it_in_the_basket,0,0,100,0,0,0,,,,,16,,,lets organize the groceries pick up the orange juice and place it in the basket,lets organize the groceries pick up the orange juice and place it in the basket,pick_up_the_orange_juice_and_place_it_in_the_basket_language_16_view_0_0_100_0_0_initstate_0
1366,Language Instructions,1,4,pick_up_the_orange_juice_and_place_it_in_the_basket,0,0,100,0,0,0,,,,,17,,,can you put the orange juice in the basket,can you put the orange juice in the basket,pick_up_the_orange_juice_and_place_it_in_the_basket_language_17_view_0_0_100_0_0_initstate_0
1367,Language Instructions,2,3,pick_up_the_orange_juice_and_place_it_in_the_basket,0,0,100,0,0,0,,,,,18,,,lift the orange juice and set it in the basket,lift the orange juice and set it in the basket,pick_up_the_orange_juice_and_place_it_in_the_basket_language_18_view_0_0_100_0_0_initstate_0
1368,Language Instructions,2,3,pick_up_the_orange_juice_and_place_it_in_the_basket,0,0,100,0,0,0,,,,,19,,,would you be so kind as to pick up the orange juice and place it in the basket thanks,would you be so kind as to pick up the orange juice and place it in the basket thanks,pick_up_the_orange_juice_and_place_it_in_the_basket_language_19_view_0_0_100_0_0_initstate_0
1369,Language Instructions,2,3,pick_up_the_orange_juice_and_place_it_in_the_basket,0,0,100,0,0,0,,,,,20,,,please put the orange juice in the basket,please put the orange juice in the basket,pick_up_the_orange_juice_and_place_it_in_the_basket_language_20_view_0_0_100_0_0_initstate_0
1370,Language Instructions,2,3,pick_up_the_orange_juice_and_place_it_in_the_basket,0,0,100,0,0,0,,,,,21,,,could you ensure the orange juice ends up in the basket,could you ensure the orange juice ends up in the basket,pick_up_the_orange_juice_and_place_it_in_the_basket_language_21_view_0_0_100_0_0_initstate_0
1371,Language Instructions,1,4,pick_up_the_orange_juice_and_place_it_in_the_basket,0,0,100,0,0,0,,,,,22,,,could you put the orange juice in the basket for me,could you put the orange juice in the basket for me,pick_up_the_orange_juice_and_place_it_in_the_basket_language_22_view_0_0_100_0_0_initstate_0
1372,Language Instructions,5,0,pick_up_the_orange_juice_and_place_it_in_the_basket,0,0,100,0,0,0,,,,,23,,,grasp the container filled with a citrusbased beverage and deposit it into the woven holder designed for carrying items,grasp the container filled with a citrusbased beverage and deposit it into the woven holder designed for carrying items,pick_up_the_orange_juice_and_place_it_in_the_basket_language_23_view_0_0_100_0_0_initstate_0
1373,Language Instructions,1,4,pick_up_the_orange_juice_and_place_it_in_the_basket,0,0,100,0,0,0,,,,,24,,,grasp the container of citrusderived beverage and deposit it into the woven holder,grasp the container of citrusderived beverage and deposit it into the woven holder,pick_up_the_orange_juice_and_place_it_in_the_basket_language_24_view_0_0_100_0_0_initstate_0
1374,Language Instructions,5,0,pick_up_the_orange_juice_and_place_it_in_the_basket,0,0,100,0,0,0,,,,,25,,,can you make sure the orange juice ends up in the basket,can you make sure the orange juice ends up in the basket,pick_up_the_orange_juice_and_place_it_in_the_basket_language_25_view_0_0_100_0_0_initstate_0
1375,Language Instructions,1,4,pick_up_the_orange_juice_and_place_it_in_the_basket,0,0,100,0,0,0,,,,,26,,,lift the citrus beverage and put it into the woven container,lift the citrus beverage and put it into the woven container,pick_up_the_orange_juice_and_place_it_in_the_basket_language_26_view_0_0_100_0_0_initstate_0
1376,Language Instructions,1,4,pick_up_the_orange_juice_and_place_it_in_the_basket,0,0,100,0,0,0,,,,,27,,,lift the citrus beverage container and set it inside the woven holder,lift the citrus beverage container and set it inside the woven holder,pick_up_the_orange_juice_and_place_it_in_the_basket_language_27_view_0_0_100_0_0_initstate_0
1377,Language Instructions,5,0,pick_up_the_orange_juice_and_place_it_in_the_basket,0,0,100,0,0,0,,,,,28,,,grasp the citrus beverage container and deposit it in the woven carrying accessory,grasp the citrus beverage container and deposit it in the woven carrying accessory,pick_up_the_orange_juice_and_place_it_in_the_basket_language_28_view_0_0_100_0_0_initstate_0
1378,Language Instructions,2,3,pick_up_the_orange_juice_and_place_it_in_the_basket,0,0,100,0,0,0,,,,,29,,,grasp the citrus beverage container and deposit it in the woven carrier,grasp the citrus beverage container and deposit it in the woven carrier,pick_up_the_orange_juice_and_place_it_in_the_basket_language_29_view_0_0_100_0_0_initstate_0
1379,Language Instructions,5,0,pick_up_the_orange_juice_and_place_it_in_the_basket,0,0,100,0,0,0,,,,,31,,,grasp the citrus beverage and deposit it in the woven container,grasp the citrus beverage and deposit it in the woven container,pick_up_the_orange_juice_and_place_it_in_the_basket_language_31_view_0_0_100_0_0_initstate_0
1380,Language Instructions,5,0,pick_up_the_orange_juice_and_place_it_in_the_basket,0,0,100,0,0,0,,,,,32,,,before putting anything else away pick up the orange juice and place it in the basket,before putting anything else away pick up the orange juice and place it in the basket,pick_up_the_orange_juice_and_place_it_in_the_basket_language_32_view_0_0_100_0_0_initstate_0
1381,Language Instructions,5,0,pick_up_the_orange_juice_and_place_it_in_the_basket,0,0,100,0,0,0,,,,,33,,,could you put the orange juice in the basket please,could you put the orange juice in the basket please,pick_up_the_orange_juice_and_place_it_in_the_basket_language_33_view_0_0_100_0_0_initstate_0
1382,Language Instructions,2,3,pick_up_the_orange_juice_and_place_it_in_the_basket,0,0,100,0,0,0,,,,,34,,,grasp the container of citrusbased beverage and deposit it in the woven container for carrying items,grasp the container of citrusbased beverage and deposit it in the woven container for carrying items,pick_up_the_orange_juice_and_place_it_in_the_basket_language_34_view_0_0_100_0_0_initstate_0
1383,Language Instructions,3,2,pick_up_the_orange_juice_and_place_it_in_the_basket,0,0,100,0,0,0,,,,,36,,,for better organization always pick up the orange juice and place it in the designated basket,for better organization always pick up the orange juice and place it in the designated basket,pick_up_the_orange_juice_and_place_it_in_the_basket_language_36_view_0_0_100_0_0_initstate_0
1384,Language Instructions,4,1,pick_up_the_orange_juice_and_place_it_in_the_basket,0,0,100,0,0,0,,,,,37,,,grab the orange juice and put it in the basket,grab the orange juice and put it in the basket,pick_up_the_orange_juice_and_place_it_in_the_basket_language_37_view_0_0_100_0_0_initstate_0
1385,Language Instructions,1,4,pick_up_the_orange_juice_and_place_it_in_the_basket,0,0,100,0,0,0,,,,,38,,,put the orange juice in the basket please,put the orange juice in the basket please,pick_up_the_orange_juice_and_place_it_in_the_basket_language_38_view_0_0_100_0_0_initstate_0
1386,Language Instructions,5,0,pick_up_the_orange_juice_and_place_it_in_the_basket,0,0,100,0,0,0,,,,,39,,,grasp the citrus beverage and deposit it into the woven storage container,grasp the citrus beverage and deposit it into the woven storage container,pick_up_the_orange_juice_and_place_it_in_the_basket_language_39_view_0_0_100_0_0_initstate_0
1387,Language Instructions,1,4,pick_up_the_orange_juice_and_place_it_in_the_basket,0,0,100,0,0,0,,,,,40,,,lift the citrusderived breakfast beverage and position it within the woven carrying container,lift the citrusderived breakfast beverage and position it within the woven carrying container,pick_up_the_orange_juice_and_place_it_in_the_basket_language_40_view_0_0_100_0_0_initstate_0
1388,Language Instructions,1,4,pick_up_the_orange_juice_and_place_it_in_the_basket,0,0,100,0,0,0,,,,,41,,,the shopping list says we need to pick up the orange juice and place it in the basket first,the shopping list says we need to pick up the orange juice and place it in the basket first,pick_up_the_orange_juice_and_place_it_in_the_basket_language_41_view_0_0_100_0_0_initstate_0
1389,Language Instructions,5,0,pick_up_the_orange_juice_and_place_it_in_the_basket,0,0,100,0,0,0,,,,,43,,,grasp the citrusbased breakfast beverage and deposit it into the woven container,grasp the citrusbased breakfast beverage and deposit it into the woven container,pick_up_the_orange_juice_and_place_it_in_the_basket_language_43_view_0_0_100_0_0_initstate_0
1390,Language Instructions,5,0,pick_up_the_orange_juice_and_place_it_in_the_basket,0,0,100,0,0,0,,,,,44,,,lift the citrusbased breakfast beverage and put it in the woven container,lift the citrusbased breakfast beverage and put it in the woven container,pick_up_the_orange_juice_and_place_it_in_the_basket_language_44_view_0_0_100_0_0_initstate_0
1391,Language Instructions,5,0,pick_up_the_orange_juice_and_place_it_in_the_basket,0,0,100,0,0,0,,,,,45,,,can you ensure the orange juice ends up in the basket,can you ensure the orange juice ends up in the basket,pick_up_the_orange_juice_and_place_it_in_the_basket_language_45_view_0_0_100_0_0_initstate_0
1392,Language Instructions,3,2,pick_up_the_orange_juice_and_place_it_in_the_basket,0,0,100,0,0,0,,,,,46,,,as part of our shopping routine always pick up the orange juice and place it in the basket first,as part of our shopping routine always pick up the orange juice and place it in the basket first,pick_up_the_orange_juice_and_place_it_in_the_basket_language_46_view_0_0_100_0_0_initstate_0
1393,Language Instructions,4,1,pick_up_the_orange_juice_and_place_it_in_the_basket,0,0,100,0,0,0,,,,,48,,,gather the orange juice and set it in the basket,gather the orange juice and set it in the basket,pick_up_the_orange_juice_and_place_it_in_the_basket_language_48_view_0_0_100_0_0_initstate_0
1394,Language Instructions,5,0,pick_up_the_orange_juice_and_place_it_in_the_basket,0,0,100,0,0,0,,,,,49,,,grasp the orange juice and deposit it in the basket,grasp the orange juice and deposit it in the basket,pick_up_the_orange_juice_and_place_it_in_the_basket_language_49_view_0_0_100_0_0_initstate_0
1395,Language Instructions,5,0,pick_up_the_orange_juice_and_place_it_in_the_basket,0,0,100,0,0,0,,,,,50,,,the basket looks empty lets start by picking up the orange juice and placing it there,the basket looks empty lets start by picking up the orange juice and placing it there,pick_up_the_orange_juice_and_place_it_in_the_basket_language_50_view_0_0_100_0_0_initstate_0
1396,Sensor Noise,2,3,pick_up_the_alphabet_soup_and_place_it_in_the_basket,0,0,100,0,0,0,motion blur,2,,,,,,pick up the alphabet soup and place it in the basket,pick up the alphabet soup and place it in the basket view 0 0 100 0 0 initstate 0 noise 2,pick_up_the_alphabet_soup_and_place_it_in_the_basket_view_0_0_100_0_0_initstate_0_noise_2
1397,Sensor Noise,3,2,pick_up_the_alphabet_soup_and_place_it_in_the_basket,0,0,100,0,0,0,motion blur,3,,,,,,pick up the alphabet soup and place it in the basket,pick up the alphabet soup and place it in the basket view 0 0 100 0 0 initstate 0 noise 3,pick_up_the_alphabet_soup_and_place_it_in_the_basket_view_0_0_100_0_0_initstate_0_noise_3
1398,Sensor Noise,4,1,pick_up_the_alphabet_soup_and_place_it_in_the_basket,0,0,100,0,0,0,motion blur,4,,,,,,pick up the alphabet soup and place it in the basket,pick up the alphabet soup and place it in the basket view 0 0 100 0 0 initstate 0 noise 4,pick_up_the_alphabet_soup_and_place_it_in_the_basket_view_0_0_100_0_0_initstate_0_noise_4
1399,Sensor Noise,2,3,pick_up_the_alphabet_soup_and_place_it_in_the_basket,0,0,100,0,0,0,motion blur,5,,,,,,pick up the alphabet soup and place it in the basket,pick up the alphabet soup and place it in the basket view 0 0 100 0 0 initstate 0 noise 5,pick_up_the_alphabet_soup_and_place_it_in_the_basket_view_0_0_100_0_0_initstate_0_noise_5
1400,Sensor Noise,3,2,pick_up_the_alphabet_soup_and_place_it_in_the_basket,0,0,100,0,0,0,motion blur,6,,,,,,pick up the alphabet soup and place it in the basket,pick up the alphabet soup and place it in the basket view 0 0 100 0 0 initstate 0 noise 6,pick_up_the_alphabet_soup_and_place_it_in_the_basket_view_0_0_100_0_0_initstate_0_noise_6
1401,Sensor Noise,3,2,pick_up_the_alphabet_soup_and_place_it_in_the_basket,0,0,100,0,0,0,motion blur,7,,,,,,pick up the alphabet soup and place it in the basket,pick up the alphabet soup and place it in the basket view 0 0 100 0 0 initstate 0 noise 7,pick_up_the_alphabet_soup_and_place_it_in_the_basket_view_0_0_100_0_0_initstate_0_noise_7
1402,Sensor Noise,2,3,pick_up_the_alphabet_soup_and_place_it_in_the_basket,0,0,100,0,0,0,motion blur,8,,,,,,pick up the alphabet soup and place it in the basket,pick up the alphabet soup and place it in the basket view 0 0 100 0 0 initstate 0 noise 8,pick_up_the_alphabet_soup_and_place_it_in_the_basket_view_0_0_100_0_0_initstate_0_noise_8
1403,Sensor Noise,3,2,pick_up_the_alphabet_soup_and_place_it_in_the_basket,0,0,100,0,0,0,motion blur,9,,,,,,pick up the alphabet soup and place it in the basket,pick up the alphabet soup and place it in the basket view 0 0 100 0 0 initstate 0 noise 9,pick_up_the_alphabet_soup_and_place_it_in_the_basket_view_0_0_100_0_0_initstate_0_noise_9
1404,Sensor Noise,4,1,pick_up_the_alphabet_soup_and_place_it_in_the_basket,0,0,100,0,0,0,motion blur,10,,,,,,pick up the alphabet soup and place it in the basket,pick up the alphabet soup and place it in the basket view 0 0 100 0 0 initstate 0 noise 10,pick_up_the_alphabet_soup_and_place_it_in_the_basket_view_0_0_100_0_0_initstate_0_noise_10
1405,Sensor Noise,2,3,pick_up_the_alphabet_soup_and_place_it_in_the_basket,0,0,100,0,0,0,gaussian blur,2,,,,,,pick up the alphabet soup and place it in the basket,pick up the alphabet soup and place it in the basket view 0 0 100 0 0 initstate 0 noise 12,pick_up_the_alphabet_soup_and_place_it_in_the_basket_view_0_0_100_0_0_initstate_0_noise_12
1406,Sensor Noise,2,3,pick_up_the_alphabet_soup_and_place_it_in_the_basket,0,0,100,0,0,0,gaussian blur,3,,,,,,pick up the alphabet soup and place it in the basket,pick up the alphabet soup and place it in the basket view 0 0 100 0 0 initstate 0 noise 13,pick_up_the_alphabet_soup_and_place_it_in_the_basket_view_0_0_100_0_0_initstate_0_noise_13
1407,Sensor Noise,2,3,pick_up_the_alphabet_soup_and_place_it_in_the_basket,0,0,100,0,0,0,gaussian blur,4,,,,,,pick up the alphabet soup and place it in the basket,pick up the alphabet soup and place it in the basket view 0 0 100 0 0 initstate 0 noise 14,pick_up_the_alphabet_soup_and_place_it_in_the_basket_view_0_0_100_0_0_initstate_0_noise_14
1408,Sensor Noise,5,0,pick_up_the_alphabet_soup_and_place_it_in_the_basket,0,0,100,0,0,0,gaussian blur,5,,,,,,pick up the alphabet soup and place it in the basket,pick up the alphabet soup and place it in the basket view 0 0 100 0 0 initstate 0 noise 15,pick_up_the_alphabet_soup_and_place_it_in_the_basket_view_0_0_100_0_0_initstate_0_noise_15
1409,Sensor Noise,4,1,pick_up_the_alphabet_soup_and_place_it_in_the_basket,0,0,100,0,0,0,gaussian blur,6,,,,,,pick up the alphabet soup and place it in the basket,pick up the alphabet soup and place it in the basket view 0 0 100 0 0 initstate 0 noise 16,pick_up_the_alphabet_soup_and_place_it_in_the_basket_view_0_0_100_0_0_initstate_0_noise_16
1410,Sensor Noise,5,0,pick_up_the_alphabet_soup_and_place_it_in_the_basket,0,0,100,0,0,0,gaussian blur,7,,,,,,pick up the alphabet soup and place it in the basket,pick up the alphabet soup and place it in the basket view 0 0 100 0 0 initstate 0 noise 17,pick_up_the_alphabet_soup_and_place_it_in_the_basket_view_0_0_100_0_0_initstate_0_noise_17
1411,Sensor Noise,5,0,pick_up_the_alphabet_soup_and_place_it_in_the_basket,0,0,100,0,0,0,gaussian blur,8,,,,,,pick up the alphabet soup and place it in the basket,pick up the alphabet soup and place it in the basket view 0 0 100 0 0 initstate 0 noise 18,pick_up_the_alphabet_soup_and_place_it_in_the_basket_view_0_0_100_0_0_initstate_0_noise_18
1412,Sensor Noise,5,0,pick_up_the_alphabet_soup_and_place_it_in_the_basket,0,0,100,0,0,0,gaussian blur,9,,,,,,pick up the alphabet soup and place it in the basket,pick up the alphabet soup and place it in the basket view 0 0 100 0 0 initstate 0 noise 19,pick_up_the_alphabet_soup_and_place_it_in_the_basket_view_0_0_100_0_0_initstate_0_noise_19
1413,Sensor Noise,4,1,pick_up_the_alphabet_soup_and_place_it_in_the_basket,0,0,100,0,0,0,gaussian blur,10,,,,,,pick up the alphabet soup and place it in the basket,pick up the alphabet soup and place it in the basket view 0 0 100 0 0 initstate 0 noise 20,pick_up_the_alphabet_soup_and_place_it_in_the_basket_view_0_0_100_0_0_initstate_0_noise_20
1414,Sensor Noise,1,4,pick_up_the_alphabet_soup_and_place_it_in_the_basket,0,0,100,0,0,0,zoom blur,2,,,,,,pick up the alphabet soup and place it in the basket,pick up the alphabet soup and place it in the basket view 0 0 100 0 0 initstate 0 noise 22,pick_up_the_alphabet_soup_and_place_it_in_the_basket_view_0_0_100_0_0_initstate_0_noise_22
1415,Sensor Noise,1,4,pick_up_the_alphabet_soup_and_place_it_in_the_basket,0,0,100,0,0,0,zoom blur,4,,,,,,pick up the alphabet soup and place it in the basket,pick up the alphabet soup and place it in the basket view 0 0 100 0 0 initstate 0 noise 24,pick_up_the_alphabet_soup_and_place_it_in_the_basket_view_0_0_100_0_0_initstate_0_noise_24
1416,Sensor Noise,2,3,pick_up_the_alphabet_soup_and_place_it_in_the_basket,0,0,100,0,0,0,zoom blur,5,,,,,,pick up the alphabet soup and place it in the basket,pick up the alphabet soup and place it in the basket view 0 0 100 0 0 initstate 0 noise 25,pick_up_the_alphabet_soup_and_place_it_in_the_basket_view_0_0_100_0_0_initstate_0_noise_25
1417,Sensor Noise,3,2,pick_up_the_alphabet_soup_and_place_it_in_the_basket,0,0,100,0,0,0,zoom blur,6,,,,,,pick up the alphabet soup and place it in the basket,pick up the alphabet soup and place it in the basket view 0 0 100 0 0 initstate 0 noise 26,pick_up_the_alphabet_soup_and_place_it_in_the_basket_view_0_0_100_0_0_initstate_0_noise_26
1418,Sensor Noise,2,3,pick_up_the_alphabet_soup_and_place_it_in_the_basket,0,0,100,0,0,0,zoom blur,7,,,,,,pick up the alphabet soup and place it in the basket,pick up the alphabet soup and place it in the basket view 0 0 100 0 0 initstate 0 noise 27,pick_up_the_alphabet_soup_and_place_it_in_the_basket_view_0_0_100_0_0_initstate_0_noise_27
1419,Sensor Noise,3,2,pick_up_the_alphabet_soup_and_place_it_in_the_basket,0,0,100,0,0,0,zoom blur,8,,,,,,pick up the alphabet soup and place it in the basket,pick up the alphabet soup and place it in the basket view 0 0 100 0 0 initstate 0 noise 28,pick_up_the_alphabet_soup_and_place_it_in_the_basket_view_0_0_100_0_0_initstate_0_noise_28
1420,Sensor Noise,4,1,pick_up_the_alphabet_soup_and_place_it_in_the_basket,0,0,100,0,0,0,zoom blur,9,,,,,,pick up the alphabet soup and place it in the basket,pick up the alphabet soup and place it in the basket view 0 0 100 0 0 initstate 0 noise 29,pick_up_the_alphabet_soup_and_place_it_in_the_basket_view_0_0_100_0_0_initstate_0_noise_29
1421,Sensor Noise,4,1,pick_up_the_alphabet_soup_and_place_it_in_the_basket,0,0,100,0,0,0,zoom blur,10,,,,,,pick up the alphabet soup and place it in the basket,pick up the alphabet soup and place it in the basket view 0 0 100 0 0 initstate 0 noise 30,pick_up_the_alphabet_soup_and_place_it_in_the_basket_view_0_0_100_0_0_initstate_0_noise_30
1422,Sensor Noise,2,3,pick_up_the_alphabet_soup_and_place_it_in_the_basket,0,0,100,0,0,0,fog,5,,,,,,pick up the alphabet soup and place it in the basket,pick up the alphabet soup and place it in the basket view 0 0 100 0 0 initstate 0 noise 35,pick_up_the_alphabet_soup_and_place_it_in_the_basket_view_0_0_100_0_0_initstate_0_noise_35
1423,Sensor Noise,2,3,pick_up_the_alphabet_soup_and_place_it_in_the_basket,0,0,100,0,0,0,fog,6,,,,,,pick up the alphabet soup and place it in the basket,pick up the alphabet soup and place it in the basket view 0 0 100 0 0 initstate 0 noise 36,pick_up_the_alphabet_soup_and_place_it_in_the_basket_view_0_0_100_0_0_initstate_0_noise_36
1424,Sensor Noise,2,3,pick_up_the_alphabet_soup_and_place_it_in_the_basket,0,0,100,0,0,0,fog,7,,,,,,pick up the alphabet soup and place it in the basket,pick up the alphabet soup and place it in the basket view 0 0 100 0 0 initstate 0 noise 37,pick_up_the_alphabet_soup_and_place_it_in_the_basket_view_0_0_100_0_0_initstate_0_noise_37
1425,Sensor Noise,4,1,pick_up_the_alphabet_soup_and_place_it_in_the_basket,0,0,100,0,0,0,fog,8,,,,,,pick up the alphabet soup and place it in the basket,pick up the alphabet soup and place it in the basket view 0 0 100 0 0 initstate 0 noise 38,pick_up_the_alphabet_soup_and_place_it_in_the_basket_view_0_0_100_0_0_initstate_0_noise_38
1426,Sensor Noise,4,1,pick_up_the_alphabet_soup_and_place_it_in_the_basket,0,0,100,0,0,0,fog,9,,,,,,pick up the alphabet soup and place it in the basket,pick up the alphabet soup and place it in the basket view 0 0 100 0 0 initstate 0 noise 39,pick_up_the_alphabet_soup_and_place_it_in_the_basket_view_0_0_100_0_0_initstate_0_noise_39
1427,Sensor Noise,4,1,pick_up_the_alphabet_soup_and_place_it_in_the_basket,0,0,100,0,0,0,fog,10,,,,,,pick up the alphabet soup and place it in the basket,pick up the alphabet soup and place it in the basket view 0 0 100 0 0 initstate 0 noise 40,pick_up_the_alphabet_soup_and_place_it_in_the_basket_view_0_0_100_0_0_initstate_0_noise_40
1428,Sensor Noise,2,3,pick_up_the_alphabet_soup_and_place_it_in_the_basket,0,0,100,0,0,0,glass blur,1,,,,,,pick up the alphabet soup and place it in the basket,pick up the alphabet soup and place it in the basket view 0 0 100 0 0 initstate 0 noise 41,pick_up_the_alphabet_soup_and_place_it_in_the_basket_view_0_0_100_0_0_initstate_0_noise_41
1429,Sensor Noise,2,3,pick_up_the_alphabet_soup_and_place_it_in_the_basket,0,0,100,0,0,0,glass blur,2,,,,,,pick up the alphabet soup and place it in the basket,pick up the alphabet soup and place it in the basket view 0 0 100 0 0 initstate 0 noise 42,pick_up_the_alphabet_soup_and_place_it_in_the_basket_view_0_0_100_0_0_initstate_0_noise_42
1430,Sensor Noise,3,2,pick_up_the_alphabet_soup_and_place_it_in_the_basket,0,0,100,0,0,0,glass blur,3,,,,,,pick up the alphabet soup and place it in the basket,pick up the alphabet soup and place it in the basket view 0 0 100 0 0 initstate 0 noise 43,pick_up_the_alphabet_soup_and_place_it_in_the_basket_view_0_0_100_0_0_initstate_0_noise_43
1431,Sensor Noise,2,3,pick_up_the_alphabet_soup_and_place_it_in_the_basket,0,0,100,0,0,0,glass blur,4,,,,,,pick up the alphabet soup and place it in the basket,pick up the alphabet soup and place it in the basket view 0 0 100 0 0 initstate 0 noise 44,pick_up_the_alphabet_soup_and_place_it_in_the_basket_view_0_0_100_0_0_initstate_0_noise_44
1432,Sensor Noise,3,2,pick_up_the_alphabet_soup_and_place_it_in_the_basket,0,0,100,0,0,0,glass blur,5,,,,,,pick up the alphabet soup and place it in the basket,pick up the alphabet soup and place it in the basket view 0 0 100 0 0 initstate 0 noise 45,pick_up_the_alphabet_soup_and_place_it_in_the_basket_view_0_0_100_0_0_initstate_0_noise_45
1433,Sensor Noise,2,3,pick_up_the_alphabet_soup_and_place_it_in_the_basket,0,0,100,0,0,0,glass blur,6,,,,,,pick up the alphabet soup and place it in the basket,pick up the alphabet soup and place it in the basket view 0 0 100 0 0 initstate 0 noise 46,pick_up_the_alphabet_soup_and_place_it_in_the_basket_view_0_0_100_0_0_initstate_0_noise_46
1434,Sensor Noise,4,1,pick_up_the_alphabet_soup_and_place_it_in_the_basket,0,0,100,0,0,0,glass blur,7,,,,,,pick up the alphabet soup and place it in the basket,pick up the alphabet soup and place it in the basket view 0 0 100 0 0 initstate 0 noise 47,pick_up_the_alphabet_soup_and_place_it_in_the_basket_view_0_0_100_0_0_initstate_0_noise_47
1435,Sensor Noise,4,1,pick_up_the_alphabet_soup_and_place_it_in_the_basket,0,0,100,0,0,0,glass blur,8,,,,,,pick up the alphabet soup and place it in the basket,pick up the alphabet soup and place it in the basket view 0 0 100 0 0 initstate 0 noise 48,pick_up_the_alphabet_soup_and_place_it_in_the_basket_view_0_0_100_0_0_initstate_0_noise_48
1436,Sensor Noise,4,1,pick_up_the_alphabet_soup_and_place_it_in_the_basket,0,0,100,0,0,0,glass blur,9,,,,,,pick up the alphabet soup and place it in the basket,pick up the alphabet soup and place it in the basket view 0 0 100 0 0 initstate 0 noise 49,pick_up_the_alphabet_soup_and_place_it_in_the_basket_view_0_0_100_0_0_initstate_0_noise_49
1437,Sensor Noise,4,1,pick_up_the_alphabet_soup_and_place_it_in_the_basket,0,0,100,0,0,0,glass blur,10,,,,,,pick up the alphabet soup and place it in the basket,pick up the alphabet soup and place it in the basket view 0 0 100 0 0 initstate 0 noise 50,pick_up_the_alphabet_soup_and_place_it_in_the_basket_view_0_0_100_0_0_initstate_0_noise_50
1438,Sensor Noise,2,3,pick_up_the_cream_cheese_and_place_it_in_the_basket,0,0,100,0,0,0,motion blur,1,,,,,,pick up the cream cheese and place it in the basket,pick up the cream cheese and place it in the basket view 0 0 100 0 0 initstate 0 noise 1,pick_up_the_cream_cheese_and_place_it_in_the_basket_view_0_0_100_0_0_initstate_0_noise_1
1439,Sensor Noise,2,3,pick_up_the_cream_cheese_and_place_it_in_the_basket,0,0,100,0,0,0,motion blur,2,,,,,,pick up the cream cheese and place it in the basket,pick up the cream cheese and place it in the basket view 0 0 100 0 0 initstate 0 noise 2,pick_up_the_cream_cheese_and_place_it_in_the_basket_view_0_0_100_0_0_initstate_0_noise_2
1440,Sensor Noise,2,3,pick_up_the_cream_cheese_and_place_it_in_the_basket,0,0,100,0,0,0,motion blur,3,,,,,,pick up the cream cheese and place it in the basket,pick up the cream cheese and place it in the basket view 0 0 100 0 0 initstate 0 noise 3,pick_up_the_cream_cheese_and_place_it_in_the_basket_view_0_0_100_0_0_initstate_0_noise_3
1441,Sensor Noise,3,2,pick_up_the_cream_cheese_and_place_it_in_the_basket,0,0,100,0,0,0,motion blur,4,,,,,,pick up the cream cheese and place it in the basket,pick up the cream cheese and place it in the basket view 0 0 100 0 0 initstate 0 noise 4,pick_up_the_cream_cheese_and_place_it_in_the_basket_view_0_0_100_0_0_initstate_0_noise_4
1442,Sensor Noise,3,2,pick_up_the_cream_cheese_and_place_it_in_the_basket,0,0,100,0,0,0,motion blur,5,,,,,,pick up the cream cheese and place it in the basket,pick up the cream cheese and place it in the basket view 0 0 100 0 0 initstate 0 noise 5,pick_up_the_cream_cheese_and_place_it_in_the_basket_view_0_0_100_0_0_initstate_0_noise_5
1443,Sensor Noise,3,2,pick_up_the_cream_cheese_and_place_it_in_the_basket,0,0,100,0,0,0,motion blur,6,,,,,,pick up the cream cheese and place it in the basket,pick up the cream cheese and place it in the basket view 0 0 100 0 0 initstate 0 noise 6,pick_up_the_cream_cheese_and_place_it_in_the_basket_view_0_0_100_0_0_initstate_0_noise_6
1444,Sensor Noise,3,2,pick_up_the_cream_cheese_and_place_it_in_the_basket,0,0,100,0,0,0,motion blur,7,,,,,,pick up the cream cheese and place it in the basket,pick up the cream cheese and place it in the basket view 0 0 100 0 0 initstate 0 noise 7,pick_up_the_cream_cheese_and_place_it_in_the_basket_view_0_0_100_0_0_initstate_0_noise_7
1445,Sensor Noise,4,1,pick_up_the_cream_cheese_and_place_it_in_the_basket,0,0,100,0,0,0,motion blur,8,,,,,,pick up the cream cheese and place it in the basket,pick up the cream cheese and place it in the basket view 0 0 100 0 0 initstate 0 noise 8,pick_up_the_cream_cheese_and_place_it_in_the_basket_view_0_0_100_0_0_initstate_0_noise_8
1446,Sensor Noise,5,0,pick_up_the_cream_cheese_and_place_it_in_the_basket,0,0,100,0,0,0,motion blur,9,,,,,,pick up the cream cheese and place it in the basket,pick up the cream cheese and place it in the basket view 0 0 100 0 0 initstate 0 noise 9,pick_up_the_cream_cheese_and_place_it_in_the_basket_view_0_0_100_0_0_initstate_0_noise_9
1447,Sensor Noise,5,0,pick_up_the_cream_cheese_and_place_it_in_the_basket,0,0,100,0,0,0,motion blur,10,,,,,,pick up the cream cheese and place it in the basket,pick up the cream cheese and place it in the basket view 0 0 100 0 0 initstate 0 noise 10,pick_up_the_cream_cheese_and_place_it_in_the_basket_view_0_0_100_0_0_initstate_0_noise_10
1448,Sensor Noise,1,4,pick_up_the_cream_cheese_and_place_it_in_the_basket,0,0,100,0,0,0,gaussian blur,1,,,,,,pick up the cream cheese and place it in the basket,pick up the cream cheese and place it in the basket view 0 0 100 0 0 initstate 0 noise 11,pick_up_the_cream_cheese_and_place_it_in_the_basket_view_0_0_100_0_0_initstate_0_noise_11
1449,Sensor Noise,2,3,pick_up_the_cream_cheese_and_place_it_in_the_basket,0,0,100,0,0,0,gaussian blur,2,,,,,,pick up the cream cheese and place it in the basket,pick up the cream cheese and place it in the basket view 0 0 100 0 0 initstate 0 noise 12,pick_up_the_cream_cheese_and_place_it_in_the_basket_view_0_0_100_0_0_initstate_0_noise_12
1450,Sensor Noise,2,3,pick_up_the_cream_cheese_and_place_it_in_the_basket,0,0,100,0,0,0,gaussian blur,3,,,,,,pick up the cream cheese and place it in the basket,pick up the cream cheese and place it in the basket view 0 0 100 0 0 initstate 0 noise 13,pick_up_the_cream_cheese_and_place_it_in_the_basket_view_0_0_100_0_0_initstate_0_noise_13
1451,Sensor Noise,4,1,pick_up_the_cream_cheese_and_place_it_in_the_basket,0,0,100,0,0,0,gaussian blur,4,,,,,,pick up the cream cheese and place it in the basket,pick up the cream cheese and place it in the basket view 0 0 100 0 0 initstate 0 noise 14,pick_up_the_cream_cheese_and_place_it_in_the_basket_view_0_0_100_0_0_initstate_0_noise_14
1452,Sensor Noise,4,1,pick_up_the_cream_cheese_and_place_it_in_the_basket,0,0,100,0,0,0,gaussian blur,5,,,,,,pick up the cream cheese and place it in the basket,pick up the cream cheese and place it in the basket view 0 0 100 0 0 initstate 0 noise 15,pick_up_the_cream_cheese_and_place_it_in_the_basket_view_0_0_100_0_0_initstate_0_noise_15
1453,Sensor Noise,4,1,pick_up_the_cream_cheese_and_place_it_in_the_basket,0,0,100,0,0,0,gaussian blur,6,,,,,,pick up the cream cheese and place it in the basket,pick up the cream cheese and place it in the basket view 0 0 100 0 0 initstate 0 noise 16,pick_up_the_cream_cheese_and_place_it_in_the_basket_view_0_0_100_0_0_initstate_0_noise_16
1454,Sensor Noise,5,0,pick_up_the_cream_cheese_and_place_it_in_the_basket,0,0,100,0,0,0,gaussian blur,7,,,,,,pick up the cream cheese and place it in the basket,pick up the cream cheese and place it in the basket view 0 0 100 0 0 initstate 0 noise 17,pick_up_the_cream_cheese_and_place_it_in_the_basket_view_0_0_100_0_0_initstate_0_noise_17
1455,Sensor Noise,5,0,pick_up_the_cream_cheese_and_place_it_in_the_basket,0,0,100,0,0,0,gaussian blur,8,,,,,,pick up the cream cheese and place it in the basket,pick up the cream cheese and place it in the basket view 0 0 100 0 0 initstate 0 noise 18,pick_up_the_cream_cheese_and_place_it_in_the_basket_view_0_0_100_0_0_initstate_0_noise_18
1456,Sensor Noise,5,0,pick_up_the_cream_cheese_and_place_it_in_the_basket,0,0,100,0,0,0,gaussian blur,9,,,,,,pick up the cream cheese and place it in the basket,pick up the cream cheese and place it in the basket view 0 0 100 0 0 initstate 0 noise 19,pick_up_the_cream_cheese_and_place_it_in_the_basket_view_0_0_100_0_0_initstate_0_noise_19
1457,Sensor Noise,1,4,pick_up_the_cream_cheese_and_place_it_in_the_basket,0,0,100,0,0,0,zoom blur,1,,,,,,pick up the cream cheese and place it in the basket,pick up the cream cheese and place it in the basket view 0 0 100 0 0 initstate 0 noise 21,pick_up_the_cream_cheese_and_place_it_in_the_basket_view_0_0_100_0_0_initstate_0_noise_21
1458,Sensor Noise,2,3,pick_up_the_cream_cheese_and_place_it_in_the_basket,0,0,100,0,0,0,zoom blur,2,,,,,,pick up the cream cheese and place it in the basket,pick up the cream cheese and place it in the basket view 0 0 100 0 0 initstate 0 noise 22,pick_up_the_cream_cheese_and_place_it_in_the_basket_view_0_0_100_0_0_initstate_0_noise_22
1459,Sensor Noise,1,4,pick_up_the_cream_cheese_and_place_it_in_the_basket,0,0,100,0,0,0,zoom blur,4,,,,,,pick up the cream cheese and place it in the basket,pick up the cream cheese and place it in the basket view 0 0 100 0 0 initstate 0 noise 24,pick_up_the_cream_cheese_and_place_it_in_the_basket_view_0_0_100_0_0_initstate_0_noise_24
1460,Sensor Noise,2,3,pick_up_the_cream_cheese_and_place_it_in_the_basket,0,0,100,0,0,0,zoom blur,5,,,,,,pick up the cream cheese and place it in the basket,pick up the cream cheese and place it in the basket view 0 0 100 0 0 initstate 0 noise 25,pick_up_the_cream_cheese_and_place_it_in_the_basket_view_0_0_100_0_0_initstate_0_noise_25
1461,Sensor Noise,2,3,pick_up_the_cream_cheese_and_place_it_in_the_basket,0,0,100,0,0,0,zoom blur,6,,,,,,pick up the cream cheese and place it in the basket,pick up the cream cheese and place it in the basket view 0 0 100 0 0 initstate 0 noise 26,pick_up_the_cream_cheese_and_place_it_in_the_basket_view_0_0_100_0_0_initstate_0_noise_26
1462,Sensor Noise,3,2,pick_up_the_cream_cheese_and_place_it_in_the_basket,0,0,100,0,0,0,zoom blur,7,,,,,,pick up the cream cheese and place it in the basket,pick up the cream cheese and place it in the basket view 0 0 100 0 0 initstate 0 noise 27,pick_up_the_cream_cheese_and_place_it_in_the_basket_view_0_0_100_0_0_initstate_0_noise_27
1463,Sensor Noise,3,2,pick_up_the_cream_cheese_and_place_it_in_the_basket,0,0,100,0,0,0,zoom blur,8,,,,,,pick up the cream cheese and place it in the basket,pick up the cream cheese and place it in the basket view 0 0 100 0 0 initstate 0 noise 28,pick_up_the_cream_cheese_and_place_it_in_the_basket_view_0_0_100_0_0_initstate_0_noise_28
1464,Sensor Noise,5,0,pick_up_the_cream_cheese_and_place_it_in_the_basket,0,0,100,0,0,0,zoom blur,9,,,,,,pick up the cream cheese and place it in the basket,pick up the cream cheese and place it in the basket view 0 0 100 0 0 initstate 0 noise 29,pick_up_the_cream_cheese_and_place_it_in_the_basket_view_0_0_100_0_0_initstate_0_noise_29
1465,Sensor Noise,5,0,pick_up_the_cream_cheese_and_place_it_in_the_basket,0,0,100,0,0,0,zoom blur,10,,,,,,pick up the cream cheese and place it in the basket,pick up the cream cheese and place it in the basket view 0 0 100 0 0 initstate 0 noise 30,pick_up_the_cream_cheese_and_place_it_in_the_basket_view_0_0_100_0_0_initstate_0_noise_30
1466,Sensor Noise,1,4,pick_up_the_cream_cheese_and_place_it_in_the_basket,0,0,100,0,0,0,fog,2,,,,,,pick up the cream cheese and place it in the basket,pick up the cream cheese and place it in the basket view 0 0 100 0 0 initstate 0 noise 32,pick_up_the_cream_cheese_and_place_it_in_the_basket_view_0_0_100_0_0_initstate_0_noise_32
1467,Sensor Noise,1,4,pick_up_the_cream_cheese_and_place_it_in_the_basket,0,0,100,0,0,0,fog,3,,,,,,pick up the cream cheese and place it in the basket,pick up the cream cheese and place it in the basket view 0 0 100 0 0 initstate 0 noise 33,pick_up_the_cream_cheese_and_place_it_in_the_basket_view_0_0_100_0_0_initstate_0_noise_33
1468,Sensor Noise,2,3,pick_up_the_cream_cheese_and_place_it_in_the_basket,0,0,100,0,0,0,fog,4,,,,,,pick up the cream cheese and place it in the basket,pick up the cream cheese and place it in the basket view 0 0 100 0 0 initstate 0 noise 34,pick_up_the_cream_cheese_and_place_it_in_the_basket_view_0_0_100_0_0_initstate_0_noise_34
1469,Sensor Noise,2,3,pick_up_the_cream_cheese_and_place_it_in_the_basket,0,0,100,0,0,0,fog,5,,,,,,pick up the cream cheese and place it in the basket,pick up the cream cheese and place it in the basket view 0 0 100 0 0 initstate 0 noise 35,pick_up_the_cream_cheese_and_place_it_in_the_basket_view_0_0_100_0_0_initstate_0_noise_35
1470,Sensor Noise,2,3,pick_up_the_cream_cheese_and_place_it_in_the_basket,0,0,100,0,0,0,fog,6,,,,,,pick up the cream cheese and place it in the basket,pick up the cream cheese and place it in the basket view 0 0 100 0 0 initstate 0 noise 36,pick_up_the_cream_cheese_and_place_it_in_the_basket_view_0_0_100_0_0_initstate_0_noise_36
1471,Sensor Noise,3,2,pick_up_the_cream_cheese_and_place_it_in_the_basket,0,0,100,0,0,0,fog,7,,,,,,pick up the cream cheese and place it in the basket,pick up the cream cheese and place it in the basket view 0 0 100 0 0 initstate 0 noise 37,pick_up_the_cream_cheese_and_place_it_in_the_basket_view_0_0_100_0_0_initstate_0_noise_37
1472,Sensor Noise,4,1,pick_up_the_cream_cheese_and_place_it_in_the_basket,0,0,100,0,0,0,fog,8,,,,,,pick up the cream cheese and place it in the basket,pick up the cream cheese and place it in the basket view 0 0 100 0 0 initstate 0 noise 38,pick_up_the_cream_cheese_and_place_it_in_the_basket_view_0_0_100_0_0_initstate_0_noise_38
1473,Sensor Noise,2,3,pick_up_the_cream_cheese_and_place_it_in_the_basket,0,0,100,0,0,0,glass blur,1,,,,,,pick up the cream cheese and place it in the basket,pick up the cream cheese and place it in the basket view 0 0 100 0 0 initstate 0 noise 41,pick_up_the_cream_cheese_and_place_it_in_the_basket_view_0_0_100_0_0_initstate_0_noise_41
1474,Sensor Noise,2,3,pick_up_the_cream_cheese_and_place_it_in_the_basket,0,0,100,0,0,0,glass blur,2,,,,,,pick up the cream cheese and place it in the basket,pick up the cream cheese and place it in the basket view 0 0 100 0 0 initstate 0 noise 42,pick_up_the_cream_cheese_and_place_it_in_the_basket_view_0_0_100_0_0_initstate_0_noise_42
1475,Sensor Noise,3,2,pick_up_the_cream_cheese_and_place_it_in_the_basket,0,0,100,0,0,0,glass blur,3,,,,,,pick up the cream cheese and place it in the basket,pick up the cream cheese and place it in the basket view 0 0 100 0 0 initstate 0 noise 43,pick_up_the_cream_cheese_and_place_it_in_the_basket_view_0_0_100_0_0_initstate_0_noise_43
1476,Sensor Noise,2,3,pick_up_the_cream_cheese_and_place_it_in_the_basket,0,0,100,0,0,0,glass blur,4,,,,,,pick up the cream cheese and place it in the basket,pick up the cream cheese and place it in the basket view 0 0 100 0 0 initstate 0 noise 44,pick_up_the_cream_cheese_and_place_it_in_the_basket_view_0_0_100_0_0_initstate_0_noise_44
1477,Sensor Noise,4,1,pick_up_the_cream_cheese_and_place_it_in_the_basket,0,0,100,0,0,0,glass blur,5,,,,,,pick up the cream cheese and place it in the basket,pick up the cream cheese and place it in the basket view 0 0 100 0 0 initstate 0 noise 45,pick_up_the_cream_cheese_and_place_it_in_the_basket_view_0_0_100_0_0_initstate_0_noise_45
1478,Sensor Noise,4,1,pick_up_the_cream_cheese_and_place_it_in_the_basket,0,0,100,0,0,0,glass blur,7,,,,,,pick up the cream cheese and place it in the basket,pick up the cream cheese and place it in the basket view 0 0 100 0 0 initstate 0 noise 47,pick_up_the_cream_cheese_and_place_it_in_the_basket_view_0_0_100_0_0_initstate_0_noise_47
1479,Sensor Noise,5,0,pick_up_the_cream_cheese_and_place_it_in_the_basket,0,0,100,0,0,0,glass blur,8,,,,,,pick up the cream cheese and place it in the basket,pick up the cream cheese and place it in the basket view 0 0 100 0 0 initstate 0 noise 48,pick_up_the_cream_cheese_and_place_it_in_the_basket_view_0_0_100_0_0_initstate_0_noise_48
1480,Sensor Noise,4,1,pick_up_the_cream_cheese_and_place_it_in_the_basket,0,0,100,0,0,0,glass blur,9,,,,,,pick up the cream cheese and place it in the basket,pick up the cream cheese and place it in the basket view 0 0 100 0 0 initstate 0 noise 49,pick_up_the_cream_cheese_and_place_it_in_the_basket_view_0_0_100_0_0_initstate_0_noise_49
1481,Sensor Noise,4,1,pick_up_the_cream_cheese_and_place_it_in_the_basket,0,0,100,0,0,0,glass blur,10,,,,,,pick up the cream cheese and place it in the basket,pick up the cream cheese and place it in the basket view 0 0 100 0 0 initstate 0 noise 50,pick_up_the_cream_cheese_and_place_it_in_the_basket_view_0_0_100_0_0_initstate_0_noise_50
1482,Sensor Noise,2,3,pick_up_the_salad_dressing_and_place_it_in_the_basket,0,0,100,0,0,0,motion blur,1,,,,,,pick up the salad dressing and place it in the basket,pick up the salad dressing and place it in the basket view 0 0 100 0 0 initstate 0 noise 1,pick_up_the_salad_dressing_and_place_it_in_the_basket_view_0_0_100_0_0_initstate_0_noise_1
1483,Sensor Noise,2,3,pick_up_the_salad_dressing_and_place_it_in_the_basket,0,0,100,0,0,0,motion blur,2,,,,,,pick up the salad dressing and place it in the basket,pick up the salad dressing and place it in the basket view 0 0 100 0 0 initstate 0 noise 2,pick_up_the_salad_dressing_and_place_it_in_the_basket_view_0_0_100_0_0_initstate_0_noise_2
1484,Sensor Noise,2,3,pick_up_the_salad_dressing_and_place_it_in_the_basket,0,0,100,0,0,0,motion blur,3,,,,,,pick up the salad dressing and place it in the basket,pick up the salad dressing and place it in the basket view 0 0 100 0 0 initstate 0 noise 3,pick_up_the_salad_dressing_and_place_it_in_the_basket_view_0_0_100_0_0_initstate_0_noise_3
1485,Sensor Noise,2,3,pick_up_the_salad_dressing_and_place_it_in_the_basket,0,0,100,0,0,0,motion blur,4,,,,,,pick up the salad dressing and place it in the basket,pick up the salad dressing and place it in the basket view 0 0 100 0 0 initstate 0 noise 4,pick_up_the_salad_dressing_and_place_it_in_the_basket_view_0_0_100_0_0_initstate_0_noise_4
1486,Sensor Noise,2,3,pick_up_the_salad_dressing_and_place_it_in_the_basket,0,0,100,0,0,0,motion blur,5,,,,,,pick up the salad dressing and place it in the basket,pick up the salad dressing and place it in the basket view 0 0 100 0 0 initstate 0 noise 5,pick_up_the_salad_dressing_and_place_it_in_the_basket_view_0_0_100_0_0_initstate_0_noise_5
1487,Sensor Noise,3,2,pick_up_the_salad_dressing_and_place_it_in_the_basket,0,0,100,0,0,0,motion blur,6,,,,,,pick up the salad dressing and place it in the basket,pick up the salad dressing and place it in the basket view 0 0 100 0 0 initstate 0 noise 6,pick_up_the_salad_dressing_and_place_it_in_the_basket_view_0_0_100_0_0_initstate_0_noise_6
1488,Sensor Noise,3,2,pick_up_the_salad_dressing_and_place_it_in_the_basket,0,0,100,0,0,0,motion blur,7,,,,,,pick up the salad dressing and place it in the basket,pick up the salad dressing and place it in the basket view 0 0 100 0 0 initstate 0 noise 7,pick_up_the_salad_dressing_and_place_it_in_the_basket_view_0_0_100_0_0_initstate_0_noise_7
1489,Sensor Noise,4,1,pick_up_the_salad_dressing_and_place_it_in_the_basket,0,0,100,0,0,0,motion blur,8,,,,,,pick up the salad dressing and place it in the basket,pick up the salad dressing and place it in the basket view 0 0 100 0 0 initstate 0 noise 8,pick_up_the_salad_dressing_and_place_it_in_the_basket_view_0_0_100_0_0_initstate_0_noise_8
1490,Sensor Noise,3,2,pick_up_the_salad_dressing_and_place_it_in_the_basket,0,0,100,0,0,0,motion blur,9,,,,,,pick up the salad dressing and place it in the basket,pick up the salad dressing and place it in the basket view 0 0 100 0 0 initstate 0 noise 9,pick_up_the_salad_dressing_and_place_it_in_the_basket_view_0_0_100_0_0_initstate_0_noise_9
1491,Sensor Noise,2,3,pick_up_the_salad_dressing_and_place_it_in_the_basket,0,0,100,0,0,0,gaussian blur,2,,,,,,pick up the salad dressing and place it in the basket,pick up the salad dressing and place it in the basket view 0 0 100 0 0 initstate 0 noise 12,pick_up_the_salad_dressing_and_place_it_in_the_basket_view_0_0_100_0_0_initstate_0_noise_12
1492,Sensor Noise,2,3,pick_up_the_salad_dressing_and_place_it_in_the_basket,0,0,100,0,0,0,gaussian blur,3,,,,,,pick up the salad dressing and place it in the basket,pick up the salad dressing and place it in the basket view 0 0 100 0 0 initstate 0 noise 13,pick_up_the_salad_dressing_and_place_it_in_the_basket_view_0_0_100_0_0_initstate_0_noise_13
1493,Sensor Noise,3,2,pick_up_the_salad_dressing_and_place_it_in_the_basket,0,0,100,0,0,0,gaussian blur,4,,,,,,pick up the salad dressing and place it in the basket,pick up the salad dressing and place it in the basket view 0 0 100 0 0 initstate 0 noise 14,pick_up_the_salad_dressing_and_place_it_in_the_basket_view_0_0_100_0_0_initstate_0_noise_14
1494,Sensor Noise,2,3,pick_up_the_salad_dressing_and_place_it_in_the_basket,0,0,100,0,0,0,gaussian blur,5,,,,,,pick up the salad dressing and place it in the basket,pick up the salad dressing and place it in the basket view 0 0 100 0 0 initstate 0 noise 15,pick_up_the_salad_dressing_and_place_it_in_the_basket_view_0_0_100_0_0_initstate_0_noise_15
1495,Sensor Noise,4,1,pick_up_the_salad_dressing_and_place_it_in_the_basket,0,0,100,0,0,0,gaussian blur,6,,,,,,pick up the salad dressing and place it in the basket,pick up the salad dressing and place it in the basket view 0 0 100 0 0 initstate 0 noise 16,pick_up_the_salad_dressing_and_place_it_in_the_basket_view_0_0_100_0_0_initstate_0_noise_16
1496,Sensor Noise,4,1,pick_up_the_salad_dressing_and_place_it_in_the_basket,0,0,100,0,0,0,gaussian blur,7,,,,,,pick up the salad dressing and place it in the basket,pick up the salad dressing and place it in the basket view 0 0 100 0 0 initstate 0 noise 17,pick_up_the_salad_dressing_and_place_it_in_the_basket_view_0_0_100_0_0_initstate_0_noise_17
1497,Sensor Noise,5,0,pick_up_the_salad_dressing_and_place_it_in_the_basket,0,0,100,0,0,0,gaussian blur,9,,,,,,pick up the salad dressing and place it in the basket,pick up the salad dressing and place it in the basket view 0 0 100 0 0 initstate 0 noise 19,pick_up_the_salad_dressing_and_place_it_in_the_basket_view_0_0_100_0_0_initstate_0_noise_19
1498,Sensor Noise,4,1,pick_up_the_salad_dressing_and_place_it_in_the_basket,0,0,100,0,0,0,gaussian blur,10,,,,,,pick up the salad dressing and place it in the basket,pick up the salad dressing and place it in the basket view 0 0 100 0 0 initstate 0 noise 20,pick_up_the_salad_dressing_and_place_it_in_the_basket_view_0_0_100_0_0_initstate_0_noise_20
1499,Sensor Noise,1,4,pick_up_the_salad_dressing_and_place_it_in_the_basket,0,0,100,0,0,0,zoom blur,4,,,,,,pick up the salad dressing and place it in the basket,pick up the salad dressing and place it in the basket view 0 0 100 0 0 initstate 0 noise 24,pick_up_the_salad_dressing_and_place_it_in_the_basket_view_0_0_100_0_0_initstate_0_noise_24
1500,Sensor Noise,2,3,pick_up_the_salad_dressing_and_place_it_in_the_basket,0,0,100,0,0,0,zoom blur,5,,,,,,pick up the salad dressing and place it in the basket,pick up the salad dressing and place it in the basket view 0 0 100 0 0 initstate 0 noise 25,pick_up_the_salad_dressing_and_place_it_in_the_basket_view_0_0_100_0_0_initstate_0_noise_25
1501,Sensor Noise,2,3,pick_up_the_salad_dressing_and_place_it_in_the_basket,0,0,100,0,0,0,zoom blur,6,,,,,,pick up the salad dressing and place it in the basket,pick up the salad dressing and place it in the basket view 0 0 100 0 0 initstate 0 noise 26,pick_up_the_salad_dressing_and_place_it_in_the_basket_view_0_0_100_0_0_initstate_0_noise_26
1502,Sensor Noise,2,3,pick_up_the_salad_dressing_and_place_it_in_the_basket,0,0,100,0,0,0,zoom blur,7,,,,,,pick up the salad dressing and place it in the basket,pick up the salad dressing and place it in the basket view 0 0 100 0 0 initstate 0 noise 27,pick_up_the_salad_dressing_and_place_it_in_the_basket_view_0_0_100_0_0_initstate_0_noise_27
1503,Sensor Noise,2,3,pick_up_the_salad_dressing_and_place_it_in_the_basket,0,0,100,0,0,0,zoom blur,8,,,,,,pick up the salad dressing and place it in the basket,pick up the salad dressing and place it in the basket view 0 0 100 0 0 initstate 0 noise 28,pick_up_the_salad_dressing_and_place_it_in_the_basket_view_0_0_100_0_0_initstate_0_noise_28
1504,Sensor Noise,4,1,pick_up_the_salad_dressing_and_place_it_in_the_basket,0,0,100,0,0,0,zoom blur,9,,,,,,pick up the salad dressing and place it in the basket,pick up the salad dressing and place it in the basket view 0 0 100 0 0 initstate 0 noise 29,pick_up_the_salad_dressing_and_place_it_in_the_basket_view_0_0_100_0_0_initstate_0_noise_29
1505,Sensor Noise,5,0,pick_up_the_salad_dressing_and_place_it_in_the_basket,0,0,100,0,0,0,zoom blur,10,,,,,,pick up the salad dressing and place it in the basket,pick up the salad dressing and place it in the basket view 0 0 100 0 0 initstate 0 noise 30,pick_up_the_salad_dressing_and_place_it_in_the_basket_view_0_0_100_0_0_initstate_0_noise_30
1506,Sensor Noise,1,4,pick_up_the_salad_dressing_and_place_it_in_the_basket,0,0,100,0,0,0,fog,3,,,,,,pick up the salad dressing and place it in the basket,pick up the salad dressing and place it in the basket view 0 0 100 0 0 initstate 0 noise 33,pick_up_the_salad_dressing_and_place_it_in_the_basket_view_0_0_100_0_0_initstate_0_noise_33
1507,Sensor Noise,1,4,pick_up_the_salad_dressing_and_place_it_in_the_basket,0,0,100,0,0,0,fog,4,,,,,,pick up the salad dressing and place it in the basket,pick up the salad dressing and place it in the basket view 0 0 100 0 0 initstate 0 noise 34,pick_up_the_salad_dressing_and_place_it_in_the_basket_view_0_0_100_0_0_initstate_0_noise_34
1508,Sensor Noise,2,3,pick_up_the_salad_dressing_and_place_it_in_the_basket,0,0,100,0,0,0,fog,5,,,,,,pick up the salad dressing and place it in the basket,pick up the salad dressing and place it in the basket view 0 0 100 0 0 initstate 0 noise 35,pick_up_the_salad_dressing_and_place_it_in_the_basket_view_0_0_100_0_0_initstate_0_noise_35
1509,Sensor Noise,2,3,pick_up_the_salad_dressing_and_place_it_in_the_basket,0,0,100,0,0,0,fog,6,,,,,,pick up the salad dressing and place it in the basket,pick up the salad dressing and place it in the basket view 0 0 100 0 0 initstate 0 noise 36,pick_up_the_salad_dressing_and_place_it_in_the_basket_view_0_0_100_0_0_initstate_0_noise_36
1510,Sensor Noise,2,3,pick_up_the_salad_dressing_and_place_it_in_the_basket,0,0,100,0,0,0,fog,7,,,,,,pick up the salad dressing and place it in the basket,pick up the salad dressing and place it in the basket view 0 0 100 0 0 initstate 0 noise 37,pick_up_the_salad_dressing_and_place_it_in_the_basket_view_0_0_100_0_0_initstate_0_noise_37
1511,Sensor Noise,3,2,pick_up_the_salad_dressing_and_place_it_in_the_basket,0,0,100,0,0,0,fog,8,,,,,,pick up the salad dressing and place it in the basket,pick up the salad dressing and place it in the basket view 0 0 100 0 0 initstate 0 noise 38,pick_up_the_salad_dressing_and_place_it_in_the_basket_view_0_0_100_0_0_initstate_0_noise_38
1512,Sensor Noise,3,2,pick_up_the_salad_dressing_and_place_it_in_the_basket,0,0,100,0,0,0,fog,9,,,,,,pick up the salad dressing and place it in the basket,pick up the salad dressing and place it in the basket view 0 0 100 0 0 initstate 0 noise 39,pick_up_the_salad_dressing_and_place_it_in_the_basket_view_0_0_100_0_0_initstate_0_noise_39
1513,Sensor Noise,5,0,pick_up_the_salad_dressing_and_place_it_in_the_basket,0,0,100,0,0,0,fog,10,,,,,,pick up the salad dressing and place it in the basket,pick up the salad dressing and place it in the basket view 0 0 100 0 0 initstate 0 noise 40,pick_up_the_salad_dressing_and_place_it_in_the_basket_view_0_0_100_0_0_initstate_0_noise_40
1514,Sensor Noise,2,3,pick_up_the_salad_dressing_and_place_it_in_the_basket,0,0,100,0,0,0,glass blur,1,,,,,,pick up the salad dressing and place it in the basket,pick up the salad dressing and place it in the basket view 0 0 100 0 0 initstate 0 noise 41,pick_up_the_salad_dressing_and_place_it_in_the_basket_view_0_0_100_0_0_initstate_0_noise_41
1515,Sensor Noise,1,4,pick_up_the_salad_dressing_and_place_it_in_the_basket,0,0,100,0,0,0,glass blur,2,,,,,,pick up the salad dressing and place it in the basket,pick up the salad dressing and place it in the basket view 0 0 100 0 0 initstate 0 noise 42,pick_up_the_salad_dressing_and_place_it_in_the_basket_view_0_0_100_0_0_initstate_0_noise_42
1516,Sensor Noise,2,3,pick_up_the_salad_dressing_and_place_it_in_the_basket,0,0,100,0,0,0,glass blur,3,,,,,,pick up the salad dressing and place it in the basket,pick up the salad dressing and place it in the basket view 0 0 100 0 0 initstate 0 noise 43,pick_up_the_salad_dressing_and_place_it_in_the_basket_view_0_0_100_0_0_initstate_0_noise_43
1517,Sensor Noise,2,3,pick_up_the_salad_dressing_and_place_it_in_the_basket,0,0,100,0,0,0,glass blur,4,,,,,,pick up the salad dressing and place it in the basket,pick up the salad dressing and place it in the basket view 0 0 100 0 0 initstate 0 noise 44,pick_up_the_salad_dressing_and_place_it_in_the_basket_view_0_0_100_0_0_initstate_0_noise_44
1518,Sensor Noise,2,3,pick_up_the_salad_dressing_and_place_it_in_the_basket,0,0,100,0,0,0,glass blur,5,,,,,,pick up the salad dressing and place it in the basket,pick up the salad dressing and place it in the basket view 0 0 100 0 0 initstate 0 noise 45,pick_up_the_salad_dressing_and_place_it_in_the_basket_view_0_0_100_0_0_initstate_0_noise_45
1519,Sensor Noise,2,3,pick_up_the_salad_dressing_and_place_it_in_the_basket,0,0,100,0,0,0,glass blur,6,,,,,,pick up the salad dressing and place it in the basket,pick up the salad dressing and place it in the basket view 0 0 100 0 0 initstate 0 noise 46,pick_up_the_salad_dressing_and_place_it_in_the_basket_view_0_0_100_0_0_initstate_0_noise_46
1520,Sensor Noise,3,2,pick_up_the_salad_dressing_and_place_it_in_the_basket,0,0,100,0,0,0,glass blur,7,,,,,,pick up the salad dressing and place it in the basket,pick up the salad dressing and place it in the basket view 0 0 100 0 0 initstate 0 noise 47,pick_up_the_salad_dressing_and_place_it_in_the_basket_view_0_0_100_0_0_initstate_0_noise_47
1521,Sensor Noise,3,2,pick_up_the_salad_dressing_and_place_it_in_the_basket,0,0,100,0,0,0,glass blur,8,,,,,,pick up the salad dressing and place it in the basket,pick up the salad dressing and place it in the basket view 0 0 100 0 0 initstate 0 noise 48,pick_up_the_salad_dressing_and_place_it_in_the_basket_view_0_0_100_0_0_initstate_0_noise_48
1522,Sensor Noise,4,1,pick_up_the_salad_dressing_and_place_it_in_the_basket,0,0,100,0,0,0,glass blur,9,,,,,,pick up the salad dressing and place it in the basket,pick up the salad dressing and place it in the basket view 0 0 100 0 0 initstate 0 noise 49,pick_up_the_salad_dressing_and_place_it_in_the_basket_view_0_0_100_0_0_initstate_0_noise_49
1523,Sensor Noise,4,1,pick_up_the_salad_dressing_and_place_it_in_the_basket,0,0,100,0,0,0,glass blur,10,,,,,,pick up the salad dressing and place it in the basket,pick up the salad dressing and place it in the basket view 0 0 100 0 0 initstate 0 noise 50,pick_up_the_salad_dressing_and_place_it_in_the_basket_view_0_0_100_0_0_initstate_0_noise_50
1524,Sensor Noise,1,4,pick_up_the_bbq_sauce_and_place_it_in_the_basket,0,0,100,0,0,0,motion blur,2,,,,,,pick up the bbq sauce and place it in the basket,pick up the bbq sauce and place it in the basket view 0 0 100 0 0 initstate 0 noise 2,pick_up_the_bbq_sauce_and_place_it_in_the_basket_view_0_0_100_0_0_initstate_0_noise_2
1525,Sensor Noise,2,3,pick_up_the_bbq_sauce_and_place_it_in_the_basket,0,0,100,0,0,0,motion blur,3,,,,,,pick up the bbq sauce and place it in the basket,pick up the bbq sauce and place it in the basket view 0 0 100 0 0 initstate 0 noise 3,pick_up_the_bbq_sauce_and_place_it_in_the_basket_view_0_0_100_0_0_initstate_0_noise_3
1526,Sensor Noise,2,3,pick_up_the_bbq_sauce_and_place_it_in_the_basket,0,0,100,0,0,0,motion blur,4,,,,,,pick up the bbq sauce and place it in the basket,pick up the bbq sauce and place it in the basket view 0 0 100 0 0 initstate 0 noise 4,pick_up_the_bbq_sauce_and_place_it_in_the_basket_view_0_0_100_0_0_initstate_0_noise_4
1527,Sensor Noise,2,3,pick_up_the_bbq_sauce_and_place_it_in_the_basket,0,0,100,0,0,0,motion blur,5,,,,,,pick up the bbq sauce and place it in the basket,pick up the bbq sauce and place it in the basket view 0 0 100 0 0 initstate 0 noise 5,pick_up_the_bbq_sauce_and_place_it_in_the_basket_view_0_0_100_0_0_initstate_0_noise_5
1528,Sensor Noise,2,3,pick_up_the_bbq_sauce_and_place_it_in_the_basket,0,0,100,0,0,0,motion blur,6,,,,,,pick up the bbq sauce and place it in the basket,pick up the bbq sauce and place it in the basket view 0 0 100 0 0 initstate 0 noise 6,pick_up_the_bbq_sauce_and_place_it_in_the_basket_view_0_0_100_0_0_initstate_0_noise_6
1529,Sensor Noise,2,3,pick_up_the_bbq_sauce_and_place_it_in_the_basket,0,0,100,0,0,0,motion blur,7,,,,,,pick up the bbq sauce and place it in the basket,pick up the bbq sauce and place it in the basket view 0 0 100 0 0 initstate 0 noise 7,pick_up_the_bbq_sauce_and_place_it_in_the_basket_view_0_0_100_0_0_initstate_0_noise_7
1530,Sensor Noise,4,1,pick_up_the_bbq_sauce_and_place_it_in_the_basket,0,0,100,0,0,0,motion blur,8,,,,,,pick up the bbq sauce and place it in the basket,pick up the bbq sauce and place it in the basket view 0 0 100 0 0 initstate 0 noise 8,pick_up_the_bbq_sauce_and_place_it_in_the_basket_view_0_0_100_0_0_initstate_0_noise_8
1531,Sensor Noise,4,1,pick_up_the_bbq_sauce_and_place_it_in_the_basket,0,0,100,0,0,0,motion blur,10,,,,,,pick up the bbq sauce and place it in the basket,pick up the bbq sauce and place it in the basket view 0 0 100 0 0 initstate 0 noise 10,pick_up_the_bbq_sauce_and_place_it_in_the_basket_view_0_0_100_0_0_initstate_0_noise_10
1532,Sensor Noise,2,3,pick_up_the_bbq_sauce_and_place_it_in_the_basket,0,0,100,0,0,0,gaussian blur,2,,,,,,pick up the bbq sauce and place it in the basket,pick up the bbq sauce and place it in the basket view 0 0 100 0 0 initstate 0 noise 12,pick_up_the_bbq_sauce_and_place_it_in_the_basket_view_0_0_100_0_0_initstate_0_noise_12
1533,Sensor Noise,2,3,pick_up_the_bbq_sauce_and_place_it_in_the_basket,0,0,100,0,0,0,gaussian blur,3,,,,,,pick up the bbq sauce and place it in the basket,pick up the bbq sauce and place it in the basket view 0 0 100 0 0 initstate 0 noise 13,pick_up_the_bbq_sauce_and_place_it_in_the_basket_view_0_0_100_0_0_initstate_0_noise_13
1534,Sensor Noise,2,3,pick_up_the_bbq_sauce_and_place_it_in_the_basket,0,0,100,0,0,0,gaussian blur,4,,,,,,pick up the bbq sauce and place it in the basket,pick up the bbq sauce and place it in the basket view 0 0 100 0 0 initstate 0 noise 14,pick_up_the_bbq_sauce_and_place_it_in_the_basket_view_0_0_100_0_0_initstate_0_noise_14
1535,Sensor Noise,2,3,pick_up_the_bbq_sauce_and_place_it_in_the_basket,0,0,100,0,0,0,gaussian blur,5,,,,,,pick up the bbq sauce and place it in the basket,pick up the bbq sauce and place it in the basket view 0 0 100 0 0 initstate 0 noise 15,pick_up_the_bbq_sauce_and_place_it_in_the_basket_view_0_0_100_0_0_initstate_0_noise_15
1536,Sensor Noise,3,2,pick_up_the_bbq_sauce_and_place_it_in_the_basket,0,0,100,0,0,0,gaussian blur,6,,,,,,pick up the bbq sauce and place it in the basket,pick up the bbq sauce and place it in the basket view 0 0 100 0 0 initstate 0 noise 16,pick_up_the_bbq_sauce_and_place_it_in_the_basket_view_0_0_100_0_0_initstate_0_noise_16
1537,Sensor Noise,4,1,pick_up_the_bbq_sauce_and_place_it_in_the_basket,0,0,100,0,0,0,gaussian blur,7,,,,,,pick up the bbq sauce and place it in the basket,pick up the bbq sauce and place it in the basket view 0 0 100 0 0 initstate 0 noise 17,pick_up_the_bbq_sauce_and_place_it_in_the_basket_view_0_0_100_0_0_initstate_0_noise_17
1538,Sensor Noise,5,0,pick_up_the_bbq_sauce_and_place_it_in_the_basket,0,0,100,0,0,0,gaussian blur,8,,,,,,pick up the bbq sauce and place it in the basket,pick up the bbq sauce and place it in the basket view 0 0 100 0 0 initstate 0 noise 18,pick_up_the_bbq_sauce_and_place_it_in_the_basket_view_0_0_100_0_0_initstate_0_noise_18
1539,Sensor Noise,4,1,pick_up_the_bbq_sauce_and_place_it_in_the_basket,0,0,100,0,0,0,gaussian blur,9,,,,,,pick up the bbq sauce and place it in the basket,pick up the bbq sauce and place it in the basket view 0 0 100 0 0 initstate 0 noise 19,pick_up_the_bbq_sauce_and_place_it_in_the_basket_view_0_0_100_0_0_initstate_0_noise_19
1540,Sensor Noise,5,0,pick_up_the_bbq_sauce_and_place_it_in_the_basket,0,0,100,0,0,0,gaussian blur,10,,,,,,pick up the bbq sauce and place it in the basket,pick up the bbq sauce and place it in the basket view 0 0 100 0 0 initstate 0 noise 20,pick_up_the_bbq_sauce_and_place_it_in_the_basket_view_0_0_100_0_0_initstate_0_noise_20
1541,Sensor Noise,1,4,pick_up_the_bbq_sauce_and_place_it_in_the_basket,0,0,100,0,0,0,zoom blur,4,,,,,,pick up the bbq sauce and place it in the basket,pick up the bbq sauce and place it in the basket view 0 0 100 0 0 initstate 0 noise 24,pick_up_the_bbq_sauce_and_place_it_in_the_basket_view_0_0_100_0_0_initstate_0_noise_24
1542,Sensor Noise,2,3,pick_up_the_bbq_sauce_and_place_it_in_the_basket,0,0,100,0,0,0,zoom blur,5,,,,,,pick up the bbq sauce and place it in the basket,pick up the bbq sauce and place it in the basket view 0 0 100 0 0 initstate 0 noise 25,pick_up_the_bbq_sauce_and_place_it_in_the_basket_view_0_0_100_0_0_initstate_0_noise_25
1543,Sensor Noise,2,3,pick_up_the_bbq_sauce_and_place_it_in_the_basket,0,0,100,0,0,0,zoom blur,6,,,,,,pick up the bbq sauce and place it in the basket,pick up the bbq sauce and place it in the basket view 0 0 100 0 0 initstate 0 noise 26,pick_up_the_bbq_sauce_and_place_it_in_the_basket_view_0_0_100_0_0_initstate_0_noise_26
1544,Sensor Noise,2,3,pick_up_the_bbq_sauce_and_place_it_in_the_basket,0,0,100,0,0,0,zoom blur,7,,,,,,pick up the bbq sauce and place it in the basket,pick up the bbq sauce and place it in the basket view 0 0 100 0 0 initstate 0 noise 27,pick_up_the_bbq_sauce_and_place_it_in_the_basket_view_0_0_100_0_0_initstate_0_noise_27
1545,Sensor Noise,4,1,pick_up_the_bbq_sauce_and_place_it_in_the_basket,0,0,100,0,0,0,zoom blur,8,,,,,,pick up the bbq sauce and place it in the basket,pick up the bbq sauce and place it in the basket view 0 0 100 0 0 initstate 0 noise 28,pick_up_the_bbq_sauce_and_place_it_in_the_basket_view_0_0_100_0_0_initstate_0_noise_28
1546,Sensor Noise,3,2,pick_up_the_bbq_sauce_and_place_it_in_the_basket,0,0,100,0,0,0,zoom blur,9,,,,,,pick up the bbq sauce and place it in the basket,pick up the bbq sauce and place it in the basket view 0 0 100 0 0 initstate 0 noise 29,pick_up_the_bbq_sauce_and_place_it_in_the_basket_view_0_0_100_0_0_initstate_0_noise_29
1547,Sensor Noise,4,1,pick_up_the_bbq_sauce_and_place_it_in_the_basket,0,0,100,0,0,0,zoom blur,10,,,,,,pick up the bbq sauce and place it in the basket,pick up the bbq sauce and place it in the basket view 0 0 100 0 0 initstate 0 noise 30,pick_up_the_bbq_sauce_and_place_it_in_the_basket_view_0_0_100_0_0_initstate_0_noise_30
1548,Sensor Noise,1,4,pick_up_the_bbq_sauce_and_place_it_in_the_basket,0,0,100,0,0,0,fog,4,,,,,,pick up the bbq sauce and place it in the basket,pick up the bbq sauce and place it in the basket view 0 0 100 0 0 initstate 0 noise 34,pick_up_the_bbq_sauce_and_place_it_in_the_basket_view_0_0_100_0_0_initstate_0_noise_34
1549,Sensor Noise,1,4,pick_up_the_bbq_sauce_and_place_it_in_the_basket,0,0,100,0,0,0,fog,5,,,,,,pick up the bbq sauce and place it in the basket,pick up the bbq sauce and place it in the basket view 0 0 100 0 0 initstate 0 noise 35,pick_up_the_bbq_sauce_and_place_it_in_the_basket_view_0_0_100_0_0_initstate_0_noise_35
1550,Sensor Noise,2,3,pick_up_the_bbq_sauce_and_place_it_in_the_basket,0,0,100,0,0,0,fog,6,,,,,,pick up the bbq sauce and place it in the basket,pick up the bbq sauce and place it in the basket view 0 0 100 0 0 initstate 0 noise 36,pick_up_the_bbq_sauce_and_place_it_in_the_basket_view_0_0_100_0_0_initstate_0_noise_36
1551,Sensor Noise,2,3,pick_up_the_bbq_sauce_and_place_it_in_the_basket,0,0,100,0,0,0,fog,7,,,,,,pick up the bbq sauce and place it in the basket,pick up the bbq sauce and place it in the basket view 0 0 100 0 0 initstate 0 noise 37,pick_up_the_bbq_sauce_and_place_it_in_the_basket_view_0_0_100_0_0_initstate_0_noise_37
1552,Sensor Noise,3,2,pick_up_the_bbq_sauce_and_place_it_in_the_basket,0,0,100,0,0,0,fog,8,,,,,,pick up the bbq sauce and place it in the basket,pick up the bbq sauce and place it in the basket view 0 0 100 0 0 initstate 0 noise 38,pick_up_the_bbq_sauce_and_place_it_in_the_basket_view_0_0_100_0_0_initstate_0_noise_38
1553,Sensor Noise,3,2,pick_up_the_bbq_sauce_and_place_it_in_the_basket,0,0,100,0,0,0,fog,9,,,,,,pick up the bbq sauce and place it in the basket,pick up the bbq sauce and place it in the basket view 0 0 100 0 0 initstate 0 noise 39,pick_up_the_bbq_sauce_and_place_it_in_the_basket_view_0_0_100_0_0_initstate_0_noise_39
1554,Sensor Noise,5,0,pick_up_the_bbq_sauce_and_place_it_in_the_basket,0,0,100,0,0,0,fog,10,,,,,,pick up the bbq sauce and place it in the basket,pick up the bbq sauce and place it in the basket view 0 0 100 0 0 initstate 0 noise 40,pick_up_the_bbq_sauce_and_place_it_in_the_basket_view_0_0_100_0_0_initstate_0_noise_40
1555,Sensor Noise,1,4,pick_up_the_bbq_sauce_and_place_it_in_the_basket,0,0,100,0,0,0,glass blur,1,,,,,,pick up the bbq sauce and place it in the basket,pick up the bbq sauce and place it in the basket view 0 0 100 0 0 initstate 0 noise 41,pick_up_the_bbq_sauce_and_place_it_in_the_basket_view_0_0_100_0_0_initstate_0_noise_41
1556,Sensor Noise,2,3,pick_up_the_bbq_sauce_and_place_it_in_the_basket,0,0,100,0,0,0,glass blur,2,,,,,,pick up the bbq sauce and place it in the basket,pick up the bbq sauce and place it in the basket view 0 0 100 0 0 initstate 0 noise 42,pick_up_the_bbq_sauce_and_place_it_in_the_basket_view_0_0_100_0_0_initstate_0_noise_42
1557,Sensor Noise,2,3,pick_up_the_bbq_sauce_and_place_it_in_the_basket,0,0,100,0,0,0,glass blur,3,,,,,,pick up the bbq sauce and place it in the basket,pick up the bbq sauce and place it in the basket view 0 0 100 0 0 initstate 0 noise 43,pick_up_the_bbq_sauce_and_place_it_in_the_basket_view_0_0_100_0_0_initstate_0_noise_43
1558,Sensor Noise,2,3,pick_up_the_bbq_sauce_and_place_it_in_the_basket,0,0,100,0,0,0,glass blur,4,,,,,,pick up the bbq sauce and place it in the basket,pick up the bbq sauce and place it in the basket view 0 0 100 0 0 initstate 0 noise 44,pick_up_the_bbq_sauce_and_place_it_in_the_basket_view_0_0_100_0_0_initstate_0_noise_44
1559,Sensor Noise,4,1,pick_up_the_bbq_sauce_and_place_it_in_the_basket,0,0,100,0,0,0,glass blur,5,,,,,,pick up the bbq sauce and place it in the basket,pick up the bbq sauce and place it in the basket view 0 0 100 0 0 initstate 0 noise 45,pick_up_the_bbq_sauce_and_place_it_in_the_basket_view_0_0_100_0_0_initstate_0_noise_45
1560,Sensor Noise,2,3,pick_up_the_bbq_sauce_and_place_it_in_the_basket,0,0,100,0,0,0,glass blur,6,,,,,,pick up the bbq sauce and place it in the basket,pick up the bbq sauce and place it in the basket view 0 0 100 0 0 initstate 0 noise 46,pick_up_the_bbq_sauce_and_place_it_in_the_basket_view_0_0_100_0_0_initstate_0_noise_46
1561,Sensor Noise,3,2,pick_up_the_bbq_sauce_and_place_it_in_the_basket,0,0,100,0,0,0,glass blur,7,,,,,,pick up the bbq sauce and place it in the basket,pick up the bbq sauce and place it in the basket view 0 0 100 0 0 initstate 0 noise 47,pick_up_the_bbq_sauce_and_place_it_in_the_basket_view_0_0_100_0_0_initstate_0_noise_47
1562,Sensor Noise,4,1,pick_up_the_bbq_sauce_and_place_it_in_the_basket,0,0,100,0,0,0,glass blur,8,,,,,,pick up the bbq sauce and place it in the basket,pick up the bbq sauce and place it in the basket view 0 0 100 0 0 initstate 0 noise 48,pick_up_the_bbq_sauce_and_place_it_in_the_basket_view_0_0_100_0_0_initstate_0_noise_48
1563,Sensor Noise,3,2,pick_up_the_bbq_sauce_and_place_it_in_the_basket,0,0,100,0,0,0,glass blur,9,,,,,,pick up the bbq sauce and place it in the basket,pick up the bbq sauce and place it in the basket view 0 0 100 0 0 initstate 0 noise 49,pick_up_the_bbq_sauce_and_place_it_in_the_basket_view_0_0_100_0_0_initstate_0_noise_49
1564,Sensor Noise,2,3,pick_up_the_bbq_sauce_and_place_it_in_the_basket,0,0,100,0,0,0,glass blur,10,,,,,,pick up the bbq sauce and place it in the basket,pick up the bbq sauce and place it in the basket view 0 0 100 0 0 initstate 0 noise 50,pick_up_the_bbq_sauce_and_place_it_in_the_basket_view_0_0_100_0_0_initstate_0_noise_50
1565,Sensor Noise,1,4,pick_up_the_ketchup_and_place_it_in_the_basket,0,0,100,0,0,0,motion blur,1,,,,,,pick up the ketchup and place it in the basket,pick up the ketchup and place it in the basket view 0 0 100 0 0 initstate 0 noise 1,pick_up_the_ketchup_and_place_it_in_the_basket_view_0_0_100_0_0_initstate_0_noise_1
1566,Sensor Noise,2,3,pick_up_the_ketchup_and_place_it_in_the_basket,0,0,100,0,0,0,motion blur,2,,,,,,pick up the ketchup and place it in the basket,pick up the ketchup and place it in the basket view 0 0 100 0 0 initstate 0 noise 2,pick_up_the_ketchup_and_place_it_in_the_basket_view_0_0_100_0_0_initstate_0_noise_2
1567,Sensor Noise,2,3,pick_up_the_ketchup_and_place_it_in_the_basket,0,0,100,0,0,0,motion blur,3,,,,,,pick up the ketchup and place it in the basket,pick up the ketchup and place it in the basket view 0 0 100 0 0 initstate 0 noise 3,pick_up_the_ketchup_and_place_it_in_the_basket_view_0_0_100_0_0_initstate_0_noise_3
1568,Sensor Noise,2,3,pick_up_the_ketchup_and_place_it_in_the_basket,0,0,100,0,0,0,motion blur,4,,,,,,pick up the ketchup and place it in the basket,pick up the ketchup and place it in the basket view 0 0 100 0 0 initstate 0 noise 4,pick_up_the_ketchup_and_place_it_in_the_basket_view_0_0_100_0_0_initstate_0_noise_4
1569,Sensor Noise,3,2,pick_up_the_ketchup_and_place_it_in_the_basket,0,0,100,0,0,0,motion blur,5,,,,,,pick up the ketchup and place it in the basket,pick up the ketchup and place it in the basket view 0 0 100 0 0 initstate 0 noise 5,pick_up_the_ketchup_and_place_it_in_the_basket_view_0_0_100_0_0_initstate_0_noise_5
1570,Sensor Noise,3,2,pick_up_the_ketchup_and_place_it_in_the_basket,0,0,100,0,0,0,motion blur,6,,,,,,pick up the ketchup and place it in the basket,pick up the ketchup and place it in the basket view 0 0 100 0 0 initstate 0 noise 6,pick_up_the_ketchup_and_place_it_in_the_basket_view_0_0_100_0_0_initstate_0_noise_6
1571,Sensor Noise,4,1,pick_up_the_ketchup_and_place_it_in_the_basket,0,0,100,0,0,0,motion blur,7,,,,,,pick up the ketchup and place it in the basket,pick up the ketchup and place it in the basket view 0 0 100 0 0 initstate 0 noise 7,pick_up_the_ketchup_and_place_it_in_the_basket_view_0_0_100_0_0_initstate_0_noise_7
1572,Sensor Noise,4,1,pick_up_the_ketchup_and_place_it_in_the_basket,0,0,100,0,0,0,motion blur,8,,,,,,pick up the ketchup and place it in the basket,pick up the ketchup and place it in the basket view 0 0 100 0 0 initstate 0 noise 8,pick_up_the_ketchup_and_place_it_in_the_basket_view_0_0_100_0_0_initstate_0_noise_8
1573,Sensor Noise,4,1,pick_up_the_ketchup_and_place_it_in_the_basket,0,0,100,0,0,0,motion blur,9,,,,,,pick up the ketchup and place it in the basket,pick up the ketchup and place it in the basket view 0 0 100 0 0 initstate 0 noise 9,pick_up_the_ketchup_and_place_it_in_the_basket_view_0_0_100_0_0_initstate_0_noise_9
1574,Sensor Noise,4,1,pick_up_the_ketchup_and_place_it_in_the_basket,0,0,100,0,0,0,motion blur,10,,,,,,pick up the ketchup and place it in the basket,pick up the ketchup and place it in the basket view 0 0 100 0 0 initstate 0 noise 10,pick_up_the_ketchup_and_place_it_in_the_basket_view_0_0_100_0_0_initstate_0_noise_10
1575,Sensor Noise,1,4,pick_up_the_ketchup_and_place_it_in_the_basket,0,0,100,0,0,0,gaussian blur,2,,,,,,pick up the ketchup and place it in the basket,pick up the ketchup and place it in the basket view 0 0 100 0 0 initstate 0 noise 12,pick_up_the_ketchup_and_place_it_in_the_basket_view_0_0_100_0_0_initstate_0_noise_12
1576,Sensor Noise,2,3,pick_up_the_ketchup_and_place_it_in_the_basket,0,0,100,0,0,0,gaussian blur,3,,,,,,pick up the ketchup and place it in the basket,pick up the ketchup and place it in the basket view 0 0 100 0 0 initstate 0 noise 13,pick_up_the_ketchup_and_place_it_in_the_basket_view_0_0_100_0_0_initstate_0_noise_13
1577,Sensor Noise,4,1,pick_up_the_ketchup_and_place_it_in_the_basket,0,0,100,0,0,0,gaussian blur,4,,,,,,pick up the ketchup and place it in the basket,pick up the ketchup and place it in the basket view 0 0 100 0 0 initstate 0 noise 14,pick_up_the_ketchup_and_place_it_in_the_basket_view_0_0_100_0_0_initstate_0_noise_14
1578,Sensor Noise,5,0,pick_up_the_ketchup_and_place_it_in_the_basket,0,0,100,0,0,0,gaussian blur,5,,,,,,pick up the ketchup and place it in the basket,pick up the ketchup and place it in the basket view 0 0 100 0 0 initstate 0 noise 15,pick_up_the_ketchup_and_place_it_in_the_basket_view_0_0_100_0_0_initstate_0_noise_15
1579,Sensor Noise,5,0,pick_up_the_ketchup_and_place_it_in_the_basket,0,0,100,0,0,0,gaussian blur,6,,,,,,pick up the ketchup and place it in the basket,pick up the ketchup and place it in the basket view 0 0 100 0 0 initstate 0 noise 16,pick_up_the_ketchup_and_place_it_in_the_basket_view_0_0_100_0_0_initstate_0_noise_16
1580,Sensor Noise,5,0,pick_up_the_ketchup_and_place_it_in_the_basket,0,0,100,0,0,0,gaussian blur,7,,,,,,pick up the ketchup and place it in the basket,pick up the ketchup and place it in the basket view 0 0 100 0 0 initstate 0 noise 17,pick_up_the_ketchup_and_place_it_in_the_basket_view_0_0_100_0_0_initstate_0_noise_17
1581,Sensor Noise,4,1,pick_up_the_ketchup_and_place_it_in_the_basket,0,0,100,0,0,0,gaussian blur,8,,,,,,pick up the ketchup and place it in the basket,pick up the ketchup and place it in the basket view 0 0 100 0 0 initstate 0 noise 18,pick_up_the_ketchup_and_place_it_in_the_basket_view_0_0_100_0_0_initstate_0_noise_18
1582,Sensor Noise,5,0,pick_up_the_ketchup_and_place_it_in_the_basket,0,0,100,0,0,0,gaussian blur,9,,,,,,pick up the ketchup and place it in the basket,pick up the ketchup and place it in the basket view 0 0 100 0 0 initstate 0 noise 19,pick_up_the_ketchup_and_place_it_in_the_basket_view_0_0_100_0_0_initstate_0_noise_19
1583,Sensor Noise,4,1,pick_up_the_ketchup_and_place_it_in_the_basket,0,0,100,0,0,0,gaussian blur,10,,,,,,pick up the ketchup and place it in the basket,pick up the ketchup and place it in the basket view 0 0 100 0 0 initstate 0 noise 20,pick_up_the_ketchup_and_place_it_in_the_basket_view_0_0_100_0_0_initstate_0_noise_20
1584,Sensor Noise,1,4,pick_up_the_ketchup_and_place_it_in_the_basket,0,0,100,0,0,0,zoom blur,3,,,,,,pick up the ketchup and place it in the basket,pick up the ketchup and place it in the basket view 0 0 100 0 0 initstate 0 noise 23,pick_up_the_ketchup_and_place_it_in_the_basket_view_0_0_100_0_0_initstate_0_noise_23
1585,Sensor Noise,2,3,pick_up_the_ketchup_and_place_it_in_the_basket,0,0,100,0,0,0,zoom blur,4,,,,,,pick up the ketchup and place it in the basket,pick up the ketchup and place it in the basket view 0 0 100 0 0 initstate 0 noise 24,pick_up_the_ketchup_and_place_it_in_the_basket_view_0_0_100_0_0_initstate_0_noise_24
1586,Sensor Noise,2,3,pick_up_the_ketchup_and_place_it_in_the_basket,0,0,100,0,0,0,zoom blur,5,,,,,,pick up the ketchup and place it in the basket,pick up the ketchup and place it in the basket view 0 0 100 0 0 initstate 0 noise 25,pick_up_the_ketchup_and_place_it_in_the_basket_view_0_0_100_0_0_initstate_0_noise_25
1587,Sensor Noise,2,3,pick_up_the_ketchup_and_place_it_in_the_basket,0,0,100,0,0,0,zoom blur,6,,,,,,pick up the ketchup and place it in the basket,pick up the ketchup and place it in the basket view 0 0 100 0 0 initstate 0 noise 26,pick_up_the_ketchup_and_place_it_in_the_basket_view_0_0_100_0_0_initstate_0_noise_26
1588,Sensor Noise,3,2,pick_up_the_ketchup_and_place_it_in_the_basket,0,0,100,0,0,0,zoom blur,7,,,,,,pick up the ketchup and place it in the basket,pick up the ketchup and place it in the basket view 0 0 100 0 0 initstate 0 noise 27,pick_up_the_ketchup_and_place_it_in_the_basket_view_0_0_100_0_0_initstate_0_noise_27
1589,Sensor Noise,3,2,pick_up_the_ketchup_and_place_it_in_the_basket,0,0,100,0,0,0,zoom blur,8,,,,,,pick up the ketchup and place it in the basket,pick up the ketchup and place it in the basket view 0 0 100 0 0 initstate 0 noise 28,pick_up_the_ketchup_and_place_it_in_the_basket_view_0_0_100_0_0_initstate_0_noise_28
1590,Sensor Noise,4,1,pick_up_the_ketchup_and_place_it_in_the_basket,0,0,100,0,0,0,zoom blur,9,,,,,,pick up the ketchup and place it in the basket,pick up the ketchup and place it in the basket view 0 0 100 0 0 initstate 0 noise 29,pick_up_the_ketchup_and_place_it_in_the_basket_view_0_0_100_0_0_initstate_0_noise_29
1591,Sensor Noise,5,0,pick_up_the_ketchup_and_place_it_in_the_basket,0,0,100,0,0,0,zoom blur,10,,,,,,pick up the ketchup and place it in the basket,pick up the ketchup and place it in the basket view 0 0 100 0 0 initstate 0 noise 30,pick_up_the_ketchup_and_place_it_in_the_basket_view_0_0_100_0_0_initstate_0_noise_30
1592,Sensor Noise,1,4,pick_up_the_ketchup_and_place_it_in_the_basket,0,0,100,0,0,0,fog,4,,,,,,pick up the ketchup and place it in the basket,pick up the ketchup and place it in the basket view 0 0 100 0 0 initstate 0 noise 34,pick_up_the_ketchup_and_place_it_in_the_basket_view_0_0_100_0_0_initstate_0_noise_34
1593,Sensor Noise,2,3,pick_up_the_ketchup_and_place_it_in_the_basket,0,0,100,0,0,0,fog,5,,,,,,pick up the ketchup and place it in the basket,pick up the ketchup and place it in the basket view 0 0 100 0 0 initstate 0 noise 35,pick_up_the_ketchup_and_place_it_in_the_basket_view_0_0_100_0_0_initstate_0_noise_35
1594,Sensor Noise,2,3,pick_up_the_ketchup_and_place_it_in_the_basket,0,0,100,0,0,0,fog,6,,,,,,pick up the ketchup and place it in the basket,pick up the ketchup and place it in the basket view 0 0 100 0 0 initstate 0 noise 36,pick_up_the_ketchup_and_place_it_in_the_basket_view_0_0_100_0_0_initstate_0_noise_36
1595,Sensor Noise,3,2,pick_up_the_ketchup_and_place_it_in_the_basket,0,0,100,0,0,0,fog,7,,,,,,pick up the ketchup and place it in the basket,pick up the ketchup and place it in the basket view 0 0 100 0 0 initstate 0 noise 37,pick_up_the_ketchup_and_place_it_in_the_basket_view_0_0_100_0_0_initstate_0_noise_37
1596,Sensor Noise,3,2,pick_up_the_ketchup_and_place_it_in_the_basket,0,0,100,0,0,0,fog,8,,,,,,pick up the ketchup and place it in the basket,pick up the ketchup and place it in the basket view 0 0 100 0 0 initstate 0 noise 38,pick_up_the_ketchup_and_place_it_in_the_basket_view_0_0_100_0_0_initstate_0_noise_38
1597,Sensor Noise,4,1,pick_up_the_ketchup_and_place_it_in_the_basket,0,0,100,0,0,0,fog,9,,,,,,pick up the ketchup and place it in the basket,pick up the ketchup and place it in the basket view 0 0 100 0 0 initstate 0 noise 39,pick_up_the_ketchup_and_place_it_in_the_basket_view_0_0_100_0_0_initstate_0_noise_39
1598,Sensor Noise,4,1,pick_up_the_ketchup_and_place_it_in_the_basket,0,0,100,0,0,0,fog,10,,,,,,pick up the ketchup and place it in the basket,pick up the ketchup and place it in the basket view 0 0 100 0 0 initstate 0 noise 40,pick_up_the_ketchup_and_place_it_in_the_basket_view_0_0_100_0_0_initstate_0_noise_40
1599,Sensor Noise,2,3,pick_up_the_ketchup_and_place_it_in_the_basket,0,0,100,0,0,0,glass blur,1,,,,,,pick up the ketchup and place it in the basket,pick up the ketchup and place it in the basket view 0 0 100 0 0 initstate 0 noise 41,pick_up_the_ketchup_and_place_it_in_the_basket_view_0_0_100_0_0_initstate_0_noise_41
1600,Sensor Noise,2,3,pick_up_the_ketchup_and_place_it_in_the_basket,0,0,100,0,0,0,glass blur,3,,,,,,pick up the ketchup and place it in the basket,pick up the ketchup and place it in the basket view 0 0 100 0 0 initstate 0 noise 43,pick_up_the_ketchup_and_place_it_in_the_basket_view_0_0_100_0_0_initstate_0_noise_43
1601,Sensor Noise,2,3,pick_up_the_ketchup_and_place_it_in_the_basket,0,0,100,0,0,0,glass blur,4,,,,,,pick up the ketchup and place it in the basket,pick up the ketchup and place it in the basket view 0 0 100 0 0 initstate 0 noise 44,pick_up_the_ketchup_and_place_it_in_the_basket_view_0_0_100_0_0_initstate_0_noise_44
1602,Sensor Noise,3,2,pick_up_the_ketchup_and_place_it_in_the_basket,0,0,100,0,0,0,glass blur,5,,,,,,pick up the ketchup and place it in the basket,pick up the ketchup and place it in the basket view 0 0 100 0 0 initstate 0 noise 45,pick_up_the_ketchup_and_place_it_in_the_basket_view_0_0_100_0_0_initstate_0_noise_45
1603,Sensor Noise,3,2,pick_up_the_ketchup_and_place_it_in_the_basket,0,0,100,0,0,0,glass blur,6,,,,,,pick up the ketchup and place it in the basket,pick up the ketchup and place it in the basket view 0 0 100 0 0 initstate 0 noise 46,pick_up_the_ketchup_and_place_it_in_the_basket_view_0_0_100_0_0_initstate_0_noise_46
1604,Sensor Noise,5,0,pick_up_the_ketchup_and_place_it_in_the_basket,0,0,100,0,0,0,glass blur,7,,,,,,pick up the ketchup and place it in the basket,pick up the ketchup and place it in the basket view 0 0 100 0 0 initstate 0 noise 47,pick_up_the_ketchup_and_place_it_in_the_basket_view_0_0_100_0_0_initstate_0_noise_47
1605,Sensor Noise,5,0,pick_up_the_ketchup_and_place_it_in_the_basket,0,0,100,0,0,0,glass blur,8,,,,,,pick up the ketchup and place it in the basket,pick up the ketchup and place it in the basket view 0 0 100 0 0 initstate 0 noise 48,pick_up_the_ketchup_and_place_it_in_the_basket_view_0_0_100_0_0_initstate_0_noise_48
1606,Sensor Noise,3,2,pick_up_the_ketchup_and_place_it_in_the_basket,0,0,100,0,0,0,glass blur,9,,,,,,pick up the ketchup and place it in the basket,pick up the ketchup and place it in the basket view 0 0 100 0 0 initstate 0 noise 49,pick_up_the_ketchup_and_place_it_in_the_basket_view_0_0_100_0_0_initstate_0_noise_49
1607,Sensor Noise,4,1,pick_up_the_ketchup_and_place_it_in_the_basket,0,0,100,0,0,0,glass blur,10,,,,,,pick up the ketchup and place it in the basket,pick up the ketchup and place it in the basket view 0 0 100 0 0 initstate 0 noise 50,pick_up_the_ketchup_and_place_it_in_the_basket_view_0_0_100_0_0_initstate_0_noise_50
1608,Sensor Noise,2,3,pick_up_the_tomato_sauce_and_place_it_in_the_basket,0,0,100,0,0,0,motion blur,1,,,,,,pick up the tomato sauce and place it in the basket,pick up the tomato sauce and place it in the basket view 0 0 100 0 0 initstate 0 noise 1,pick_up_the_tomato_sauce_and_place_it_in_the_basket_view_0_0_100_0_0_initstate_0_noise_1
1609,Sensor Noise,2,3,pick_up_the_tomato_sauce_and_place_it_in_the_basket,0,0,100,0,0,0,motion blur,2,,,,,,pick up the tomato sauce and place it in the basket,pick up the tomato sauce and place it in the basket view 0 0 100 0 0 initstate 0 noise 2,pick_up_the_tomato_sauce_and_place_it_in_the_basket_view_0_0_100_0_0_initstate_0_noise_2
1610,Sensor Noise,2,3,pick_up_the_tomato_sauce_and_place_it_in_the_basket,0,0,100,0,0,0,motion blur,3,,,,,,pick up the tomato sauce and place it in the basket,pick up the tomato sauce and place it in the basket view 0 0 100 0 0 initstate 0 noise 3,pick_up_the_tomato_sauce_and_place_it_in_the_basket_view_0_0_100_0_0_initstate_0_noise_3
1611,Sensor Noise,2,3,pick_up_the_tomato_sauce_and_place_it_in_the_basket,0,0,100,0,0,0,motion blur,4,,,,,,pick up the tomato sauce and place it in the basket,pick up the tomato sauce and place it in the basket view 0 0 100 0 0 initstate 0 noise 4,pick_up_the_tomato_sauce_and_place_it_in_the_basket_view_0_0_100_0_0_initstate_0_noise_4
1612,Sensor Noise,2,3,pick_up_the_tomato_sauce_and_place_it_in_the_basket,0,0,100,0,0,0,motion blur,5,,,,,,pick up the tomato sauce and place it in the basket,pick up the tomato sauce and place it in the basket view 0 0 100 0 0 initstate 0 noise 5,pick_up_the_tomato_sauce_and_place_it_in_the_basket_view_0_0_100_0_0_initstate_0_noise_5
1613,Sensor Noise,3,2,pick_up_the_tomato_sauce_and_place_it_in_the_basket,0,0,100,0,0,0,motion blur,6,,,,,,pick up the tomato sauce and place it in the basket,pick up the tomato sauce and place it in the basket view 0 0 100 0 0 initstate 0 noise 6,pick_up_the_tomato_sauce_and_place_it_in_the_basket_view_0_0_100_0_0_initstate_0_noise_6
1614,Sensor Noise,3,2,pick_up_the_tomato_sauce_and_place_it_in_the_basket,0,0,100,0,0,0,motion blur,7,,,,,,pick up the tomato sauce and place it in the basket,pick up the tomato sauce and place it in the basket view 0 0 100 0 0 initstate 0 noise 7,pick_up_the_tomato_sauce_and_place_it_in_the_basket_view_0_0_100_0_0_initstate_0_noise_7
1615,Sensor Noise,3,2,pick_up_the_tomato_sauce_and_place_it_in_the_basket,0,0,100,0,0,0,motion blur,8,,,,,,pick up the tomato sauce and place it in the basket,pick up the tomato sauce and place it in the basket view 0 0 100 0 0 initstate 0 noise 8,pick_up_the_tomato_sauce_and_place_it_in_the_basket_view_0_0_100_0_0_initstate_0_noise_8
1616,Sensor Noise,3,2,pick_up_the_tomato_sauce_and_place_it_in_the_basket,0,0,100,0,0,0,motion blur,9,,,,,,pick up the tomato sauce and place it in the basket,pick up the tomato sauce and place it in the basket view 0 0 100 0 0 initstate 0 noise 9,pick_up_the_tomato_sauce_and_place_it_in_the_basket_view_0_0_100_0_0_initstate_0_noise_9
1617,Sensor Noise,2,3,pick_up_the_tomato_sauce_and_place_it_in_the_basket,0,0,100,0,0,0,gaussian blur,2,,,,,,pick up the tomato sauce and place it in the basket,pick up the tomato sauce and place it in the basket view 0 0 100 0 0 initstate 0 noise 12,pick_up_the_tomato_sauce_and_place_it_in_the_basket_view_0_0_100_0_0_initstate_0_noise_12
1618,Sensor Noise,3,2,pick_up_the_tomato_sauce_and_place_it_in_the_basket,0,0,100,0,0,0,gaussian blur,3,,,,,,pick up the tomato sauce and place it in the basket,pick up the tomato sauce and place it in the basket view 0 0 100 0 0 initstate 0 noise 13,pick_up_the_tomato_sauce_and_place_it_in_the_basket_view_0_0_100_0_0_initstate_0_noise_13
1619,Sensor Noise,3,2,pick_up_the_tomato_sauce_and_place_it_in_the_basket,0,0,100,0,0,0,gaussian blur,4,,,,,,pick up the tomato sauce and place it in the basket,pick up the tomato sauce and place it in the basket view 0 0 100 0 0 initstate 0 noise 14,pick_up_the_tomato_sauce_and_place_it_in_the_basket_view_0_0_100_0_0_initstate_0_noise_14
1620,Sensor Noise,4,1,pick_up_the_tomato_sauce_and_place_it_in_the_basket,0,0,100,0,0,0,gaussian blur,5,,,,,,pick up the tomato sauce and place it in the basket,pick up the tomato sauce and place it in the basket view 0 0 100 0 0 initstate 0 noise 15,pick_up_the_tomato_sauce_and_place_it_in_the_basket_view_0_0_100_0_0_initstate_0_noise_15
1621,Sensor Noise,3,2,pick_up_the_tomato_sauce_and_place_it_in_the_basket,0,0,100,0,0,0,gaussian blur,6,,,,,,pick up the tomato sauce and place it in the basket,pick up the tomato sauce and place it in the basket view 0 0 100 0 0 initstate 0 noise 16,pick_up_the_tomato_sauce_and_place_it_in_the_basket_view_0_0_100_0_0_initstate_0_noise_16
1622,Sensor Noise,5,0,pick_up_the_tomato_sauce_and_place_it_in_the_basket,0,0,100,0,0,0,gaussian blur,7,,,,,,pick up the tomato sauce and place it in the basket,pick up the tomato sauce and place it in the basket view 0 0 100 0 0 initstate 0 noise 17,pick_up_the_tomato_sauce_and_place_it_in_the_basket_view_0_0_100_0_0_initstate_0_noise_17
1623,Sensor Noise,5,0,pick_up_the_tomato_sauce_and_place_it_in_the_basket,0,0,100,0,0,0,gaussian blur,8,,,,,,pick up the tomato sauce and place it in the basket,pick up the tomato sauce and place it in the basket view 0 0 100 0 0 initstate 0 noise 18,pick_up_the_tomato_sauce_and_place_it_in_the_basket_view_0_0_100_0_0_initstate_0_noise_18
1624,Sensor Noise,4,1,pick_up_the_tomato_sauce_and_place_it_in_the_basket,0,0,100,0,0,0,gaussian blur,9,,,,,,pick up the tomato sauce and place it in the basket,pick up the tomato sauce and place it in the basket view 0 0 100 0 0 initstate 0 noise 19,pick_up_the_tomato_sauce_and_place_it_in_the_basket_view_0_0_100_0_0_initstate_0_noise_19
1625,Sensor Noise,5,0,pick_up_the_tomato_sauce_and_place_it_in_the_basket,0,0,100,0,0,0,gaussian blur,10,,,,,,pick up the tomato sauce and place it in the basket,pick up the tomato sauce and place it in the basket view 0 0 100 0 0 initstate 0 noise 20,pick_up_the_tomato_sauce_and_place_it_in_the_basket_view_0_0_100_0_0_initstate_0_noise_20
1626,Sensor Noise,2,3,pick_up_the_tomato_sauce_and_place_it_in_the_basket,0,0,100,0,0,0,zoom blur,3,,,,,,pick up the tomato sauce and place it in the basket,pick up the tomato sauce and place it in the basket view 0 0 100 0 0 initstate 0 noise 23,pick_up_the_tomato_sauce_and_place_it_in_the_basket_view_0_0_100_0_0_initstate_0_noise_23
1627,Sensor Noise,1,4,pick_up_the_tomato_sauce_and_place_it_in_the_basket,0,0,100,0,0,0,zoom blur,4,,,,,,pick up the tomato sauce and place it in the basket,pick up the tomato sauce and place it in the basket view 0 0 100 0 0 initstate 0 noise 24,pick_up_the_tomato_sauce_and_place_it_in_the_basket_view_0_0_100_0_0_initstate_0_noise_24
1628,Sensor Noise,1,4,pick_up_the_tomato_sauce_and_place_it_in_the_basket,0,0,100,0,0,0,zoom blur,5,,,,,,pick up the tomato sauce and place it in the basket,pick up the tomato sauce and place it in the basket view 0 0 100 0 0 initstate 0 noise 25,pick_up_the_tomato_sauce_and_place_it_in_the_basket_view_0_0_100_0_0_initstate_0_noise_25
1629,Sensor Noise,2,3,pick_up_the_tomato_sauce_and_place_it_in_the_basket,0,0,100,0,0,0,zoom blur,6,,,,,,pick up the tomato sauce and place it in the basket,pick up the tomato sauce and place it in the basket view 0 0 100 0 0 initstate 0 noise 26,pick_up_the_tomato_sauce_and_place_it_in_the_basket_view_0_0_100_0_0_initstate_0_noise_26
1630,Sensor Noise,2,3,pick_up_the_tomato_sauce_and_place_it_in_the_basket,0,0,100,0,0,0,zoom blur,7,,,,,,pick up the tomato sauce and place it in the basket,pick up the tomato sauce and place it in the basket view 0 0 100 0 0 initstate 0 noise 27,pick_up_the_tomato_sauce_and_place_it_in_the_basket_view_0_0_100_0_0_initstate_0_noise_27
1631,Sensor Noise,3,2,pick_up_the_tomato_sauce_and_place_it_in_the_basket,0,0,100,0,0,0,zoom blur,8,,,,,,pick up the tomato sauce and place it in the basket,pick up the tomato sauce and place it in the basket view 0 0 100 0 0 initstate 0 noise 28,pick_up_the_tomato_sauce_and_place_it_in_the_basket_view_0_0_100_0_0_initstate_0_noise_28
1632,Sensor Noise,4,1,pick_up_the_tomato_sauce_and_place_it_in_the_basket,0,0,100,0,0,0,zoom blur,9,,,,,,pick up the tomato sauce and place it in the basket,pick up the tomato sauce and place it in the basket view 0 0 100 0 0 initstate 0 noise 29,pick_up_the_tomato_sauce_and_place_it_in_the_basket_view_0_0_100_0_0_initstate_0_noise_29
1633,Sensor Noise,5,0,pick_up_the_tomato_sauce_and_place_it_in_the_basket,0,0,100,0,0,0,zoom blur,10,,,,,,pick up the tomato sauce and place it in the basket,pick up the tomato sauce and place it in the basket view 0 0 100 0 0 initstate 0 noise 30,pick_up_the_tomato_sauce_and_place_it_in_the_basket_view_0_0_100_0_0_initstate_0_noise_30
1634,Sensor Noise,1,4,pick_up_the_tomato_sauce_and_place_it_in_the_basket,0,0,100,0,0,0,fog,3,,,,,,pick up the tomato sauce and place it in the basket,pick up the tomato sauce and place it in the basket view 0 0 100 0 0 initstate 0 noise 33,pick_up_the_tomato_sauce_and_place_it_in_the_basket_view_0_0_100_0_0_initstate_0_noise_33
1635,Sensor Noise,1,4,pick_up_the_tomato_sauce_and_place_it_in_the_basket,0,0,100,0,0,0,fog,4,,,,,,pick up the tomato sauce and place it in the basket,pick up the tomato sauce and place it in the basket view 0 0 100 0 0 initstate 0 noise 34,pick_up_the_tomato_sauce_and_place_it_in_the_basket_view_0_0_100_0_0_initstate_0_noise_34
1636,Sensor Noise,2,3,pick_up_the_tomato_sauce_and_place_it_in_the_basket,0,0,100,0,0,0,fog,5,,,,,,pick up the tomato sauce and place it in the basket,pick up the tomato sauce and place it in the basket view 0 0 100 0 0 initstate 0 noise 35,pick_up_the_tomato_sauce_and_place_it_in_the_basket_view_0_0_100_0_0_initstate_0_noise_35
1637,Sensor Noise,2,3,pick_up_the_tomato_sauce_and_place_it_in_the_basket,0,0,100,0,0,0,fog,6,,,,,,pick up the tomato sauce and place it in the basket,pick up the tomato sauce and place it in the basket view 0 0 100 0 0 initstate 0 noise 36,pick_up_the_tomato_sauce_and_place_it_in_the_basket_view_0_0_100_0_0_initstate_0_noise_36
1638,Sensor Noise,2,3,pick_up_the_tomato_sauce_and_place_it_in_the_basket,0,0,100,0,0,0,fog,7,,,,,,pick up the tomato sauce and place it in the basket,pick up the tomato sauce and place it in the basket view 0 0 100 0 0 initstate 0 noise 37,pick_up_the_tomato_sauce_and_place_it_in_the_basket_view_0_0_100_0_0_initstate_0_noise_37
1639,Sensor Noise,3,2,pick_up_the_tomato_sauce_and_place_it_in_the_basket,0,0,100,0,0,0,fog,8,,,,,,pick up the tomato sauce and place it in the basket,pick up the tomato sauce and place it in the basket view 0 0 100 0 0 initstate 0 noise 38,pick_up_the_tomato_sauce_and_place_it_in_the_basket_view_0_0_100_0_0_initstate_0_noise_38
1640,Sensor Noise,4,1,pick_up_the_tomato_sauce_and_place_it_in_the_basket,0,0,100,0,0,0,fog,9,,,,,,pick up the tomato sauce and place it in the basket,pick up the tomato sauce and place it in the basket view 0 0 100 0 0 initstate 0 noise 39,pick_up_the_tomato_sauce_and_place_it_in_the_basket_view_0_0_100_0_0_initstate_0_noise_39
1641,Sensor Noise,5,0,pick_up_the_tomato_sauce_and_place_it_in_the_basket,0,0,100,0,0,0,fog,10,,,,,,pick up the tomato sauce and place it in the basket,pick up the tomato sauce and place it in the basket view 0 0 100 0 0 initstate 0 noise 40,pick_up_the_tomato_sauce_and_place_it_in_the_basket_view_0_0_100_0_0_initstate_0_noise_40
1642,Sensor Noise,2,3,pick_up_the_tomato_sauce_and_place_it_in_the_basket,0,0,100,0,0,0,glass blur,1,,,,,,pick up the tomato sauce and place it in the basket,pick up the tomato sauce and place it in the basket view 0 0 100 0 0 initstate 0 noise 41,pick_up_the_tomato_sauce_and_place_it_in_the_basket_view_0_0_100_0_0_initstate_0_noise_41
1643,Sensor Noise,2,3,pick_up_the_tomato_sauce_and_place_it_in_the_basket,0,0,100,0,0,0,glass blur,2,,,,,,pick up the tomato sauce and place it in the basket,pick up the tomato sauce and place it in the basket view 0 0 100 0 0 initstate 0 noise 42,pick_up_the_tomato_sauce_and_place_it_in_the_basket_view_0_0_100_0_0_initstate_0_noise_42
1644,Sensor Noise,2,3,pick_up_the_tomato_sauce_and_place_it_in_the_basket,0,0,100,0,0,0,glass blur,3,,,,,,pick up the tomato sauce and place it in the basket,pick up the tomato sauce and place it in the basket view 0 0 100 0 0 initstate 0 noise 43,pick_up_the_tomato_sauce_and_place_it_in_the_basket_view_0_0_100_0_0_initstate_0_noise_43
1645,Sensor Noise,2,3,pick_up_the_tomato_sauce_and_place_it_in_the_basket,0,0,100,0,0,0,glass blur,4,,,,,,pick up the tomato sauce and place it in the basket,pick up the tomato sauce and place it in the basket view 0 0 100 0 0 initstate 0 noise 44,pick_up_the_tomato_sauce_and_place_it_in_the_basket_view_0_0_100_0_0_initstate_0_noise_44
1646,Sensor Noise,2,3,pick_up_the_tomato_sauce_and_place_it_in_the_basket,0,0,100,0,0,0,glass blur,5,,,,,,pick up the tomato sauce and place it in the basket,pick up the tomato sauce and place it in the basket view 0 0 100 0 0 initstate 0 noise 45,pick_up_the_tomato_sauce_and_place_it_in_the_basket_view_0_0_100_0_0_initstate_0_noise_45
1647,Sensor Noise,4,1,pick_up_the_tomato_sauce_and_place_it_in_the_basket,0,0,100,0,0,0,glass blur,6,,,,,,pick up the tomato sauce and place it in the basket,pick up the tomato sauce and place it in the basket view 0 0 100 0 0 initstate 0 noise 46,pick_up_the_tomato_sauce_and_place_it_in_the_basket_view_0_0_100_0_0_initstate_0_noise_46
1648,Sensor Noise,4,1,pick_up_the_tomato_sauce_and_place_it_in_the_basket,0,0,100,0,0,0,glass blur,7,,,,,,pick up the tomato sauce and place it in the basket,pick up the tomato sauce and place it in the basket view 0 0 100 0 0 initstate 0 noise 47,pick_up_the_tomato_sauce_and_place_it_in_the_basket_view_0_0_100_0_0_initstate_0_noise_47
1649,Sensor Noise,4,1,pick_up_the_tomato_sauce_and_place_it_in_the_basket,0,0,100,0,0,0,glass blur,8,,,,,,pick up the tomato sauce and place it in the basket,pick up the tomato sauce and place it in the basket view 0 0 100 0 0 initstate 0 noise 48,pick_up_the_tomato_sauce_and_place_it_in_the_basket_view_0_0_100_0_0_initstate_0_noise_48
1650,Sensor Noise,4,1,pick_up_the_tomato_sauce_and_place_it_in_the_basket,0,0,100,0,0,0,glass blur,9,,,,,,pick up the tomato sauce and place it in the basket,pick up the tomato sauce and place it in the basket view 0 0 100 0 0 initstate 0 noise 49,pick_up_the_tomato_sauce_and_place_it_in_the_basket_view_0_0_100_0_0_initstate_0_noise_49
1651,Sensor Noise,3,2,pick_up_the_tomato_sauce_and_place_it_in_the_basket,0,0,100,0,0,0,glass blur,10,,,,,,pick up the tomato sauce and place it in the basket,pick up the tomato sauce and place it in the basket view 0 0 100 0 0 initstate 0 noise 50,pick_up_the_tomato_sauce_and_place_it_in_the_basket_view_0_0_100_0_0_initstate_0_noise_50
1652,Sensor Noise,1,4,pick_up_the_butter_and_place_it_in_the_basket,0,0,100,0,0,0,motion blur,1,,,,,,pick up the butter and place it in the basket,pick up the butter and place it in the basket view 0 0 100 0 0 initstate 0 noise 1,pick_up_the_butter_and_place_it_in_the_basket_view_0_0_100_0_0_initstate_0_noise_1
1653,Sensor Noise,1,4,pick_up_the_butter_and_place_it_in_the_basket,0,0,100,0,0,0,motion blur,2,,,,,,pick up the butter and place it in the basket,pick up the butter and place it in the basket view 0 0 100 0 0 initstate 0 noise 2,pick_up_the_butter_and_place_it_in_the_basket_view_0_0_100_0_0_initstate_0_noise_2
1654,Sensor Noise,2,3,pick_up_the_butter_and_place_it_in_the_basket,0,0,100,0,0,0,motion blur,3,,,,,,pick up the butter and place it in the basket,pick up the butter and place it in the basket view 0 0 100 0 0 initstate 0 noise 3,pick_up_the_butter_and_place_it_in_the_basket_view_0_0_100_0_0_initstate_0_noise_3
1655,Sensor Noise,3,2,pick_up_the_butter_and_place_it_in_the_basket,0,0,100,0,0,0,motion blur,4,,,,,,pick up the butter and place it in the basket,pick up the butter and place it in the basket view 0 0 100 0 0 initstate 0 noise 4,pick_up_the_butter_and_place_it_in_the_basket_view_0_0_100_0_0_initstate_0_noise_4
1656,Sensor Noise,2,3,pick_up_the_butter_and_place_it_in_the_basket,0,0,100,0,0,0,motion blur,5,,,,,,pick up the butter and place it in the basket,pick up the butter and place it in the basket view 0 0 100 0 0 initstate 0 noise 5,pick_up_the_butter_and_place_it_in_the_basket_view_0_0_100_0_0_initstate_0_noise_5
1657,Sensor Noise,2,3,pick_up_the_butter_and_place_it_in_the_basket,0,0,100,0,0,0,motion blur,6,,,,,,pick up the butter and place it in the basket,pick up the butter and place it in the basket view 0 0 100 0 0 initstate 0 noise 6,pick_up_the_butter_and_place_it_in_the_basket_view_0_0_100_0_0_initstate_0_noise_6
1658,Sensor Noise,2,3,pick_up_the_butter_and_place_it_in_the_basket,0,0,100,0,0,0,motion blur,7,,,,,,pick up the butter and place it in the basket,pick up the butter and place it in the basket view 0 0 100 0 0 initstate 0 noise 7,pick_up_the_butter_and_place_it_in_the_basket_view_0_0_100_0_0_initstate_0_noise_7
1659,Sensor Noise,3,2,pick_up_the_butter_and_place_it_in_the_basket,0,0,100,0,0,0,motion blur,8,,,,,,pick up the butter and place it in the basket,pick up the butter and place it in the basket view 0 0 100 0 0 initstate 0 noise 8,pick_up_the_butter_and_place_it_in_the_basket_view_0_0_100_0_0_initstate_0_noise_8
1660,Sensor Noise,2,3,pick_up_the_butter_and_place_it_in_the_basket,0,0,100,0,0,0,gaussian blur,1,,,,,,pick up the butter and place it in the basket,pick up the butter and place it in the basket view 0 0 100 0 0 initstate 0 noise 11,pick_up_the_butter_and_place_it_in_the_basket_view_0_0_100_0_0_initstate_0_noise_11
1661,Sensor Noise,2,3,pick_up_the_butter_and_place_it_in_the_basket,0,0,100,0,0,0,gaussian blur,2,,,,,,pick up the butter and place it in the basket,pick up the butter and place it in the basket view 0 0 100 0 0 initstate 0 noise 12,pick_up_the_butter_and_place_it_in_the_basket_view_0_0_100_0_0_initstate_0_noise_12
1662,Sensor Noise,2,3,pick_up_the_butter_and_place_it_in_the_basket,0,0,100,0,0,0,gaussian blur,3,,,,,,pick up the butter and place it in the basket,pick up the butter and place it in the basket view 0 0 100 0 0 initstate 0 noise 13,pick_up_the_butter_and_place_it_in_the_basket_view_0_0_100_0_0_initstate_0_noise_13
1663,Sensor Noise,2,3,pick_up_the_butter_and_place_it_in_the_basket,0,0,100,0,0,0,gaussian blur,4,,,,,,pick up the butter and place it in the basket,pick up the butter and place it in the basket view 0 0 100 0 0 initstate 0 noise 14,pick_up_the_butter_and_place_it_in_the_basket_view_0_0_100_0_0_initstate_0_noise_14
1664,Sensor Noise,4,1,pick_up_the_butter_and_place_it_in_the_basket,0,0,100,0,0,0,gaussian blur,5,,,,,,pick up the butter and place it in the basket,pick up the butter and place it in the basket view 0 0 100 0 0 initstate 0 noise 15,pick_up_the_butter_and_place_it_in_the_basket_view_0_0_100_0_0_initstate_0_noise_15
1665,Sensor Noise,5,0,pick_up_the_butter_and_place_it_in_the_basket,0,0,100,0,0,0,gaussian blur,6,,,,,,pick up the butter and place it in the basket,pick up the butter and place it in the basket view 0 0 100 0 0 initstate 0 noise 16,pick_up_the_butter_and_place_it_in_the_basket_view_0_0_100_0_0_initstate_0_noise_16
1666,Sensor Noise,5,0,pick_up_the_butter_and_place_it_in_the_basket,0,0,100,0,0,0,gaussian blur,7,,,,,,pick up the butter and place it in the basket,pick up the butter and place it in the basket view 0 0 100 0 0 initstate 0 noise 17,pick_up_the_butter_and_place_it_in_the_basket_view_0_0_100_0_0_initstate_0_noise_17
1667,Sensor Noise,4,1,pick_up_the_butter_and_place_it_in_the_basket,0,0,100,0,0,0,gaussian blur,9,,,,,,pick up the butter and place it in the basket,pick up the butter and place it in the basket view 0 0 100 0 0 initstate 0 noise 19,pick_up_the_butter_and_place_it_in_the_basket_view_0_0_100_0_0_initstate_0_noise_19
1668,Sensor Noise,5,0,pick_up_the_butter_and_place_it_in_the_basket,0,0,100,0,0,0,gaussian blur,10,,,,,,pick up the butter and place it in the basket,pick up the butter and place it in the basket view 0 0 100 0 0 initstate 0 noise 20,pick_up_the_butter_and_place_it_in_the_basket_view_0_0_100_0_0_initstate_0_noise_20
1669,Sensor Noise,1,4,pick_up_the_butter_and_place_it_in_the_basket,0,0,100,0,0,0,zoom blur,1,,,,,,pick up the butter and place it in the basket,pick up the butter and place it in the basket view 0 0 100 0 0 initstate 0 noise 21,pick_up_the_butter_and_place_it_in_the_basket_view_0_0_100_0_0_initstate_0_noise_21
1670,Sensor Noise,1,4,pick_up_the_butter_and_place_it_in_the_basket,0,0,100,0,0,0,zoom blur,2,,,,,,pick up the butter and place it in the basket,pick up the butter and place it in the basket view 0 0 100 0 0 initstate 0 noise 22,pick_up_the_butter_and_place_it_in_the_basket_view_0_0_100_0_0_initstate_0_noise_22
1671,Sensor Noise,1,4,pick_up_the_butter_and_place_it_in_the_basket,0,0,100,0,0,0,zoom blur,3,,,,,,pick up the butter and place it in the basket,pick up the butter and place it in the basket view 0 0 100 0 0 initstate 0 noise 23,pick_up_the_butter_and_place_it_in_the_basket_view_0_0_100_0_0_initstate_0_noise_23
1672,Sensor Noise,2,3,pick_up_the_butter_and_place_it_in_the_basket,0,0,100,0,0,0,zoom blur,4,,,,,,pick up the butter and place it in the basket,pick up the butter and place it in the basket view 0 0 100 0 0 initstate 0 noise 24,pick_up_the_butter_and_place_it_in_the_basket_view_0_0_100_0_0_initstate_0_noise_24
1673,Sensor Noise,2,3,pick_up_the_butter_and_place_it_in_the_basket,0,0,100,0,0,0,zoom blur,5,,,,,,pick up the butter and place it in the basket,pick up the butter and place it in the basket view 0 0 100 0 0 initstate 0 noise 25,pick_up_the_butter_and_place_it_in_the_basket_view_0_0_100_0_0_initstate_0_noise_25
1674,Sensor Noise,3,2,pick_up_the_butter_and_place_it_in_the_basket,0,0,100,0,0,0,zoom blur,6,,,,,,pick up the butter and place it in the basket,pick up the butter and place it in the basket view 0 0 100 0 0 initstate 0 noise 26,pick_up_the_butter_and_place_it_in_the_basket_view_0_0_100_0_0_initstate_0_noise_26
1675,Sensor Noise,2,3,pick_up_the_butter_and_place_it_in_the_basket,0,0,100,0,0,0,zoom blur,7,,,,,,pick up the butter and place it in the basket,pick up the butter and place it in the basket view 0 0 100 0 0 initstate 0 noise 27,pick_up_the_butter_and_place_it_in_the_basket_view_0_0_100_0_0_initstate_0_noise_27
1676,Sensor Noise,3,2,pick_up_the_butter_and_place_it_in_the_basket,0,0,100,0,0,0,zoom blur,8,,,,,,pick up the butter and place it in the basket,pick up the butter and place it in the basket view 0 0 100 0 0 initstate 0 noise 28,pick_up_the_butter_and_place_it_in_the_basket_view_0_0_100_0_0_initstate_0_noise_28
1677,Sensor Noise,4,1,pick_up_the_butter_and_place_it_in_the_basket,0,0,100,0,0,0,zoom blur,9,,,,,,pick up the butter and place it in the basket,pick up the butter and place it in the basket view 0 0 100 0 0 initstate 0 noise 29,pick_up_the_butter_and_place_it_in_the_basket_view_0_0_100_0_0_initstate_0_noise_29
1678,Sensor Noise,4,1,pick_up_the_butter_and_place_it_in_the_basket,0,0,100,0,0,0,zoom blur,10,,,,,,pick up the butter and place it in the basket,pick up the butter and place it in the basket view 0 0 100 0 0 initstate 0 noise 30,pick_up_the_butter_and_place_it_in_the_basket_view_0_0_100_0_0_initstate_0_noise_30
1679,Sensor Noise,1,4,pick_up_the_butter_and_place_it_in_the_basket,0,0,100,0,0,0,fog,3,,,,,,pick up the butter and place it in the basket,pick up the butter and place it in the basket view 0 0 100 0 0 initstate 0 noise 33,pick_up_the_butter_and_place_it_in_the_basket_view_0_0_100_0_0_initstate_0_noise_33
1680,Sensor Noise,2,3,pick_up_the_butter_and_place_it_in_the_basket,0,0,100,0,0,0,fog,4,,,,,,pick up the butter and place it in the basket,pick up the butter and place it in the basket view 0 0 100 0 0 initstate 0 noise 34,pick_up_the_butter_and_place_it_in_the_basket_view_0_0_100_0_0_initstate_0_noise_34
1681,Sensor Noise,2,3,pick_up_the_butter_and_place_it_in_the_basket,0,0,100,0,0,0,fog,5,,,,,,pick up the butter and place it in the basket,pick up the butter and place it in the basket view 0 0 100 0 0 initstate 0 noise 35,pick_up_the_butter_and_place_it_in_the_basket_view_0_0_100_0_0_initstate_0_noise_35
1682,Sensor Noise,2,3,pick_up_the_butter_and_place_it_in_the_basket,0,0,100,0,0,0,fog,6,,,,,,pick up the butter and place it in the basket,pick up the butter and place it in the basket view 0 0 100 0 0 initstate 0 noise 36,pick_up_the_butter_and_place_it_in_the_basket_view_0_0_100_0_0_initstate_0_noise_36
1683,Sensor Noise,2,3,pick_up_the_butter_and_place_it_in_the_basket,0,0,100,0,0,0,fog,7,,,,,,pick up the butter and place it in the basket,pick up the butter and place it in the basket view 0 0 100 0 0 initstate 0 noise 37,pick_up_the_butter_and_place_it_in_the_basket_view_0_0_100_0_0_initstate_0_noise_37
1684,Sensor Noise,3,2,pick_up_the_butter_and_place_it_in_the_basket,0,0,100,0,0,0,fog,8,,,,,,pick up the butter and place it in the basket,pick up the butter and place it in the basket view 0 0 100 0 0 initstate 0 noise 38,pick_up_the_butter_and_place_it_in_the_basket_view_0_0_100_0_0_initstate_0_noise_38
1685,Sensor Noise,4,1,pick_up_the_butter_and_place_it_in_the_basket,0,0,100,0,0,0,fog,9,,,,,,pick up the butter and place it in the basket,pick up the butter and place it in the basket view 0 0 100 0 0 initstate 0 noise 39,pick_up_the_butter_and_place_it_in_the_basket_view_0_0_100_0_0_initstate_0_noise_39
1686,Sensor Noise,5,0,pick_up_the_butter_and_place_it_in_the_basket,0,0,100,0,0,0,fog,10,,,,,,pick up the butter and place it in the basket,pick up the butter and place it in the basket view 0 0 100 0 0 initstate 0 noise 40,pick_up_the_butter_and_place_it_in_the_basket_view_0_0_100_0_0_initstate_0_noise_40
1687,Sensor Noise,2,3,pick_up_the_butter_and_place_it_in_the_basket,0,0,100,0,0,0,glass blur,2,,,,,,pick up the butter and place it in the basket,pick up the butter and place it in the basket view 0 0 100 0 0 initstate 0 noise 42,pick_up_the_butter_and_place_it_in_the_basket_view_0_0_100_0_0_initstate_0_noise_42
1688,Sensor Noise,2,3,pick_up_the_butter_and_place_it_in_the_basket,0,0,100,0,0,0,glass blur,3,,,,,,pick up the butter and place it in the basket,pick up the butter and place it in the basket view 0 0 100 0 0 initstate 0 noise 43,pick_up_the_butter_and_place_it_in_the_basket_view_0_0_100_0_0_initstate_0_noise_43
1689,Sensor Noise,2,3,pick_up_the_butter_and_place_it_in_the_basket,0,0,100,0,0,0,glass blur,4,,,,,,pick up the butter and place it in the basket,pick up the butter and place it in the basket view 0 0 100 0 0 initstate 0 noise 44,pick_up_the_butter_and_place_it_in_the_basket_view_0_0_100_0_0_initstate_0_noise_44
1690,Sensor Noise,3,2,pick_up_the_butter_and_place_it_in_the_basket,0,0,100,0,0,0,glass blur,5,,,,,,pick up the butter and place it in the basket,pick up the butter and place it in the basket view 0 0 100 0 0 initstate 0 noise 45,pick_up_the_butter_and_place_it_in_the_basket_view_0_0_100_0_0_initstate_0_noise_45
1691,Sensor Noise,2,3,pick_up_the_butter_and_place_it_in_the_basket,0,0,100,0,0,0,glass blur,6,,,,,,pick up the butter and place it in the basket,pick up the butter and place it in the basket view 0 0 100 0 0 initstate 0 noise 46,pick_up_the_butter_and_place_it_in_the_basket_view_0_0_100_0_0_initstate_0_noise_46
1692,Sensor Noise,4,1,pick_up_the_butter_and_place_it_in_the_basket,0,0,100,0,0,0,glass blur,7,,,,,,pick up the butter and place it in the basket,pick up the butter and place it in the basket view 0 0 100 0 0 initstate 0 noise 47,pick_up_the_butter_and_place_it_in_the_basket_view_0_0_100_0_0_initstate_0_noise_47
1693,Sensor Noise,4,1,pick_up_the_butter_and_place_it_in_the_basket,0,0,100,0,0,0,glass blur,8,,,,,,pick up the butter and place it in the basket,pick up the butter and place it in the basket view 0 0 100 0 0 initstate 0 noise 48,pick_up_the_butter_and_place_it_in_the_basket_view_0_0_100_0_0_initstate_0_noise_48
1694,Sensor Noise,4,1,pick_up_the_butter_and_place_it_in_the_basket,0,0,100,0,0,0,glass blur,9,,,,,,pick up the butter and place it in the basket,pick up the butter and place it in the basket view 0 0 100 0 0 initstate 0 noise 49,pick_up_the_butter_and_place_it_in_the_basket_view_0_0_100_0_0_initstate_0_noise_49
1695,Sensor Noise,3,2,pick_up_the_butter_and_place_it_in_the_basket,0,0,100,0,0,0,glass blur,10,,,,,,pick up the butter and place it in the basket,pick up the butter and place it in the basket view 0 0 100 0 0 initstate 0 noise 50,pick_up_the_butter_and_place_it_in_the_basket_view_0_0_100_0_0_initstate_0_noise_50
1696,Sensor Noise,2,3,pick_up_the_milk_and_place_it_in_the_basket,0,0,100,0,0,0,motion blur,2,,,,,,pick up the milk and place it in the basket,pick up the milk and place it in the basket view 0 0 100 0 0 initstate 0 noise 2,pick_up_the_milk_and_place_it_in_the_basket_view_0_0_100_0_0_initstate_0_noise_2
1697,Sensor Noise,2,3,pick_up_the_milk_and_place_it_in_the_basket,0,0,100,0,0,0,motion blur,3,,,,,,pick up the milk and place it in the basket,pick up the milk and place it in the basket view 0 0 100 0 0 initstate 0 noise 3,pick_up_the_milk_and_place_it_in_the_basket_view_0_0_100_0_0_initstate_0_noise_3
1698,Sensor Noise,2,3,pick_up_the_milk_and_place_it_in_the_basket,0,0,100,0,0,0,motion blur,4,,,,,,pick up the milk and place it in the basket,pick up the milk and place it in the basket view 0 0 100 0 0 initstate 0 noise 4,pick_up_the_milk_and_place_it_in_the_basket_view_0_0_100_0_0_initstate_0_noise_4
1699,Sensor Noise,2,3,pick_up_the_milk_and_place_it_in_the_basket,0,0,100,0,0,0,motion blur,5,,,,,,pick up the milk and place it in the basket,pick up the milk and place it in the basket view 0 0 100 0 0 initstate 0 noise 5,pick_up_the_milk_and_place_it_in_the_basket_view_0_0_100_0_0_initstate_0_noise_5
1700,Sensor Noise,2,3,pick_up_the_milk_and_place_it_in_the_basket,0,0,100,0,0,0,motion blur,6,,,,,,pick up the milk and place it in the basket,pick up the milk and place it in the basket view 0 0 100 0 0 initstate 0 noise 6,pick_up_the_milk_and_place_it_in_the_basket_view_0_0_100_0_0_initstate_0_noise_6
1701,Sensor Noise,2,3,pick_up_the_milk_and_place_it_in_the_basket,0,0,100,0,0,0,motion blur,7,,,,,,pick up the milk and place it in the basket,pick up the milk and place it in the basket view 0 0 100 0 0 initstate 0 noise 7,pick_up_the_milk_and_place_it_in_the_basket_view_0_0_100_0_0_initstate_0_noise_7
1702,Sensor Noise,2,3,pick_up_the_milk_and_place_it_in_the_basket,0,0,100,0,0,0,motion blur,8,,,,,,pick up the milk and place it in the basket,pick up the milk and place it in the basket view 0 0 100 0 0 initstate 0 noise 8,pick_up_the_milk_and_place_it_in_the_basket_view_0_0_100_0_0_initstate_0_noise_8
1703,Sensor Noise,3,2,pick_up_the_milk_and_place_it_in_the_basket,0,0,100,0,0,0,motion blur,9,,,,,,pick up the milk and place it in the basket,pick up the milk and place it in the basket view 0 0 100 0 0 initstate 0 noise 9,pick_up_the_milk_and_place_it_in_the_basket_view_0_0_100_0_0_initstate_0_noise_9
1704,Sensor Noise,4,1,pick_up_the_milk_and_place_it_in_the_basket,0,0,100,0,0,0,motion blur,10,,,,,,pick up the milk and place it in the basket,pick up the milk and place it in the basket view 0 0 100 0 0 initstate 0 noise 10,pick_up_the_milk_and_place_it_in_the_basket_view_0_0_100_0_0_initstate_0_noise_10
1705,Sensor Noise,2,3,pick_up_the_milk_and_place_it_in_the_basket,0,0,100,0,0,0,gaussian blur,2,,,,,,pick up the milk and place it in the basket,pick up the milk and place it in the basket view 0 0 100 0 0 initstate 0 noise 12,pick_up_the_milk_and_place_it_in_the_basket_view_0_0_100_0_0_initstate_0_noise_12
1706,Sensor Noise,2,3,pick_up_the_milk_and_place_it_in_the_basket,0,0,100,0,0,0,gaussian blur,3,,,,,,pick up the milk and place it in the basket,pick up the milk and place it in the basket view 0 0 100 0 0 initstate 0 noise 13,pick_up_the_milk_and_place_it_in_the_basket_view_0_0_100_0_0_initstate_0_noise_13
1707,Sensor Noise,4,1,pick_up_the_milk_and_place_it_in_the_basket,0,0,100,0,0,0,gaussian blur,4,,,,,,pick up the milk and place it in the basket,pick up the milk and place it in the basket view 0 0 100 0 0 initstate 0 noise 14,pick_up_the_milk_and_place_it_in_the_basket_view_0_0_100_0_0_initstate_0_noise_14
1708,Sensor Noise,4,1,pick_up_the_milk_and_place_it_in_the_basket,0,0,100,0,0,0,gaussian blur,5,,,,,,pick up the milk and place it in the basket,pick up the milk and place it in the basket view 0 0 100 0 0 initstate 0 noise 15,pick_up_the_milk_and_place_it_in_the_basket_view_0_0_100_0_0_initstate_0_noise_15
1709,Sensor Noise,5,0,pick_up_the_milk_and_place_it_in_the_basket,0,0,100,0,0,0,gaussian blur,6,,,,,,pick up the milk and place it in the basket,pick up the milk and place it in the basket view 0 0 100 0 0 initstate 0 noise 16,pick_up_the_milk_and_place_it_in_the_basket_view_0_0_100_0_0_initstate_0_noise_16
1710,Sensor Noise,5,0,pick_up_the_milk_and_place_it_in_the_basket,0,0,100,0,0,0,gaussian blur,7,,,,,,pick up the milk and place it in the basket,pick up the milk and place it in the basket view 0 0 100 0 0 initstate 0 noise 17,pick_up_the_milk_and_place_it_in_the_basket_view_0_0_100_0_0_initstate_0_noise_17
1711,Sensor Noise,5,0,pick_up_the_milk_and_place_it_in_the_basket,0,0,100,0,0,0,gaussian blur,9,,,,,,pick up the milk and place it in the basket,pick up the milk and place it in the basket view 0 0 100 0 0 initstate 0 noise 19,pick_up_the_milk_and_place_it_in_the_basket_view_0_0_100_0_0_initstate_0_noise_19
1712,Sensor Noise,5,0,pick_up_the_milk_and_place_it_in_the_basket,0,0,100,0,0,0,gaussian blur,10,,,,,,pick up the milk and place it in the basket,pick up the milk and place it in the basket view 0 0 100 0 0 initstate 0 noise 20,pick_up_the_milk_and_place_it_in_the_basket_view_0_0_100_0_0_initstate_0_noise_20
1713,Sensor Noise,1,4,pick_up_the_milk_and_place_it_in_the_basket,0,0,100,0,0,0,zoom blur,4,,,,,,pick up the milk and place it in the basket,pick up the milk and place it in the basket view 0 0 100 0 0 initstate 0 noise 24,pick_up_the_milk_and_place_it_in_the_basket_view_0_0_100_0_0_initstate_0_noise_24
1714,Sensor Noise,2,3,pick_up_the_milk_and_place_it_in_the_basket,0,0,100,0,0,0,zoom blur,5,,,,,,pick up the milk and place it in the basket,pick up the milk and place it in the basket view 0 0 100 0 0 initstate 0 noise 25,pick_up_the_milk_and_place_it_in_the_basket_view_0_0_100_0_0_initstate_0_noise_25
1715,Sensor Noise,2,3,pick_up_the_milk_and_place_it_in_the_basket,0,0,100,0,0,0,zoom blur,6,,,,,,pick up the milk and place it in the basket,pick up the milk and place it in the basket view 0 0 100 0 0 initstate 0 noise 26,pick_up_the_milk_and_place_it_in_the_basket_view_0_0_100_0_0_initstate_0_noise_26
1716,Sensor Noise,2,3,pick_up_the_milk_and_place_it_in_the_basket,0,0,100,0,0,0,zoom blur,7,,,,,,pick up the milk and place it in the basket,pick up the milk and place it in the basket view 0 0 100 0 0 initstate 0 noise 27,pick_up_the_milk_and_place_it_in_the_basket_view_0_0_100_0_0_initstate_0_noise_27
1717,Sensor Noise,3,2,pick_up_the_milk_and_place_it_in_the_basket,0,0,100,0,0,0,zoom blur,8,,,,,,pick up the milk and place it in the basket,pick up the milk and place it in the basket view 0 0 100 0 0 initstate 0 noise 28,pick_up_the_milk_and_place_it_in_the_basket_view_0_0_100_0_0_initstate_0_noise_28
1718,Sensor Noise,5,0,pick_up_the_milk_and_place_it_in_the_basket,0,0,100,0,0,0,zoom blur,9,,,,,,pick up the milk and place it in the basket,pick up the milk and place it in the basket view 0 0 100 0 0 initstate 0 noise 29,pick_up_the_milk_and_place_it_in_the_basket_view_0_0_100_0_0_initstate_0_noise_29
1719,Sensor Noise,5,0,pick_up_the_milk_and_place_it_in_the_basket,0,0,100,0,0,0,zoom blur,10,,,,,,pick up the milk and place it in the basket,pick up the milk and place it in the basket view 0 0 100 0 0 initstate 0 noise 30,pick_up_the_milk_and_place_it_in_the_basket_view_0_0_100_0_0_initstate_0_noise_30
1720,Sensor Noise,2,3,pick_up_the_milk_and_place_it_in_the_basket,0,0,100,0,0,0,fog,4,,,,,,pick up the milk and place it in the basket,pick up the milk and place it in the basket view 0 0 100 0 0 initstate 0 noise 34,pick_up_the_milk_and_place_it_in_the_basket_view_0_0_100_0_0_initstate_0_noise_34
1721,Sensor Noise,2,3,pick_up_the_milk_and_place_it_in_the_basket,0,0,100,0,0,0,fog,5,,,,,,pick up the milk and place it in the basket,pick up the milk and place it in the basket view 0 0 100 0 0 initstate 0 noise 35,pick_up_the_milk_and_place_it_in_the_basket_view_0_0_100_0_0_initstate_0_noise_35
1722,Sensor Noise,2,3,pick_up_the_milk_and_place_it_in_the_basket,0,0,100,0,0,0,fog,6,,,,,,pick up the milk and place it in the basket,pick up the milk and place it in the basket view 0 0 100 0 0 initstate 0 noise 36,pick_up_the_milk_and_place_it_in_the_basket_view_0_0_100_0_0_initstate_0_noise_36
1723,Sensor Noise,2,3,pick_up_the_milk_and_place_it_in_the_basket,0,0,100,0,0,0,fog,7,,,,,,pick up the milk and place it in the basket,pick up the milk and place it in the basket view 0 0 100 0 0 initstate 0 noise 37,pick_up_the_milk_and_place_it_in_the_basket_view_0_0_100_0_0_initstate_0_noise_37
1724,Sensor Noise,2,3,pick_up_the_milk_and_place_it_in_the_basket,0,0,100,0,0,0,fog,8,,,,,,pick up the milk and place it in the basket,pick up the milk and place it in the basket view 0 0 100 0 0 initstate 0 noise 38,pick_up_the_milk_and_place_it_in_the_basket_view_0_0_100_0_0_initstate_0_noise_38
1725,Sensor Noise,1,4,pick_up_the_milk_and_place_it_in_the_basket,0,0,100,0,0,0,glass blur,1,,,,,,pick up the milk and place it in the basket,pick up the milk and place it in the basket view 0 0 100 0 0 initstate 0 noise 41,pick_up_the_milk_and_place_it_in_the_basket_view_0_0_100_0_0_initstate_0_noise_41
1726,Sensor Noise,1,4,pick_up_the_milk_and_place_it_in_the_basket,0,0,100,0,0,0,glass blur,2,,,,,,pick up the milk and place it in the basket,pick up the milk and place it in the basket view 0 0 100 0 0 initstate 0 noise 42,pick_up_the_milk_and_place_it_in_the_basket_view_0_0_100_0_0_initstate_0_noise_42
1727,Sensor Noise,2,3,pick_up_the_milk_and_place_it_in_the_basket,0,0,100,0,0,0,glass blur,3,,,,,,pick up the milk and place it in the basket,pick up the milk and place it in the basket view 0 0 100 0 0 initstate 0 noise 43,pick_up_the_milk_and_place_it_in_the_basket_view_0_0_100_0_0_initstate_0_noise_43
1728,Sensor Noise,2,3,pick_up_the_milk_and_place_it_in_the_basket,0,0,100,0,0,0,glass blur,4,,,,,,pick up the milk and place it in the basket,pick up the milk and place it in the basket view 0 0 100 0 0 initstate 0 noise 44,pick_up_the_milk_and_place_it_in_the_basket_view_0_0_100_0_0_initstate_0_noise_44
1729,Sensor Noise,2,3,pick_up_the_milk_and_place_it_in_the_basket,0,0,100,0,0,0,glass blur,5,,,,,,pick up the milk and place it in the basket,pick up the milk and place it in the basket view 0 0 100 0 0 initstate 0 noise 45,pick_up_the_milk_and_place_it_in_the_basket_view_0_0_100_0_0_initstate_0_noise_45
1730,Sensor Noise,3,2,pick_up_the_milk_and_place_it_in_the_basket,0,0,100,0,0,0,glass blur,6,,,,,,pick up the milk and place it in the basket,pick up the milk and place it in the basket view 0 0 100 0 0 initstate 0 noise 46,pick_up_the_milk_and_place_it_in_the_basket_view_0_0_100_0_0_initstate_0_noise_46
1731,Sensor Noise,3,2,pick_up_the_milk_and_place_it_in_the_basket,0,0,100,0,0,0,glass blur,7,,,,,,pick up the milk and place it in the basket,pick up the milk and place it in the basket view 0 0 100 0 0 initstate 0 noise 47,pick_up_the_milk_and_place_it_in_the_basket_view_0_0_100_0_0_initstate_0_noise_47
1732,Sensor Noise,3,2,pick_up_the_milk_and_place_it_in_the_basket,0,0,100,0,0,0,glass blur,8,,,,,,pick up the milk and place it in the basket,pick up the milk and place it in the basket view 0 0 100 0 0 initstate 0 noise 48,pick_up_the_milk_and_place_it_in_the_basket_view_0_0_100_0_0_initstate_0_noise_48
1733,Sensor Noise,4,1,pick_up_the_milk_and_place_it_in_the_basket,0,0,100,0,0,0,glass blur,9,,,,,,pick up the milk and place it in the basket,pick up the milk and place it in the basket view 0 0 100 0 0 initstate 0 noise 49,pick_up_the_milk_and_place_it_in_the_basket_view_0_0_100_0_0_initstate_0_noise_49
1734,Sensor Noise,4,1,pick_up_the_milk_and_place_it_in_the_basket,0,0,100,0,0,0,glass blur,10,,,,,,pick up the milk and place it in the basket,pick up the milk and place it in the basket view 0 0 100 0 0 initstate 0 noise 50,pick_up_the_milk_and_place_it_in_the_basket_view_0_0_100_0_0_initstate_0_noise_50
1735,Sensor Noise,2,3,pick_up_the_chocolate_pudding_and_place_it_in_the_basket,0,0,100,0,0,0,motion blur,2,,,,,,pick up the chocolate pudding and place it in the basket,pick up the chocolate pudding and place it in the basket view 0 0 100 0 0 initstate 0 noise 2,pick_up_the_chocolate_pudding_and_place_it_in_the_basket_view_0_0_100_0_0_initstate_0_noise_2
1736,Sensor Noise,2,3,pick_up_the_chocolate_pudding_and_place_it_in_the_basket,0,0,100,0,0,0,motion blur,3,,,,,,pick up the chocolate pudding and place it in the basket,pick up the chocolate pudding and place it in the basket view 0 0 100 0 0 initstate 0 noise 3,pick_up_the_chocolate_pudding_and_place_it_in_the_basket_view_0_0_100_0_0_initstate_0_noise_3
1737,Sensor Noise,2,3,pick_up_the_chocolate_pudding_and_place_it_in_the_basket,0,0,100,0,0,0,motion blur,4,,,,,,pick up the chocolate pudding and place it in the basket,pick up the chocolate pudding and place it in the basket view 0 0 100 0 0 initstate 0 noise 4,pick_up_the_chocolate_pudding_and_place_it_in_the_basket_view_0_0_100_0_0_initstate_0_noise_4
1738,Sensor Noise,3,2,pick_up_the_chocolate_pudding_and_place_it_in_the_basket,0,0,100,0,0,0,motion blur,5,,,,,,pick up the chocolate pudding and place it in the basket,pick up the chocolate pudding and place it in the basket view 0 0 100 0 0 initstate 0 noise 5,pick_up_the_chocolate_pudding_and_place_it_in_the_basket_view_0_0_100_0_0_initstate_0_noise_5
1739,Sensor Noise,4,1,pick_up_the_chocolate_pudding_and_place_it_in_the_basket,0,0,100,0,0,0,motion blur,6,,,,,,pick up the chocolate pudding and place it in the basket,pick up the chocolate pudding and place it in the basket view 0 0 100 0 0 initstate 0 noise 6,pick_up_the_chocolate_pudding_and_place_it_in_the_basket_view_0_0_100_0_0_initstate_0_noise_6
1740,Sensor Noise,4,1,pick_up_the_chocolate_pudding_and_place_it_in_the_basket,0,0,100,0,0,0,motion blur,7,,,,,,pick up the chocolate pudding and place it in the basket,pick up the chocolate pudding and place it in the basket view 0 0 100 0 0 initstate 0 noise 7,pick_up_the_chocolate_pudding_and_place_it_in_the_basket_view_0_0_100_0_0_initstate_0_noise_7
1741,Sensor Noise,4,1,pick_up_the_chocolate_pudding_and_place_it_in_the_basket,0,0,100,0,0,0,motion blur,8,,,,,,pick up the chocolate pudding and place it in the basket,pick up the chocolate pudding and place it in the basket view 0 0 100 0 0 initstate 0 noise 8,pick_up_the_chocolate_pudding_and_place_it_in_the_basket_view_0_0_100_0_0_initstate_0_noise_8
1742,Sensor Noise,4,1,pick_up_the_chocolate_pudding_and_place_it_in_the_basket,0,0,100,0,0,0,motion blur,9,,,,,,pick up the chocolate pudding and place it in the basket,pick up the chocolate pudding and place it in the basket view 0 0 100 0 0 initstate 0 noise 9,pick_up_the_chocolate_pudding_and_place_it_in_the_basket_view_0_0_100_0_0_initstate_0_noise_9
1743,Sensor Noise,4,1,pick_up_the_chocolate_pudding_and_place_it_in_the_basket,0,0,100,0,0,0,motion blur,10,,,,,,pick up the chocolate pudding and place it in the basket,pick up the chocolate pudding and place it in the basket view 0 0 100 0 0 initstate 0 noise 10,pick_up_the_chocolate_pudding_and_place_it_in_the_basket_view_0_0_100_0_0_initstate_0_noise_10
1744,Sensor Noise,2,3,pick_up_the_chocolate_pudding_and_place_it_in_the_basket,0,0,100,0,0,0,gaussian blur,2,,,,,,pick up the chocolate pudding and place it in the basket,pick up the chocolate pudding and place it in the basket view 0 0 100 0 0 initstate 0 noise 12,pick_up_the_chocolate_pudding_and_place_it_in_the_basket_view_0_0_100_0_0_initstate_0_noise_12
1745,Sensor Noise,3,2,pick_up_the_chocolate_pudding_and_place_it_in_the_basket,0,0,100,0,0,0,gaussian blur,3,,,,,,pick up the chocolate pudding and place it in the basket,pick up the chocolate pudding and place it in the basket view 0 0 100 0 0 initstate 0 noise 13,pick_up_the_chocolate_pudding_and_place_it_in_the_basket_view_0_0_100_0_0_initstate_0_noise_13
1746,Sensor Noise,4,1,pick_up_the_chocolate_pudding_and_place_it_in_the_basket,0,0,100,0,0,0,gaussian blur,4,,,,,,pick up the chocolate pudding and place it in the basket,pick up the chocolate pudding and place it in the basket view 0 0 100 0 0 initstate 0 noise 14,pick_up_the_chocolate_pudding_and_place_it_in_the_basket_view_0_0_100_0_0_initstate_0_noise_14
1747,Sensor Noise,4,1,pick_up_the_chocolate_pudding_and_place_it_in_the_basket,0,0,100,0,0,0,gaussian blur,5,,,,,,pick up the chocolate pudding and place it in the basket,pick up the chocolate pudding and place it in the basket view 0 0 100 0 0 initstate 0 noise 15,pick_up_the_chocolate_pudding_and_place_it_in_the_basket_view_0_0_100_0_0_initstate_0_noise_15
1748,Sensor Noise,4,1,pick_up_the_chocolate_pudding_and_place_it_in_the_basket,0,0,100,0,0,0,gaussian blur,6,,,,,,pick up the chocolate pudding and place it in the basket,pick up the chocolate pudding and place it in the basket view 0 0 100 0 0 initstate 0 noise 16,pick_up_the_chocolate_pudding_and_place_it_in_the_basket_view_0_0_100_0_0_initstate_0_noise_16
1749,Sensor Noise,5,0,pick_up_the_chocolate_pudding_and_place_it_in_the_basket,0,0,100,0,0,0,gaussian blur,7,,,,,,pick up the chocolate pudding and place it in the basket,pick up the chocolate pudding and place it in the basket view 0 0 100 0 0 initstate 0 noise 17,pick_up_the_chocolate_pudding_and_place_it_in_the_basket_view_0_0_100_0_0_initstate_0_noise_17
1750,Sensor Noise,4,1,pick_up_the_chocolate_pudding_and_place_it_in_the_basket,0,0,100,0,0,0,gaussian blur,8,,,,,,pick up the chocolate pudding and place it in the basket,pick up the chocolate pudding and place it in the basket view 0 0 100 0 0 initstate 0 noise 18,pick_up_the_chocolate_pudding_and_place_it_in_the_basket_view_0_0_100_0_0_initstate_0_noise_18
1751,Sensor Noise,5,0,pick_up_the_chocolate_pudding_and_place_it_in_the_basket,0,0,100,0,0,0,gaussian blur,9,,,,,,pick up the chocolate pudding and place it in the basket,pick up the chocolate pudding and place it in the basket view 0 0 100 0 0 initstate 0 noise 19,pick_up_the_chocolate_pudding_and_place_it_in_the_basket_view_0_0_100_0_0_initstate_0_noise_19
1752,Sensor Noise,4,1,pick_up_the_chocolate_pudding_and_place_it_in_the_basket,0,0,100,0,0,0,gaussian blur,10,,,,,,pick up the chocolate pudding and place it in the basket,pick up the chocolate pudding and place it in the basket view 0 0 100 0 0 initstate 0 noise 20,pick_up_the_chocolate_pudding_and_place_it_in_the_basket_view_0_0_100_0_0_initstate_0_noise_20
1753,Sensor Noise,2,3,pick_up_the_chocolate_pudding_and_place_it_in_the_basket,0,0,100,0,0,0,zoom blur,5,,,,,,pick up the chocolate pudding and place it in the basket,pick up the chocolate pudding and place it in the basket view 0 0 100 0 0 initstate 0 noise 25,pick_up_the_chocolate_pudding_and_place_it_in_the_basket_view_0_0_100_0_0_initstate_0_noise_25
1754,Sensor Noise,1,4,pick_up_the_chocolate_pudding_and_place_it_in_the_basket,0,0,100,0,0,0,zoom blur,6,,,,,,pick up the chocolate pudding and place it in the basket,pick up the chocolate pudding and place it in the basket view 0 0 100 0 0 initstate 0 noise 26,pick_up_the_chocolate_pudding_and_place_it_in_the_basket_view_0_0_100_0_0_initstate_0_noise_26
1755,Sensor Noise,3,2,pick_up_the_chocolate_pudding_and_place_it_in_the_basket,0,0,100,0,0,0,zoom blur,7,,,,,,pick up the chocolate pudding and place it in the basket,pick up the chocolate pudding and place it in the basket view 0 0 100 0 0 initstate 0 noise 27,pick_up_the_chocolate_pudding_and_place_it_in_the_basket_view_0_0_100_0_0_initstate_0_noise_27
1756,Sensor Noise,3,2,pick_up_the_chocolate_pudding_and_place_it_in_the_basket,0,0,100,0,0,0,zoom blur,8,,,,,,pick up the chocolate pudding and place it in the basket,pick up the chocolate pudding and place it in the basket view 0 0 100 0 0 initstate 0 noise 28,pick_up_the_chocolate_pudding_and_place_it_in_the_basket_view_0_0_100_0_0_initstate_0_noise_28
1757,Sensor Noise,4,1,pick_up_the_chocolate_pudding_and_place_it_in_the_basket,0,0,100,0,0,0,zoom blur,9,,,,,,pick up the chocolate pudding and place it in the basket,pick up the chocolate pudding and place it in the basket view 0 0 100 0 0 initstate 0 noise 29,pick_up_the_chocolate_pudding_and_place_it_in_the_basket_view_0_0_100_0_0_initstate_0_noise_29
1758,Sensor Noise,4,1,pick_up_the_chocolate_pudding_and_place_it_in_the_basket,0,0,100,0,0,0,zoom blur,10,,,,,,pick up the chocolate pudding and place it in the basket,pick up the chocolate pudding and place it in the basket view 0 0 100 0 0 initstate 0 noise 30,pick_up_the_chocolate_pudding_and_place_it_in_the_basket_view_0_0_100_0_0_initstate_0_noise_30
1759,Sensor Noise,1,4,pick_up_the_chocolate_pudding_and_place_it_in_the_basket,0,0,100,0,0,0,fog,1,,,,,,pick up the chocolate pudding and place it in the basket,pick up the chocolate pudding and place it in the basket view 0 0 100 0 0 initstate 0 noise 31,pick_up_the_chocolate_pudding_and_place_it_in_the_basket_view_0_0_100_0_0_initstate_0_noise_31
1760,Sensor Noise,1,4,pick_up_the_chocolate_pudding_and_place_it_in_the_basket,0,0,100,0,0,0,fog,2,,,,,,pick up the chocolate pudding and place it in the basket,pick up the chocolate pudding and place it in the basket view 0 0 100 0 0 initstate 0 noise 32,pick_up_the_chocolate_pudding_and_place_it_in_the_basket_view_0_0_100_0_0_initstate_0_noise_32
1761,Sensor Noise,2,3,pick_up_the_chocolate_pudding_and_place_it_in_the_basket,0,0,100,0,0,0,fog,5,,,,,,pick up the chocolate pudding and place it in the basket,pick up the chocolate pudding and place it in the basket view 0 0 100 0 0 initstate 0 noise 35,pick_up_the_chocolate_pudding_and_place_it_in_the_basket_view_0_0_100_0_0_initstate_0_noise_35
1762,Sensor Noise,2,3,pick_up_the_chocolate_pudding_and_place_it_in_the_basket,0,0,100,0,0,0,fog,6,,,,,,pick up the chocolate pudding and place it in the basket,pick up the chocolate pudding and place it in the basket view 0 0 100 0 0 initstate 0 noise 36,pick_up_the_chocolate_pudding_and_place_it_in_the_basket_view_0_0_100_0_0_initstate_0_noise_36
1763,Sensor Noise,2,3,pick_up_the_chocolate_pudding_and_place_it_in_the_basket,0,0,100,0,0,0,fog,7,,,,,,pick up the chocolate pudding and place it in the basket,pick up the chocolate pudding and place it in the basket view 0 0 100 0 0 initstate 0 noise 37,pick_up_the_chocolate_pudding_and_place_it_in_the_basket_view_0_0_100_0_0_initstate_0_noise_37
1764,Sensor Noise,3,2,pick_up_the_chocolate_pudding_and_place_it_in_the_basket,0,0,100,0,0,0,fog,8,,,,,,pick up the chocolate pudding and place it in the basket,pick up the chocolate pudding and place it in the basket view 0 0 100 0 0 initstate 0 noise 38,pick_up_the_chocolate_pudding_and_place_it_in_the_basket_view_0_0_100_0_0_initstate_0_noise_38
1765,Sensor Noise,4,1,pick_up_the_chocolate_pudding_and_place_it_in_the_basket,0,0,100,0,0,0,fog,9,,,,,,pick up the chocolate pudding and place it in the basket,pick up the chocolate pudding and place it in the basket view 0 0 100 0 0 initstate 0 noise 39,pick_up_the_chocolate_pudding_and_place_it_in_the_basket_view_0_0_100_0_0_initstate_0_noise_39
1766,Sensor Noise,4,1,pick_up_the_chocolate_pudding_and_place_it_in_the_basket,0,0,100,0,0,0,fog,10,,,,,,pick up the chocolate pudding and place it in the basket,pick up the chocolate pudding and place it in the basket view 0 0 100 0 0 initstate 0 noise 40,pick_up_the_chocolate_pudding_and_place_it_in_the_basket_view_0_0_100_0_0_initstate_0_noise_40
1767,Sensor Noise,1,4,pick_up_the_chocolate_pudding_and_place_it_in_the_basket,0,0,100,0,0,0,glass blur,1,,,,,,pick up the chocolate pudding and place it in the basket,pick up the chocolate pudding and place it in the basket view 0 0 100 0 0 initstate 0 noise 41,pick_up_the_chocolate_pudding_and_place_it_in_the_basket_view_0_0_100_0_0_initstate_0_noise_41
1768,Sensor Noise,2,3,pick_up_the_chocolate_pudding_and_place_it_in_the_basket,0,0,100,0,0,0,glass blur,2,,,,,,pick up the chocolate pudding and place it in the basket,pick up the chocolate pudding and place it in the basket view 0 0 100 0 0 initstate 0 noise 42,pick_up_the_chocolate_pudding_and_place_it_in_the_basket_view_0_0_100_0_0_initstate_0_noise_42
1769,Sensor Noise,2,3,pick_up_the_chocolate_pudding_and_place_it_in_the_basket,0,0,100,0,0,0,glass blur,3,,,,,,pick up the chocolate pudding and place it in the basket,pick up the chocolate pudding and place it in the basket view 0 0 100 0 0 initstate 0 noise 43,pick_up_the_chocolate_pudding_and_place_it_in_the_basket_view_0_0_100_0_0_initstate_0_noise_43
1770,Sensor Noise,2,3,pick_up_the_chocolate_pudding_and_place_it_in_the_basket,0,0,100,0,0,0,glass blur,4,,,,,,pick up the chocolate pudding and place it in the basket,pick up the chocolate pudding and place it in the basket view 0 0 100 0 0 initstate 0 noise 44,pick_up_the_chocolate_pudding_and_place_it_in_the_basket_view_0_0_100_0_0_initstate_0_noise_44
1771,Sensor Noise,4,1,pick_up_the_chocolate_pudding_and_place_it_in_the_basket,0,0,100,0,0,0,glass blur,5,,,,,,pick up the chocolate pudding and place it in the basket,pick up the chocolate pudding and place it in the basket view 0 0 100 0 0 initstate 0 noise 45,pick_up_the_chocolate_pudding_and_place_it_in_the_basket_view_0_0_100_0_0_initstate_0_noise_45
1772,Sensor Noise,4,1,pick_up_the_chocolate_pudding_and_place_it_in_the_basket,0,0,100,0,0,0,glass blur,6,,,,,,pick up the chocolate pudding and place it in the basket,pick up the chocolate pudding and place it in the basket view 0 0 100 0 0 initstate 0 noise 46,pick_up_the_chocolate_pudding_and_place_it_in_the_basket_view_0_0_100_0_0_initstate_0_noise_46
1773,Sensor Noise,4,1,pick_up_the_chocolate_pudding_and_place_it_in_the_basket,0,0,100,0,0,0,glass blur,7,,,,,,pick up the chocolate pudding and place it in the basket,pick up the chocolate pudding and place it in the basket view 0 0 100 0 0 initstate 0 noise 47,pick_up_the_chocolate_pudding_and_place_it_in_the_basket_view_0_0_100_0_0_initstate_0_noise_47
1774,Sensor Noise,4,1,pick_up_the_chocolate_pudding_and_place_it_in_the_basket,0,0,100,0,0,0,glass blur,8,,,,,,pick up the chocolate pudding and place it in the basket,pick up the chocolate pudding and place it in the basket view 0 0 100 0 0 initstate 0 noise 48,pick_up_the_chocolate_pudding_and_place_it_in_the_basket_view_0_0_100_0_0_initstate_0_noise_48
1775,Sensor Noise,4,1,pick_up_the_chocolate_pudding_and_place_it_in_the_basket,0,0,100,0,0,0,glass blur,9,,,,,,pick up the chocolate pudding and place it in the basket,pick up the chocolate pudding and place it in the basket view 0 0 100 0 0 initstate 0 noise 49,pick_up_the_chocolate_pudding_and_place_it_in_the_basket_view_0_0_100_0_0_initstate_0_noise_49
1776,Sensor Noise,3,2,pick_up_the_chocolate_pudding_and_place_it_in_the_basket,0,0,100,0,0,0,glass blur,10,,,,,,pick up the chocolate pudding and place it in the basket,pick up the chocolate pudding and place it in the basket view 0 0 100 0 0 initstate 0 noise 50,pick_up_the_chocolate_pudding_and_place_it_in_the_basket_view_0_0_100_0_0_initstate_0_noise_50
1777,Sensor Noise,2,3,pick_up_the_orange_juice_and_place_it_in_the_basket,0,0,100,0,0,0,motion blur,1,,,,,,pick up the orange juice and place it in the basket,pick up the orange juice and place it in the basket view 0 0 100 0 0 initstate 0 noise 1,pick_up_the_orange_juice_and_place_it_in_the_basket_view_0_0_100_0_0_initstate_0_noise_1
1778,Sensor Noise,2,3,pick_up_the_orange_juice_and_place_it_in_the_basket,0,0,100,0,0,0,motion blur,3,,,,,,pick up the orange juice and place it in the basket,pick up the orange juice and place it in the basket view 0 0 100 0 0 initstate 0 noise 3,pick_up_the_orange_juice_and_place_it_in_the_basket_view_0_0_100_0_0_initstate_0_noise_3
1779,Sensor Noise,2,3,pick_up_the_orange_juice_and_place_it_in_the_basket,0,0,100,0,0,0,motion blur,4,,,,,,pick up the orange juice and place it in the basket,pick up the orange juice and place it in the basket view 0 0 100 0 0 initstate 0 noise 4,pick_up_the_orange_juice_and_place_it_in_the_basket_view_0_0_100_0_0_initstate_0_noise_4
1780,Sensor Noise,4,1,pick_up_the_orange_juice_and_place_it_in_the_basket,0,0,100,0,0,0,motion blur,5,,,,,,pick up the orange juice and place it in the basket,pick up the orange juice and place it in the basket view 0 0 100 0 0 initstate 0 noise 5,pick_up_the_orange_juice_and_place_it_in_the_basket_view_0_0_100_0_0_initstate_0_noise_5
1781,Sensor Noise,4,1,pick_up_the_orange_juice_and_place_it_in_the_basket,0,0,100,0,0,0,motion blur,6,,,,,,pick up the orange juice and place it in the basket,pick up the orange juice and place it in the basket view 0 0 100 0 0 initstate 0 noise 6,pick_up_the_orange_juice_and_place_it_in_the_basket_view_0_0_100_0_0_initstate_0_noise_6
1782,Sensor Noise,4,1,pick_up_the_orange_juice_and_place_it_in_the_basket,0,0,100,0,0,0,motion blur,7,,,,,,pick up the orange juice and place it in the basket,pick up the orange juice and place it in the basket view 0 0 100 0 0 initstate 0 noise 7,pick_up_the_orange_juice_and_place_it_in_the_basket_view_0_0_100_0_0_initstate_0_noise_7
1783,Sensor Noise,4,1,pick_up_the_orange_juice_and_place_it_in_the_basket,0,0,100,0,0,0,motion blur,8,,,,,,pick up the orange juice and place it in the basket,pick up the orange juice and place it in the basket view 0 0 100 0 0 initstate 0 noise 8,pick_up_the_orange_juice_and_place_it_in_the_basket_view_0_0_100_0_0_initstate_0_noise_8
1784,Sensor Noise,4,1,pick_up_the_orange_juice_and_place_it_in_the_basket,0,0,100,0,0,0,motion blur,9,,,,,,pick up the orange juice and place it in the basket,pick up the orange juice and place it in the basket view 0 0 100 0 0 initstate 0 noise 9,pick_up_the_orange_juice_and_place_it_in_the_basket_view_0_0_100_0_0_initstate_0_noise_9
1785,Sensor Noise,5,0,pick_up_the_orange_juice_and_place_it_in_the_basket,0,0,100,0,0,0,motion blur,10,,,,,,pick up the orange juice and place it in the basket,pick up the orange juice and place it in the basket view 0 0 100 0 0 initstate 0 noise 10,pick_up_the_orange_juice_and_place_it_in_the_basket_view_0_0_100_0_0_initstate_0_noise_10
1786,Sensor Noise,1,4,pick_up_the_orange_juice_and_place_it_in_the_basket,0,0,100,0,0,0,gaussian blur,1,,,,,,pick up the orange juice and place it in the basket,pick up the orange juice and place it in the basket view 0 0 100 0 0 initstate 0 noise 11,pick_up_the_orange_juice_and_place_it_in_the_basket_view_0_0_100_0_0_initstate_0_noise_11
1787,Sensor Noise,2,3,pick_up_the_orange_juice_and_place_it_in_the_basket,0,0,100,0,0,0,gaussian blur,2,,,,,,pick up the orange juice and place it in the basket,pick up the orange juice and place it in the basket view 0 0 100 0 0 initstate 0 noise 12,pick_up_the_orange_juice_and_place_it_in_the_basket_view_0_0_100_0_0_initstate_0_noise_12
1788,Sensor Noise,4,1,pick_up_the_orange_juice_and_place_it_in_the_basket,0,0,100,0,0,0,gaussian blur,3,,,,,,pick up the orange juice and place it in the basket,pick up the orange juice and place it in the basket view 0 0 100 0 0 initstate 0 noise 13,pick_up_the_orange_juice_and_place_it_in_the_basket_view_0_0_100_0_0_initstate_0_noise_13
1789,Sensor Noise,4,1,pick_up_the_orange_juice_and_place_it_in_the_basket,0,0,100,0,0,0,gaussian blur,4,,,,,,pick up the orange juice and place it in the basket,pick up the orange juice and place it in the basket view 0 0 100 0 0 initstate 0 noise 14,pick_up_the_orange_juice_and_place_it_in_the_basket_view_0_0_100_0_0_initstate_0_noise_14
1790,Sensor Noise,5,0,pick_up_the_orange_juice_and_place_it_in_the_basket,0,0,100,0,0,0,gaussian blur,5,,,,,,pick up the orange juice and place it in the basket,pick up the orange juice and place it in the basket view 0 0 100 0 0 initstate 0 noise 15,pick_up_the_orange_juice_and_place_it_in_the_basket_view_0_0_100_0_0_initstate_0_noise_15
1791,Sensor Noise,4,1,pick_up_the_orange_juice_and_place_it_in_the_basket,0,0,100,0,0,0,gaussian blur,6,,,,,,pick up the orange juice and place it in the basket,pick up the orange juice and place it in the basket view 0 0 100 0 0 initstate 0 noise 16,pick_up_the_orange_juice_and_place_it_in_the_basket_view_0_0_100_0_0_initstate_0_noise_16
1792,Sensor Noise,5,0,pick_up_the_orange_juice_and_place_it_in_the_basket,0,0,100,0,0,0,gaussian blur,7,,,,,,pick up the orange juice and place it in the basket,pick up the orange juice and place it in the basket view 0 0 100 0 0 initstate 0 noise 17,pick_up_the_orange_juice_and_place_it_in_the_basket_view_0_0_100_0_0_initstate_0_noise_17
1793,Sensor Noise,5,0,pick_up_the_orange_juice_and_place_it_in_the_basket,0,0,100,0,0,0,gaussian blur,8,,,,,,pick up the orange juice and place it in the basket,pick up the orange juice and place it in the basket view 0 0 100 0 0 initstate 0 noise 18,pick_up_the_orange_juice_and_place_it_in_the_basket_view_0_0_100_0_0_initstate_0_noise_18
1794,Sensor Noise,5,0,pick_up_the_orange_juice_and_place_it_in_the_basket,0,0,100,0,0,0,gaussian blur,9,,,,,,pick up the orange juice and place it in the basket,pick up the orange juice and place it in the basket view 0 0 100 0 0 initstate 0 noise 19,pick_up_the_orange_juice_and_place_it_in_the_basket_view_0_0_100_0_0_initstate_0_noise_19
1795,Sensor Noise,2,3,pick_up_the_orange_juice_and_place_it_in_the_basket,0,0,100,0,0,0,zoom blur,3,,,,,,pick up the orange juice and place it in the basket,pick up the orange juice and place it in the basket view 0 0 100 0 0 initstate 0 noise 23,pick_up_the_orange_juice_and_place_it_in_the_basket_view_0_0_100_0_0_initstate_0_noise_23
1796,Sensor Noise,2,3,pick_up_the_orange_juice_and_place_it_in_the_basket,0,0,100,0,0,0,zoom blur,5,,,,,,pick up the orange juice and place it in the basket,pick up the orange juice and place it in the basket view 0 0 100 0 0 initstate 0 noise 25,pick_up_the_orange_juice_and_place_it_in_the_basket_view_0_0_100_0_0_initstate_0_noise_25
1797,Sensor Noise,3,2,pick_up_the_orange_juice_and_place_it_in_the_basket,0,0,100,0,0,0,zoom blur,6,,,,,,pick up the orange juice and place it in the basket,pick up the orange juice and place it in the basket view 0 0 100 0 0 initstate 0 noise 26,pick_up_the_orange_juice_and_place_it_in_the_basket_view_0_0_100_0_0_initstate_0_noise_26
1798,Sensor Noise,2,3,pick_up_the_orange_juice_and_place_it_in_the_basket,0,0,100,0,0,0,zoom blur,7,,,,,,pick up the orange juice and place it in the basket,pick up the orange juice and place it in the basket view 0 0 100 0 0 initstate 0 noise 27,pick_up_the_orange_juice_and_place_it_in_the_basket_view_0_0_100_0_0_initstate_0_noise_27
1799,Sensor Noise,3,2,pick_up_the_orange_juice_and_place_it_in_the_basket,0,0,100,0,0,0,zoom blur,8,,,,,,pick up the orange juice and place it in the basket,pick up the orange juice and place it in the basket view 0 0 100 0 0 initstate 0 noise 28,pick_up_the_orange_juice_and_place_it_in_the_basket_view_0_0_100_0_0_initstate_0_noise_28
1800,Sensor Noise,4,1,pick_up_the_orange_juice_and_place_it_in_the_basket,0,0,100,0,0,0,zoom blur,9,,,,,,pick up the orange juice and place it in the basket,pick up the orange juice and place it in the basket view 0 0 100 0 0 initstate 0 noise 29,pick_up_the_orange_juice_and_place_it_in_the_basket_view_0_0_100_0_0_initstate_0_noise_29
1801,Sensor Noise,4,1,pick_up_the_orange_juice_and_place_it_in_the_basket,0,0,100,0,0,0,zoom blur,10,,,,,,pick up the orange juice and place it in the basket,pick up the orange juice and place it in the basket view 0 0 100 0 0 initstate 0 noise 30,pick_up_the_orange_juice_and_place_it_in_the_basket_view_0_0_100_0_0_initstate_0_noise_30
1802,Sensor Noise,2,3,pick_up_the_orange_juice_and_place_it_in_the_basket,0,0,100,0,0,0,fog,3,,,,,,pick up the orange juice and place it in the basket,pick up the orange juice and place it in the basket view 0 0 100 0 0 initstate 0 noise 33,pick_up_the_orange_juice_and_place_it_in_the_basket_view_0_0_100_0_0_initstate_0_noise_33
1803,Sensor Noise,2,3,pick_up_the_orange_juice_and_place_it_in_the_basket,0,0,100,0,0,0,fog,5,,,,,,pick up the orange juice and place it in the basket,pick up the orange juice and place it in the basket view 0 0 100 0 0 initstate 0 noise 35,pick_up_the_orange_juice_and_place_it_in_the_basket_view_0_0_100_0_0_initstate_0_noise_35
1804,Sensor Noise,1,4,pick_up_the_orange_juice_and_place_it_in_the_basket,0,0,100,0,0,0,fog,6,,,,,,pick up the orange juice and place it in the basket,pick up the orange juice and place it in the basket view 0 0 100 0 0 initstate 0 noise 36,pick_up_the_orange_juice_and_place_it_in_the_basket_view_0_0_100_0_0_initstate_0_noise_36
1805,Sensor Noise,4,1,pick_up_the_orange_juice_and_place_it_in_the_basket,0,0,100,0,0,0,fog,7,,,,,,pick up the orange juice and place it in the basket,pick up the orange juice and place it in the basket view 0 0 100 0 0 initstate 0 noise 37,pick_up_the_orange_juice_and_place_it_in_the_basket_view_0_0_100_0_0_initstate_0_noise_37
1806,Sensor Noise,4,1,pick_up_the_orange_juice_and_place_it_in_the_basket,0,0,100,0,0,0,fog,8,,,,,,pick up the orange juice and place it in the basket,pick up the orange juice and place it in the basket view 0 0 100 0 0 initstate 0 noise 38,pick_up_the_orange_juice_and_place_it_in_the_basket_view_0_0_100_0_0_initstate_0_noise_38
1807,Sensor Noise,5,0,pick_up_the_orange_juice_and_place_it_in_the_basket,0,0,100,0,0,0,fog,9,,,,,,pick up the orange juice and place it in the basket,pick up the orange juice and place it in the basket view 0 0 100 0 0 initstate 0 noise 39,pick_up_the_orange_juice_and_place_it_in_the_basket_view_0_0_100_0_0_initstate_0_noise_39
1808,Sensor Noise,5,0,pick_up_the_orange_juice_and_place_it_in_the_basket,0,0,100,0,0,0,fog,10,,,,,,pick up the orange juice and place it in the basket,pick up the orange juice and place it in the basket view 0 0 100 0 0 initstate 0 noise 40,pick_up_the_orange_juice_and_place_it_in_the_basket_view_0_0_100_0_0_initstate_0_noise_40
1809,Sensor Noise,1,4,pick_up_the_orange_juice_and_place_it_in_the_basket,0,0,100,0,0,0,glass blur,2,,,,,,pick up the orange juice and place it in the basket,pick up the orange juice and place it in the basket view 0 0 100 0 0 initstate 0 noise 42,pick_up_the_orange_juice_and_place_it_in_the_basket_view_0_0_100_0_0_initstate_0_noise_42
1810,Sensor Noise,3,2,pick_up_the_orange_juice_and_place_it_in_the_basket,0,0,100,0,0,0,glass blur,3,,,,,,pick up the orange juice and place it in the basket,pick up the orange juice and place it in the basket view 0 0 100 0 0 initstate 0 noise 43,pick_up_the_orange_juice_and_place_it_in_the_basket_view_0_0_100_0_0_initstate_0_noise_43
1811,Sensor Noise,2,3,pick_up_the_orange_juice_and_place_it_in_the_basket,0,0,100,0,0,0,glass blur,4,,,,,,pick up the orange juice and place it in the basket,pick up the orange juice and place it in the basket view 0 0 100 0 0 initstate 0 noise 44,pick_up_the_orange_juice_and_place_it_in_the_basket_view_0_0_100_0_0_initstate_0_noise_44
1812,Sensor Noise,3,2,pick_up_the_orange_juice_and_place_it_in_the_basket,0,0,100,0,0,0,glass blur,5,,,,,,pick up the orange juice and place it in the basket,pick up the orange juice and place it in the basket view 0 0 100 0 0 initstate 0 noise 45,pick_up_the_orange_juice_and_place_it_in_the_basket_view_0_0_100_0_0_initstate_0_noise_45
1813,Sensor Noise,4,1,pick_up_the_orange_juice_and_place_it_in_the_basket,0,0,100,0,0,0,glass blur,6,,,,,,pick up the orange juice and place it in the basket,pick up the orange juice and place it in the basket view 0 0 100 0 0 initstate 0 noise 46,pick_up_the_orange_juice_and_place_it_in_the_basket_view_0_0_100_0_0_initstate_0_noise_46
1814,Sensor Noise,4,1,pick_up_the_orange_juice_and_place_it_in_the_basket,0,0,100,0,0,0,glass blur,7,,,,,,pick up the orange juice and place it in the basket,pick up the orange juice and place it in the basket view 0 0 100 0 0 initstate 0 noise 47,pick_up_the_orange_juice_and_place_it_in_the_basket_view_0_0_100_0_0_initstate_0_noise_47
1815,Sensor Noise,4,1,pick_up_the_orange_juice_and_place_it_in_the_basket,0,0,100,0,0,0,glass blur,8,,,,,,pick up the orange juice and place it in the basket,pick up the orange juice and place it in the basket view 0 0 100 0 0 initstate 0 noise 48,pick_up_the_orange_juice_and_place_it_in_the_basket_view_0_0_100_0_0_initstate_0_noise_48
1816,Sensor Noise,4,1,pick_up_the_orange_juice_and_place_it_in_the_basket,0,0,100,0,0,0,glass blur,9,,,,,,pick up the orange juice and place it in the basket,pick up the orange juice and place it in the basket view 0 0 100 0 0 initstate 0 noise 49,pick_up_the_orange_juice_and_place_it_in_the_basket_view_0_0_100_0_0_initstate_0_noise_49
1817,Sensor Noise,5,0,pick_up_the_orange_juice_and_place_it_in_the_basket,0,0,100,0,0,0,glass blur,10,,,,,,pick up the orange juice and place it in the basket,pick up the orange juice and place it in the basket view 0 0 100 0 0 initstate 0 noise 50,pick_up_the_orange_juice_and_place_it_in_the_basket_view_0_0_100_0_0_initstate_0_noise_50
1818,Objects Layout,1,4,pick_up_the_alphabet_soup_and_place_it_in_the_basket,,,,,,,,,,,,10,,pick up the alphabet soup and place it in the basket,pick up the alphabet soup and place it in the basket add 10,pick_up_the_alphabet_soup_and_place_it_in_the_basket_add_10
1819,Objects Layout,2,3,pick_up_the_alphabet_soup_and_place_it_in_the_basket,,,,,,,,,,,,11,,pick up the alphabet soup and place it in the basket,pick up the alphabet soup and place it in the basket add 11,pick_up_the_alphabet_soup_and_place_it_in_the_basket_add_11
1820,Objects Layout,2,3,pick_up_the_alphabet_soup_and_place_it_in_the_basket,,,,,,,,,,,,12,,pick up the alphabet soup and place it in the basket,pick up the alphabet soup and place it in the basket add 12,pick_up_the_alphabet_soup_and_place_it_in_the_basket_add_12
1821,Objects Layout,1,4,pick_up_the_alphabet_soup_and_place_it_in_the_basket,,,,,,,,,,,,14,,pick up the alphabet soup and place it in the basket,pick up the alphabet soup and place it in the basket add 14,pick_up_the_alphabet_soup_and_place_it_in_the_basket_add_14
1822,Objects Layout,1,4,pick_up_the_alphabet_soup_and_place_it_in_the_basket,,,,,,,,,,,,15,,pick up the alphabet soup and place it in the basket,pick up the alphabet soup and place it in the basket add 15,pick_up_the_alphabet_soup_and_place_it_in_the_basket_add_15
1823,Objects Layout,1,4,pick_up_the_alphabet_soup_and_place_it_in_the_basket,,,,,,,,,,,,16,,pick up the alphabet soup and place it in the basket,pick up the alphabet soup and place it in the basket add 16,pick_up_the_alphabet_soup_and_place_it_in_the_basket_add_16
1824,Objects Layout,3,2,pick_up_the_alphabet_soup_and_place_it_in_the_basket,,,,,,,,,,,,18,,pick up the alphabet soup and place it in the basket,pick up the alphabet soup and place it in the basket add 18,pick_up_the_alphabet_soup_and_place_it_in_the_basket_add_18
1825,Objects Layout,2,3,pick_up_the_alphabet_soup_and_place_it_in_the_basket,,,,,,,,,,,,19,,pick up the alphabet soup and place it in the basket,pick up the alphabet soup and place it in the basket add 19,pick_up_the_alphabet_soup_and_place_it_in_the_basket_add_19
1826,Objects Layout,2,3,pick_up_the_alphabet_soup_and_place_it_in_the_basket,,,,,,,,,,,,2,,pick up the alphabet soup and place it in the basket,pick up the alphabet soup and place it in the basket add 2,pick_up_the_alphabet_soup_and_place_it_in_the_basket_add_2
1827,Objects Layout,4,1,pick_up_the_alphabet_soup_and_place_it_in_the_basket,,,,,,,,,,,,20,,pick up the alphabet soup and place it in the basket,pick up the alphabet soup and place it in the basket add 20,pick_up_the_alphabet_soup_and_place_it_in_the_basket_add_20
1828,Objects Layout,1,4,pick_up_the_alphabet_soup_and_place_it_in_the_basket,,,,,,,,,,,,21,,pick up the alphabet soup and place it in the basket,pick up the alphabet soup and place it in the basket add 21,pick_up_the_alphabet_soup_and_place_it_in_the_basket_add_21
1829,Objects Layout,2,3,pick_up_the_alphabet_soup_and_place_it_in_the_basket,,,,,,,,,,,,22,,pick up the alphabet soup and place it in the basket,pick up the alphabet soup and place it in the basket add 22,pick_up_the_alphabet_soup_and_place_it_in_the_basket_add_22
1830,Objects Layout,2,3,pick_up_the_alphabet_soup_and_place_it_in_the_basket,,,,,,,,,,,,24,,pick up the alphabet soup and place it in the basket,pick up the alphabet soup and place it in the basket add 24,pick_up_the_alphabet_soup_and_place_it_in_the_basket_add_24
1831,Objects Layout,1,4,pick_up_the_alphabet_soup_and_place_it_in_the_basket,,,,,,,,,,,,25,,pick up the alphabet soup and place it in the basket,pick up the alphabet soup and place it in the basket add 25,pick_up_the_alphabet_soup_and_place_it_in_the_basket_add_25
1832,Objects Layout,1,4,pick_up_the_alphabet_soup_and_place_it_in_the_basket,,,,,,,,,,,,27,,pick up the alphabet soup and place it in the basket,pick up the alphabet soup and place it in the basket add 27,pick_up_the_alphabet_soup_and_place_it_in_the_basket_add_27
1833,Objects Layout,1,4,pick_up_the_alphabet_soup_and_place_it_in_the_basket,,,,,,,,,,,,28,,pick up the alphabet soup and place it in the basket,pick up the alphabet soup and place it in the basket add 28,pick_up_the_alphabet_soup_and_place_it_in_the_basket_add_28
1834,Objects Layout,1,4,pick_up_the_alphabet_soup_and_place_it_in_the_basket,,,,,,,,,,,,29,,pick up the alphabet soup and place it in the basket,pick up the alphabet soup and place it in the basket add 29,pick_up_the_alphabet_soup_and_place_it_in_the_basket_add_29
1835,Objects Layout,2,3,pick_up_the_alphabet_soup_and_place_it_in_the_basket,,,,,,,,,,,,30,,pick up the alphabet soup and place it in the basket,pick up the alphabet soup and place it in the basket add 30,pick_up_the_alphabet_soup_and_place_it_in_the_basket_add_30
1836,Objects Layout,1,4,pick_up_the_alphabet_soup_and_place_it_in_the_basket,,,,,,,,,,,,5,,pick up the alphabet soup and place it in the basket,pick up the alphabet soup and place it in the basket add 5,pick_up_the_alphabet_soup_and_place_it_in_the_basket_add_5
1837,Objects Layout,1,4,pick_up_the_alphabet_soup_and_place_it_in_the_basket,,,,,,,,,,,,7,,pick up the alphabet soup and place it in the basket,pick up the alphabet soup and place it in the basket add 7,pick_up_the_alphabet_soup_and_place_it_in_the_basket_add_7
1838,Objects Layout,1,4,pick_up_the_alphabet_soup_and_place_it_in_the_basket,,,,,,,,,,,,9,,pick up the alphabet soup and place it in the basket,pick up the alphabet soup and place it in the basket add 9,pick_up_the_alphabet_soup_and_place_it_in_the_basket_add_9
1839,Objects Layout,4,1,pick_up_the_alphabet_soup_and_place_it_in_the_basket,,,,,,,,,,,,,1,pick up the alphabet soup and place it in the basket,pick up the alphabet soup and place it in the basket level1 sample1,pick_up_the_alphabet_soup_and_place_it_in_the_basket_level1_sample1
1840,Objects Layout,4,1,pick_up_the_alphabet_soup_and_place_it_in_the_basket,,,,,,,,,,,,,1,pick up the alphabet soup and place it in the basket,pick up the alphabet soup and place it in the basket level1 sample2,pick_up_the_alphabet_soup_and_place_it_in_the_basket_level1_sample2
1841,Objects Layout,4,1,pick_up_the_alphabet_soup_and_place_it_in_the_basket,,,,,,,,,,,,,1,pick up the alphabet soup and place it in the basket,pick up the alphabet soup and place it in the basket level1 sample3,pick_up_the_alphabet_soup_and_place_it_in_the_basket_level1_sample3
1842,Objects Layout,4,1,pick_up_the_alphabet_soup_and_place_it_in_the_basket,,,,,,,,,,,,,1,pick up the alphabet soup and place it in the basket,pick up the alphabet soup and place it in the basket level1 sample4,pick_up_the_alphabet_soup_and_place_it_in_the_basket_level1_sample4
1843,Objects Layout,5,0,pick_up_the_alphabet_soup_and_place_it_in_the_basket,,,,,,,,,,,,,2,pick up the alphabet soup and place it in the basket,pick up the alphabet soup and place it in the basket level2 sample1,pick_up_the_alphabet_soup_and_place_it_in_the_basket_level2_sample1
1844,Objects Layout,4,1,pick_up_the_alphabet_soup_and_place_it_in_the_basket,,,,,,,,,,,,,2,pick up the alphabet soup and place it in the basket,pick up the alphabet soup and place it in the basket level2 sample2,pick_up_the_alphabet_soup_and_place_it_in_the_basket_level2_sample2
1845,Objects Layout,4,1,pick_up_the_alphabet_soup_and_place_it_in_the_basket,,,,,,,,,,,,,2,pick up the alphabet soup and place it in the basket,pick up the alphabet soup and place it in the basket level2 sample3,pick_up_the_alphabet_soup_and_place_it_in_the_basket_level2_sample3
1846,Objects Layout,4,1,pick_up_the_alphabet_soup_and_place_it_in_the_basket,,,,,,,,,,,,,2,pick up the alphabet soup and place it in the basket,pick up the alphabet soup and place it in the basket level2 sample4,pick_up_the_alphabet_soup_and_place_it_in_the_basket_level2_sample4
1847,Objects Layout,3,2,pick_up_the_alphabet_soup_and_place_it_in_the_basket,,,,,,,,,,,,,3,pick up the alphabet soup and place it in the basket,pick up the alphabet soup and place it in the basket level3 sample1,pick_up_the_alphabet_soup_and_place_it_in_the_basket_level3_sample1
1848,Objects Layout,5,0,pick_up_the_alphabet_soup_and_place_it_in_the_basket,,,,,,,,,,,,,3,pick up the alphabet soup and place it in the basket,pick up the alphabet soup and place it in the basket level3 sample2,pick_up_the_alphabet_soup_and_place_it_in_the_basket_level3_sample2
1849,Objects Layout,5,0,pick_up_the_alphabet_soup_and_place_it_in_the_basket,,,,,,,,,,,,,3,pick up the alphabet soup and place it in the basket,pick up the alphabet soup and place it in the basket level3 sample3,pick_up_the_alphabet_soup_and_place_it_in_the_basket_level3_sample3
1850,Objects Layout,5,0,pick_up_the_alphabet_soup_and_place_it_in_the_basket,,,,,,,,,,,,,3,pick up the alphabet soup and place it in the basket,pick up the alphabet soup and place it in the basket level3 sample4,pick_up_the_alphabet_soup_and_place_it_in_the_basket_level3_sample4
1851,Objects Layout,4,1,pick_up_the_alphabet_soup_and_place_it_in_the_basket,,,,,,,,,,,,,4,pick up the alphabet soup and place it in the basket,pick up the alphabet soup and place it in the basket level4 sample1,pick_up_the_alphabet_soup_and_place_it_in_the_basket_level4_sample1
1852,Objects Layout,4,1,pick_up_the_alphabet_soup_and_place_it_in_the_basket,,,,,,,,,,,,,4,pick up the alphabet soup and place it in the basket,pick up the alphabet soup and place it in the basket level4 sample2,pick_up_the_alphabet_soup_and_place_it_in_the_basket_level4_sample2
1853,Objects Layout,5,0,pick_up_the_alphabet_soup_and_place_it_in_the_basket,,,,,,,,,,,,,4,pick up the alphabet soup and place it in the basket,pick up the alphabet soup and place it in the basket level4 sample3,pick_up_the_alphabet_soup_and_place_it_in_the_basket_level4_sample3
1854,Objects Layout,4,1,pick_up_the_alphabet_soup_and_place_it_in_the_basket,,,,,,,,,,,,,4,pick up the alphabet soup and place it in the basket,pick up the alphabet soup and place it in the basket level4 sample4,pick_up_the_alphabet_soup_and_place_it_in_the_basket_level4_sample4
1855,Objects Layout,4,1,pick_up_the_alphabet_soup_and_place_it_in_the_basket,,,,,,,,,,,,,5,pick up the alphabet soup and place it in the basket,pick up the alphabet soup and place it in the basket level5 sample1,pick_up_the_alphabet_soup_and_place_it_in_the_basket_level5_sample1
1856,Objects Layout,5,0,pick_up_the_alphabet_soup_and_place_it_in_the_basket,,,,,,,,,,,,,5,pick up the alphabet soup and place it in the basket,pick up the alphabet soup and place it in the basket level5 sample2,pick_up_the_alphabet_soup_and_place_it_in_the_basket_level5_sample2
1857,Objects Layout,5,0,pick_up_the_alphabet_soup_and_place_it_in_the_basket,,,,,,,,,,,,,5,pick up the alphabet soup and place it in the basket,pick up the alphabet soup and place it in the basket level5 sample3,pick_up_the_alphabet_soup_and_place_it_in_the_basket_level5_sample3
1858,Objects Layout,5,0,pick_up_the_alphabet_soup_and_place_it_in_the_basket,,,,,,,,,,,,,5,pick up the alphabet soup and place it in the basket,pick up the alphabet soup and place it in the basket level5 sample4,pick_up_the_alphabet_soup_and_place_it_in_the_basket_level5_sample4
1859,Objects Layout,2,3,pick_up_the_bbq_sauce_and_place_it_in_the_basket,,,,,,,,,,,,10,,pick up the bbq sauce and place it in the basket,pick up the bbq sauce and place it in the basket add 10,pick_up_the_bbq_sauce_and_place_it_in_the_basket_add_10
1860,Objects Layout,2,3,pick_up_the_bbq_sauce_and_place_it_in_the_basket,,,,,,,,,,,,11,,pick up the bbq sauce and place it in the basket,pick up the bbq sauce and place it in the basket add 11,pick_up_the_bbq_sauce_and_place_it_in_the_basket_add_11
1861,Objects Layout,1,4,pick_up_the_bbq_sauce_and_place_it_in_the_basket,,,,,,,,,,,,13,,pick up the bbq sauce and place it in the basket,pick up the bbq sauce and place it in the basket add 13,pick_up_the_bbq_sauce_and_place_it_in_the_basket_add_13
1862,Objects Layout,1,4,pick_up_the_bbq_sauce_and_place_it_in_the_basket,,,,,,,,,,,,14,,pick up the bbq sauce and place it in the basket,pick up the bbq sauce and place it in the basket add 14,pick_up_the_bbq_sauce_and_place_it_in_the_basket_add_14
1863,Objects Layout,3,2,pick_up_the_bbq_sauce_and_place_it_in_the_basket,,,,,,,,,,,,15,,pick up the bbq sauce and place it in the basket,pick up the bbq sauce and place it in the basket add 15,pick_up_the_bbq_sauce_and_place_it_in_the_basket_add_15
1864,Objects Layout,1,4,pick_up_the_bbq_sauce_and_place_it_in_the_basket,,,,,,,,,,,,16,,pick up the bbq sauce and place it in the basket,pick up the bbq sauce and place it in the basket add 16,pick_up_the_bbq_sauce_and_place_it_in_the_basket_add_16
1865,Objects Layout,2,3,pick_up_the_bbq_sauce_and_place_it_in_the_basket,,,,,,,,,,,,17,,pick up the bbq sauce and place it in the basket,pick up the bbq sauce and place it in the basket add 17,pick_up_the_bbq_sauce_and_place_it_in_the_basket_add_17
1866,Objects Layout,2,3,pick_up_the_bbq_sauce_and_place_it_in_the_basket,,,,,,,,,,,,18,,pick up the bbq sauce and place it in the basket,pick up the bbq sauce and place it in the basket add 18,pick_up_the_bbq_sauce_and_place_it_in_the_basket_add_18
1867,Objects Layout,2,3,pick_up_the_bbq_sauce_and_place_it_in_the_basket,,,,,,,,,,,,19,,pick up the bbq sauce and place it in the basket,pick up the bbq sauce and place it in the basket add 19,pick_up_the_bbq_sauce_and_place_it_in_the_basket_add_19
1868,Objects Layout,2,3,pick_up_the_bbq_sauce_and_place_it_in_the_basket,,,,,,,,,,,,21,,pick up the bbq sauce and place it in the basket,pick up the bbq sauce and place it in the basket add 21,pick_up_the_bbq_sauce_and_place_it_in_the_basket_add_21
1869,Objects Layout,3,2,pick_up_the_bbq_sauce_and_place_it_in_the_basket,,,,,,,,,,,,22,,pick up the bbq sauce and place it in the basket,pick up the bbq sauce and place it in the basket add 22,pick_up_the_bbq_sauce_and_place_it_in_the_basket_add_22
1870,Objects Layout,2,3,pick_up_the_bbq_sauce_and_place_it_in_the_basket,,,,,,,,,,,,23,,pick up the bbq sauce and place it in the basket,pick up the bbq sauce and place it in the basket add 23,pick_up_the_bbq_sauce_and_place_it_in_the_basket_add_23
1871,Objects Layout,3,2,pick_up_the_bbq_sauce_and_place_it_in_the_basket,,,,,,,,,,,,24,,pick up the bbq sauce and place it in the basket,pick up the bbq sauce and place it in the basket add 24,pick_up_the_bbq_sauce_and_place_it_in_the_basket_add_24
1872,Objects Layout,2,3,pick_up_the_bbq_sauce_and_place_it_in_the_basket,,,,,,,,,,,,26,,pick up the bbq sauce and place it in the basket,pick up the bbq sauce and place it in the basket add 26,pick_up_the_bbq_sauce_and_place_it_in_the_basket_add_26
1873,Objects Layout,3,2,pick_up_the_bbq_sauce_and_place_it_in_the_basket,,,,,,,,,,,,27,,pick up the bbq sauce and place it in the basket,pick up the bbq sauce and place it in the basket add 27,pick_up_the_bbq_sauce_and_place_it_in_the_basket_add_27
1874,Objects Layout,2,3,pick_up_the_bbq_sauce_and_place_it_in_the_basket,,,,,,,,,,,,28,,pick up the bbq sauce and place it in the basket,pick up the bbq sauce and place it in the basket add 28,pick_up_the_bbq_sauce_and_place_it_in_the_basket_add_28
1875,Objects Layout,1,4,pick_up_the_bbq_sauce_and_place_it_in_the_basket,,,,,,,,,,,,3,,pick up the bbq sauce and place it in the basket,pick up the bbq sauce and place it in the basket add 3,pick_up_the_bbq_sauce_and_place_it_in_the_basket_add_3
1876,Objects Layout,2,3,pick_up_the_bbq_sauce_and_place_it_in_the_basket,,,,,,,,,,,,30,,pick up the bbq sauce and place it in the basket,pick up the bbq sauce and place it in the basket add 30,pick_up_the_bbq_sauce_and_place_it_in_the_basket_add_30
1877,Objects Layout,3,2,pick_up_the_bbq_sauce_and_place_it_in_the_basket,,,,,,,,,,,,4,,pick up the bbq sauce and place it in the basket,pick up the bbq sauce and place it in the basket add 4,pick_up_the_bbq_sauce_and_place_it_in_the_basket_add_4
1878,Objects Layout,1,4,pick_up_the_bbq_sauce_and_place_it_in_the_basket,,,,,,,,,,,,5,,pick up the bbq sauce and place it in the basket,pick up the bbq sauce and place it in the basket add 5,pick_up_the_bbq_sauce_and_place_it_in_the_basket_add_5
1879,Objects Layout,1,4,pick_up_the_bbq_sauce_and_place_it_in_the_basket,,,,,,,,,,,,6,,pick up the bbq sauce and place it in the basket,pick up the bbq sauce and place it in the basket add 6,pick_up_the_bbq_sauce_and_place_it_in_the_basket_add_6
1880,Objects Layout,3,2,pick_up_the_bbq_sauce_and_place_it_in_the_basket,,,,,,,,,,,,7,,pick up the bbq sauce and place it in the basket,pick up the bbq sauce and place it in the basket add 7,pick_up_the_bbq_sauce_and_place_it_in_the_basket_add_7
1881,Objects Layout,1,4,pick_up_the_bbq_sauce_and_place_it_in_the_basket,,,,,,,,,,,,8,,pick up the bbq sauce and place it in the basket,pick up the bbq sauce and place it in the basket add 8,pick_up_the_bbq_sauce_and_place_it_in_the_basket_add_8
1882,Objects Layout,2,3,pick_up_the_bbq_sauce_and_place_it_in_the_basket,,,,,,,,,,,,9,,pick up the bbq sauce and place it in the basket,pick up the bbq sauce and place it in the basket add 9,pick_up_the_bbq_sauce_and_place_it_in_the_basket_add_9
1883,Objects Layout,5,0,pick_up_the_bbq_sauce_and_place_it_in_the_basket,,,,,,,,,,,,,1,pick up the bbq sauce and place it in the basket,pick up the bbq sauce and place it in the basket level1 sample1,pick_up_the_bbq_sauce_and_place_it_in_the_basket_level1_sample1
1884,Objects Layout,5,0,pick_up_the_bbq_sauce_and_place_it_in_the_basket,,,,,,,,,,,,,1,pick up the bbq sauce and place it in the basket,pick up the bbq sauce and place it in the basket level1 sample2,pick_up_the_bbq_sauce_and_place_it_in_the_basket_level1_sample2
1885,Objects Layout,5,0,pick_up_the_bbq_sauce_and_place_it_in_the_basket,,,,,,,,,,,,,1,pick up the bbq sauce and place it in the basket,pick up the bbq sauce and place it in the basket level1 sample3,pick_up_the_bbq_sauce_and_place_it_in_the_basket_level1_sample3
1886,Objects Layout,5,0,pick_up_the_bbq_sauce_and_place_it_in_the_basket,,,,,,,,,,,,,1,pick up the bbq sauce and place it in the basket,pick up the bbq sauce and place it in the basket level1 sample4,pick_up_the_bbq_sauce_and_place_it_in_the_basket_level1_sample4
1887,Objects Layout,5,0,pick_up_the_bbq_sauce_and_place_it_in_the_basket,,,,,,,,,,,,,2,pick up the bbq sauce and place it in the basket,pick up the bbq sauce and place it in the basket level2 sample1,pick_up_the_bbq_sauce_and_place_it_in_the_basket_level2_sample1
1888,Objects Layout,5,0,pick_up_the_bbq_sauce_and_place_it_in_the_basket,,,,,,,,,,,,,2,pick up the bbq sauce and place it in the basket,pick up the bbq sauce and place it in the basket level2 sample2,pick_up_the_bbq_sauce_and_place_it_in_the_basket_level2_sample2
1889,Objects Layout,5,0,pick_up_the_bbq_sauce_and_place_it_in_the_basket,,,,,,,,,,,,,2,pick up the bbq sauce and place it in the basket,pick up the bbq sauce and place it in the basket level2 sample3,pick_up_the_bbq_sauce_and_place_it_in_the_basket_level2_sample3
1890,Objects Layout,5,0,pick_up_the_bbq_sauce_and_place_it_in_the_basket,,,,,,,,,,,,,2,pick up the bbq sauce and place it in the basket,pick up the bbq sauce and place it in the basket level2 sample4,pick_up_the_bbq_sauce_and_place_it_in_the_basket_level2_sample4
1891,Objects Layout,5,0,pick_up_the_bbq_sauce_and_place_it_in_the_basket,,,,,,,,,,,,,3,pick up the bbq sauce and place it in the basket,pick up the bbq sauce and place it in the basket level3 sample1,pick_up_the_bbq_sauce_and_place_it_in_the_basket_level3_sample1
1892,Objects Layout,5,0,pick_up_the_bbq_sauce_and_place_it_in_the_basket,,,,,,,,,,,,,3,pick up the bbq sauce and place it in the basket,pick up the bbq sauce and place it in the basket level3 sample2,pick_up_the_bbq_sauce_and_place_it_in_the_basket_level3_sample2
1893,Objects Layout,5,0,pick_up_the_bbq_sauce_and_place_it_in_the_basket,,,,,,,,,,,,,3,pick up the bbq sauce and place it in the basket,pick up the bbq sauce and place it in the basket level3 sample3,pick_up_the_bbq_sauce_and_place_it_in_the_basket_level3_sample3
1894,Objects Layout,5,0,pick_up_the_bbq_sauce_and_place_it_in_the_basket,,,,,,,,,,,,,3,pick up the bbq sauce and place it in the basket,pick up the bbq sauce and place it in the basket level3 sample4,pick_up_the_bbq_sauce_and_place_it_in_the_basket_level3_sample4
1895,Objects Layout,5,0,pick_up_the_bbq_sauce_and_place_it_in_the_basket,,,,,,,,,,,,,4,pick up the bbq sauce and place it in the basket,pick up the bbq sauce and place it in the basket level4 sample1,pick_up_the_bbq_sauce_and_place_it_in_the_basket_level4_sample1
1896,Objects Layout,5,0,pick_up_the_bbq_sauce_and_place_it_in_the_basket,,,,,,,,,,,,,4,pick up the bbq sauce and place it in the basket,pick up the bbq sauce and place it in the basket level4 sample2,pick_up_the_bbq_sauce_and_place_it_in_the_basket_level4_sample2
1897,Objects Layout,5,0,pick_up_the_bbq_sauce_and_place_it_in_the_basket,,,,,,,,,,,,,4,pick up the bbq sauce and place it in the basket,pick up the bbq sauce and place it in the basket level4 sample3,pick_up_the_bbq_sauce_and_place_it_in_the_basket_level4_sample3
1898,Objects Layout,5,0,pick_up_the_bbq_sauce_and_place_it_in_the_basket,,,,,,,,,,,,,4,pick up the bbq sauce and place it in the basket,pick up the bbq sauce and place it in the basket level4 sample4,pick_up_the_bbq_sauce_and_place_it_in_the_basket_level4_sample4
1899,Objects Layout,5,0,pick_up_the_bbq_sauce_and_place_it_in_the_basket,,,,,,,,,,,,,5,pick up the bbq sauce and place it in the basket,pick up the bbq sauce and place it in the basket level5 sample1,pick_up_the_bbq_sauce_and_place_it_in_the_basket_level5_sample1
1900,Objects Layout,5,0,pick_up_the_bbq_sauce_and_place_it_in_the_basket,,,,,,,,,,,,,5,pick up the bbq sauce and place it in the basket,pick up the bbq sauce and place it in the basket level5 sample2,pick_up_the_bbq_sauce_and_place_it_in_the_basket_level5_sample2
1901,Objects Layout,5,0,pick_up_the_bbq_sauce_and_place_it_in_the_basket,,,,,,,,,,,,,5,pick up the bbq sauce and place it in the basket,pick up the bbq sauce and place it in the basket level5 sample3,pick_up_the_bbq_sauce_and_place_it_in_the_basket_level5_sample3
1902,Objects Layout,5,0,pick_up_the_bbq_sauce_and_place_it_in_the_basket,,,,,,,,,,,,,5,pick up the bbq sauce and place it in the basket,pick up the bbq sauce and place it in the basket level5 sample4,pick_up_the_bbq_sauce_and_place_it_in_the_basket_level5_sample4
1903,Objects Layout,2,3,pick_up_the_butter_and_place_it_in_the_basket,,,,,,,,,,,,11,,pick up the butter and place it in the basket,pick up the butter and place it in the basket add 11,pick_up_the_butter_and_place_it_in_the_basket_add_11
1904,Objects Layout,5,0,pick_up_the_butter_and_place_it_in_the_basket,,,,,,,,,,,,12,,pick up the butter and place it in the basket,pick up the butter and place it in the basket add 12,pick_up_the_butter_and_place_it_in_the_basket_add_12
1905,Objects Layout,1,4,pick_up_the_butter_and_place_it_in_the_basket,,,,,,,,,,,,13,,pick up the butter and place it in the basket,pick up the butter and place it in the basket add 13,pick_up_the_butter_and_place_it_in_the_basket_add_13
1906,Objects Layout,2,3,pick_up_the_butter_and_place_it_in_the_basket,,,,,,,,,,,,14,,pick up the butter and place it in the basket,pick up the butter and place it in the basket add 14,pick_up_the_butter_and_place_it_in_the_basket_add_14
1907,Objects Layout,1,4,pick_up_the_butter_and_place_it_in_the_basket,,,,,,,,,,,,15,,pick up the butter and place it in the basket,pick up the butter and place it in the basket add 15,pick_up_the_butter_and_place_it_in_the_basket_add_15
1908,Objects Layout,4,1,pick_up_the_butter_and_place_it_in_the_basket,,,,,,,,,,,,16,,pick up the butter and place it in the basket,pick up the butter and place it in the basket add 16,pick_up_the_butter_and_place_it_in_the_basket_add_16
1909,Objects Layout,5,0,pick_up_the_butter_and_place_it_in_the_basket,,,,,,,,,,,,17,,pick up the butter and place it in the basket,pick up the butter and place it in the basket add 17,pick_up_the_butter_and_place_it_in_the_basket_add_17
1910,Objects Layout,1,4,pick_up_the_butter_and_place_it_in_the_basket,,,,,,,,,,,,18,,pick up the butter and place it in the basket,pick up the butter and place it in the basket add 18,pick_up_the_butter_and_place_it_in_the_basket_add_18
1911,Objects Layout,2,3,pick_up_the_butter_and_place_it_in_the_basket,,,,,,,,,,,,2,,pick up the butter and place it in the basket,pick up the butter and place it in the basket add 2,pick_up_the_butter_and_place_it_in_the_basket_add_2
1912,Objects Layout,5,0,pick_up_the_butter_and_place_it_in_the_basket,,,,,,,,,,,,20,,pick up the butter and place it in the basket,pick up the butter and place it in the basket add 20,pick_up_the_butter_and_place_it_in_the_basket_add_20
1913,Objects Layout,2,3,pick_up_the_butter_and_place_it_in_the_basket,,,,,,,,,,,,21,,pick up the butter and place it in the basket,pick up the butter and place it in the basket add 21,pick_up_the_butter_and_place_it_in_the_basket_add_21
1914,Objects Layout,4,1,pick_up_the_butter_and_place_it_in_the_basket,,,,,,,,,,,,22,,pick up the butter and place it in the basket,pick up the butter and place it in the basket add 22,pick_up_the_butter_and_place_it_in_the_basket_add_22
1915,Objects Layout,5,0,pick_up_the_butter_and_place_it_in_the_basket,,,,,,,,,,,,23,,pick up the butter and place it in the basket,pick up the butter and place it in the basket add 23,pick_up_the_butter_and_place_it_in_the_basket_add_23
1916,Objects Layout,1,4,pick_up_the_butter_and_place_it_in_the_basket,,,,,,,,,,,,25,,pick up the butter and place it in the basket,pick up the butter and place it in the basket add 25,pick_up_the_butter_and_place_it_in_the_basket_add_25
1917,Objects Layout,3,2,pick_up_the_butter_and_place_it_in_the_basket,,,,,,,,,,,,26,,pick up the butter and place it in the basket,pick up the butter and place it in the basket add 26,pick_up_the_butter_and_place_it_in_the_basket_add_26
1918,Objects Layout,5,0,pick_up_the_butter_and_place_it_in_the_basket,,,,,,,,,,,,27,,pick up the butter and place it in the basket,pick up the butter and place it in the basket add 27,pick_up_the_butter_and_place_it_in_the_basket_add_27
1919,Objects Layout,4,1,pick_up_the_butter_and_place_it_in_the_basket,,,,,,,,,,,,28,,pick up the butter and place it in the basket,pick up the butter and place it in the basket add 28,pick_up_the_butter_and_place_it_in_the_basket_add_28
1920,Objects Layout,5,0,pick_up_the_butter_and_place_it_in_the_basket,,,,,,,,,,,,29,,pick up the butter and place it in the basket,pick up the butter and place it in the basket add 29,pick_up_the_butter_and_place_it_in_the_basket_add_29
1921,Objects Layout,2,3,pick_up_the_butter_and_place_it_in_the_basket,,,,,,,,,,,,3,,pick up the butter and place it in the basket,pick up the butter and place it in the basket add 3,pick_up_the_butter_and_place_it_in_the_basket_add_3
1922,Objects Layout,1,4,pick_up_the_butter_and_place_it_in_the_basket,,,,,,,,,,,,30,,pick up the butter and place it in the basket,pick up the butter and place it in the basket add 30,pick_up_the_butter_and_place_it_in_the_basket_add_30
1923,Objects Layout,1,4,pick_up_the_butter_and_place_it_in_the_basket,,,,,,,,,,,,6,,pick up the butter and place it in the basket,pick up the butter and place it in the basket add 6,pick_up_the_butter_and_place_it_in_the_basket_add_6
1924,Objects Layout,1,4,pick_up_the_butter_and_place_it_in_the_basket,,,,,,,,,,,,7,,pick up the butter and place it in the basket,pick up the butter and place it in the basket add 7,pick_up_the_butter_and_place_it_in_the_basket_add_7
1925,Objects Layout,1,4,pick_up_the_butter_and_place_it_in_the_basket,,,,,,,,,,,,8,,pick up the butter and place it in the basket,pick up the butter and place it in the basket add 8,pick_up_the_butter_and_place_it_in_the_basket_add_8
1926,Objects Layout,1,4,pick_up_the_butter_and_place_it_in_the_basket,,,,,,,,,,,,9,,pick up the butter and place it in the basket,pick up the butter and place it in the basket add 9,pick_up_the_butter_and_place_it_in_the_basket_add_9
1927,Objects Layout,2,3,pick_up_the_butter_and_place_it_in_the_basket,,,,,,,,,,,,,1,pick up the butter and place it in the basket,pick up the butter and place it in the basket level1 sample1,pick_up_the_butter_and_place_it_in_the_basket_level1_sample1
1928,Objects Layout,1,4,pick_up_the_butter_and_place_it_in_the_basket,,,,,,,,,,,,,1,pick up the butter and place it in the basket,pick up the butter and place it in the basket level1 sample2,pick_up_the_butter_and_place_it_in_the_basket_level1_sample2
1929,Objects Layout,2,3,pick_up_the_butter_and_place_it_in_the_basket,,,,,,,,,,,,,1,pick up the butter and place it in the basket,pick up the butter and place it in the basket level1 sample3,pick_up_the_butter_and_place_it_in_the_basket_level1_sample3
1930,Objects Layout,2,3,pick_up_the_butter_and_place_it_in_the_basket,,,,,,,,,,,,,1,pick up the butter and place it in the basket,pick up the butter and place it in the basket level1 sample4,pick_up_the_butter_and_place_it_in_the_basket_level1_sample4
1931,Objects Layout,4,1,pick_up_the_butter_and_place_it_in_the_basket,,,,,,,,,,,,,2,pick up the butter and place it in the basket,pick up the butter and place it in the basket level2 sample1,pick_up_the_butter_and_place_it_in_the_basket_level2_sample1
1932,Objects Layout,5,0,pick_up_the_butter_and_place_it_in_the_basket,,,,,,,,,,,,,2,pick up the butter and place it in the basket,pick up the butter and place it in the basket level2 sample2,pick_up_the_butter_and_place_it_in_the_basket_level2_sample2
1933,Objects Layout,5,0,pick_up_the_butter_and_place_it_in_the_basket,,,,,,,,,,,,,2,pick up the butter and place it in the basket,pick up the butter and place it in the basket level2 sample3,pick_up_the_butter_and_place_it_in_the_basket_level2_sample3
1934,Objects Layout,3,2,pick_up_the_butter_and_place_it_in_the_basket,,,,,,,,,,,,,2,pick up the butter and place it in the basket,pick up the butter and place it in the basket level2 sample4,pick_up_the_butter_and_place_it_in_the_basket_level2_sample4
1935,Objects Layout,4,1,pick_up_the_butter_and_place_it_in_the_basket,,,,,,,,,,,,,3,pick up the butter and place it in the basket,pick up the butter and place it in the basket level3 sample1,pick_up_the_butter_and_place_it_in_the_basket_level3_sample1
1936,Objects Layout,5,0,pick_up_the_butter_and_place_it_in_the_basket,,,,,,,,,,,,,3,pick up the butter and place it in the basket,pick up the butter and place it in the basket level3 sample2,pick_up_the_butter_and_place_it_in_the_basket_level3_sample2
1937,Objects Layout,5,0,pick_up_the_butter_and_place_it_in_the_basket,,,,,,,,,,,,,3,pick up the butter and place it in the basket,pick up the butter and place it in the basket level3 sample3,pick_up_the_butter_and_place_it_in_the_basket_level3_sample3
1938,Objects Layout,5,0,pick_up_the_butter_and_place_it_in_the_basket,,,,,,,,,,,,,3,pick up the butter and place it in the basket,pick up the butter and place it in the basket level3 sample4,pick_up_the_butter_and_place_it_in_the_basket_level3_sample4
1939,Objects Layout,3,2,pick_up_the_butter_and_place_it_in_the_basket,,,,,,,,,,,,,4,pick up the butter and place it in the basket,pick up the butter and place it in the basket level4 sample1,pick_up_the_butter_and_place_it_in_the_basket_level4_sample1
1940,Objects Layout,5,0,pick_up_the_butter_and_place_it_in_the_basket,,,,,,,,,,,,,4,pick up the butter and place it in the basket,pick up the butter and place it in the basket level4 sample2,pick_up_the_butter_and_place_it_in_the_basket_level4_sample2
1941,Objects Layout,5,0,pick_up_the_butter_and_place_it_in_the_basket,,,,,,,,,,,,,4,pick up the butter and place it in the basket,pick up the butter and place it in the basket level4 sample3,pick_up_the_butter_and_place_it_in_the_basket_level4_sample3
1942,Objects Layout,2,3,pick_up_the_butter_and_place_it_in_the_basket,,,,,,,,,,,,,4,pick up the butter and place it in the basket,pick up the butter and place it in the basket level4 sample4,pick_up_the_butter_and_place_it_in_the_basket_level4_sample4
1943,Objects Layout,5,0,pick_up_the_butter_and_place_it_in_the_basket,,,,,,,,,,,,,5,pick up the butter and place it in the basket,pick up the butter and place it in the basket level5 sample1,pick_up_the_butter_and_place_it_in_the_basket_level5_sample1
1944,Objects Layout,4,1,pick_up_the_butter_and_place_it_in_the_basket,,,,,,,,,,,,,5,pick up the butter and place it in the basket,pick up the butter and place it in the basket level5 sample2,pick_up_the_butter_and_place_it_in_the_basket_level5_sample2
1945,Objects Layout,5,0,pick_up_the_butter_and_place_it_in_the_basket,,,,,,,,,,,,,5,pick up the butter and place it in the basket,pick up the butter and place it in the basket level5 sample3,pick_up_the_butter_and_place_it_in_the_basket_level5_sample3
1946,Objects Layout,4,1,pick_up_the_butter_and_place_it_in_the_basket,,,,,,,,,,,,,5,pick up the butter and place it in the basket,pick up the butter and place it in the basket level5 sample4,pick_up_the_butter_and_place_it_in_the_basket_level5_sample4
1947,Objects Layout,2,3,pick_up_the_chocolate_pudding_and_place_it_in_the_basket,,,,,,,,,,,,11,,pick up the chocolate pudding and place it in the basket,pick up the chocolate pudding and place it in the basket add 11,pick_up_the_chocolate_pudding_and_place_it_in_the_basket_add_11
1948,Objects Layout,2,3,pick_up_the_chocolate_pudding_and_place_it_in_the_basket,,,,,,,,,,,,13,,pick up the chocolate pudding and place it in the basket,pick up the chocolate pudding and place it in the basket add 13,pick_up_the_chocolate_pudding_and_place_it_in_the_basket_add_13
1949,Objects Layout,1,4,pick_up_the_chocolate_pudding_and_place_it_in_the_basket,,,,,,,,,,,,14,,pick up the chocolate pudding and place it in the basket,pick up the chocolate pudding and place it in the basket add 14,pick_up_the_chocolate_pudding_and_place_it_in_the_basket_add_14
1950,Objects Layout,1,4,pick_up_the_chocolate_pudding_and_place_it_in_the_basket,,,,,,,,,,,,15,,pick up the chocolate pudding and place it in the basket,pick up the chocolate pudding and place it in the basket add 15,pick_up_the_chocolate_pudding_and_place_it_in_the_basket_add_15
1951,Objects Layout,1,4,pick_up_the_chocolate_pudding_and_place_it_in_the_basket,,,,,,,,,,,,17,,pick up the chocolate pudding and place it in the basket,pick up the chocolate pudding and place it in the basket add 17,pick_up_the_chocolate_pudding_and_place_it_in_the_basket_add_17
1952,Objects Layout,2,3,pick_up_the_chocolate_pudding_and_place_it_in_the_basket,,,,,,,,,,,,19,,pick up the chocolate pudding and place it in the basket,pick up the chocolate pudding and place it in the basket add 19,pick_up_the_chocolate_pudding_and_place_it_in_the_basket_add_19
1953,Objects Layout,2,3,pick_up_the_chocolate_pudding_and_place_it_in_the_basket,,,,,,,,,,,,20,,pick up the chocolate pudding and place it in the basket,pick up the chocolate pudding and place it in the basket add 20,pick_up_the_chocolate_pudding_and_place_it_in_the_basket_add_20
1954,Objects Layout,1,4,pick_up_the_chocolate_pudding_and_place_it_in_the_basket,,,,,,,,,,,,22,,pick up the chocolate pudding and place it in the basket,pick up the chocolate pudding and place it in the basket add 22,pick_up_the_chocolate_pudding_and_place_it_in_the_basket_add_22
1955,Objects Layout,2,3,pick_up_the_chocolate_pudding_and_place_it_in_the_basket,,,,,,,,,,,,26,,pick up the chocolate pudding and place it in the basket,pick up the chocolate pudding and place it in the basket add 26,pick_up_the_chocolate_pudding_and_place_it_in_the_basket_add_26
1956,Objects Layout,1,4,pick_up_the_chocolate_pudding_and_place_it_in_the_basket,,,,,,,,,,,,27,,pick up the chocolate pudding and place it in the basket,pick up the chocolate pudding and place it in the basket add 27,pick_up_the_chocolate_pudding_and_place_it_in_the_basket_add_27
1957,Objects Layout,2,3,pick_up_the_chocolate_pudding_and_place_it_in_the_basket,,,,,,,,,,,,28,,pick up the chocolate pudding and place it in the basket,pick up the chocolate pudding and place it in the basket add 28,pick_up_the_chocolate_pudding_and_place_it_in_the_basket_add_28
1958,Objects Layout,1,4,pick_up_the_chocolate_pudding_and_place_it_in_the_basket,,,,,,,,,,,,29,,pick up the chocolate pudding and place it in the basket,pick up the chocolate pudding and place it in the basket add 29,pick_up_the_chocolate_pudding_and_place_it_in_the_basket_add_29
1959,Objects Layout,1,4,pick_up_the_chocolate_pudding_and_place_it_in_the_basket,,,,,,,,,,,,30,,pick up the chocolate pudding and place it in the basket,pick up the chocolate pudding and place it in the basket add 30,pick_up_the_chocolate_pudding_and_place_it_in_the_basket_add_30
1960,Objects Layout,3,2,pick_up_the_chocolate_pudding_and_place_it_in_the_basket,,,,,,,,,,,,4,,pick up the chocolate pudding and place it in the basket,pick up the chocolate pudding and place it in the basket add 4,pick_up_the_chocolate_pudding_and_place_it_in_the_basket_add_4
1961,Objects Layout,1,4,pick_up_the_chocolate_pudding_and_place_it_in_the_basket,,,,,,,,,,,,5,,pick up the chocolate pudding and place it in the basket,pick up the chocolate pudding and place it in the basket add 5,pick_up_the_chocolate_pudding_and_place_it_in_the_basket_add_5
1962,Objects Layout,1,4,pick_up_the_chocolate_pudding_and_place_it_in_the_basket,,,,,,,,,,,,6,,pick up the chocolate pudding and place it in the basket,pick up the chocolate pudding and place it in the basket add 6,pick_up_the_chocolate_pudding_and_place_it_in_the_basket_add_6
1963,Objects Layout,1,4,pick_up_the_chocolate_pudding_and_place_it_in_the_basket,,,,,,,,,,,,7,,pick up the chocolate pudding and place it in the basket,pick up the chocolate pudding and place it in the basket add 7,pick_up_the_chocolate_pudding_and_place_it_in_the_basket_add_7
1964,Objects Layout,1,4,pick_up_the_chocolate_pudding_and_place_it_in_the_basket,,,,,,,,,,,,9,,pick up the chocolate pudding and place it in the basket,pick up the chocolate pudding and place it in the basket add 9,pick_up_the_chocolate_pudding_and_place_it_in_the_basket_add_9
1965,Objects Layout,5,0,pick_up_the_chocolate_pudding_and_place_it_in_the_basket,,,,,,,,,,,,,1,pick up the chocolate pudding and place it in the basket,pick up the chocolate pudding and place it in the basket level1 sample1,pick_up_the_chocolate_pudding_and_place_it_in_the_basket_level1_sample1
1966,Objects Layout,5,0,pick_up_the_chocolate_pudding_and_place_it_in_the_basket,,,,,,,,,,,,,1,pick up the chocolate pudding and place it in the basket,pick up the chocolate pudding and place it in the basket level1 sample2,pick_up_the_chocolate_pudding_and_place_it_in_the_basket_level1_sample2
1967,Objects Layout,5,0,pick_up_the_chocolate_pudding_and_place_it_in_the_basket,,,,,,,,,,,,,1,pick up the chocolate pudding and place it in the basket,pick up the chocolate pudding and place it in the basket level1 sample3,pick_up_the_chocolate_pudding_and_place_it_in_the_basket_level1_sample3
1968,Objects Layout,5,0,pick_up_the_chocolate_pudding_and_place_it_in_the_basket,,,,,,,,,,,,,1,pick up the chocolate pudding and place it in the basket,pick up the chocolate pudding and place it in the basket level1 sample4,pick_up_the_chocolate_pudding_and_place_it_in_the_basket_level1_sample4
1969,Objects Layout,5,0,pick_up_the_chocolate_pudding_and_place_it_in_the_basket,,,,,,,,,,,,,2,pick up the chocolate pudding and place it in the basket,pick up the chocolate pudding and place it in the basket level2 sample1,pick_up_the_chocolate_pudding_and_place_it_in_the_basket_level2_sample1
1970,Objects Layout,5,0,pick_up_the_chocolate_pudding_and_place_it_in_the_basket,,,,,,,,,,,,,2,pick up the chocolate pudding and place it in the basket,pick up the chocolate pudding and place it in the basket level2 sample2,pick_up_the_chocolate_pudding_and_place_it_in_the_basket_level2_sample2
1971,Objects Layout,5,0,pick_up_the_chocolate_pudding_and_place_it_in_the_basket,,,,,,,,,,,,,2,pick up the chocolate pudding and place it in the basket,pick up the chocolate pudding and place it in the basket level2 sample3,pick_up_the_chocolate_pudding_and_place_it_in_the_basket_level2_sample3
1972,Objects Layout,5,0,pick_up_the_chocolate_pudding_and_place_it_in_the_basket,,,,,,,,,,,,,2,pick up the chocolate pudding and place it in the basket,pick up the chocolate pudding and place it in the basket level2 sample4,pick_up_the_chocolate_pudding_and_place_it_in_the_basket_level2_sample4
1973,Objects Layout,5,0,pick_up_the_chocolate_pudding_and_place_it_in_the_basket,,,,,,,,,,,,,3,pick up the chocolate pudding and place it in the basket,pick up the chocolate pudding and place it in the basket level3 sample1,pick_up_the_chocolate_pudding_and_place_it_in_the_basket_level3_sample1
1974,Objects Layout,5,0,pick_up_the_chocolate_pudding_and_place_it_in_the_basket,,,,,,,,,,,,,3,pick up the chocolate pudding and place it in the basket,pick up the chocolate pudding and place it in the basket level3 sample2,pick_up_the_chocolate_pudding_and_place_it_in_the_basket_level3_sample2
1975,Objects Layout,5,0,pick_up_the_chocolate_pudding_and_place_it_in_the_basket,,,,,,,,,,,,,3,pick up the chocolate pudding and place it in the basket,pick up the chocolate pudding and place it in the basket level3 sample3,pick_up_the_chocolate_pudding_and_place_it_in_the_basket_level3_sample3
1976,Objects Layout,5,0,pick_up_the_chocolate_pudding_and_place_it_in_the_basket,,,,,,,,,,,,,3,pick up the chocolate pudding and place it in the basket,pick up the chocolate pudding and place it in the basket level3 sample4,pick_up_the_chocolate_pudding_and_place_it_in_the_basket_level3_sample4
1977,Objects Layout,5,0,pick_up_the_chocolate_pudding_and_place_it_in_the_basket,,,,,,,,,,,,,4,pick up the chocolate pudding and place it in the basket,pick up the chocolate pudding and place it in the basket level4 sample1,pick_up_the_chocolate_pudding_and_place_it_in_the_basket_level4_sample1
1978,Objects Layout,5,0,pick_up_the_chocolate_pudding_and_place_it_in_the_basket,,,,,,,,,,,,,4,pick up the chocolate pudding and place it in the basket,pick up the chocolate pudding and place it in the basket level4 sample2,pick_up_the_chocolate_pudding_and_place_it_in_the_basket_level4_sample2
1979,Objects Layout,5,0,pick_up_the_chocolate_pudding_and_place_it_in_the_basket,,,,,,,,,,,,,4,pick up the chocolate pudding and place it in the basket,pick up the chocolate pudding and place it in the basket level4 sample3,pick_up_the_chocolate_pudding_and_place_it_in_the_basket_level4_sample3
1980,Objects Layout,5,0,pick_up_the_chocolate_pudding_and_place_it_in_the_basket,,,,,,,,,,,,,4,pick up the chocolate pudding and place it in the basket,pick up the chocolate pudding and place it in the basket level4 sample4,pick_up_the_chocolate_pudding_and_place_it_in_the_basket_level4_sample4
1981,Objects Layout,5,0,pick_up_the_chocolate_pudding_and_place_it_in_the_basket,,,,,,,,,,,,,5,pick up the chocolate pudding and place it in the basket,pick up the chocolate pudding and place it in the basket level5 sample1,pick_up_the_chocolate_pudding_and_place_it_in_the_basket_level5_sample1
1982,Objects Layout,5,0,pick_up_the_chocolate_pudding_and_place_it_in_the_basket,,,,,,,,,,,,,5,pick up the chocolate pudding and place it in the basket,pick up the chocolate pudding and place it in the basket level5 sample2,pick_up_the_chocolate_pudding_and_place_it_in_the_basket_level5_sample2
1983,Objects Layout,5,0,pick_up_the_chocolate_pudding_and_place_it_in_the_basket,,,,,,,,,,,,,5,pick up the chocolate pudding and place it in the basket,pick up the chocolate pudding and place it in the basket level5 sample3,pick_up_the_chocolate_pudding_and_place_it_in_the_basket_level5_sample3
1984,Objects Layout,5,0,pick_up_the_chocolate_pudding_and_place_it_in_the_basket,,,,,,,,,,,,,5,pick up the chocolate pudding and place it in the basket,pick up the chocolate pudding and place it in the basket level5 sample4,pick_up_the_chocolate_pudding_and_place_it_in_the_basket_level5_sample4
1985,Objects Layout,1,4,pick_up_the_cream_cheese_and_place_it_in_the_basket,,,,,,,,,,,,14,,pick up the cream cheese and place it in the basket,pick up the cream cheese and place it in the basket add 14,pick_up_the_cream_cheese_and_place_it_in_the_basket_add_14
1986,Objects Layout,1,4,pick_up_the_cream_cheese_and_place_it_in_the_basket,,,,,,,,,,,,18,,pick up the cream cheese and place it in the basket,pick up the cream cheese and place it in the basket add 18,pick_up_the_cream_cheese_and_place_it_in_the_basket_add_18
1987,Objects Layout,1,4,pick_up_the_cream_cheese_and_place_it_in_the_basket,,,,,,,,,,,,22,,pick up the cream cheese and place it in the basket,pick up the cream cheese and place it in the basket add 22,pick_up_the_cream_cheese_and_place_it_in_the_basket_add_22
1988,Objects Layout,2,3,pick_up_the_cream_cheese_and_place_it_in_the_basket,,,,,,,,,,,,25,,pick up the cream cheese and place it in the basket,pick up the cream cheese and place it in the basket add 25,pick_up_the_cream_cheese_and_place_it_in_the_basket_add_25
1989,Objects Layout,1,4,pick_up_the_cream_cheese_and_place_it_in_the_basket,,,,,,,,,,,,26,,pick up the cream cheese and place it in the basket,pick up the cream cheese and place it in the basket add 26,pick_up_the_cream_cheese_and_place_it_in_the_basket_add_26
1990,Objects Layout,2,3,pick_up_the_cream_cheese_and_place_it_in_the_basket,,,,,,,,,,,,28,,pick up the cream cheese and place it in the basket,pick up the cream cheese and place it in the basket add 28,pick_up_the_cream_cheese_and_place_it_in_the_basket_add_28
1991,Objects Layout,3,2,pick_up_the_cream_cheese_and_place_it_in_the_basket,,,,,,,,,,,,29,,pick up the cream cheese and place it in the basket,pick up the cream cheese and place it in the basket add 29,pick_up_the_cream_cheese_and_place_it_in_the_basket_add_29
1992,Objects Layout,5,0,pick_up_the_cream_cheese_and_place_it_in_the_basket,,,,,,,,,,,,,1,pick up the cream cheese and place it in the basket,pick up the cream cheese and place it in the basket level1 sample1,pick_up_the_cream_cheese_and_place_it_in_the_basket_level1_sample1
1993,Objects Layout,5,0,pick_up_the_cream_cheese_and_place_it_in_the_basket,,,,,,,,,,,,,1,pick up the cream cheese and place it in the basket,pick up the cream cheese and place it in the basket level1 sample2,pick_up_the_cream_cheese_and_place_it_in_the_basket_level1_sample2
1994,Objects Layout,5,0,pick_up_the_cream_cheese_and_place_it_in_the_basket,,,,,,,,,,,,,1,pick up the cream cheese and place it in the basket,pick up the cream cheese and place it in the basket level1 sample3,pick_up_the_cream_cheese_and_place_it_in_the_basket_level1_sample3
1995,Objects Layout,5,0,pick_up_the_cream_cheese_and_place_it_in_the_basket,,,,,,,,,,,,,1,pick up the cream cheese and place it in the basket,pick up the cream cheese and place it in the basket level1 sample4,pick_up_the_cream_cheese_and_place_it_in_the_basket_level1_sample4
1996,Objects Layout,5,0,pick_up_the_cream_cheese_and_place_it_in_the_basket,,,,,,,,,,,,,2,pick up the cream cheese and place it in the basket,pick up the cream cheese and place it in the basket level2 sample1,pick_up_the_cream_cheese_and_place_it_in_the_basket_level2_sample1
1997,Objects Layout,5,0,pick_up_the_cream_cheese_and_place_it_in_the_basket,,,,,,,,,,,,,2,pick up the cream cheese and place it in the basket,pick up the cream cheese and place it in the basket level2 sample2,pick_up_the_cream_cheese_and_place_it_in_the_basket_level2_sample2
1998,Objects Layout,5,0,pick_up_the_cream_cheese_and_place_it_in_the_basket,,,,,,,,,,,,,2,pick up the cream cheese and place it in the basket,pick up the cream cheese and place it in the basket level2 sample3,pick_up_the_cream_cheese_and_place_it_in_the_basket_level2_sample3
1999,Objects Layout,5,0,pick_up_the_cream_cheese_and_place_it_in_the_basket,,,,,,,,,,,,,2,pick up the cream cheese and place it in the basket,pick up the cream cheese and place it in the basket level2 sample4,pick_up_the_cream_cheese_and_place_it_in_the_basket_level2_sample4
2000,Objects Layout,5,0,pick_up_the_cream_cheese_and_place_it_in_the_basket,,,,,,,,,,,,,3,pick up the cream cheese and place it in the basket,pick up the cream cheese and place it in the basket level3 sample1,pick_up_the_cream_cheese_and_place_it_in_the_basket_level3_sample1
2001,Objects Layout,5,0,pick_up_the_cream_cheese_and_place_it_in_the_basket,,,,,,,,,,,,,3,pick up the cream cheese and place it in the basket,pick up the cream cheese and place it in the basket level3 sample2,pick_up_the_cream_cheese_and_place_it_in_the_basket_level3_sample2
2002,Objects Layout,5,0,pick_up_the_cream_cheese_and_place_it_in_the_basket,,,,,,,,,,,,,3,pick up the cream cheese and place it in the basket,pick up the cream cheese and place it in the basket level3 sample3,pick_up_the_cream_cheese_and_place_it_in_the_basket_level3_sample3
2003,Objects Layout,5,0,pick_up_the_cream_cheese_and_place_it_in_the_basket,,,,,,,,,,,,,3,pick up the cream cheese and place it in the basket,pick up the cream cheese and place it in the basket level3 sample4,pick_up_the_cream_cheese_and_place_it_in_the_basket_level3_sample4
2004,Objects Layout,5,0,pick_up_the_cream_cheese_and_place_it_in_the_basket,,,,,,,,,,,,,4,pick up the cream cheese and place it in the basket,pick up the cream cheese and place it in the basket level4 sample1,pick_up_the_cream_cheese_and_place_it_in_the_basket_level4_sample1
2005,Objects Layout,5,0,pick_up_the_cream_cheese_and_place_it_in_the_basket,,,,,,,,,,,,,4,pick up the cream cheese and place it in the basket,pick up the cream cheese and place it in the basket level4 sample2,pick_up_the_cream_cheese_and_place_it_in_the_basket_level4_sample2
2006,Objects Layout,5,0,pick_up_the_cream_cheese_and_place_it_in_the_basket,,,,,,,,,,,,,4,pick up the cream cheese and place it in the basket,pick up the cream cheese and place it in the basket level4 sample3,pick_up_the_cream_cheese_and_place_it_in_the_basket_level4_sample3
2007,Objects Layout,5,0,pick_up_the_cream_cheese_and_place_it_in_the_basket,,,,,,,,,,,,,4,pick up the cream cheese and place it in the basket,pick up the cream cheese and place it in the basket level4 sample4,pick_up_the_cream_cheese_and_place_it_in_the_basket_level4_sample4
2008,Objects Layout,5,0,pick_up_the_cream_cheese_and_place_it_in_the_basket,,,,,,,,,,,,,5,pick up the cream cheese and place it in the basket,pick up the cream cheese and place it in the basket level5 sample1,pick_up_the_cream_cheese_and_place_it_in_the_basket_level5_sample1
2009,Objects Layout,5,0,pick_up_the_cream_cheese_and_place_it_in_the_basket,,,,,,,,,,,,,5,pick up the cream cheese and place it in the basket,pick up the cream cheese and place it in the basket level5 sample2,pick_up_the_cream_cheese_and_place_it_in_the_basket_level5_sample2
2010,Objects Layout,5,0,pick_up_the_cream_cheese_and_place_it_in_the_basket,,,,,,,,,,,,,5,pick up the cream cheese and place it in the basket,pick up the cream cheese and place it in the basket level5 sample3,pick_up_the_cream_cheese_and_place_it_in_the_basket_level5_sample3
2011,Objects Layout,5,0,pick_up_the_cream_cheese_and_place_it_in_the_basket,,,,,,,,,,,,,5,pick up the cream cheese and place it in the basket,pick up the cream cheese and place it in the basket level5 sample4,pick_up_the_cream_cheese_and_place_it_in_the_basket_level5_sample4
2012,Objects Layout,2,3,pick_up_the_ketchup_and_place_it_in_the_basket,,,,,,,,,,,,22,,pick up the ketchup and place it in the basket,pick up the ketchup and place it in the basket add 22,pick_up_the_ketchup_and_place_it_in_the_basket_add_22
2013,Objects Layout,1,4,pick_up_the_ketchup_and_place_it_in_the_basket,,,,,,,,,,,,24,,pick up the ketchup and place it in the basket,pick up the ketchup and place it in the basket add 24,pick_up_the_ketchup_and_place_it_in_the_basket_add_24
2014,Objects Layout,1,4,pick_up_the_ketchup_and_place_it_in_the_basket,,,,,,,,,,,,26,,pick up the ketchup and place it in the basket,pick up the ketchup and place it in the basket add 26,pick_up_the_ketchup_and_place_it_in_the_basket_add_26
2015,Objects Layout,1,4,pick_up_the_ketchup_and_place_it_in_the_basket,,,,,,,,,,,,28,,pick up the ketchup and place it in the basket,pick up the ketchup and place it in the basket add 28,pick_up_the_ketchup_and_place_it_in_the_basket_add_28
2016,Objects Layout,1,4,pick_up_the_ketchup_and_place_it_in_the_basket,,,,,,,,,,,,29,,pick up the ketchup and place it in the basket,pick up the ketchup and place it in the basket add 29,pick_up_the_ketchup_and_place_it_in_the_basket_add_29
2017,Objects Layout,5,0,pick_up_the_ketchup_and_place_it_in_the_basket,,,,,,,,,,,,,1,pick up the ketchup and place it in the basket,pick up the ketchup and place it in the basket level1 sample1,pick_up_the_ketchup_and_place_it_in_the_basket_level1_sample1
2018,Objects Layout,5,0,pick_up_the_ketchup_and_place_it_in_the_basket,,,,,,,,,,,,,1,pick up the ketchup and place it in the basket,pick up the ketchup and place it in the basket level1 sample2,pick_up_the_ketchup_and_place_it_in_the_basket_level1_sample2
2019,Objects Layout,5,0,pick_up_the_ketchup_and_place_it_in_the_basket,,,,,,,,,,,,,1,pick up the ketchup and place it in the basket,pick up the ketchup and place it in the basket level1 sample3,pick_up_the_ketchup_and_place_it_in_the_basket_level1_sample3
2020,Objects Layout,5,0,pick_up_the_ketchup_and_place_it_in_the_basket,,,,,,,,,,,,,1,pick up the ketchup and place it in the basket,pick up the ketchup and place it in the basket level1 sample4,pick_up_the_ketchup_and_place_it_in_the_basket_level1_sample4
2021,Objects Layout,5,0,pick_up_the_ketchup_and_place_it_in_the_basket,,,,,,,,,,,,,2,pick up the ketchup and place it in the basket,pick up the ketchup and place it in the basket level2 sample1,pick_up_the_ketchup_and_place_it_in_the_basket_level2_sample1
2022,Objects Layout,5,0,pick_up_the_ketchup_and_place_it_in_the_basket,,,,,,,,,,,,,2,pick up the ketchup and place it in the basket,pick up the ketchup and place it in the basket level2 sample2,pick_up_the_ketchup_and_place_it_in_the_basket_level2_sample2
2023,Objects Layout,5,0,pick_up_the_ketchup_and_place_it_in_the_basket,,,,,,,,,,,,,2,pick up the ketchup and place it in the basket,pick up the ketchup and place it in the basket level2 sample3,pick_up_the_ketchup_and_place_it_in_the_basket_level2_sample3
2024,Objects Layout,5,0,pick_up_the_ketchup_and_place_it_in_the_basket,,,,,,,,,,,,,2,pick up the ketchup and place it in the basket,pick up the ketchup and place it in the basket level2 sample4,pick_up_the_ketchup_and_place_it_in_the_basket_level2_sample4
2025,Objects Layout,5,0,pick_up_the_ketchup_and_place_it_in_the_basket,,,,,,,,,,,,,3,pick up the ketchup and place it in the basket,pick up the ketchup and place it in the basket level3 sample1,pick_up_the_ketchup_and_place_it_in_the_basket_level3_sample1
2026,Objects Layout,5,0,pick_up_the_ketchup_and_place_it_in_the_basket,,,,,,,,,,,,,3,pick up the ketchup and place it in the basket,pick up the ketchup and place it in the basket level3 sample2,pick_up_the_ketchup_and_place_it_in_the_basket_level3_sample2
2027,Objects Layout,5,0,pick_up_the_ketchup_and_place_it_in_the_basket,,,,,,,,,,,,,3,pick up the ketchup and place it in the basket,pick up the ketchup and place it in the basket level3 sample3,pick_up_the_ketchup_and_place_it_in_the_basket_level3_sample3
2028,Objects Layout,5,0,pick_up_the_ketchup_and_place_it_in_the_basket,,,,,,,,,,,,,3,pick up the ketchup and place it in the basket,pick up the ketchup and place it in the basket level3 sample4,pick_up_the_ketchup_and_place_it_in_the_basket_level3_sample4
2029,Objects Layout,5,0,pick_up_the_ketchup_and_place_it_in_the_basket,,,,,,,,,,,,,4,pick up the ketchup and place it in the basket,pick up the ketchup and place it in the basket level4 sample1,pick_up_the_ketchup_and_place_it_in_the_basket_level4_sample1
2030,Objects Layout,5,0,pick_up_the_ketchup_and_place_it_in_the_basket,,,,,,,,,,,,,4,pick up the ketchup and place it in the basket,pick up the ketchup and place it in the basket level4 sample2,pick_up_the_ketchup_and_place_it_in_the_basket_level4_sample2
2031,Objects Layout,5,0,pick_up_the_ketchup_and_place_it_in_the_basket,,,,,,,,,,,,,4,pick up the ketchup and place it in the basket,pick up the ketchup and place it in the basket level4 sample3,pick_up_the_ketchup_and_place_it_in_the_basket_level4_sample3
2032,Objects Layout,5,0,pick_up_the_ketchup_and_place_it_in_the_basket,,,,,,,,,,,,,4,pick up the ketchup and place it in the basket,pick up the ketchup and place it in the basket level4 sample4,pick_up_the_ketchup_and_place_it_in_the_basket_level4_sample4
2033,Objects Layout,5,0,pick_up_the_ketchup_and_place_it_in_the_basket,,,,,,,,,,,,,5,pick up the ketchup and place it in the basket,pick up the ketchup and place it in the basket level5 sample1,pick_up_the_ketchup_and_place_it_in_the_basket_level5_sample1
2034,Objects Layout,5,0,pick_up_the_ketchup_and_place_it_in_the_basket,,,,,,,,,,,,,5,pick up the ketchup and place it in the basket,pick up the ketchup and place it in the basket level5 sample2,pick_up_the_ketchup_and_place_it_in_the_basket_level5_sample2
2035,Objects Layout,5,0,pick_up_the_ketchup_and_place_it_in_the_basket,,,,,,,,,,,,,5,pick up the ketchup and place it in the basket,pick up the ketchup and place it in the basket level5 sample3,pick_up_the_ketchup_and_place_it_in_the_basket_level5_sample3
2036,Objects Layout,5,0,pick_up_the_ketchup_and_place_it_in_the_basket,,,,,,,,,,,,,5,pick up the ketchup and place it in the basket,pick up the ketchup and place it in the basket level5 sample4,pick_up_the_ketchup_and_place_it_in_the_basket_level5_sample4
2037,Objects Layout,3,2,pick_up_the_milk_and_place_it_in_the_basket,,,,,,,,,,,,10,,pick up the milk and place it in the basket,pick up the milk and place it in the basket add 10,pick_up_the_milk_and_place_it_in_the_basket_add_10
2038,Objects Layout,3,2,pick_up_the_milk_and_place_it_in_the_basket,,,,,,,,,,,,11,,pick up the milk and place it in the basket,pick up the milk and place it in the basket add 11,pick_up_the_milk_and_place_it_in_the_basket_add_11
2039,Objects Layout,3,2,pick_up_the_milk_and_place_it_in_the_basket,,,,,,,,,,,,12,,pick up the milk and place it in the basket,pick up the milk and place it in the basket add 12,pick_up_the_milk_and_place_it_in_the_basket_add_12
2040,Objects Layout,3,2,pick_up_the_milk_and_place_it_in_the_basket,,,,,,,,,,,,13,,pick up the milk and place it in the basket,pick up the milk and place it in the basket add 13,pick_up_the_milk_and_place_it_in_the_basket_add_13
2041,Objects Layout,2,3,pick_up_the_milk_and_place_it_in_the_basket,,,,,,,,,,,,14,,pick up the milk and place it in the basket,pick up the milk and place it in the basket add 14,pick_up_the_milk_and_place_it_in_the_basket_add_14
2042,Objects Layout,2,3,pick_up_the_milk_and_place_it_in_the_basket,,,,,,,,,,,,16,,pick up the milk and place it in the basket,pick up the milk and place it in the basket add 16,pick_up_the_milk_and_place_it_in_the_basket_add_16
2043,Objects Layout,3,2,pick_up_the_milk_and_place_it_in_the_basket,,,,,,,,,,,,17,,pick up the milk and place it in the basket,pick up the milk and place it in the basket add 17,pick_up_the_milk_and_place_it_in_the_basket_add_17
2044,Objects Layout,3,2,pick_up_the_milk_and_place_it_in_the_basket,,,,,,,,,,,,18,,pick up the milk and place it in the basket,pick up the milk and place it in the basket add 18,pick_up_the_milk_and_place_it_in_the_basket_add_18
2045,Objects Layout,3,2,pick_up_the_milk_and_place_it_in_the_basket,,,,,,,,,,,,19,,pick up the milk and place it in the basket,pick up the milk and place it in the basket add 19,pick_up_the_milk_and_place_it_in_the_basket_add_19
2046,Objects Layout,1,4,pick_up_the_milk_and_place_it_in_the_basket,,,,,,,,,,,,20,,pick up the milk and place it in the basket,pick up the milk and place it in the basket add 20,pick_up_the_milk_and_place_it_in_the_basket_add_20
2047,Objects Layout,1,4,pick_up_the_milk_and_place_it_in_the_basket,,,,,,,,,,,,21,,pick up the milk and place it in the basket,pick up the milk and place it in the basket add 21,pick_up_the_milk_and_place_it_in_the_basket_add_21
2048,Objects Layout,3,2,pick_up_the_milk_and_place_it_in_the_basket,,,,,,,,,,,,22,,pick up the milk and place it in the basket,pick up the milk and place it in the basket add 22,pick_up_the_milk_and_place_it_in_the_basket_add_22
2049,Objects Layout,1,4,pick_up_the_milk_and_place_it_in_the_basket,,,,,,,,,,,,23,,pick up the milk and place it in the basket,pick up the milk and place it in the basket add 23,pick_up_the_milk_and_place_it_in_the_basket_add_23
2050,Objects Layout,1,4,pick_up_the_milk_and_place_it_in_the_basket,,,,,,,,,,,,24,,pick up the milk and place it in the basket,pick up the milk and place it in the basket add 24,pick_up_the_milk_and_place_it_in_the_basket_add_24
2051,Objects Layout,3,2,pick_up_the_milk_and_place_it_in_the_basket,,,,,,,,,,,,25,,pick up the milk and place it in the basket,pick up the milk and place it in the basket add 25,pick_up_the_milk_and_place_it_in_the_basket_add_25
2052,Objects Layout,1,4,pick_up_the_milk_and_place_it_in_the_basket,,,,,,,,,,,,26,,pick up the milk and place it in the basket,pick up the milk and place it in the basket add 26,pick_up_the_milk_and_place_it_in_the_basket_add_26
2053,Objects Layout,4,1,pick_up_the_milk_and_place_it_in_the_basket,,,,,,,,,,,,27,,pick up the milk and place it in the basket,pick up the milk and place it in the basket add 27,pick_up_the_milk_and_place_it_in_the_basket_add_27
2054,Objects Layout,3,2,pick_up_the_milk_and_place_it_in_the_basket,,,,,,,,,,,,28,,pick up the milk and place it in the basket,pick up the milk and place it in the basket add 28,pick_up_the_milk_and_place_it_in_the_basket_add_28
2055,Objects Layout,2,3,pick_up_the_milk_and_place_it_in_the_basket,,,,,,,,,,,,29,,pick up the milk and place it in the basket,pick up the milk and place it in the basket add 29,pick_up_the_milk_and_place_it_in_the_basket_add_29
2056,Objects Layout,2,3,pick_up_the_milk_and_place_it_in_the_basket,,,,,,,,,,,,3,,pick up the milk and place it in the basket,pick up the milk and place it in the basket add 3,pick_up_the_milk_and_place_it_in_the_basket_add_3
2057,Objects Layout,3,2,pick_up_the_milk_and_place_it_in_the_basket,,,,,,,,,,,,30,,pick up the milk and place it in the basket,pick up the milk and place it in the basket add 30,pick_up_the_milk_and_place_it_in_the_basket_add_30
2058,Objects Layout,3,2,pick_up_the_milk_and_place_it_in_the_basket,,,,,,,,,,,,4,,pick up the milk and place it in the basket,pick up the milk and place it in the basket add 4,pick_up_the_milk_and_place_it_in_the_basket_add_4
2059,Objects Layout,3,2,pick_up_the_milk_and_place_it_in_the_basket,,,,,,,,,,,,5,,pick up the milk and place it in the basket,pick up the milk and place it in the basket add 5,pick_up_the_milk_and_place_it_in_the_basket_add_5
2060,Objects Layout,3,2,pick_up_the_milk_and_place_it_in_the_basket,,,,,,,,,,,,8,,pick up the milk and place it in the basket,pick up the milk and place it in the basket add 8,pick_up_the_milk_and_place_it_in_the_basket_add_8
2061,Objects Layout,3,2,pick_up_the_milk_and_place_it_in_the_basket,,,,,,,,,,,,9,,pick up the milk and place it in the basket,pick up the milk and place it in the basket add 9,pick_up_the_milk_and_place_it_in_the_basket_add_9
2062,Objects Layout,5,0,pick_up_the_milk_and_place_it_in_the_basket,,,,,,,,,,,,,1,pick up the milk and place it in the basket,pick up the milk and place it in the basket level1 sample1,pick_up_the_milk_and_place_it_in_the_basket_level1_sample1
2063,Objects Layout,5,0,pick_up_the_milk_and_place_it_in_the_basket,,,,,,,,,,,,,1,pick up the milk and place it in the basket,pick up the milk and place it in the basket level1 sample2,pick_up_the_milk_and_place_it_in_the_basket_level1_sample2
2064,Objects Layout,5,0,pick_up_the_milk_and_place_it_in_the_basket,,,,,,,,,,,,,1,pick up the milk and place it in the basket,pick up the milk and place it in the basket level1 sample3,pick_up_the_milk_and_place_it_in_the_basket_level1_sample3
2065,Objects Layout,5,0,pick_up_the_milk_and_place_it_in_the_basket,,,,,,,,,,,,,1,pick up the milk and place it in the basket,pick up the milk and place it in the basket level1 sample4,pick_up_the_milk_and_place_it_in_the_basket_level1_sample4
2066,Objects Layout,5,0,pick_up_the_milk_and_place_it_in_the_basket,,,,,,,,,,,,,2,pick up the milk and place it in the basket,pick up the milk and place it in the basket level2 sample1,pick_up_the_milk_and_place_it_in_the_basket_level2_sample1
2067,Objects Layout,5,0,pick_up_the_milk_and_place_it_in_the_basket,,,,,,,,,,,,,2,pick up the milk and place it in the basket,pick up the milk and place it in the basket level2 sample2,pick_up_the_milk_and_place_it_in_the_basket_level2_sample2
2068,Objects Layout,5,0,pick_up_the_milk_and_place_it_in_the_basket,,,,,,,,,,,,,2,pick up the milk and place it in the basket,pick up the milk and place it in the basket level2 sample3,pick_up_the_milk_and_place_it_in_the_basket_level2_sample3
2069,Objects Layout,5,0,pick_up_the_milk_and_place_it_in_the_basket,,,,,,,,,,,,,2,pick up the milk and place it in the basket,pick up the milk and place it in the basket level2 sample4,pick_up_the_milk_and_place_it_in_the_basket_level2_sample4
2070,Objects Layout,5,0,pick_up_the_milk_and_place_it_in_the_basket,,,,,,,,,,,,,3,pick up the milk and place it in the basket,pick up the milk and place it in the basket level3 sample1,pick_up_the_milk_and_place_it_in_the_basket_level3_sample1
2071,Objects Layout,5,0,pick_up_the_milk_and_place_it_in_the_basket,,,,,,,,,,,,,3,pick up the milk and place it in the basket,pick up the milk and place it in the basket level3 sample2,pick_up_the_milk_and_place_it_in_the_basket_level3_sample2
2072,Objects Layout,5,0,pick_up_the_milk_and_place_it_in_the_basket,,,,,,,,,,,,,3,pick up the milk and place it in the basket,pick up the milk and place it in the basket level3 sample3,pick_up_the_milk_and_place_it_in_the_basket_level3_sample3
2073,Objects Layout,5,0,pick_up_the_milk_and_place_it_in_the_basket,,,,,,,,,,,,,3,pick up the milk and place it in the basket,pick up the milk and place it in the basket level3 sample4,pick_up_the_milk_and_place_it_in_the_basket_level3_sample4
2074,Objects Layout,5,0,pick_up_the_milk_and_place_it_in_the_basket,,,,,,,,,,,,,4,pick up the milk and place it in the basket,pick up the milk and place it in the basket level4 sample1,pick_up_the_milk_and_place_it_in_the_basket_level4_sample1
2075,Objects Layout,5,0,pick_up_the_milk_and_place_it_in_the_basket,,,,,,,,,,,,,4,pick up the milk and place it in the basket,pick up the milk and place it in the basket level4 sample2,pick_up_the_milk_and_place_it_in_the_basket_level4_sample2
2076,Objects Layout,5,0,pick_up_the_milk_and_place_it_in_the_basket,,,,,,,,,,,,,4,pick up the milk and place it in the basket,pick up the milk and place it in the basket level4 sample3,pick_up_the_milk_and_place_it_in_the_basket_level4_sample3
2077,Objects Layout,5,0,pick_up_the_milk_and_place_it_in_the_basket,,,,,,,,,,,,,4,pick up the milk and place it in the basket,pick up the milk and place it in the basket level4 sample4,pick_up_the_milk_and_place_it_in_the_basket_level4_sample4
2078,Objects Layout,5,0,pick_up_the_milk_and_place_it_in_the_basket,,,,,,,,,,,,,5,pick up the milk and place it in the basket,pick up the milk and place it in the basket level5 sample1,pick_up_the_milk_and_place_it_in_the_basket_level5_sample1
2079,Objects Layout,5,0,pick_up_the_milk_and_place_it_in_the_basket,,,,,,,,,,,,,5,pick up the milk and place it in the basket,pick up the milk and place it in the basket level5 sample2,pick_up_the_milk_and_place_it_in_the_basket_level5_sample2
2080,Objects Layout,5,0,pick_up_the_milk_and_place_it_in_the_basket,,,,,,,,,,,,,5,pick up the milk and place it in the basket,pick up the milk and place it in the basket level5 sample3,pick_up_the_milk_and_place_it_in_the_basket_level5_sample3
2081,Objects Layout,5,0,pick_up_the_milk_and_place_it_in_the_basket,,,,,,,,,,,,,5,pick up the milk and place it in the basket,pick up the milk and place it in the basket level5 sample4,pick_up_the_milk_and_place_it_in_the_basket_level5_sample4
2082,Objects Layout,3,2,pick_up_the_orange_juice_and_place_it_in_the_basket,,,,,,,,,,,,1,,pick up the orange juice and place it in the basket,pick up the orange juice and place it in the basket add 1,pick_up_the_orange_juice_and_place_it_in_the_basket_add_1
2083,Objects Layout,1,4,pick_up_the_orange_juice_and_place_it_in_the_basket,,,,,,,,,,,,10,,pick up the orange juice and place it in the basket,pick up the orange juice and place it in the basket add 10,pick_up_the_orange_juice_and_place_it_in_the_basket_add_10
2084,Objects Layout,3,2,pick_up_the_orange_juice_and_place_it_in_the_basket,,,,,,,,,,,,11,,pick up the orange juice and place it in the basket,pick up the orange juice and place it in the basket add 11,pick_up_the_orange_juice_and_place_it_in_the_basket_add_11
2085,Objects Layout,3,2,pick_up_the_orange_juice_and_place_it_in_the_basket,,,,,,,,,,,,12,,pick up the orange juice and place it in the basket,pick up the orange juice and place it in the basket add 12,pick_up_the_orange_juice_and_place_it_in_the_basket_add_12
2086,Objects Layout,2,3,pick_up_the_orange_juice_and_place_it_in_the_basket,,,,,,,,,,,,13,,pick up the orange juice and place it in the basket,pick up the orange juice and place it in the basket add 13,pick_up_the_orange_juice_and_place_it_in_the_basket_add_13
2087,Objects Layout,2,3,pick_up_the_orange_juice_and_place_it_in_the_basket,,,,,,,,,,,,14,,pick up the orange juice and place it in the basket,pick up the orange juice and place it in the basket add 14,pick_up_the_orange_juice_and_place_it_in_the_basket_add_14
2088,Objects Layout,3,2,pick_up_the_orange_juice_and_place_it_in_the_basket,,,,,,,,,,,,15,,pick up the orange juice and place it in the basket,pick up the orange juice and place it in the basket add 15,pick_up_the_orange_juice_and_place_it_in_the_basket_add_15
2089,Objects Layout,2,3,pick_up_the_orange_juice_and_place_it_in_the_basket,,,,,,,,,,,,16,,pick up the orange juice and place it in the basket,pick up the orange juice and place it in the basket add 16,pick_up_the_orange_juice_and_place_it_in_the_basket_add_16
2090,Objects Layout,3,2,pick_up_the_orange_juice_and_place_it_in_the_basket,,,,,,,,,,,,17,,pick up the orange juice and place it in the basket,pick up the orange juice and place it in the basket add 17,pick_up_the_orange_juice_and_place_it_in_the_basket_add_17
2091,Objects Layout,2,3,pick_up_the_orange_juice_and_place_it_in_the_basket,,,,,,,,,,,,18,,pick up the orange juice and place it in the basket,pick up the orange juice and place it in the basket add 18,pick_up_the_orange_juice_and_place_it_in_the_basket_add_18
2092,Objects Layout,3,2,pick_up_the_orange_juice_and_place_it_in_the_basket,,,,,,,,,,,,19,,pick up the orange juice and place it in the basket,pick up the orange juice and place it in the basket add 19,pick_up_the_orange_juice_and_place_it_in_the_basket_add_19
2093,Objects Layout,2,3,pick_up_the_orange_juice_and_place_it_in_the_basket,,,,,,,,,,,,2,,pick up the orange juice and place it in the basket,pick up the orange juice and place it in the basket add 2,pick_up_the_orange_juice_and_place_it_in_the_basket_add_2
2094,Objects Layout,2,3,pick_up_the_orange_juice_and_place_it_in_the_basket,,,,,,,,,,,,20,,pick up the orange juice and place it in the basket,pick up the orange juice and place it in the basket add 20,pick_up_the_orange_juice_and_place_it_in_the_basket_add_20
2095,Objects Layout,3,2,pick_up_the_orange_juice_and_place_it_in_the_basket,,,,,,,,,,,,21,,pick up the orange juice and place it in the basket,pick up the orange juice and place it in the basket add 21,pick_up_the_orange_juice_and_place_it_in_the_basket_add_21
2096,Objects Layout,2,3,pick_up_the_orange_juice_and_place_it_in_the_basket,,,,,,,,,,,,22,,pick up the orange juice and place it in the basket,pick up the orange juice and place it in the basket add 22,pick_up_the_orange_juice_and_place_it_in_the_basket_add_22
2097,Objects Layout,3,2,pick_up_the_orange_juice_and_place_it_in_the_basket,,,,,,,,,,,,24,,pick up the orange juice and place it in the basket,pick up the orange juice and place it in the basket add 24,pick_up_the_orange_juice_and_place_it_in_the_basket_add_24
2098,Objects Layout,3,2,pick_up_the_orange_juice_and_place_it_in_the_basket,,,,,,,,,,,,25,,pick up the orange juice and place it in the basket,pick up the orange juice and place it in the basket add 25,pick_up_the_orange_juice_and_place_it_in_the_basket_add_25
2099,Objects Layout,3,2,pick_up_the_orange_juice_and_place_it_in_the_basket,,,,,,,,,,,,26,,pick up the orange juice and place it in the basket,pick up the orange juice and place it in the basket add 26,pick_up_the_orange_juice_and_place_it_in_the_basket_add_26
2100,Objects Layout,3,2,pick_up_the_orange_juice_and_place_it_in_the_basket,,,,,,,,,,,,27,,pick up the orange juice and place it in the basket,pick up the orange juice and place it in the basket add 27,pick_up_the_orange_juice_and_place_it_in_the_basket_add_27
2101,Objects Layout,3,2,pick_up_the_orange_juice_and_place_it_in_the_basket,,,,,,,,,,,,28,,pick up the orange juice and place it in the basket,pick up the orange juice and place it in the basket add 28,pick_up_the_orange_juice_and_place_it_in_the_basket_add_28
2102,Objects Layout,3,2,pick_up_the_orange_juice_and_place_it_in_the_basket,,,,,,,,,,,,29,,pick up the orange juice and place it in the basket,pick up the orange juice and place it in the basket add 29,pick_up_the_orange_juice_and_place_it_in_the_basket_add_29
2103,Objects Layout,2,3,pick_up_the_orange_juice_and_place_it_in_the_basket,,,,,,,,,,,,3,,pick up the orange juice and place it in the basket,pick up the orange juice and place it in the basket add 3,pick_up_the_orange_juice_and_place_it_in_the_basket_add_3
2104,Objects Layout,3,2,pick_up_the_orange_juice_and_place_it_in_the_basket,,,,,,,,,,,,30,,pick up the orange juice and place it in the basket,pick up the orange juice and place it in the basket add 30,pick_up_the_orange_juice_and_place_it_in_the_basket_add_30
2105,Objects Layout,2,3,pick_up_the_orange_juice_and_place_it_in_the_basket,,,,,,,,,,,,4,,pick up the orange juice and place it in the basket,pick up the orange juice and place it in the basket add 4,pick_up_the_orange_juice_and_place_it_in_the_basket_add_4
2106,Objects Layout,3,2,pick_up_the_orange_juice_and_place_it_in_the_basket,,,,,,,,,,,,5,,pick up the orange juice and place it in the basket,pick up the orange juice and place it in the basket add 5,pick_up_the_orange_juice_and_place_it_in_the_basket_add_5
2107,Objects Layout,1,4,pick_up_the_orange_juice_and_place_it_in_the_basket,,,,,,,,,,,,6,,pick up the orange juice and place it in the basket,pick up the orange juice and place it in the basket add 6,pick_up_the_orange_juice_and_place_it_in_the_basket_add_6
2108,Objects Layout,3,2,pick_up_the_orange_juice_and_place_it_in_the_basket,,,,,,,,,,,,7,,pick up the orange juice and place it in the basket,pick up the orange juice and place it in the basket add 7,pick_up_the_orange_juice_and_place_it_in_the_basket_add_7
2109,Objects Layout,3,2,pick_up_the_orange_juice_and_place_it_in_the_basket,,,,,,,,,,,,8,,pick up the orange juice and place it in the basket,pick up the orange juice and place it in the basket add 8,pick_up_the_orange_juice_and_place_it_in_the_basket_add_8
2110,Objects Layout,3,2,pick_up_the_orange_juice_and_place_it_in_the_basket,,,,,,,,,,,,9,,pick up the orange juice and place it in the basket,pick up the orange juice and place it in the basket add 9,pick_up_the_orange_juice_and_place_it_in_the_basket_add_9
2111,Objects Layout,4,1,pick_up_the_orange_juice_and_place_it_in_the_basket,,,,,,,,,,,,,1,pick up the orange juice and place it in the basket,pick up the orange juice and place it in the basket level1 sample1,pick_up_the_orange_juice_and_place_it_in_the_basket_level1_sample1
2112,Objects Layout,5,0,pick_up_the_orange_juice_and_place_it_in_the_basket,,,,,,,,,,,,,1,pick up the orange juice and place it in the basket,pick up the orange juice and place it in the basket level1 sample2,pick_up_the_orange_juice_and_place_it_in_the_basket_level1_sample2
2113,Objects Layout,5,0,pick_up_the_orange_juice_and_place_it_in_the_basket,,,,,,,,,,,,,1,pick up the orange juice and place it in the basket,pick up the orange juice and place it in the basket level1 sample3,pick_up_the_orange_juice_and_place_it_in_the_basket_level1_sample3
2114,Objects Layout,5,0,pick_up_the_orange_juice_and_place_it_in_the_basket,,,,,,,,,,,,,1,pick up the orange juice and place it in the basket,pick up the orange juice and place it in the basket level1 sample4,pick_up_the_orange_juice_and_place_it_in_the_basket_level1_sample4
2115,Objects Layout,5,0,pick_up_the_orange_juice_and_place_it_in_the_basket,,,,,,,,,,,,,2,pick up the orange juice and place it in the basket,pick up the orange juice and place it in the basket level2 sample1,pick_up_the_orange_juice_and_place_it_in_the_basket_level2_sample1
2116,Objects Layout,5,0,pick_up_the_orange_juice_and_place_it_in_the_basket,,,,,,,,,,,,,2,pick up the orange juice and place it in the basket,pick up the orange juice and place it in the basket level2 sample2,pick_up_the_orange_juice_and_place_it_in_the_basket_level2_sample2
2117,Objects Layout,5,0,pick_up_the_orange_juice_and_place_it_in_the_basket,,,,,,,,,,,,,2,pick up the orange juice and place it in the basket,pick up the orange juice and place it in the basket level2 sample3,pick_up_the_orange_juice_and_place_it_in_the_basket_level2_sample3
2118,Objects Layout,5,0,pick_up_the_orange_juice_and_place_it_in_the_basket,,,,,,,,,,,,,2,pick up the orange juice and place it in the basket,pick up the orange juice and place it in the basket level2 sample4,pick_up_the_orange_juice_and_place_it_in_the_basket_level2_sample4
2119,Objects Layout,5,0,pick_up_the_orange_juice_and_place_it_in_the_basket,,,,,,,,,,,,,3,pick up the orange juice and place it in the basket,pick up the orange juice and place it in the basket level3 sample1,pick_up_the_orange_juice_and_place_it_in_the_basket_level3_sample1
2120,Objects Layout,5,0,pick_up_the_orange_juice_and_place_it_in_the_basket,,,,,,,,,,,,,3,pick up the orange juice and place it in the basket,pick up the orange juice and place it in the basket level3 sample2,pick_up_the_orange_juice_and_place_it_in_the_basket_level3_sample2
2121,Objects Layout,5,0,pick_up_the_orange_juice_and_place_it_in_the_basket,,,,,,,,,,,,,3,pick up the orange juice and place it in the basket,pick up the orange juice and place it in the basket level3 sample3,pick_up_the_orange_juice_and_place_it_in_the_basket_level3_sample3
2122,Objects Layout,4,1,pick_up_the_orange_juice_and_place_it_in_the_basket,,,,,,,,,,,,,3,pick up the orange juice and place it in the basket,pick up the orange juice and place it in the basket level3 sample4,pick_up_the_orange_juice_and_place_it_in_the_basket_level3_sample4
2123,Objects Layout,5,0,pick_up_the_orange_juice_and_place_it_in_the_basket,,,,,,,,,,,,,4,pick up the orange juice and place it in the basket,pick up the orange juice and place it in the basket level4 sample1,pick_up_the_orange_juice_and_place_it_in_the_basket_level4_sample1
2124,Objects Layout,5,0,pick_up_the_orange_juice_and_place_it_in_the_basket,,,,,,,,,,,,,4,pick up the orange juice and place it in the basket,pick up the orange juice and place it in the basket level4 sample2,pick_up_the_orange_juice_and_place_it_in_the_basket_level4_sample2
2125,Objects Layout,5,0,pick_up_the_orange_juice_and_place_it_in_the_basket,,,,,,,,,,,,,4,pick up the orange juice and place it in the basket,pick up the orange juice and place it in the basket level4 sample3,pick_up_the_orange_juice_and_place_it_in_the_basket_level4_sample3
2126,Objects Layout,5,0,pick_up_the_orange_juice_and_place_it_in_the_basket,,,,,,,,,,,,,4,pick up the orange juice and place it in the basket,pick up the orange juice and place it in the basket level4 sample4,pick_up_the_orange_juice_and_place_it_in_the_basket_level4_sample4
2127,Objects Layout,5,0,pick_up_the_orange_juice_and_place_it_in_the_basket,,,,,,,,,,,,,5,pick up the orange juice and place it in the basket,pick up the orange juice and place it in the basket level5 sample1,pick_up_the_orange_juice_and_place_it_in_the_basket_level5_sample1
2128,Objects Layout,5,0,pick_up_the_orange_juice_and_place_it_in_the_basket,,,,,,,,,,,,,5,pick up the orange juice and place it in the basket,pick up the orange juice and place it in the basket level5 sample2,pick_up_the_orange_juice_and_place_it_in_the_basket_level5_sample2
2129,Objects Layout,5,0,pick_up_the_orange_juice_and_place_it_in_the_basket,,,,,,,,,,,,,5,pick up the orange juice and place it in the basket,pick up the orange juice and place it in the basket level5 sample3,pick_up_the_orange_juice_and_place_it_in_the_basket_level5_sample3
2130,Objects Layout,5,0,pick_up_the_orange_juice_and_place_it_in_the_basket,,,,,,,,,,,,,5,pick up the orange juice and place it in the basket,pick up the orange juice and place it in the basket level5 sample4,pick_up_the_orange_juice_and_place_it_in_the_basket_level5_sample4
2131,Objects Layout,2,3,pick_up_the_salad_dressing_and_place_it_in_the_basket,,,,,,,,,,,,10,,pick up the salad dressing and place it in the basket,pick up the salad dressing and place it in the basket add 10,pick_up_the_salad_dressing_and_place_it_in_the_basket_add_10
2132,Objects Layout,2,3,pick_up_the_salad_dressing_and_place_it_in_the_basket,,,,,,,,,,,,12,,pick up the salad dressing and place it in the basket,pick up the salad dressing and place it in the basket add 12,pick_up_the_salad_dressing_and_place_it_in_the_basket_add_12
2133,Objects Layout,2,3,pick_up_the_salad_dressing_and_place_it_in_the_basket,,,,,,,,,,,,13,,pick up the salad dressing and place it in the basket,pick up the salad dressing and place it in the basket add 13,pick_up_the_salad_dressing_and_place_it_in_the_basket_add_13
2134,Objects Layout,1,4,pick_up_the_salad_dressing_and_place_it_in_the_basket,,,,,,,,,,,,14,,pick up the salad dressing and place it in the basket,pick up the salad dressing and place it in the basket add 14,pick_up_the_salad_dressing_and_place_it_in_the_basket_add_14
2135,Objects Layout,1,4,pick_up_the_salad_dressing_and_place_it_in_the_basket,,,,,,,,,,,,15,,pick up the salad dressing and place it in the basket,pick up the salad dressing and place it in the basket add 15,pick_up_the_salad_dressing_and_place_it_in_the_basket_add_15
2136,Objects Layout,3,2,pick_up_the_salad_dressing_and_place_it_in_the_basket,,,,,,,,,,,,16,,pick up the salad dressing and place it in the basket,pick up the salad dressing and place it in the basket add 16,pick_up_the_salad_dressing_and_place_it_in_the_basket_add_16
2137,Objects Layout,1,4,pick_up_the_salad_dressing_and_place_it_in_the_basket,,,,,,,,,,,,17,,pick up the salad dressing and place it in the basket,pick up the salad dressing and place it in the basket add 17,pick_up_the_salad_dressing_and_place_it_in_the_basket_add_17
2138,Objects Layout,1,4,pick_up_the_salad_dressing_and_place_it_in_the_basket,,,,,,,,,,,,18,,pick up the salad dressing and place it in the basket,pick up the salad dressing and place it in the basket add 18,pick_up_the_salad_dressing_and_place_it_in_the_basket_add_18
2139,Objects Layout,1,4,pick_up_the_salad_dressing_and_place_it_in_the_basket,,,,,,,,,,,,19,,pick up the salad dressing and place it in the basket,pick up the salad dressing and place it in the basket add 19,pick_up_the_salad_dressing_and_place_it_in_the_basket_add_19
2140,Objects Layout,1,4,pick_up_the_salad_dressing_and_place_it_in_the_basket,,,,,,,,,,,,20,,pick up the salad dressing and place it in the basket,pick up the salad dressing and place it in the basket add 20,pick_up_the_salad_dressing_and_place_it_in_the_basket_add_20
2141,Objects Layout,1,4,pick_up_the_salad_dressing_and_place_it_in_the_basket,,,,,,,,,,,,21,,pick up the salad dressing and place it in the basket,pick up the salad dressing and place it in the basket add 21,pick_up_the_salad_dressing_and_place_it_in_the_basket_add_21
2142,Objects Layout,1,4,pick_up_the_salad_dressing_and_place_it_in_the_basket,,,,,,,,,,,,22,,pick up the salad dressing and place it in the basket,pick up the salad dressing and place it in the basket add 22,pick_up_the_salad_dressing_and_place_it_in_the_basket_add_22
2143,Objects Layout,1,4,pick_up_the_salad_dressing_and_place_it_in_the_basket,,,,,,,,,,,,24,,pick up the salad dressing and place it in the basket,pick up the salad dressing and place it in the basket add 24,pick_up_the_salad_dressing_and_place_it_in_the_basket_add_24
2144,Objects Layout,1,4,pick_up_the_salad_dressing_and_place_it_in_the_basket,,,,,,,,,,,,25,,pick up the salad dressing and place it in the basket,pick up the salad dressing and place it in the basket add 25,pick_up_the_salad_dressing_and_place_it_in_the_basket_add_25
2145,Objects Layout,1,4,pick_up_the_salad_dressing_and_place_it_in_the_basket,,,,,,,,,,,,26,,pick up the salad dressing and place it in the basket,pick up the salad dressing and place it in the basket add 26,pick_up_the_salad_dressing_and_place_it_in_the_basket_add_26
2146,Objects Layout,1,4,pick_up_the_salad_dressing_and_place_it_in_the_basket,,,,,,,,,,,,27,,pick up the salad dressing and place it in the basket,pick up the salad dressing and place it in the basket add 27,pick_up_the_salad_dressing_and_place_it_in_the_basket_add_27
2147,Objects Layout,2,3,pick_up_the_salad_dressing_and_place_it_in_the_basket,,,,,,,,,,,,28,,pick up the salad dressing and place it in the basket,pick up the salad dressing and place it in the basket add 28,pick_up_the_salad_dressing_and_place_it_in_the_basket_add_28
2148,Objects Layout,2,3,pick_up_the_salad_dressing_and_place_it_in_the_basket,,,,,,,,,,,,29,,pick up the salad dressing and place it in the basket,pick up the salad dressing and place it in the basket add 29,pick_up_the_salad_dressing_and_place_it_in_the_basket_add_29
2149,Objects Layout,1,4,pick_up_the_salad_dressing_and_place_it_in_the_basket,,,,,,,,,,,,30,,pick up the salad dressing and place it in the basket,pick up the salad dressing and place it in the basket add 30,pick_up_the_salad_dressing_and_place_it_in_the_basket_add_30
2150,Objects Layout,1,4,pick_up_the_salad_dressing_and_place_it_in_the_basket,,,,,,,,,,,,4,,pick up the salad dressing and place it in the basket,pick up the salad dressing and place it in the basket add 4,pick_up_the_salad_dressing_and_place_it_in_the_basket_add_4
2151,Objects Layout,1,4,pick_up_the_salad_dressing_and_place_it_in_the_basket,,,,,,,,,,,,5,,pick up the salad dressing and place it in the basket,pick up the salad dressing and place it in the basket add 5,pick_up_the_salad_dressing_and_place_it_in_the_basket_add_5
2152,Objects Layout,1,4,pick_up_the_salad_dressing_and_place_it_in_the_basket,,,,,,,,,,,,6,,pick up the salad dressing and place it in the basket,pick up the salad dressing and place it in the basket add 6,pick_up_the_salad_dressing_and_place_it_in_the_basket_add_6
2153,Objects Layout,1,4,pick_up_the_salad_dressing_and_place_it_in_the_basket,,,,,,,,,,,,7,,pick up the salad dressing and place it in the basket,pick up the salad dressing and place it in the basket add 7,pick_up_the_salad_dressing_and_place_it_in_the_basket_add_7
2154,Objects Layout,1,4,pick_up_the_salad_dressing_and_place_it_in_the_basket,,,,,,,,,,,,8,,pick up the salad dressing and place it in the basket,pick up the salad dressing and place it in the basket add 8,pick_up_the_salad_dressing_and_place_it_in_the_basket_add_8
2155,Objects Layout,1,4,pick_up_the_salad_dressing_and_place_it_in_the_basket,,,,,,,,,,,,9,,pick up the salad dressing and place it in the basket,pick up the salad dressing and place it in the basket add 9,pick_up_the_salad_dressing_and_place_it_in_the_basket_add_9
2156,Objects Layout,5,0,pick_up_the_salad_dressing_and_place_it_in_the_basket,,,,,,,,,,,,,1,pick up the salad dressing and place it in the basket,pick up the salad dressing and place it in the basket level1 sample1,pick_up_the_salad_dressing_and_place_it_in_the_basket_level1_sample1
2157,Objects Layout,4,1,pick_up_the_salad_dressing_and_place_it_in_the_basket,,,,,,,,,,,,,1,pick up the salad dressing and place it in the basket,pick up the salad dressing and place it in the basket level1 sample2,pick_up_the_salad_dressing_and_place_it_in_the_basket_level1_sample2
2158,Objects Layout,5,0,pick_up_the_salad_dressing_and_place_it_in_the_basket,,,,,,,,,,,,,1,pick up the salad dressing and place it in the basket,pick up the salad dressing and place it in the basket level1 sample3,pick_up_the_salad_dressing_and_place_it_in_the_basket_level1_sample3
2159,Objects Layout,5,0,pick_up_the_salad_dressing_and_place_it_in_the_basket,,,,,,,,,,,,,1,pick up the salad dressing and place it in the basket,pick up the salad dressing and place it in the basket level1 sample4,pick_up_the_salad_dressing_and_place_it_in_the_basket_level1_sample4
2160,Objects Layout,4,1,pick_up_the_salad_dressing_and_place_it_in_the_basket,,,,,,,,,,,,,2,pick up the salad dressing and place it in the basket,pick up the salad dressing and place it in the basket level2 sample1,pick_up_the_salad_dressing_and_place_it_in_the_basket_level2_sample1
2161,Objects Layout,4,1,pick_up_the_salad_dressing_and_place_it_in_the_basket,,,,,,,,,,,,,2,pick up the salad dressing and place it in the basket,pick up the salad dressing and place it in the basket level2 sample2,pick_up_the_salad_dressing_and_place_it_in_the_basket_level2_sample2
2162,Objects Layout,3,2,pick_up_the_salad_dressing_and_place_it_in_the_basket,,,,,,,,,,,,,2,pick up the salad dressing and place it in the basket,pick up the salad dressing and place it in the basket level2 sample4,pick_up_the_salad_dressing_and_place_it_in_the_basket_level2_sample4
2163,Objects Layout,5,0,pick_up_the_salad_dressing_and_place_it_in_the_basket,,,,,,,,,,,,,3,pick up the salad dressing and place it in the basket,pick up the salad dressing and place it in the basket level3 sample1,pick_up_the_salad_dressing_and_place_it_in_the_basket_level3_sample1
2164,Objects Layout,4,1,pick_up_the_salad_dressing_and_place_it_in_the_basket,,,,,,,,,,,,,3,pick up the salad dressing and place it in the basket,pick up the salad dressing and place it in the basket level3 sample2,pick_up_the_salad_dressing_and_place_it_in_the_basket_level3_sample2
2165,Objects Layout,5,0,pick_up_the_salad_dressing_and_place_it_in_the_basket,,,,,,,,,,,,,3,pick up the salad dressing and place it in the basket,pick up the salad dressing and place it in the basket level3 sample3,pick_up_the_salad_dressing_and_place_it_in_the_basket_level3_sample3
2166,Objects Layout,5,0,pick_up_the_salad_dressing_and_place_it_in_the_basket,,,,,,,,,,,,,4,pick up the salad dressing and place it in the basket,pick up the salad dressing and place it in the basket level4 sample1,pick_up_the_salad_dressing_and_place_it_in_the_basket_level4_sample1
2167,Objects Layout,5,0,pick_up_the_salad_dressing_and_place_it_in_the_basket,,,,,,,,,,,,,4,pick up the salad dressing and place it in the basket,pick up the salad dressing and place it in the basket level4 sample3,pick_up_the_salad_dressing_and_place_it_in_the_basket_level4_sample3
2168,Objects Layout,5,0,pick_up_the_salad_dressing_and_place_it_in_the_basket,,,,,,,,,,,,,4,pick up the salad dressing and place it in the basket,pick up the salad dressing and place it in the basket level4 sample4,pick_up_the_salad_dressing_and_place_it_in_the_basket_level4_sample4
2169,Objects Layout,5,0,pick_up_the_salad_dressing_and_place_it_in_the_basket,,,,,,,,,,,,,5,pick up the salad dressing and place it in the basket,pick up the salad dressing and place it in the basket level5 sample1,pick_up_the_salad_dressing_and_place_it_in_the_basket_level5_sample1
2170,Objects Layout,5,0,pick_up_the_salad_dressing_and_place_it_in_the_basket,,,,,,,,,,,,,5,pick up the salad dressing and place it in the basket,pick up the salad dressing and place it in the basket level5 sample2,pick_up_the_salad_dressing_and_place_it_in_the_basket_level5_sample2
2171,Objects Layout,5,0,pick_up_the_salad_dressing_and_place_it_in_the_basket,,,,,,,,,,,,,5,pick up the salad dressing and place it in the basket,pick up the salad dressing and place it in the basket level5 sample3,pick_up_the_salad_dressing_and_place_it_in_the_basket_level5_sample3
2172,Objects Layout,4,1,pick_up_the_salad_dressing_and_place_it_in_the_basket,,,,,,,,,,,,,5,pick up the salad dressing and place it in the basket,pick up the salad dressing and place it in the basket level5 sample4,pick_up_the_salad_dressing_and_place_it_in_the_basket_level5_sample4
2173,Objects Layout,2,3,pick_up_the_tomato_sauce_and_place_it_in_the_basket,,,,,,,,,,,,1,,pick up the tomato sauce and place it in the basket,pick up the tomato sauce and place it in the basket add 1,pick_up_the_tomato_sauce_and_place_it_in_the_basket_add_1
2174,Objects Layout,2,3,pick_up_the_tomato_sauce_and_place_it_in_the_basket,,,,,,,,,,,,10,,pick up the tomato sauce and place it in the basket,pick up the tomato sauce and place it in the basket add 10,pick_up_the_tomato_sauce_and_place_it_in_the_basket_add_10
2175,Objects Layout,2,3,pick_up_the_tomato_sauce_and_place_it_in_the_basket,,,,,,,,,,,,11,,pick up the tomato sauce and place it in the basket,pick up the tomato sauce and place it in the basket add 11,pick_up_the_tomato_sauce_and_place_it_in_the_basket_add_11
2176,Objects Layout,3,2,pick_up_the_tomato_sauce_and_place_it_in_the_basket,,,,,,,,,,,,12,,pick up the tomato sauce and place it in the basket,pick up the tomato sauce and place it in the basket add 12,pick_up_the_tomato_sauce_and_place_it_in_the_basket_add_12
2177,Objects Layout,2,3,pick_up_the_tomato_sauce_and_place_it_in_the_basket,,,,,,,,,,,,13,,pick up the tomato sauce and place it in the basket,pick up the tomato sauce and place it in the basket add 13,pick_up_the_tomato_sauce_and_place_it_in_the_basket_add_13
2178,Objects Layout,2,3,pick_up_the_tomato_sauce_and_place_it_in_the_basket,,,,,,,,,,,,14,,pick up the tomato sauce and place it in the basket,pick up the tomato sauce and place it in the basket add 14,pick_up_the_tomato_sauce_and_place_it_in_the_basket_add_14
2179,Objects Layout,2,3,pick_up_the_tomato_sauce_and_place_it_in_the_basket,,,,,,,,,,,,15,,pick up the tomato sauce and place it in the basket,pick up the tomato sauce and place it in the basket add 15,pick_up_the_tomato_sauce_and_place_it_in_the_basket_add_15
2180,Objects Layout,2,3,pick_up_the_tomato_sauce_and_place_it_in_the_basket,,,,,,,,,,,,16,,pick up the tomato sauce and place it in the basket,pick up the tomato sauce and place it in the basket add 16,pick_up_the_tomato_sauce_and_place_it_in_the_basket_add_16
2181,Objects Layout,2,3,pick_up_the_tomato_sauce_and_place_it_in_the_basket,,,,,,,,,,,,17,,pick up the tomato sauce and place it in the basket,pick up the tomato sauce and place it in the basket add 17,pick_up_the_tomato_sauce_and_place_it_in_the_basket_add_17
2182,Objects Layout,1,4,pick_up_the_tomato_sauce_and_place_it_in_the_basket,,,,,,,,,,,,18,,pick up the tomato sauce and place it in the basket,pick up the tomato sauce and place it in the basket add 18,pick_up_the_tomato_sauce_and_place_it_in_the_basket_add_18
2183,Objects Layout,2,3,pick_up_the_tomato_sauce_and_place_it_in_the_basket,,,,,,,,,,,,19,,pick up the tomato sauce and place it in the basket,pick up the tomato sauce and place it in the basket add 19,pick_up_the_tomato_sauce_and_place_it_in_the_basket_add_19
2184,Objects Layout,2,3,pick_up_the_tomato_sauce_and_place_it_in_the_basket,,,,,,,,,,,,2,,pick up the tomato sauce and place it in the basket,pick up the tomato sauce and place it in the basket add 2,pick_up_the_tomato_sauce_and_place_it_in_the_basket_add_2
2185,Objects Layout,3,2,pick_up_the_tomato_sauce_and_place_it_in_the_basket,,,,,,,,,,,,20,,pick up the tomato sauce and place it in the basket,pick up the tomato sauce and place it in the basket add 20,pick_up_the_tomato_sauce_and_place_it_in_the_basket_add_20
2186,Objects Layout,3,2,pick_up_the_tomato_sauce_and_place_it_in_the_basket,,,,,,,,,,,,21,,pick up the tomato sauce and place it in the basket,pick up the tomato sauce and place it in the basket add 21,pick_up_the_tomato_sauce_and_place_it_in_the_basket_add_21
2187,Objects Layout,2,3,pick_up_the_tomato_sauce_and_place_it_in_the_basket,,,,,,,,,,,,22,,pick up the tomato sauce and place it in the basket,pick up the tomato sauce and place it in the basket add 22,pick_up_the_tomato_sauce_and_place_it_in_the_basket_add_22
2188,Objects Layout,2,3,pick_up_the_tomato_sauce_and_place_it_in_the_basket,,,,,,,,,,,,23,,pick up the tomato sauce and place it in the basket,pick up the tomato sauce and place it in the basket add 23,pick_up_the_tomato_sauce_and_place_it_in_the_basket_add_23
2189,Objects Layout,2,3,pick_up_the_tomato_sauce_and_place_it_in_the_basket,,,,,,,,,,,,24,,pick up the tomato sauce and place it in the basket,pick up the tomato sauce and place it in the basket add 24,pick_up_the_tomato_sauce_and_place_it_in_the_basket_add_24
2190,Objects Layout,2,3,pick_up_the_tomato_sauce_and_place_it_in_the_basket,,,,,,,,,,,,25,,pick up the tomato sauce and place it in the basket,pick up the tomato sauce and place it in the basket add 25,pick_up_the_tomato_sauce_and_place_it_in_the_basket_add_25
2191,Objects Layout,1,4,pick_up_the_tomato_sauce_and_place_it_in_the_basket,,,,,,,,,,,,26,,pick up the tomato sauce and place it in the basket,pick up the tomato sauce and place it in the basket add 26,pick_up_the_tomato_sauce_and_place_it_in_the_basket_add_26
2192,Objects Layout,2,3,pick_up_the_tomato_sauce_and_place_it_in_the_basket,,,,,,,,,,,,27,,pick up the tomato sauce and place it in the basket,pick up the tomato sauce and place it in the basket add 27,pick_up_the_tomato_sauce_and_place_it_in_the_basket_add_27
2193,Objects Layout,3,2,pick_up_the_tomato_sauce_and_place_it_in_the_basket,,,,,,,,,,,,28,,pick up the tomato sauce and place it in the basket,pick up the tomato sauce and place it in the basket add 28,pick_up_the_tomato_sauce_and_place_it_in_the_basket_add_28
2194,Objects Layout,2,3,pick_up_the_tomato_sauce_and_place_it_in_the_basket,,,,,,,,,,,,29,,pick up the tomato sauce and place it in the basket,pick up the tomato sauce and place it in the basket add 29,pick_up_the_tomato_sauce_and_place_it_in_the_basket_add_29
2195,Objects Layout,2,3,pick_up_the_tomato_sauce_and_place_it_in_the_basket,,,,,,,,,,,,3,,pick up the tomato sauce and place it in the basket,pick up the tomato sauce and place it in the basket add 3,pick_up_the_tomato_sauce_and_place_it_in_the_basket_add_3
2196,Objects Layout,2,3,pick_up_the_tomato_sauce_and_place_it_in_the_basket,,,,,,,,,,,,30,,pick up the tomato sauce and place it in the basket,pick up the tomato sauce and place it in the basket add 30,pick_up_the_tomato_sauce_and_place_it_in_the_basket_add_30
2197,Objects Layout,2,3,pick_up_the_tomato_sauce_and_place_it_in_the_basket,,,,,,,,,,,,4,,pick up the tomato sauce and place it in the basket,pick up the tomato sauce and place it in the basket add 4,pick_up_the_tomato_sauce_and_place_it_in_the_basket_add_4
2198,Objects Layout,3,2,pick_up_the_tomato_sauce_and_place_it_in_the_basket,,,,,,,,,,,,5,,pick up the tomato sauce and place it in the basket,pick up the tomato sauce and place it in the basket add 5,pick_up_the_tomato_sauce_and_place_it_in_the_basket_add_5
2199,Objects Layout,2,3,pick_up_the_tomato_sauce_and_place_it_in_the_basket,,,,,,,,,,,,6,,pick up the tomato sauce and place it in the basket,pick up the tomato sauce and place it in the basket add 6,pick_up_the_tomato_sauce_and_place_it_in_the_basket_add_6
2200,Objects Layout,2,3,pick_up_the_tomato_sauce_and_place_it_in_the_basket,,,,,,,,,,,,7,,pick up the tomato sauce and place it in the basket,pick up the tomato sauce and place it in the basket add 7,pick_up_the_tomato_sauce_and_place_it_in_the_basket_add_7
2201,Objects Layout,2,3,pick_up_the_tomato_sauce_and_place_it_in_the_basket,,,,,,,,,,,,8,,pick up the tomato sauce and place it in the basket,pick up the tomato sauce and place it in the basket add 8,pick_up_the_tomato_sauce_and_place_it_in_the_basket_add_8
2202,Objects Layout,2,3,pick_up_the_tomato_sauce_and_place_it_in_the_basket,,,,,,,,,,,,9,,pick up the tomato sauce and place it in the basket,pick up the tomato sauce and place it in the basket add 9,pick_up_the_tomato_sauce_and_place_it_in_the_basket_add_9
2203,Objects Layout,3,2,pick_up_the_tomato_sauce_and_place_it_in_the_basket,,,,,,,,,,,,,1,pick up the tomato sauce and place it in the basket,pick up the tomato sauce and place it in the basket level1 sample1,pick_up_the_tomato_sauce_and_place_it_in_the_basket_level1_sample1
2204,Objects Layout,3,2,pick_up_the_tomato_sauce_and_place_it_in_the_basket,,,,,,,,,,,,,1,pick up the tomato sauce and place it in the basket,pick up the tomato sauce and place it in the basket level1 sample2,pick_up_the_tomato_sauce_and_place_it_in_the_basket_level1_sample2
2205,Objects Layout,3,2,pick_up_the_tomato_sauce_and_place_it_in_the_basket,,,,,,,,,,,,,1,pick up the tomato sauce and place it in the basket,pick up the tomato sauce and place it in the basket level1 sample3,pick_up_the_tomato_sauce_and_place_it_in_the_basket_level1_sample3
2206,Objects Layout,3,2,pick_up_the_tomato_sauce_and_place_it_in_the_basket,,,,,,,,,,,,,1,pick up the tomato sauce and place it in the basket,pick up the tomato sauce and place it in the basket level1 sample4,pick_up_the_tomato_sauce_and_place_it_in_the_basket_level1_sample4
2207,Objects Layout,4,1,pick_up_the_tomato_sauce_and_place_it_in_the_basket,,,,,,,,,,,,,2,pick up the tomato sauce and place it in the basket,pick up the tomato sauce and place it in the basket level2 sample1,pick_up_the_tomato_sauce_and_place_it_in_the_basket_level2_sample1
2208,Objects Layout,3,2,pick_up_the_tomato_sauce_and_place_it_in_the_basket,,,,,,,,,,,,,2,pick up the tomato sauce and place it in the basket,pick up the tomato sauce and place it in the basket level2 sample2,pick_up_the_tomato_sauce_and_place_it_in_the_basket_level2_sample2
2209,Objects Layout,4,1,pick_up_the_tomato_sauce_and_place_it_in_the_basket,,,,,,,,,,,,,2,pick up the tomato sauce and place it in the basket,pick up the tomato sauce and place it in the basket level2 sample3,pick_up_the_tomato_sauce_and_place_it_in_the_basket_level2_sample3
2210,Objects Layout,3,2,pick_up_the_tomato_sauce_and_place_it_in_the_basket,,,,,,,,,,,,,2,pick up the tomato sauce and place it in the basket,pick up the tomato sauce and place it in the basket level2 sample4,pick_up_the_tomato_sauce_and_place_it_in_the_basket_level2_sample4
2211,Objects Layout,4,1,pick_up_the_tomato_sauce_and_place_it_in_the_basket,,,,,,,,,,,,,3,pick up the tomato sauce and place it in the basket,pick up the tomato sauce and place it in the basket level3 sample1,pick_up_the_tomato_sauce_and_place_it_in_the_basket_level3_sample1
2212,Objects Layout,3,2,pick_up_the_tomato_sauce_and_place_it_in_the_basket,,,,,,,,,,,,,3,pick up the tomato sauce and place it in the basket,pick up the tomato sauce and place it in the basket level3 sample4,pick_up_the_tomato_sauce_and_place_it_in_the_basket_level3_sample4
2213,Objects Layout,4,1,pick_up_the_tomato_sauce_and_place_it_in_the_basket,,,,,,,,,,,,,4,pick up the tomato sauce and place it in the basket,pick up the tomato sauce and place it in the basket level4 sample1,pick_up_the_tomato_sauce_and_place_it_in_the_basket_level4_sample1
2214,Objects Layout,2,3,pick_up_the_tomato_sauce_and_place_it_in_the_basket,,,,,,,,,,,,,4,pick up the tomato sauce and place it in the basket,pick up the tomato sauce and place it in the basket level4 sample2,pick_up_the_tomato_sauce_and_place_it_in_the_basket_level4_sample2
2215,Objects Layout,3,2,pick_up_the_tomato_sauce_and_place_it_in_the_basket,,,,,,,,,,,,,4,pick up the tomato sauce and place it in the basket,pick up the tomato sauce and place it in the basket level4 sample3,pick_up_the_tomato_sauce_and_place_it_in_the_basket_level4_sample3
2216,Objects Layout,4,1,pick_up_the_tomato_sauce_and_place_it_in_the_basket,,,,,,,,,,,,,4,pick up the tomato sauce and place it in the basket,pick up the tomato sauce and place it in the basket level4 sample4,pick_up_the_tomato_sauce_and_place_it_in_the_basket_level4_sample4
2217,Objects Layout,3,2,pick_up_the_tomato_sauce_and_place_it_in_the_basket,,,,,,,,,,,,,5,pick up the tomato sauce and place it in the basket,pick up the tomato sauce and place it in the basket level5 sample1,pick_up_the_tomato_sauce_and_place_it_in_the_basket_level5_sample1
2218,Objects Layout,3,2,pick_up_the_tomato_sauce_and_place_it_in_the_basket,,,,,,,,,,,,,5,pick up the tomato sauce and place it in the basket,pick up the tomato sauce and place it in the basket level5 sample2,pick_up_the_tomato_sauce_and_place_it_in_the_basket_level5_sample2
2219,Objects Layout,5,0,pick_up_the_tomato_sauce_and_place_it_in_the_basket,,,,,,,,,,,,,5,pick up the tomato sauce and place it in the basket,pick up the tomato sauce and place it in the basket level5 sample3,pick_up_the_tomato_sauce_and_place_it_in_the_basket_level5_sample3
2220,Objects Layout,4,1,pick_up_the_tomato_sauce_and_place_it_in_the_basket,,,,,,,,,,,,,5,pick up the tomato sauce and place it in the basket,pick up the tomato sauce and place it in the basket level5 sample4,pick_up_the_tomato_sauce_and_place_it_in_the_basket_level5_sample4
2221,Light Conditions,5,0,pick_up_the_alphabet_soup_and_place_it_in_the_basket,,,,,,,,,1,,,,,pick up the alphabet soup and place it in the basket,pick up the alphabet soup and place it in the basket light 1,pick_up_the_alphabet_soup_and_place_it_in_the_basket_light_1
2222,Light Conditions,5,0,pick_up_the_alphabet_soup_and_place_it_in_the_basket,,,,,,,,,10,,,,,pick up the alphabet soup and place it in the basket,pick up the alphabet soup and place it in the basket light 10,pick_up_the_alphabet_soup_and_place_it_in_the_basket_light_10
2223,Light Conditions,5,0,pick_up_the_alphabet_soup_and_place_it_in_the_basket,,,,,,,,,11,,,,,pick up the alphabet soup and place it in the basket,pick up the alphabet soup and place it in the basket light 11,pick_up_the_alphabet_soup_and_place_it_in_the_basket_light_11
2224,Light Conditions,5,0,pick_up_the_alphabet_soup_and_place_it_in_the_basket,,,,,,,,,12,,,,,pick up the alphabet soup and place it in the basket,pick up the alphabet soup and place it in the basket light 12,pick_up_the_alphabet_soup_and_place_it_in_the_basket_light_12
2225,Light Conditions,5,0,pick_up_the_alphabet_soup_and_place_it_in_the_basket,,,,,,,,,13,,,,,pick up the alphabet soup and place it in the basket,pick up the alphabet soup and place it in the basket light 13,pick_up_the_alphabet_soup_and_place_it_in_the_basket_light_13
2226,Light Conditions,5,0,pick_up_the_alphabet_soup_and_place_it_in_the_basket,,,,,,,,,14,,,,,pick up the alphabet soup and place it in the basket,pick up the alphabet soup and place it in the basket light 14,pick_up_the_alphabet_soup_and_place_it_in_the_basket_light_14
2227,Light Conditions,5,0,pick_up_the_alphabet_soup_and_place_it_in_the_basket,,,,,,,,,15,,,,,pick up the alphabet soup and place it in the basket,pick up the alphabet soup and place it in the basket light 15,pick_up_the_alphabet_soup_and_place_it_in_the_basket_light_15
2228,Light Conditions,5,0,pick_up_the_alphabet_soup_and_place_it_in_the_basket,,,,,,,,,16,,,,,pick up the alphabet soup and place it in the basket,pick up the alphabet soup and place it in the basket light 16,pick_up_the_alphabet_soup_and_place_it_in_the_basket_light_16
2229,Light Conditions,5,0,pick_up_the_alphabet_soup_and_place_it_in_the_basket,,,,,,,,,17,,,,,pick up the alphabet soup and place it in the basket,pick up the alphabet soup and place it in the basket light 17,pick_up_the_alphabet_soup_and_place_it_in_the_basket_light_17
2230,Light Conditions,5,0,pick_up_the_alphabet_soup_and_place_it_in_the_basket,,,,,,,,,18,,,,,pick up the alphabet soup and place it in the basket,pick up the alphabet soup and place it in the basket light 18,pick_up_the_alphabet_soup_and_place_it_in_the_basket_light_18
2231,Light Conditions,5,0,pick_up_the_alphabet_soup_and_place_it_in_the_basket,,,,,,,,,19,,,,,pick up the alphabet soup and place it in the basket,pick up the alphabet soup and place it in the basket light 19,pick_up_the_alphabet_soup_and_place_it_in_the_basket_light_19
2232,Light Conditions,5,0,pick_up_the_alphabet_soup_and_place_it_in_the_basket,,,,,,,,,2,,,,,pick up the alphabet soup and place it in the basket,pick up the alphabet soup and place it in the basket light 2,pick_up_the_alphabet_soup_and_place_it_in_the_basket_light_2
2233,Light Conditions,5,0,pick_up_the_alphabet_soup_and_place_it_in_the_basket,,,,,,,,,20,,,,,pick up the alphabet soup and place it in the basket,pick up the alphabet soup and place it in the basket light 20,pick_up_the_alphabet_soup_and_place_it_in_the_basket_light_20
2234,Light Conditions,5,0,pick_up_the_alphabet_soup_and_place_it_in_the_basket,,,,,,,,,21,,,,,pick up the alphabet soup and place it in the basket,pick up the alphabet soup and place it in the basket light 21,pick_up_the_alphabet_soup_and_place_it_in_the_basket_light_21
2235,Light Conditions,5,0,pick_up_the_alphabet_soup_and_place_it_in_the_basket,,,,,,,,,24,,,,,pick up the alphabet soup and place it in the basket,pick up the alphabet soup and place it in the basket light 24,pick_up_the_alphabet_soup_and_place_it_in_the_basket_light_24
2236,Light Conditions,5,0,pick_up_the_alphabet_soup_and_place_it_in_the_basket,,,,,,,,,25,,,,,pick up the alphabet soup and place it in the basket,pick up the alphabet soup and place it in the basket light 25,pick_up_the_alphabet_soup_and_place_it_in_the_basket_light_25
2237,Light Conditions,5,0,pick_up_the_alphabet_soup_and_place_it_in_the_basket,,,,,,,,,26,,,,,pick up the alphabet soup and place it in the basket,pick up the alphabet soup and place it in the basket light 26,pick_up_the_alphabet_soup_and_place_it_in_the_basket_light_26
2238,Light Conditions,5,0,pick_up_the_alphabet_soup_and_place_it_in_the_basket,,,,,,,,,27,,,,,pick up the alphabet soup and place it in the basket,pick up the alphabet soup and place it in the basket light 27,pick_up_the_alphabet_soup_and_place_it_in_the_basket_light_27
2239,Light Conditions,5,0,pick_up_the_alphabet_soup_and_place_it_in_the_basket,,,,,,,,,28,,,,,pick up the alphabet soup and place it in the basket,pick up the alphabet soup and place it in the basket light 28,pick_up_the_alphabet_soup_and_place_it_in_the_basket_light_28
2240,Light Conditions,5,0,pick_up_the_alphabet_soup_and_place_it_in_the_basket,,,,,,,,,29,,,,,pick up the alphabet soup and place it in the basket,pick up the alphabet soup and place it in the basket light 29,pick_up_the_alphabet_soup_and_place_it_in_the_basket_light_29
2241,Light Conditions,4,1,pick_up_the_alphabet_soup_and_place_it_in_the_basket,,,,,,,,,3,,,,,pick up the alphabet soup and place it in the basket,pick up the alphabet soup and place it in the basket light 3,pick_up_the_alphabet_soup_and_place_it_in_the_basket_light_3
2242,Light Conditions,5,0,pick_up_the_alphabet_soup_and_place_it_in_the_basket,,,,,,,,,30,,,,,pick up the alphabet soup and place it in the basket,pick up the alphabet soup and place it in the basket light 30,pick_up_the_alphabet_soup_and_place_it_in_the_basket_light_30
2243,Light Conditions,5,0,pick_up_the_alphabet_soup_and_place_it_in_the_basket,,,,,,,,,31,,,,,pick up the alphabet soup and place it in the basket,pick up the alphabet soup and place it in the basket light 31,pick_up_the_alphabet_soup_and_place_it_in_the_basket_light_31
2244,Light Conditions,5,0,pick_up_the_alphabet_soup_and_place_it_in_the_basket,,,,,,,,,33,,,,,pick up the alphabet soup and place it in the basket,pick up the alphabet soup and place it in the basket light 33,pick_up_the_alphabet_soup_and_place_it_in_the_basket_light_33
2245,Light Conditions,4,1,pick_up_the_alphabet_soup_and_place_it_in_the_basket,,,,,,,,,35,,,,,pick up the alphabet soup and place it in the basket,pick up the alphabet soup and place it in the basket light 35,pick_up_the_alphabet_soup_and_place_it_in_the_basket_light_35
2246,Light Conditions,4,1,pick_up_the_alphabet_soup_and_place_it_in_the_basket,,,,,,,,,36,,,,,pick up the alphabet soup and place it in the basket,pick up the alphabet soup and place it in the basket light 36,pick_up_the_alphabet_soup_and_place_it_in_the_basket_light_36
2247,Light Conditions,5,0,pick_up_the_alphabet_soup_and_place_it_in_the_basket,,,,,,,,,38,,,,,pick up the alphabet soup and place it in the basket,pick up the alphabet soup and place it in the basket light 38,pick_up_the_alphabet_soup_and_place_it_in_the_basket_light_38
2248,Light Conditions,5,0,pick_up_the_alphabet_soup_and_place_it_in_the_basket,,,,,,,,,4,,,,,pick up the alphabet soup and place it in the basket,pick up the alphabet soup and place it in the basket light 4,pick_up_the_alphabet_soup_and_place_it_in_the_basket_light_4
2249,Light Conditions,4,1,pick_up_the_alphabet_soup_and_place_it_in_the_basket,,,,,,,,,41,,,,,pick up the alphabet soup and place it in the basket,pick up the alphabet soup and place it in the basket light 41,pick_up_the_alphabet_soup_and_place_it_in_the_basket_light_41
2250,Light Conditions,4,1,pick_up_the_alphabet_soup_and_place_it_in_the_basket,,,,,,,,,42,,,,,pick up the alphabet soup and place it in the basket,pick up the alphabet soup and place it in the basket light 42,pick_up_the_alphabet_soup_and_place_it_in_the_basket_light_42
2251,Light Conditions,3,2,pick_up_the_alphabet_soup_and_place_it_in_the_basket,,,,,,,,,43,,,,,pick up the alphabet soup and place it in the basket,pick up the alphabet soup and place it in the basket light 43,pick_up_the_alphabet_soup_and_place_it_in_the_basket_light_43
2252,Light Conditions,5,0,pick_up_the_alphabet_soup_and_place_it_in_the_basket,,,,,,,,,45,,,,,pick up the alphabet soup and place it in the basket,pick up the alphabet soup and place it in the basket light 45,pick_up_the_alphabet_soup_and_place_it_in_the_basket_light_45
2253,Light Conditions,5,0,pick_up_the_alphabet_soup_and_place_it_in_the_basket,,,,,,,,,46,,,,,pick up the alphabet soup and place it in the basket,pick up the alphabet soup and place it in the basket light 46,pick_up_the_alphabet_soup_and_place_it_in_the_basket_light_46
2254,Light Conditions,5,0,pick_up_the_alphabet_soup_and_place_it_in_the_basket,,,,,,,,,47,,,,,pick up the alphabet soup and place it in the basket,pick up the alphabet soup and place it in the basket light 47,pick_up_the_alphabet_soup_and_place_it_in_the_basket_light_47
2255,Light Conditions,5,0,pick_up_the_alphabet_soup_and_place_it_in_the_basket,,,,,,,,,48,,,,,pick up the alphabet soup and place it in the basket,pick up the alphabet soup and place it in the basket light 48,pick_up_the_alphabet_soup_and_place_it_in_the_basket_light_48
2256,Light Conditions,5,0,pick_up_the_alphabet_soup_and_place_it_in_the_basket,,,,,,,,,49,,,,,pick up the alphabet soup and place it in the basket,pick up the alphabet soup and place it in the basket light 49,pick_up_the_alphabet_soup_and_place_it_in_the_basket_light_49
2257,Light Conditions,5,0,pick_up_the_alphabet_soup_and_place_it_in_the_basket,,,,,,,,,5,,,,,pick up the alphabet soup and place it in the basket,pick up the alphabet soup and place it in the basket light 5,pick_up_the_alphabet_soup_and_place_it_in_the_basket_light_5
2258,Light Conditions,5,0,pick_up_the_alphabet_soup_and_place_it_in_the_basket,,,,,,,,,50,,,,,pick up the alphabet soup and place it in the basket,pick up the alphabet soup and place it in the basket light 50,pick_up_the_alphabet_soup_and_place_it_in_the_basket_light_50
2259,Light Conditions,5,0,pick_up_the_alphabet_soup_and_place_it_in_the_basket,,,,,,,,,7,,,,,pick up the alphabet soup and place it in the basket,pick up the alphabet soup and place it in the basket light 7,pick_up_the_alphabet_soup_and_place_it_in_the_basket_light_7
2260,Light Conditions,3,2,pick_up_the_alphabet_soup_and_place_it_in_the_basket,,,,,,,,,8,,,,,pick up the alphabet soup and place it in the basket,pick up the alphabet soup and place it in the basket light 8,pick_up_the_alphabet_soup_and_place_it_in_the_basket_light_8
2261,Light Conditions,5,0,pick_up_the_alphabet_soup_and_place_it_in_the_basket,,,,,,,,,9,,,,,pick up the alphabet soup and place it in the basket,pick up the alphabet soup and place it in the basket light 9,pick_up_the_alphabet_soup_and_place_it_in_the_basket_light_9
2262,Light Conditions,3,2,pick_up_the_bbq_sauce_and_place_it_in_the_basket,,,,,,,,,1,,,,,pick up the bbq sauce and place it in the basket,pick up the bbq sauce and place it in the basket light 1,pick_up_the_bbq_sauce_and_place_it_in_the_basket_light_1
2263,Light Conditions,5,0,pick_up_the_bbq_sauce_and_place_it_in_the_basket,,,,,,,,,10,,,,,pick up the bbq sauce and place it in the basket,pick up the bbq sauce and place it in the basket light 10,pick_up_the_bbq_sauce_and_place_it_in_the_basket_light_10
2264,Light Conditions,3,2,pick_up_the_bbq_sauce_and_place_it_in_the_basket,,,,,,,,,11,,,,,pick up the bbq sauce and place it in the basket,pick up the bbq sauce and place it in the basket light 11,pick_up_the_bbq_sauce_and_place_it_in_the_basket_light_11
2265,Light Conditions,3,2,pick_up_the_bbq_sauce_and_place_it_in_the_basket,,,,,,,,,12,,,,,pick up the bbq sauce and place it in the basket,pick up the bbq sauce and place it in the basket light 12,pick_up_the_bbq_sauce_and_place_it_in_the_basket_light_12
2266,Light Conditions,4,1,pick_up_the_bbq_sauce_and_place_it_in_the_basket,,,,,,,,,13,,,,,pick up the bbq sauce and place it in the basket,pick up the bbq sauce and place it in the basket light 13,pick_up_the_bbq_sauce_and_place_it_in_the_basket_light_13
2267,Light Conditions,3,2,pick_up_the_bbq_sauce_and_place_it_in_the_basket,,,,,,,,,14,,,,,pick up the bbq sauce and place it in the basket,pick up the bbq sauce and place it in the basket light 14,pick_up_the_bbq_sauce_and_place_it_in_the_basket_light_14
2268,Light Conditions,4,1,pick_up_the_bbq_sauce_and_place_it_in_the_basket,,,,,,,,,15,,,,,pick up the bbq sauce and place it in the basket,pick up the bbq sauce and place it in the basket light 15,pick_up_the_bbq_sauce_and_place_it_in_the_basket_light_15
2269,Light Conditions,4,1,pick_up_the_bbq_sauce_and_place_it_in_the_basket,,,,,,,,,16,,,,,pick up the bbq sauce and place it in the basket,pick up the bbq sauce and place it in the basket light 16,pick_up_the_bbq_sauce_and_place_it_in_the_basket_light_16
2270,Light Conditions,4,1,pick_up_the_bbq_sauce_and_place_it_in_the_basket,,,,,,,,,17,,,,,pick up the bbq sauce and place it in the basket,pick up the bbq sauce and place it in the basket light 17,pick_up_the_bbq_sauce_and_place_it_in_the_basket_light_17
2271,Light Conditions,2,3,pick_up_the_bbq_sauce_and_place_it_in_the_basket,,,,,,,,,18,,,,,pick up the bbq sauce and place it in the basket,pick up the bbq sauce and place it in the basket light 18,pick_up_the_bbq_sauce_and_place_it_in_the_basket_light_18
2272,Light Conditions,4,1,pick_up_the_bbq_sauce_and_place_it_in_the_basket,,,,,,,,,19,,,,,pick up the bbq sauce and place it in the basket,pick up the bbq sauce and place it in the basket light 19,pick_up_the_bbq_sauce_and_place_it_in_the_basket_light_19
2273,Light Conditions,3,2,pick_up_the_bbq_sauce_and_place_it_in_the_basket,,,,,,,,,2,,,,,pick up the bbq sauce and place it in the basket,pick up the bbq sauce and place it in the basket light 2,pick_up_the_bbq_sauce_and_place_it_in_the_basket_light_2
2274,Light Conditions,1,4,pick_up_the_bbq_sauce_and_place_it_in_the_basket,,,,,,,,,20,,,,,pick up the bbq sauce and place it in the basket,pick up the bbq sauce and place it in the basket light 20,pick_up_the_bbq_sauce_and_place_it_in_the_basket_light_20
2275,Light Conditions,4,1,pick_up_the_bbq_sauce_and_place_it_in_the_basket,,,,,,,,,21,,,,,pick up the bbq sauce and place it in the basket,pick up the bbq sauce and place it in the basket light 21,pick_up_the_bbq_sauce_and_place_it_in_the_basket_light_21
2276,Light Conditions,2,3,pick_up_the_bbq_sauce_and_place_it_in_the_basket,,,,,,,,,22,,,,,pick up the bbq sauce and place it in the basket,pick up the bbq sauce and place it in the basket light 22,pick_up_the_bbq_sauce_and_place_it_in_the_basket_light_22
2277,Light Conditions,4,1,pick_up_the_bbq_sauce_and_place_it_in_the_basket,,,,,,,,,23,,,,,pick up the bbq sauce and place it in the basket,pick up the bbq sauce and place it in the basket light 23,pick_up_the_bbq_sauce_and_place_it_in_the_basket_light_23
2278,Light Conditions,3,2,pick_up_the_bbq_sauce_and_place_it_in_the_basket,,,,,,,,,24,,,,,pick up the bbq sauce and place it in the basket,pick up the bbq sauce and place it in the basket light 24,pick_up_the_bbq_sauce_and_place_it_in_the_basket_light_24
2279,Light Conditions,4,1,pick_up_the_bbq_sauce_and_place_it_in_the_basket,,,,,,,,,25,,,,,pick up the bbq sauce and place it in the basket,pick up the bbq sauce and place it in the basket light 25,pick_up_the_bbq_sauce_and_place_it_in_the_basket_light_25
2280,Light Conditions,4,1,pick_up_the_bbq_sauce_and_place_it_in_the_basket,,,,,,,,,26,,,,,pick up the bbq sauce and place it in the basket,pick up the bbq sauce and place it in the basket light 26,pick_up_the_bbq_sauce_and_place_it_in_the_basket_light_26
2281,Light Conditions,4,1,pick_up_the_bbq_sauce_and_place_it_in_the_basket,,,,,,,,,27,,,,,pick up the bbq sauce and place it in the basket,pick up the bbq sauce and place it in the basket light 27,pick_up_the_bbq_sauce_and_place_it_in_the_basket_light_27
2282,Light Conditions,5,0,pick_up_the_bbq_sauce_and_place_it_in_the_basket,,,,,,,,,28,,,,,pick up the bbq sauce and place it in the basket,pick up the bbq sauce and place it in the basket light 28,pick_up_the_bbq_sauce_and_place_it_in_the_basket_light_28
2283,Light Conditions,3,2,pick_up_the_bbq_sauce_and_place_it_in_the_basket,,,,,,,,,29,,,,,pick up the bbq sauce and place it in the basket,pick up the bbq sauce and place it in the basket light 29,pick_up_the_bbq_sauce_and_place_it_in_the_basket_light_29
2284,Light Conditions,3,2,pick_up_the_bbq_sauce_and_place_it_in_the_basket,,,,,,,,,3,,,,,pick up the bbq sauce and place it in the basket,pick up the bbq sauce and place it in the basket light 3,pick_up_the_bbq_sauce_and_place_it_in_the_basket_light_3
2285,Light Conditions,3,2,pick_up_the_bbq_sauce_and_place_it_in_the_basket,,,,,,,,,30,,,,,pick up the bbq sauce and place it in the basket,pick up the bbq sauce and place it in the basket light 30,pick_up_the_bbq_sauce_and_place_it_in_the_basket_light_30
2286,Light Conditions,4,1,pick_up_the_bbq_sauce_and_place_it_in_the_basket,,,,,,,,,31,,,,,pick up the bbq sauce and place it in the basket,pick up the bbq sauce and place it in the basket light 31,pick_up_the_bbq_sauce_and_place_it_in_the_basket_light_31
2287,Light Conditions,3,2,pick_up_the_bbq_sauce_and_place_it_in_the_basket,,,,,,,,,32,,,,,pick up the bbq sauce and place it in the basket,pick up the bbq sauce and place it in the basket light 32,pick_up_the_bbq_sauce_and_place_it_in_the_basket_light_32
2288,Light Conditions,4,1,pick_up_the_bbq_sauce_and_place_it_in_the_basket,,,,,,,,,33,,,,,pick up the bbq sauce and place it in the basket,pick up the bbq sauce and place it in the basket light 33,pick_up_the_bbq_sauce_and_place_it_in_the_basket_light_33
2289,Light Conditions,4,1,pick_up_the_bbq_sauce_and_place_it_in_the_basket,,,,,,,,,34,,,,,pick up the bbq sauce and place it in the basket,pick up the bbq sauce and place it in the basket light 34,pick_up_the_bbq_sauce_and_place_it_in_the_basket_light_34
2290,Light Conditions,5,0,pick_up_the_bbq_sauce_and_place_it_in_the_basket,,,,,,,,,35,,,,,pick up the bbq sauce and place it in the basket,pick up the bbq sauce and place it in the basket light 35,pick_up_the_bbq_sauce_and_place_it_in_the_basket_light_35
2291,Light Conditions,4,1,pick_up_the_bbq_sauce_and_place_it_in_the_basket,,,,,,,,,36,,,,,pick up the bbq sauce and place it in the basket,pick up the bbq sauce and place it in the basket light 36,pick_up_the_bbq_sauce_and_place_it_in_the_basket_light_36
2292,Light Conditions,4,1,pick_up_the_bbq_sauce_and_place_it_in_the_basket,,,,,,,,,37,,,,,pick up the bbq sauce and place it in the basket,pick up the bbq sauce and place it in the basket light 37,pick_up_the_bbq_sauce_and_place_it_in_the_basket_light_37
2293,Light Conditions,3,2,pick_up_the_bbq_sauce_and_place_it_in_the_basket,,,,,,,,,38,,,,,pick up the bbq sauce and place it in the basket,pick up the bbq sauce and place it in the basket light 38,pick_up_the_bbq_sauce_and_place_it_in_the_basket_light_38
2294,Light Conditions,4,1,pick_up_the_bbq_sauce_and_place_it_in_the_basket,,,,,,,,,39,,,,,pick up the bbq sauce and place it in the basket,pick up the bbq sauce and place it in the basket light 39,pick_up_the_bbq_sauce_and_place_it_in_the_basket_light_39
2295,Light Conditions,3,2,pick_up_the_bbq_sauce_and_place_it_in_the_basket,,,,,,,,,4,,,,,pick up the bbq sauce and place it in the basket,pick up the bbq sauce and place it in the basket light 4,pick_up_the_bbq_sauce_and_place_it_in_the_basket_light_4
2296,Light Conditions,3,2,pick_up_the_bbq_sauce_and_place_it_in_the_basket,,,,,,,,,40,,,,,pick up the bbq sauce and place it in the basket,pick up the bbq sauce and place it in the basket light 40,pick_up_the_bbq_sauce_and_place_it_in_the_basket_light_40
2297,Light Conditions,3,2,pick_up_the_bbq_sauce_and_place_it_in_the_basket,,,,,,,,,41,,,,,pick up the bbq sauce and place it in the basket,pick up the bbq sauce and place it in the basket light 41,pick_up_the_bbq_sauce_and_place_it_in_the_basket_light_41
2298,Light Conditions,3,2,pick_up_the_bbq_sauce_and_place_it_in_the_basket,,,,,,,,,42,,,,,pick up the bbq sauce and place it in the basket,pick up the bbq sauce and place it in the basket light 42,pick_up_the_bbq_sauce_and_place_it_in_the_basket_light_42
2299,Light Conditions,4,1,pick_up_the_bbq_sauce_and_place_it_in_the_basket,,,,,,,,,43,,,,,pick up the bbq sauce and place it in the basket,pick up the bbq sauce and place it in the basket light 43,pick_up_the_bbq_sauce_and_place_it_in_the_basket_light_43
2300,Light Conditions,3,2,pick_up_the_bbq_sauce_and_place_it_in_the_basket,,,,,,,,,44,,,,,pick up the bbq sauce and place it in the basket,pick up the bbq sauce and place it in the basket light 44,pick_up_the_bbq_sauce_and_place_it_in_the_basket_light_44
2301,Light Conditions,5,0,pick_up_the_bbq_sauce_and_place_it_in_the_basket,,,,,,,,,45,,,,,pick up the bbq sauce and place it in the basket,pick up the bbq sauce and place it in the basket light 45,pick_up_the_bbq_sauce_and_place_it_in_the_basket_light_45
2302,Light Conditions,4,1,pick_up_the_bbq_sauce_and_place_it_in_the_basket,,,,,,,,,46,,,,,pick up the bbq sauce and place it in the basket,pick up the bbq sauce and place it in the basket light 46,pick_up_the_bbq_sauce_and_place_it_in_the_basket_light_46
2303,Light Conditions,3,2,pick_up_the_bbq_sauce_and_place_it_in_the_basket,,,,,,,,,47,,,,,pick up the bbq sauce and place it in the basket,pick up the bbq sauce and place it in the basket light 47,pick_up_the_bbq_sauce_and_place_it_in_the_basket_light_47
2304,Light Conditions,3,2,pick_up_the_bbq_sauce_and_place_it_in_the_basket,,,,,,,,,48,,,,,pick up the bbq sauce and place it in the basket,pick up the bbq sauce and place it in the basket light 48,pick_up_the_bbq_sauce_and_place_it_in_the_basket_light_48
2305,Light Conditions,4,1,pick_up_the_bbq_sauce_and_place_it_in_the_basket,,,,,,,,,49,,,,,pick up the bbq sauce and place it in the basket,pick up the bbq sauce and place it in the basket light 49,pick_up_the_bbq_sauce_and_place_it_in_the_basket_light_49
2306,Light Conditions,4,1,pick_up_the_bbq_sauce_and_place_it_in_the_basket,,,,,,,,,5,,,,,pick up the bbq sauce and place it in the basket,pick up the bbq sauce and place it in the basket light 5,pick_up_the_bbq_sauce_and_place_it_in_the_basket_light_5
2307,Light Conditions,3,2,pick_up_the_bbq_sauce_and_place_it_in_the_basket,,,,,,,,,50,,,,,pick up the bbq sauce and place it in the basket,pick up the bbq sauce and place it in the basket light 50,pick_up_the_bbq_sauce_and_place_it_in_the_basket_light_50
2308,Light Conditions,4,1,pick_up_the_bbq_sauce_and_place_it_in_the_basket,,,,,,,,,6,,,,,pick up the bbq sauce and place it in the basket,pick up the bbq sauce and place it in the basket light 6,pick_up_the_bbq_sauce_and_place_it_in_the_basket_light_6
2309,Light Conditions,3,2,pick_up_the_bbq_sauce_and_place_it_in_the_basket,,,,,,,,,7,,,,,pick up the bbq sauce and place it in the basket,pick up the bbq sauce and place it in the basket light 7,pick_up_the_bbq_sauce_and_place_it_in_the_basket_light_7
2310,Light Conditions,3,2,pick_up_the_bbq_sauce_and_place_it_in_the_basket,,,,,,,,,9,,,,,pick up the bbq sauce and place it in the basket,pick up the bbq sauce and place it in the basket light 9,pick_up_the_bbq_sauce_and_place_it_in_the_basket_light_9
2311,Light Conditions,4,1,pick_up_the_butter_and_place_it_in_the_basket,,,,,,,,,10,,,,,pick up the butter and place it in the basket,pick up the butter and place it in the basket light 10,pick_up_the_butter_and_place_it_in_the_basket_light_10
2312,Light Conditions,4,1,pick_up_the_butter_and_place_it_in_the_basket,,,,,,,,,11,,,,,pick up the butter and place it in the basket,pick up the butter and place it in the basket light 11,pick_up_the_butter_and_place_it_in_the_basket_light_11
2313,Light Conditions,5,0,pick_up_the_butter_and_place_it_in_the_basket,,,,,,,,,12,,,,,pick up the butter and place it in the basket,pick up the butter and place it in the basket light 12,pick_up_the_butter_and_place_it_in_the_basket_light_12
2314,Light Conditions,5,0,pick_up_the_butter_and_place_it_in_the_basket,,,,,,,,,13,,,,,pick up the butter and place it in the basket,pick up the butter and place it in the basket light 13,pick_up_the_butter_and_place_it_in_the_basket_light_13
2315,Light Conditions,5,0,pick_up_the_butter_and_place_it_in_the_basket,,,,,,,,,14,,,,,pick up the butter and place it in the basket,pick up the butter and place it in the basket light 14,pick_up_the_butter_and_place_it_in_the_basket_light_14
2316,Light Conditions,5,0,pick_up_the_butter_and_place_it_in_the_basket,,,,,,,,,15,,,,,pick up the butter and place it in the basket,pick up the butter and place it in the basket light 15,pick_up_the_butter_and_place_it_in_the_basket_light_15
2317,Light Conditions,5,0,pick_up_the_butter_and_place_it_in_the_basket,,,,,,,,,16,,,,,pick up the butter and place it in the basket,pick up the butter and place it in the basket light 16,pick_up_the_butter_and_place_it_in_the_basket_light_16
2318,Light Conditions,5,0,pick_up_the_butter_and_place_it_in_the_basket,,,,,,,,,17,,,,,pick up the butter and place it in the basket,pick up the butter and place it in the basket light 17,pick_up_the_butter_and_place_it_in_the_basket_light_17
2319,Light Conditions,4,1,pick_up_the_butter_and_place_it_in_the_basket,,,,,,,,,18,,,,,pick up the butter and place it in the basket,pick up the butter and place it in the basket light 18,pick_up_the_butter_and_place_it_in_the_basket_light_18
2320,Light Conditions,5,0,pick_up_the_butter_and_place_it_in_the_basket,,,,,,,,,19,,,,,pick up the butter and place it in the basket,pick up the butter and place it in the basket light 19,pick_up_the_butter_and_place_it_in_the_basket_light_19
2321,Light Conditions,5,0,pick_up_the_butter_and_place_it_in_the_basket,,,,,,,,,2,,,,,pick up the butter and place it in the basket,pick up the butter and place it in the basket light 2,pick_up_the_butter_and_place_it_in_the_basket_light_2
2322,Light Conditions,5,0,pick_up_the_butter_and_place_it_in_the_basket,,,,,,,,,20,,,,,pick up the butter and place it in the basket,pick up the butter and place it in the basket light 20,pick_up_the_butter_and_place_it_in_the_basket_light_20
2323,Light Conditions,5,0,pick_up_the_butter_and_place_it_in_the_basket,,,,,,,,,21,,,,,pick up the butter and place it in the basket,pick up the butter and place it in the basket light 21,pick_up_the_butter_and_place_it_in_the_basket_light_21
2324,Light Conditions,3,2,pick_up_the_butter_and_place_it_in_the_basket,,,,,,,,,22,,,,,pick up the butter and place it in the basket,pick up the butter and place it in the basket light 22,pick_up_the_butter_and_place_it_in_the_basket_light_22
2325,Light Conditions,3,2,pick_up_the_butter_and_place_it_in_the_basket,,,,,,,,,23,,,,,pick up the butter and place it in the basket,pick up the butter and place it in the basket light 23,pick_up_the_butter_and_place_it_in_the_basket_light_23
2326,Light Conditions,4,1,pick_up_the_butter_and_place_it_in_the_basket,,,,,,,,,24,,,,,pick up the butter and place it in the basket,pick up the butter and place it in the basket light 24,pick_up_the_butter_and_place_it_in_the_basket_light_24
2327,Light Conditions,4,1,pick_up_the_butter_and_place_it_in_the_basket,,,,,,,,,25,,,,,pick up the butter and place it in the basket,pick up the butter and place it in the basket light 25,pick_up_the_butter_and_place_it_in_the_basket_light_25
2328,Light Conditions,5,0,pick_up_the_butter_and_place_it_in_the_basket,,,,,,,,,26,,,,,pick up the butter and place it in the basket,pick up the butter and place it in the basket light 26,pick_up_the_butter_and_place_it_in_the_basket_light_26
2329,Light Conditions,5,0,pick_up_the_butter_and_place_it_in_the_basket,,,,,,,,,27,,,,,pick up the butter and place it in the basket,pick up the butter and place it in the basket light 27,pick_up_the_butter_and_place_it_in_the_basket_light_27
2330,Light Conditions,5,0,pick_up_the_butter_and_place_it_in_the_basket,,,,,,,,,28,,,,,pick up the butter and place it in the basket,pick up the butter and place it in the basket light 28,pick_up_the_butter_and_place_it_in_the_basket_light_28
2331,Light Conditions,4,1,pick_up_the_butter_and_place_it_in_the_basket,,,,,,,,,29,,,,,pick up the butter and place it in the basket,pick up the butter and place it in the basket light 29,pick_up_the_butter_and_place_it_in_the_basket_light_29
2332,Light Conditions,5,0,pick_up_the_butter_and_place_it_in_the_basket,,,,,,,,,30,,,,,pick up the butter and place it in the basket,pick up the butter and place it in the basket light 30,pick_up_the_butter_and_place_it_in_the_basket_light_30
2333,Light Conditions,5,0,pick_up_the_butter_and_place_it_in_the_basket,,,,,,,,,31,,,,,pick up the butter and place it in the basket,pick up the butter and place it in the basket light 31,pick_up_the_butter_and_place_it_in_the_basket_light_31
2334,Light Conditions,3,2,pick_up_the_butter_and_place_it_in_the_basket,,,,,,,,,32,,,,,pick up the butter and place it in the basket,pick up the butter and place it in the basket light 32,pick_up_the_butter_and_place_it_in_the_basket_light_32
2335,Light Conditions,4,1,pick_up_the_butter_and_place_it_in_the_basket,,,,,,,,,33,,,,,pick up the butter and place it in the basket,pick up the butter and place it in the basket light 33,pick_up_the_butter_and_place_it_in_the_basket_light_33
2336,Light Conditions,5,0,pick_up_the_butter_and_place_it_in_the_basket,,,,,,,,,34,,,,,pick up the butter and place it in the basket,pick up the butter and place it in the basket light 34,pick_up_the_butter_and_place_it_in_the_basket_light_34
2337,Light Conditions,4,1,pick_up_the_butter_and_place_it_in_the_basket,,,,,,,,,35,,,,,pick up the butter and place it in the basket,pick up the butter and place it in the basket light 35,pick_up_the_butter_and_place_it_in_the_basket_light_35
2338,Light Conditions,5,0,pick_up_the_butter_and_place_it_in_the_basket,,,,,,,,,36,,,,,pick up the butter and place it in the basket,pick up the butter and place it in the basket light 36,pick_up_the_butter_and_place_it_in_the_basket_light_36
2339,Light Conditions,4,1,pick_up_the_butter_and_place_it_in_the_basket,,,,,,,,,37,,,,,pick up the butter and place it in the basket,pick up the butter and place it in the basket light 37,pick_up_the_butter_and_place_it_in_the_basket_light_37
2340,Light Conditions,4,1,pick_up_the_butter_and_place_it_in_the_basket,,,,,,,,,38,,,,,pick up the butter and place it in the basket,pick up the butter and place it in the basket light 38,pick_up_the_butter_and_place_it_in_the_basket_light_38
2341,Light Conditions,5,0,pick_up_the_butter_and_place_it_in_the_basket,,,,,,,,,39,,,,,pick up the butter and place it in the basket,pick up the butter and place it in the basket light 39,pick_up_the_butter_and_place_it_in_the_basket_light_39
2342,Light Conditions,5,0,pick_up_the_butter_and_place_it_in_the_basket,,,,,,,,,4,,,,,pick up the butter and place it in the basket,pick up the butter and place it in the basket light 4,pick_up_the_butter_and_place_it_in_the_basket_light_4
2343,Light Conditions,4,1,pick_up_the_butter_and_place_it_in_the_basket,,,,,,,,,40,,,,,pick up the butter and place it in the basket,pick up the butter and place it in the basket light 40,pick_up_the_butter_and_place_it_in_the_basket_light_40
2344,Light Conditions,5,0,pick_up_the_butter_and_place_it_in_the_basket,,,,,,,,,41,,,,,pick up the butter and place it in the basket,pick up the butter and place it in the basket light 41,pick_up_the_butter_and_place_it_in_the_basket_light_41
2345,Light Conditions,5,0,pick_up_the_butter_and_place_it_in_the_basket,,,,,,,,,42,,,,,pick up the butter and place it in the basket,pick up the butter and place it in the basket light 42,pick_up_the_butter_and_place_it_in_the_basket_light_42
2346,Light Conditions,4,1,pick_up_the_butter_and_place_it_in_the_basket,,,,,,,,,43,,,,,pick up the butter and place it in the basket,pick up the butter and place it in the basket light 43,pick_up_the_butter_and_place_it_in_the_basket_light_43
2347,Light Conditions,5,0,pick_up_the_butter_and_place_it_in_the_basket,,,,,,,,,44,,,,,pick up the butter and place it in the basket,pick up the butter and place it in the basket light 44,pick_up_the_butter_and_place_it_in_the_basket_light_44
2348,Light Conditions,5,0,pick_up_the_butter_and_place_it_in_the_basket,,,,,,,,,46,,,,,pick up the butter and place it in the basket,pick up the butter and place it in the basket light 46,pick_up_the_butter_and_place_it_in_the_basket_light_46
2349,Light Conditions,4,1,pick_up_the_butter_and_place_it_in_the_basket,,,,,,,,,48,,,,,pick up the butter and place it in the basket,pick up the butter and place it in the basket light 48,pick_up_the_butter_and_place_it_in_the_basket_light_48
2350,Light Conditions,5,0,pick_up_the_butter_and_place_it_in_the_basket,,,,,,,,,49,,,,,pick up the butter and place it in the basket,pick up the butter and place it in the basket light 49,pick_up_the_butter_and_place_it_in_the_basket_light_49
2351,Light Conditions,5,0,pick_up_the_butter_and_place_it_in_the_basket,,,,,,,,,5,,,,,pick up the butter and place it in the basket,pick up the butter and place it in the basket light 5,pick_up_the_butter_and_place_it_in_the_basket_light_5
2352,Light Conditions,5,0,pick_up_the_butter_and_place_it_in_the_basket,,,,,,,,,50,,,,,pick up the butter and place it in the basket,pick up the butter and place it in the basket light 50,pick_up_the_butter_and_place_it_in_the_basket_light_50
2353,Light Conditions,1,4,pick_up_the_butter_and_place_it_in_the_basket,,,,,,,,,6,,,,,pick up the butter and place it in the basket,pick up the butter and place it in the basket light 6,pick_up_the_butter_and_place_it_in_the_basket_light_6
2354,Light Conditions,5,0,pick_up_the_butter_and_place_it_in_the_basket,,,,,,,,,7,,,,,pick up the butter and place it in the basket,pick up the butter and place it in the basket light 7,pick_up_the_butter_and_place_it_in_the_basket_light_7
2355,Light Conditions,3,2,pick_up_the_butter_and_place_it_in_the_basket,,,,,,,,,9,,,,,pick up the butter and place it in the basket,pick up the butter and place it in the basket light 9,pick_up_the_butter_and_place_it_in_the_basket_light_9
2356,Light Conditions,4,1,pick_up_the_chocolate_pudding_and_place_it_in_the_basket,,,,,,,,,1,,,,,pick up the chocolate pudding and place it in the basket,pick up the chocolate pudding and place it in the basket light 1,pick_up_the_chocolate_pudding_and_place_it_in_the_basket_light_1
2357,Light Conditions,3,2,pick_up_the_chocolate_pudding_and_place_it_in_the_basket,,,,,,,,,11,,,,,pick up the chocolate pudding and place it in the basket,pick up the chocolate pudding and place it in the basket light 11,pick_up_the_chocolate_pudding_and_place_it_in_the_basket_light_11
2358,Light Conditions,5,0,pick_up_the_chocolate_pudding_and_place_it_in_the_basket,,,,,,,,,13,,,,,pick up the chocolate pudding and place it in the basket,pick up the chocolate pudding and place it in the basket light 13,pick_up_the_chocolate_pudding_and_place_it_in_the_basket_light_13
2359,Light Conditions,4,1,pick_up_the_chocolate_pudding_and_place_it_in_the_basket,,,,,,,,,15,,,,,pick up the chocolate pudding and place it in the basket,pick up the chocolate pudding and place it in the basket light 15,pick_up_the_chocolate_pudding_and_place_it_in_the_basket_light_15
2360,Light Conditions,5,0,pick_up_the_chocolate_pudding_and_place_it_in_the_basket,,,,,,,,,16,,,,,pick up the chocolate pudding and place it in the basket,pick up the chocolate pudding and place it in the basket light 16,pick_up_the_chocolate_pudding_and_place_it_in_the_basket_light_16
2361,Light Conditions,5,0,pick_up_the_chocolate_pudding_and_place_it_in_the_basket,,,,,,,,,18,,,,,pick up the chocolate pudding and place it in the basket,pick up the chocolate pudding and place it in the basket light 18,pick_up_the_chocolate_pudding_and_place_it_in_the_basket_light_18
2362,Light Conditions,5,0,pick_up_the_chocolate_pudding_and_place_it_in_the_basket,,,,,,,,,2,,,,,pick up the chocolate pudding and place it in the basket,pick up the chocolate pudding and place it in the basket light 2,pick_up_the_chocolate_pudding_and_place_it_in_the_basket_light_2
2363,Light Conditions,3,2,pick_up_the_chocolate_pudding_and_place_it_in_the_basket,,,,,,,,,20,,,,,pick up the chocolate pudding and place it in the basket,pick up the chocolate pudding and place it in the basket light 20,pick_up_the_chocolate_pudding_and_place_it_in_the_basket_light_20
2364,Light Conditions,5,0,pick_up_the_chocolate_pudding_and_place_it_in_the_basket,,,,,,,,,24,,,,,pick up the chocolate pudding and place it in the basket,pick up the chocolate pudding and place it in the basket light 24,pick_up_the_chocolate_pudding_and_place_it_in_the_basket_light_24
2365,Light Conditions,4,1,pick_up_the_chocolate_pudding_and_place_it_in_the_basket,,,,,,,,,26,,,,,pick up the chocolate pudding and place it in the basket,pick up the chocolate pudding and place it in the basket light 26,pick_up_the_chocolate_pudding_and_place_it_in_the_basket_light_26
2366,Light Conditions,4,1,pick_up_the_chocolate_pudding_and_place_it_in_the_basket,,,,,,,,,27,,,,,pick up the chocolate pudding and place it in the basket,pick up the chocolate pudding and place it in the basket light 27,pick_up_the_chocolate_pudding_and_place_it_in_the_basket_light_27
2367,Light Conditions,3,2,pick_up_the_chocolate_pudding_and_place_it_in_the_basket,,,,,,,,,29,,,,,pick up the chocolate pudding and place it in the basket,pick up the chocolate pudding and place it in the basket light 29,pick_up_the_chocolate_pudding_and_place_it_in_the_basket_light_29
2368,Light Conditions,3,2,pick_up_the_chocolate_pudding_and_place_it_in_the_basket,,,,,,,,,30,,,,,pick up the chocolate pudding and place it in the basket,pick up the chocolate pudding and place it in the basket light 30,pick_up_the_chocolate_pudding_and_place_it_in_the_basket_light_30
2369,Light Conditions,4,1,pick_up_the_chocolate_pudding_and_place_it_in_the_basket,,,,,,,,,31,,,,,pick up the chocolate pudding and place it in the basket,pick up the chocolate pudding and place it in the basket light 31,pick_up_the_chocolate_pudding_and_place_it_in_the_basket_light_31
2370,Light Conditions,4,1,pick_up_the_chocolate_pudding_and_place_it_in_the_basket,,,,,,,,,33,,,,,pick up the chocolate pudding and place it in the basket,pick up the chocolate pudding and place it in the basket light 33,pick_up_the_chocolate_pudding_and_place_it_in_the_basket_light_33
2371,Light Conditions,5,0,pick_up_the_chocolate_pudding_and_place_it_in_the_basket,,,,,,,,,34,,,,,pick up the chocolate pudding and place it in the basket,pick up the chocolate pudding and place it in the basket light 34,pick_up_the_chocolate_pudding_and_place_it_in_the_basket_light_34
2372,Light Conditions,3,2,pick_up_the_chocolate_pudding_and_place_it_in_the_basket,,,,,,,,,35,,,,,pick up the chocolate pudding and place it in the basket,pick up the chocolate pudding and place it in the basket light 35,pick_up_the_chocolate_pudding_and_place_it_in_the_basket_light_35
2373,Light Conditions,4,1,pick_up_the_chocolate_pudding_and_place_it_in_the_basket,,,,,,,,,36,,,,,pick up the chocolate pudding and place it in the basket,pick up the chocolate pudding and place it in the basket light 36,pick_up_the_chocolate_pudding_and_place_it_in_the_basket_light_36
2374,Light Conditions,3,2,pick_up_the_chocolate_pudding_and_place_it_in_the_basket,,,,,,,,,37,,,,,pick up the chocolate pudding and place it in the basket,pick up the chocolate pudding and place it in the basket light 37,pick_up_the_chocolate_pudding_and_place_it_in_the_basket_light_37
2375,Light Conditions,4,1,pick_up_the_chocolate_pudding_and_place_it_in_the_basket,,,,,,,,,38,,,,,pick up the chocolate pudding and place it in the basket,pick up the chocolate pudding and place it in the basket light 38,pick_up_the_chocolate_pudding_and_place_it_in_the_basket_light_38
2376,Light Conditions,4,1,pick_up_the_chocolate_pudding_and_place_it_in_the_basket,,,,,,,,,39,,,,,pick up the chocolate pudding and place it in the basket,pick up the chocolate pudding and place it in the basket light 39,pick_up_the_chocolate_pudding_and_place_it_in_the_basket_light_39
2377,Light Conditions,4,1,pick_up_the_chocolate_pudding_and_place_it_in_the_basket,,,,,,,,,4,,,,,pick up the chocolate pudding and place it in the basket,pick up the chocolate pudding and place it in the basket light 4,pick_up_the_chocolate_pudding_and_place_it_in_the_basket_light_4
2378,Light Conditions,4,1,pick_up_the_chocolate_pudding_and_place_it_in_the_basket,,,,,,,,,40,,,,,pick up the chocolate pudding and place it in the basket,pick up the chocolate pudding and place it in the basket light 40,pick_up_the_chocolate_pudding_and_place_it_in_the_basket_light_40
2379,Light Conditions,4,1,pick_up_the_chocolate_pudding_and_place_it_in_the_basket,,,,,,,,,41,,,,,pick up the chocolate pudding and place it in the basket,pick up the chocolate pudding and place it in the basket light 41,pick_up_the_chocolate_pudding_and_place_it_in_the_basket_light_41
2380,Light Conditions,4,1,pick_up_the_chocolate_pudding_and_place_it_in_the_basket,,,,,,,,,42,,,,,pick up the chocolate pudding and place it in the basket,pick up the chocolate pudding and place it in the basket light 42,pick_up_the_chocolate_pudding_and_place_it_in_the_basket_light_42
2381,Light Conditions,5,0,pick_up_the_chocolate_pudding_and_place_it_in_the_basket,,,,,,,,,44,,,,,pick up the chocolate pudding and place it in the basket,pick up the chocolate pudding and place it in the basket light 44,pick_up_the_chocolate_pudding_and_place_it_in_the_basket_light_44
2382,Light Conditions,4,1,pick_up_the_chocolate_pudding_and_place_it_in_the_basket,,,,,,,,,46,,,,,pick up the chocolate pudding and place it in the basket,pick up the chocolate pudding and place it in the basket light 46,pick_up_the_chocolate_pudding_and_place_it_in_the_basket_light_46
2383,Light Conditions,4,1,pick_up_the_chocolate_pudding_and_place_it_in_the_basket,,,,,,,,,49,,,,,pick up the chocolate pudding and place it in the basket,pick up the chocolate pudding and place it in the basket light 49,pick_up_the_chocolate_pudding_and_place_it_in_the_basket_light_49
2384,Light Conditions,3,2,pick_up_the_chocolate_pudding_and_place_it_in_the_basket,,,,,,,,,5,,,,,pick up the chocolate pudding and place it in the basket,pick up the chocolate pudding and place it in the basket light 5,pick_up_the_chocolate_pudding_and_place_it_in_the_basket_light_5
2385,Light Conditions,3,2,pick_up_the_chocolate_pudding_and_place_it_in_the_basket,,,,,,,,,7,,,,,pick up the chocolate pudding and place it in the basket,pick up the chocolate pudding and place it in the basket light 7,pick_up_the_chocolate_pudding_and_place_it_in_the_basket_light_7
2386,Light Conditions,4,1,pick_up_the_chocolate_pudding_and_place_it_in_the_basket,,,,,,,,,9,,,,,pick up the chocolate pudding and place it in the basket,pick up the chocolate pudding and place it in the basket light 9,pick_up_the_chocolate_pudding_and_place_it_in_the_basket_light_9
2387,Light Conditions,5,0,pick_up_the_cream_cheese_and_place_it_in_the_basket,,,,,,,,,11,,,,,pick up the cream cheese and place it in the basket,pick up the cream cheese and place it in the basket light 11,pick_up_the_cream_cheese_and_place_it_in_the_basket_light_11
2388,Light Conditions,5,0,pick_up_the_cream_cheese_and_place_it_in_the_basket,,,,,,,,,15,,,,,pick up the cream cheese and place it in the basket,pick up the cream cheese and place it in the basket light 15,pick_up_the_cream_cheese_and_place_it_in_the_basket_light_15
2389,Light Conditions,4,1,pick_up_the_cream_cheese_and_place_it_in_the_basket,,,,,,,,,24,,,,,pick up the cream cheese and place it in the basket,pick up the cream cheese and place it in the basket light 24,pick_up_the_cream_cheese_and_place_it_in_the_basket_light_24
2390,Light Conditions,4,1,pick_up_the_cream_cheese_and_place_it_in_the_basket,,,,,,,,,37,,,,,pick up the cream cheese and place it in the basket,pick up the cream cheese and place it in the basket light 37,pick_up_the_cream_cheese_and_place_it_in_the_basket_light_37
2391,Light Conditions,3,2,pick_up_the_ketchup_and_place_it_in_the_basket,,,,,,,,,10,,,,,pick up the ketchup and place it in the basket,pick up the ketchup and place it in the basket light 10,pick_up_the_ketchup_and_place_it_in_the_basket_light_10
2392,Light Conditions,5,0,pick_up_the_ketchup_and_place_it_in_the_basket,,,,,,,,,15,,,,,pick up the ketchup and place it in the basket,pick up the ketchup and place it in the basket light 15,pick_up_the_ketchup_and_place_it_in_the_basket_light_15
2393,Light Conditions,5,0,pick_up_the_ketchup_and_place_it_in_the_basket,,,,,,,,,2,,,,,pick up the ketchup and place it in the basket,pick up the ketchup and place it in the basket light 2,pick_up_the_ketchup_and_place_it_in_the_basket_light_2
2394,Light Conditions,5,0,pick_up_the_ketchup_and_place_it_in_the_basket,,,,,,,,,21,,,,,pick up the ketchup and place it in the basket,pick up the ketchup and place it in the basket light 21,pick_up_the_ketchup_and_place_it_in_the_basket_light_21
2395,Light Conditions,4,1,pick_up_the_ketchup_and_place_it_in_the_basket,,,,,,,,,24,,,,,pick up the ketchup and place it in the basket,pick up the ketchup and place it in the basket light 24,pick_up_the_ketchup_and_place_it_in_the_basket_light_24
2396,Light Conditions,4,1,pick_up_the_ketchup_and_place_it_in_the_basket,,,,,,,,,38,,,,,pick up the ketchup and place it in the basket,pick up the ketchup and place it in the basket light 38,pick_up_the_ketchup_and_place_it_in_the_basket_light_38
2397,Light Conditions,3,2,pick_up_the_ketchup_and_place_it_in_the_basket,,,,,,,,,39,,,,,pick up the ketchup and place it in the basket,pick up the ketchup and place it in the basket light 39,pick_up_the_ketchup_and_place_it_in_the_basket_light_39
2398,Light Conditions,3,2,pick_up_the_ketchup_and_place_it_in_the_basket,,,,,,,,,40,,,,,pick up the ketchup and place it in the basket,pick up the ketchup and place it in the basket light 40,pick_up_the_ketchup_and_place_it_in_the_basket_light_40
2399,Light Conditions,3,2,pick_up_the_ketchup_and_place_it_in_the_basket,,,,,,,,,44,,,,,pick up the ketchup and place it in the basket,pick up the ketchup and place it in the basket light 44,pick_up_the_ketchup_and_place_it_in_the_basket_light_44
2400,Light Conditions,4,1,pick_up_the_ketchup_and_place_it_in_the_basket,,,,,,,,,45,,,,,pick up the ketchup and place it in the basket,pick up the ketchup and place it in the basket light 45,pick_up_the_ketchup_and_place_it_in_the_basket_light_45
2401,Light Conditions,4,1,pick_up_the_ketchup_and_place_it_in_the_basket,,,,,,,,,50,,,,,pick up the ketchup and place it in the basket,pick up the ketchup and place it in the basket light 50,pick_up_the_ketchup_and_place_it_in_the_basket_light_50
2402,Light Conditions,5,0,pick_up_the_ketchup_and_place_it_in_the_basket,,,,,,,,,6,,,,,pick up the ketchup and place it in the basket,pick up the ketchup and place it in the basket light 6,pick_up_the_ketchup_and_place_it_in_the_basket_light_6
2403,Light Conditions,5,0,pick_up_the_ketchup_and_place_it_in_the_basket,,,,,,,,,8,,,,,pick up the ketchup and place it in the basket,pick up the ketchup and place it in the basket light 8,pick_up_the_ketchup_and_place_it_in_the_basket_light_8
2404,Light Conditions,4,1,pick_up_the_milk_and_place_it_in_the_basket,,,,,,,,,1,,,,,pick up the milk and place it in the basket,pick up the milk and place it in the basket light 1,pick_up_the_milk_and_place_it_in_the_basket_light_1
2405,Light Conditions,4,1,pick_up_the_milk_and_place_it_in_the_basket,,,,,,,,,10,,,,,pick up the milk and place it in the basket,pick up the milk and place it in the basket light 10,pick_up_the_milk_and_place_it_in_the_basket_light_10
2406,Light Conditions,3,2,pick_up_the_milk_and_place_it_in_the_basket,,,,,,,,,14,,,,,pick up the milk and place it in the basket,pick up the milk and place it in the basket light 14,pick_up_the_milk_and_place_it_in_the_basket_light_14
2407,Light Conditions,2,3,pick_up_the_milk_and_place_it_in_the_basket,,,,,,,,,15,,,,,pick up the milk and place it in the basket,pick up the milk and place it in the basket light 15,pick_up_the_milk_and_place_it_in_the_basket_light_15
2408,Light Conditions,4,1,pick_up_the_milk_and_place_it_in_the_basket,,,,,,,,,18,,,,,pick up the milk and place it in the basket,pick up the milk and place it in the basket light 18,pick_up_the_milk_and_place_it_in_the_basket_light_18
2409,Light Conditions,4,1,pick_up_the_milk_and_place_it_in_the_basket,,,,,,,,,21,,,,,pick up the milk and place it in the basket,pick up the milk and place it in the basket light 21,pick_up_the_milk_and_place_it_in_the_basket_light_21
2410,Light Conditions,2,3,pick_up_the_milk_and_place_it_in_the_basket,,,,,,,,,22,,,,,pick up the milk and place it in the basket,pick up the milk and place it in the basket light 22,pick_up_the_milk_and_place_it_in_the_basket_light_22
2411,Light Conditions,4,1,pick_up_the_milk_and_place_it_in_the_basket,,,,,,,,,25,,,,,pick up the milk and place it in the basket,pick up the milk and place it in the basket light 25,pick_up_the_milk_and_place_it_in_the_basket_light_25
2412,Light Conditions,3,2,pick_up_the_milk_and_place_it_in_the_basket,,,,,,,,,26,,,,,pick up the milk and place it in the basket,pick up the milk and place it in the basket light 26,pick_up_the_milk_and_place_it_in_the_basket_light_26
2413,Light Conditions,3,2,pick_up_the_milk_and_place_it_in_the_basket,,,,,,,,,27,,,,,pick up the milk and place it in the basket,pick up the milk and place it in the basket light 27,pick_up_the_milk_and_place_it_in_the_basket_light_27
2414,Light Conditions,4,1,pick_up_the_milk_and_place_it_in_the_basket,,,,,,,,,30,,,,,pick up the milk and place it in the basket,pick up the milk and place it in the basket light 30,pick_up_the_milk_and_place_it_in_the_basket_light_30
2415,Light Conditions,4,1,pick_up_the_milk_and_place_it_in_the_basket,,,,,,,,,32,,,,,pick up the milk and place it in the basket,pick up the milk and place it in the basket light 32,pick_up_the_milk_and_place_it_in_the_basket_light_32
2416,Light Conditions,4,1,pick_up_the_milk_and_place_it_in_the_basket,,,,,,,,,37,,,,,pick up the milk and place it in the basket,pick up the milk and place it in the basket light 37,pick_up_the_milk_and_place_it_in_the_basket_light_37
2417,Light Conditions,4,1,pick_up_the_milk_and_place_it_in_the_basket,,,,,,,,,38,,,,,pick up the milk and place it in the basket,pick up the milk and place it in the basket light 38,pick_up_the_milk_and_place_it_in_the_basket_light_38
2418,Light Conditions,3,2,pick_up_the_milk_and_place_it_in_the_basket,,,,,,,,,39,,,,,pick up the milk and place it in the basket,pick up the milk and place it in the basket light 39,pick_up_the_milk_and_place_it_in_the_basket_light_39
2419,Light Conditions,4,1,pick_up_the_milk_and_place_it_in_the_basket,,,,,,,,,41,,,,,pick up the milk and place it in the basket,pick up the milk and place it in the basket light 41,pick_up_the_milk_and_place_it_in_the_basket_light_41
2420,Light Conditions,3,2,pick_up_the_milk_and_place_it_in_the_basket,,,,,,,,,42,,,,,pick up the milk and place it in the basket,pick up the milk and place it in the basket light 42,pick_up_the_milk_and_place_it_in_the_basket_light_42
2421,Light Conditions,4,1,pick_up_the_milk_and_place_it_in_the_basket,,,,,,,,,44,,,,,pick up the milk and place it in the basket,pick up the milk and place it in the basket light 44,pick_up_the_milk_and_place_it_in_the_basket_light_44
2422,Light Conditions,3,2,pick_up_the_milk_and_place_it_in_the_basket,,,,,,,,,46,,,,,pick up the milk and place it in the basket,pick up the milk and place it in the basket light 46,pick_up_the_milk_and_place_it_in_the_basket_light_46
2423,Light Conditions,3,2,pick_up_the_milk_and_place_it_in_the_basket,,,,,,,,,47,,,,,pick up the milk and place it in the basket,pick up the milk and place it in the basket light 47,pick_up_the_milk_and_place_it_in_the_basket_light_47
2424,Light Conditions,5,0,pick_up_the_milk_and_place_it_in_the_basket,,,,,,,,,48,,,,,pick up the milk and place it in the basket,pick up the milk and place it in the basket light 48,pick_up_the_milk_and_place_it_in_the_basket_light_48
2425,Light Conditions,4,1,pick_up_the_milk_and_place_it_in_the_basket,,,,,,,,,5,,,,,pick up the milk and place it in the basket,pick up the milk and place it in the basket light 5,pick_up_the_milk_and_place_it_in_the_basket_light_5
2426,Light Conditions,4,1,pick_up_the_milk_and_place_it_in_the_basket,,,,,,,,,50,,,,,pick up the milk and place it in the basket,pick up the milk and place it in the basket light 50,pick_up_the_milk_and_place_it_in_the_basket_light_50
2427,Light Conditions,3,2,pick_up_the_milk_and_place_it_in_the_basket,,,,,,,,,6,,,,,pick up the milk and place it in the basket,pick up the milk and place it in the basket light 6,pick_up_the_milk_and_place_it_in_the_basket_light_6
2428,Light Conditions,4,1,pick_up_the_milk_and_place_it_in_the_basket,,,,,,,,,7,,,,,pick up the milk and place it in the basket,pick up the milk and place it in the basket light 7,pick_up_the_milk_and_place_it_in_the_basket_light_7
2429,Light Conditions,5,0,pick_up_the_milk_and_place_it_in_the_basket,,,,,,,,,8,,,,,pick up the milk and place it in the basket,pick up the milk and place it in the basket light 8,pick_up_the_milk_and_place_it_in_the_basket_light_8
2430,Light Conditions,4,1,pick_up_the_orange_juice_and_place_it_in_the_basket,,,,,,,,,10,,,,,pick up the orange juice and place it in the basket,pick up the orange juice and place it in the basket light 10,pick_up_the_orange_juice_and_place_it_in_the_basket_light_10
2431,Light Conditions,4,1,pick_up_the_orange_juice_and_place_it_in_the_basket,,,,,,,,,11,,,,,pick up the orange juice and place it in the basket,pick up the orange juice and place it in the basket light 11,pick_up_the_orange_juice_and_place_it_in_the_basket_light_11
2432,Light Conditions,4,1,pick_up_the_orange_juice_and_place_it_in_the_basket,,,,,,,,,12,,,,,pick up the orange juice and place it in the basket,pick up the orange juice and place it in the basket light 12,pick_up_the_orange_juice_and_place_it_in_the_basket_light_12
2433,Light Conditions,4,1,pick_up_the_orange_juice_and_place_it_in_the_basket,,,,,,,,,13,,,,,pick up the orange juice and place it in the basket,pick up the orange juice and place it in the basket light 13,pick_up_the_orange_juice_and_place_it_in_the_basket_light_13
2434,Light Conditions,3,2,pick_up_the_orange_juice_and_place_it_in_the_basket,,,,,,,,,15,,,,,pick up the orange juice and place it in the basket,pick up the orange juice and place it in the basket light 15,pick_up_the_orange_juice_and_place_it_in_the_basket_light_15
2435,Light Conditions,5,0,pick_up_the_orange_juice_and_place_it_in_the_basket,,,,,,,,,16,,,,,pick up the orange juice and place it in the basket,pick up the orange juice and place it in the basket light 16,pick_up_the_orange_juice_and_place_it_in_the_basket_light_16
2436,Light Conditions,5,0,pick_up_the_orange_juice_and_place_it_in_the_basket,,,,,,,,,17,,,,,pick up the orange juice and place it in the basket,pick up the orange juice and place it in the basket light 17,pick_up_the_orange_juice_and_place_it_in_the_basket_light_17
2437,Light Conditions,4,1,pick_up_the_orange_juice_and_place_it_in_the_basket,,,,,,,,,18,,,,,pick up the orange juice and place it in the basket,pick up the orange juice and place it in the basket light 18,pick_up_the_orange_juice_and_place_it_in_the_basket_light_18
2438,Light Conditions,4,1,pick_up_the_orange_juice_and_place_it_in_the_basket,,,,,,,,,19,,,,,pick up the orange juice and place it in the basket,pick up the orange juice and place it in the basket light 19,pick_up_the_orange_juice_and_place_it_in_the_basket_light_19
2439,Light Conditions,3,2,pick_up_the_orange_juice_and_place_it_in_the_basket,,,,,,,,,2,,,,,pick up the orange juice and place it in the basket,pick up the orange juice and place it in the basket light 2,pick_up_the_orange_juice_and_place_it_in_the_basket_light_2
2440,Light Conditions,3,2,pick_up_the_orange_juice_and_place_it_in_the_basket,,,,,,,,,20,,,,,pick up the orange juice and place it in the basket,pick up the orange juice and place it in the basket light 20,pick_up_the_orange_juice_and_place_it_in_the_basket_light_20
2441,Light Conditions,5,0,pick_up_the_orange_juice_and_place_it_in_the_basket,,,,,,,,,21,,,,,pick up the orange juice and place it in the basket,pick up the orange juice and place it in the basket light 21,pick_up_the_orange_juice_and_place_it_in_the_basket_light_21
2442,Light Conditions,4,1,pick_up_the_orange_juice_and_place_it_in_the_basket,,,,,,,,,22,,,,,pick up the orange juice and place it in the basket,pick up the orange juice and place it in the basket light 22,pick_up_the_orange_juice_and_place_it_in_the_basket_light_22
2443,Light Conditions,4,1,pick_up_the_orange_juice_and_place_it_in_the_basket,,,,,,,,,24,,,,,pick up the orange juice and place it in the basket,pick up the orange juice and place it in the basket light 24,pick_up_the_orange_juice_and_place_it_in_the_basket_light_24
2444,Light Conditions,4,1,pick_up_the_orange_juice_and_place_it_in_the_basket,,,,,,,,,25,,,,,pick up the orange juice and place it in the basket,pick up the orange juice and place it in the basket light 25,pick_up_the_orange_juice_and_place_it_in_the_basket_light_25
2445,Light Conditions,4,1,pick_up_the_orange_juice_and_place_it_in_the_basket,,,,,,,,,26,,,,,pick up the orange juice and place it in the basket,pick up the orange juice and place it in the basket light 26,pick_up_the_orange_juice_and_place_it_in_the_basket_light_26
2446,Light Conditions,4,1,pick_up_the_orange_juice_and_place_it_in_the_basket,,,,,,,,,27,,,,,pick up the orange juice and place it in the basket,pick up the orange juice and place it in the basket light 27,pick_up_the_orange_juice_and_place_it_in_the_basket_light_27
2447,Light Conditions,3,2,pick_up_the_orange_juice_and_place_it_in_the_basket,,,,,,,,,28,,,,,pick up the orange juice and place it in the basket,pick up the orange juice and place it in the basket light 28,pick_up_the_orange_juice_and_place_it_in_the_basket_light_28
2448,Light Conditions,4,1,pick_up_the_orange_juice_and_place_it_in_the_basket,,,,,,,,,29,,,,,pick up the orange juice and place it in the basket,pick up the orange juice and place it in the basket light 29,pick_up_the_orange_juice_and_place_it_in_the_basket_light_29
2449,Light Conditions,4,1,pick_up_the_orange_juice_and_place_it_in_the_basket,,,,,,,,,31,,,,,pick up the orange juice and place it in the basket,pick up the orange juice and place it in the basket light 31,pick_up_the_orange_juice_and_place_it_in_the_basket_light_31
2450,Light Conditions,3,2,pick_up_the_orange_juice_and_place_it_in_the_basket,,,,,,,,,33,,,,,pick up the orange juice and place it in the basket,pick up the orange juice and place it in the basket light 33,pick_up_the_orange_juice_and_place_it_in_the_basket_light_33
2451,Light Conditions,4,1,pick_up_the_orange_juice_and_place_it_in_the_basket,,,,,,,,,35,,,,,pick up the orange juice and place it in the basket,pick up the orange juice and place it in the basket light 35,pick_up_the_orange_juice_and_place_it_in_the_basket_light_35
2452,Light Conditions,4,1,pick_up_the_orange_juice_and_place_it_in_the_basket,,,,,,,,,36,,,,,pick up the orange juice and place it in the basket,pick up the orange juice and place it in the basket light 36,pick_up_the_orange_juice_and_place_it_in_the_basket_light_36
2453,Light Conditions,4,1,pick_up_the_orange_juice_and_place_it_in_the_basket,,,,,,,,,39,,,,,pick up the orange juice and place it in the basket,pick up the orange juice and place it in the basket light 39,pick_up_the_orange_juice_and_place_it_in_the_basket_light_39
2454,Light Conditions,4,1,pick_up_the_orange_juice_and_place_it_in_the_basket,,,,,,,,,41,,,,,pick up the orange juice and place it in the basket,pick up the orange juice and place it in the basket light 41,pick_up_the_orange_juice_and_place_it_in_the_basket_light_41
2455,Light Conditions,5,0,pick_up_the_orange_juice_and_place_it_in_the_basket,,,,,,,,,43,,,,,pick up the orange juice and place it in the basket,pick up the orange juice and place it in the basket light 43,pick_up_the_orange_juice_and_place_it_in_the_basket_light_43
2456,Light Conditions,4,1,pick_up_the_orange_juice_and_place_it_in_the_basket,,,,,,,,,44,,,,,pick up the orange juice and place it in the basket,pick up the orange juice and place it in the basket light 44,pick_up_the_orange_juice_and_place_it_in_the_basket_light_44
2457,Light Conditions,3,2,pick_up_the_orange_juice_and_place_it_in_the_basket,,,,,,,,,46,,,,,pick up the orange juice and place it in the basket,pick up the orange juice and place it in the basket light 46,pick_up_the_orange_juice_and_place_it_in_the_basket_light_46
2458,Light Conditions,3,2,pick_up_the_orange_juice_and_place_it_in_the_basket,,,,,,,,,49,,,,,pick up the orange juice and place it in the basket,pick up the orange juice and place it in the basket light 49,pick_up_the_orange_juice_and_place_it_in_the_basket_light_49
2459,Light Conditions,4,1,pick_up_the_orange_juice_and_place_it_in_the_basket,,,,,,,,,5,,,,,pick up the orange juice and place it in the basket,pick up the orange juice and place it in the basket light 5,pick_up_the_orange_juice_and_place_it_in_the_basket_light_5
2460,Light Conditions,4,1,pick_up_the_orange_juice_and_place_it_in_the_basket,,,,,,,,,50,,,,,pick up the orange juice and place it in the basket,pick up the orange juice and place it in the basket light 50,pick_up_the_orange_juice_and_place_it_in_the_basket_light_50
2461,Light Conditions,4,1,pick_up_the_orange_juice_and_place_it_in_the_basket,,,,,,,,,6,,,,,pick up the orange juice and place it in the basket,pick up the orange juice and place it in the basket light 6,pick_up_the_orange_juice_and_place_it_in_the_basket_light_6
2462,Light Conditions,4,1,pick_up_the_orange_juice_and_place_it_in_the_basket,,,,,,,,,7,,,,,pick up the orange juice and place it in the basket,pick up the orange juice and place it in the basket light 7,pick_up_the_orange_juice_and_place_it_in_the_basket_light_7
2463,Light Conditions,4,1,pick_up_the_orange_juice_and_place_it_in_the_basket,,,,,,,,,8,,,,,pick up the orange juice and place it in the basket,pick up the orange juice and place it in the basket light 8,pick_up_the_orange_juice_and_place_it_in_the_basket_light_8
2464,Light Conditions,4,1,pick_up_the_salad_dressing_and_place_it_in_the_basket,,,,,,,,,10,,,,,pick up the salad dressing and place it in the basket,pick up the salad dressing and place it in the basket light 10,pick_up_the_salad_dressing_and_place_it_in_the_basket_light_10
2465,Light Conditions,3,2,pick_up_the_salad_dressing_and_place_it_in_the_basket,,,,,,,,,11,,,,,pick up the salad dressing and place it in the basket,pick up the salad dressing and place it in the basket light 11,pick_up_the_salad_dressing_and_place_it_in_the_basket_light_11
2466,Light Conditions,3,2,pick_up_the_salad_dressing_and_place_it_in_the_basket,,,,,,,,,13,,,,,pick up the salad dressing and place it in the basket,pick up the salad dressing and place it in the basket light 13,pick_up_the_salad_dressing_and_place_it_in_the_basket_light_13
2467,Light Conditions,3,2,pick_up_the_salad_dressing_and_place_it_in_the_basket,,,,,,,,,14,,,,,pick up the salad dressing and place it in the basket,pick up the salad dressing and place it in the basket light 14,pick_up_the_salad_dressing_and_place_it_in_the_basket_light_14
2468,Light Conditions,4,1,pick_up_the_salad_dressing_and_place_it_in_the_basket,,,,,,,,,15,,,,,pick up the salad dressing and place it in the basket,pick up the salad dressing and place it in the basket light 15,pick_up_the_salad_dressing_and_place_it_in_the_basket_light_15
2469,Light Conditions,3,2,pick_up_the_salad_dressing_and_place_it_in_the_basket,,,,,,,,,16,,,,,pick up the salad dressing and place it in the basket,pick up the salad dressing and place it in the basket light 16,pick_up_the_salad_dressing_and_place_it_in_the_basket_light_16
2470,Light Conditions,3,2,pick_up_the_salad_dressing_and_place_it_in_the_basket,,,,,,,,,18,,,,,pick up the salad dressing and place it in the basket,pick up the salad dressing and place it in the basket light 18,pick_up_the_salad_dressing_and_place_it_in_the_basket_light_18
2471,Light Conditions,3,2,pick_up_the_salad_dressing_and_place_it_in_the_basket,,,,,,,,,19,,,,,pick up the salad dressing and place it in the basket,pick up the salad dressing and place it in the basket light 19,pick_up_the_salad_dressing_and_place_it_in_the_basket_light_19
2472,Light Conditions,3,2,pick_up_the_salad_dressing_and_place_it_in_the_basket,,,,,,,,,2,,,,,pick up the salad dressing and place it in the basket,pick up the salad dressing and place it in the basket light 2,pick_up_the_salad_dressing_and_place_it_in_the_basket_light_2
2473,Light Conditions,3,2,pick_up_the_salad_dressing_and_place_it_in_the_basket,,,,,,,,,21,,,,,pick up the salad dressing and place it in the basket,pick up the salad dressing and place it in the basket light 21,pick_up_the_salad_dressing_and_place_it_in_the_basket_light_21
2474,Light Conditions,3,2,pick_up_the_salad_dressing_and_place_it_in_the_basket,,,,,,,,,22,,,,,pick up the salad dressing and place it in the basket,pick up the salad dressing and place it in the basket light 22,pick_up_the_salad_dressing_and_place_it_in_the_basket_light_22
2475,Light Conditions,3,2,pick_up_the_salad_dressing_and_place_it_in_the_basket,,,,,,,,,23,,,,,pick up the salad dressing and place it in the basket,pick up the salad dressing and place it in the basket light 23,pick_up_the_salad_dressing_and_place_it_in_the_basket_light_23
2476,Light Conditions,3,2,pick_up_the_salad_dressing_and_place_it_in_the_basket,,,,,,,,,3,,,,,pick up the salad dressing and place it in the basket,pick up the salad dressing and place it in the basket light 3,pick_up_the_salad_dressing_and_place_it_in_the_basket_light_3
2477,Light Conditions,4,1,pick_up_the_salad_dressing_and_place_it_in_the_basket,,,,,,,,,30,,,,,pick up the salad dressing and place it in the basket,pick up the salad dressing and place it in the basket light 30,pick_up_the_salad_dressing_and_place_it_in_the_basket_light_30
2478,Light Conditions,4,1,pick_up_the_salad_dressing_and_place_it_in_the_basket,,,,,,,,,32,,,,,pick up the salad dressing and place it in the basket,pick up the salad dressing and place it in the basket light 32,pick_up_the_salad_dressing_and_place_it_in_the_basket_light_32
2479,Light Conditions,2,3,pick_up_the_salad_dressing_and_place_it_in_the_basket,,,,,,,,,33,,,,,pick up the salad dressing and place it in the basket,pick up the salad dressing and place it in the basket light 33,pick_up_the_salad_dressing_and_place_it_in_the_basket_light_33
2480,Light Conditions,3,2,pick_up_the_salad_dressing_and_place_it_in_the_basket,,,,,,,,,34,,,,,pick up the salad dressing and place it in the basket,pick up the salad dressing and place it in the basket light 34,pick_up_the_salad_dressing_and_place_it_in_the_basket_light_34
2481,Light Conditions,2,3,pick_up_the_salad_dressing_and_place_it_in_the_basket,,,,,,,,,35,,,,,pick up the salad dressing and place it in the basket,pick up the salad dressing and place it in the basket light 35,pick_up_the_salad_dressing_and_place_it_in_the_basket_light_35
2482,Light Conditions,2,3,pick_up_the_salad_dressing_and_place_it_in_the_basket,,,,,,,,,36,,,,,pick up the salad dressing and place it in the basket,pick up the salad dressing and place it in the basket light 36,pick_up_the_salad_dressing_and_place_it_in_the_basket_light_36
2483,Light Conditions,4,1,pick_up_the_salad_dressing_and_place_it_in_the_basket,,,,,,,,,37,,,,,pick up the salad dressing and place it in the basket,pick up the salad dressing and place it in the basket light 37,pick_up_the_salad_dressing_and_place_it_in_the_basket_light_37
2484,Light Conditions,2,3,pick_up_the_salad_dressing_and_place_it_in_the_basket,,,,,,,,,38,,,,,pick up the salad dressing and place it in the basket,pick up the salad dressing and place it in the basket light 38,pick_up_the_salad_dressing_and_place_it_in_the_basket_light_38
2485,Light Conditions,2,3,pick_up_the_salad_dressing_and_place_it_in_the_basket,,,,,,,,,39,,,,,pick up the salad dressing and place it in the basket,pick up the salad dressing and place it in the basket light 39,pick_up_the_salad_dressing_and_place_it_in_the_basket_light_39
2486,Light Conditions,4,1,pick_up_the_salad_dressing_and_place_it_in_the_basket,,,,,,,,,4,,,,,pick up the salad dressing and place it in the basket,pick up the salad dressing and place it in the basket light 4,pick_up_the_salad_dressing_and_place_it_in_the_basket_light_4
2487,Light Conditions,3,2,pick_up_the_salad_dressing_and_place_it_in_the_basket,,,,,,,,,40,,,,,pick up the salad dressing and place it in the basket,pick up the salad dressing and place it in the basket light 40,pick_up_the_salad_dressing_and_place_it_in_the_basket_light_40
2488,Light Conditions,4,1,pick_up_the_salad_dressing_and_place_it_in_the_basket,,,,,,,,,43,,,,,pick up the salad dressing and place it in the basket,pick up the salad dressing and place it in the basket light 43,pick_up_the_salad_dressing_and_place_it_in_the_basket_light_43
2489,Light Conditions,4,1,pick_up_the_salad_dressing_and_place_it_in_the_basket,,,,,,,,,44,,,,,pick up the salad dressing and place it in the basket,pick up the salad dressing and place it in the basket light 44,pick_up_the_salad_dressing_and_place_it_in_the_basket_light_44
2490,Light Conditions,3,2,pick_up_the_salad_dressing_and_place_it_in_the_basket,,,,,,,,,45,,,,,pick up the salad dressing and place it in the basket,pick up the salad dressing and place it in the basket light 45,pick_up_the_salad_dressing_and_place_it_in_the_basket_light_45
2491,Light Conditions,3,2,pick_up_the_salad_dressing_and_place_it_in_the_basket,,,,,,,,,48,,,,,pick up the salad dressing and place it in the basket,pick up the salad dressing and place it in the basket light 48,pick_up_the_salad_dressing_and_place_it_in_the_basket_light_48
2492,Light Conditions,3,2,pick_up_the_salad_dressing_and_place_it_in_the_basket,,,,,,,,,49,,,,,pick up the salad dressing and place it in the basket,pick up the salad dressing and place it in the basket light 49,pick_up_the_salad_dressing_and_place_it_in_the_basket_light_49
2493,Light Conditions,4,1,pick_up_the_salad_dressing_and_place_it_in_the_basket,,,,,,,,,5,,,,,pick up the salad dressing and place it in the basket,pick up the salad dressing and place it in the basket light 5,pick_up_the_salad_dressing_and_place_it_in_the_basket_light_5
2494,Light Conditions,5,0,pick_up_the_salad_dressing_and_place_it_in_the_basket,,,,,,,,,50,,,,,pick up the salad dressing and place it in the basket,pick up the salad dressing and place it in the basket light 50,pick_up_the_salad_dressing_and_place_it_in_the_basket_light_50
2495,Light Conditions,3,2,pick_up_the_salad_dressing_and_place_it_in_the_basket,,,,,,,,,8,,,,,pick up the salad dressing and place it in the basket,pick up the salad dressing and place it in the basket light 8,pick_up_the_salad_dressing_and_place_it_in_the_basket_light_8
2496,Light Conditions,5,0,pick_up_the_tomato_sauce_and_place_it_in_the_basket,,,,,,,,,1,,,,,pick up the tomato sauce and place it in the basket,pick up the tomato sauce and place it in the basket light 1,pick_up_the_tomato_sauce_and_place_it_in_the_basket_light_1
2497,Light Conditions,5,0,pick_up_the_tomato_sauce_and_place_it_in_the_basket,,,,,,,,,11,,,,,pick up the tomato sauce and place it in the basket,pick up the tomato sauce and place it in the basket light 11,pick_up_the_tomato_sauce_and_place_it_in_the_basket_light_11
2498,Light Conditions,5,0,pick_up_the_tomato_sauce_and_place_it_in_the_basket,,,,,,,,,12,,,,,pick up the tomato sauce and place it in the basket,pick up the tomato sauce and place it in the basket light 12,pick_up_the_tomato_sauce_and_place_it_in_the_basket_light_12
2499,Light Conditions,5,0,pick_up_the_tomato_sauce_and_place_it_in_the_basket,,,,,,,,,13,,,,,pick up the tomato sauce and place it in the basket,pick up the tomato sauce and place it in the basket light 13,pick_up_the_tomato_sauce_and_place_it_in_the_basket_light_13
2500,Light Conditions,5,0,pick_up_the_tomato_sauce_and_place_it_in_the_basket,,,,,,,,,14,,,,,pick up the tomato sauce and place it in the basket,pick up the tomato sauce and place it in the basket light 14,pick_up_the_tomato_sauce_and_place_it_in_the_basket_light_14
2501,Light Conditions,5,0,pick_up_the_tomato_sauce_and_place_it_in_the_basket,,,,,,,,,19,,,,,pick up the tomato sauce and place it in the basket,pick up the tomato sauce and place it in the basket light 19,pick_up_the_tomato_sauce_and_place_it_in_the_basket_light_19
2502,Light Conditions,5,0,pick_up_the_tomato_sauce_and_place_it_in_the_basket,,,,,,,,,2,,,,,pick up the tomato sauce and place it in the basket,pick up the tomato sauce and place it in the basket light 2,pick_up_the_tomato_sauce_and_place_it_in_the_basket_light_2
2503,Light Conditions,5,0,pick_up_the_tomato_sauce_and_place_it_in_the_basket,,,,,,,,,20,,,,,pick up the tomato sauce and place it in the basket,pick up the tomato sauce and place it in the basket light 20,pick_up_the_tomato_sauce_and_place_it_in_the_basket_light_20
2504,Light Conditions,5,0,pick_up_the_tomato_sauce_and_place_it_in_the_basket,,,,,,,,,22,,,,,pick up the tomato sauce and place it in the basket,pick up the tomato sauce and place it in the basket light 22,pick_up_the_tomato_sauce_and_place_it_in_the_basket_light_22
2505,Light Conditions,5,0,pick_up_the_tomato_sauce_and_place_it_in_the_basket,,,,,,,,,23,,,,,pick up the tomato sauce and place it in the basket,pick up the tomato sauce and place it in the basket light 23,pick_up_the_tomato_sauce_and_place_it_in_the_basket_light_23
2506,Light Conditions,5,0,pick_up_the_tomato_sauce_and_place_it_in_the_basket,,,,,,,,,24,,,,,pick up the tomato sauce and place it in the basket,pick up the tomato sauce and place it in the basket light 24,pick_up_the_tomato_sauce_and_place_it_in_the_basket_light_24
2507,Light Conditions,5,0,pick_up_the_tomato_sauce_and_place_it_in_the_basket,,,,,,,,,25,,,,,pick up the tomato sauce and place it in the basket,pick up the tomato sauce and place it in the basket light 25,pick_up_the_tomato_sauce_and_place_it_in_the_basket_light_25
2508,Light Conditions,5,0,pick_up_the_tomato_sauce_and_place_it_in_the_basket,,,,,,,,,28,,,,,pick up the tomato sauce and place it in the basket,pick up the tomato sauce and place it in the basket light 28,pick_up_the_tomato_sauce_and_place_it_in_the_basket_light_28
2509,Light Conditions,4,1,pick_up_the_tomato_sauce_and_place_it_in_the_basket,,,,,,,,,29,,,,,pick up the tomato sauce and place it in the basket,pick up the tomato sauce and place it in the basket light 29,pick_up_the_tomato_sauce_and_place_it_in_the_basket_light_29
2510,Light Conditions,5,0,pick_up_the_tomato_sauce_and_place_it_in_the_basket,,,,,,,,,30,,,,,pick up the tomato sauce and place it in the basket,pick up the tomato sauce and place it in the basket light 30,pick_up_the_tomato_sauce_and_place_it_in_the_basket_light_30
2511,Light Conditions,5,0,pick_up_the_tomato_sauce_and_place_it_in_the_basket,,,,,,,,,31,,,,,pick up the tomato sauce and place it in the basket,pick up the tomato sauce and place it in the basket light 31,pick_up_the_tomato_sauce_and_place_it_in_the_basket_light_31
2512,Light Conditions,4,1,pick_up_the_tomato_sauce_and_place_it_in_the_basket,,,,,,,,,32,,,,,pick up the tomato sauce and place it in the basket,pick up the tomato sauce and place it in the basket light 32,pick_up_the_tomato_sauce_and_place_it_in_the_basket_light_32
2513,Light Conditions,5,0,pick_up_the_tomato_sauce_and_place_it_in_the_basket,,,,,,,,,38,,,,,pick up the tomato sauce and place it in the basket,pick up the tomato sauce and place it in the basket light 38,pick_up_the_tomato_sauce_and_place_it_in_the_basket_light_38
2514,Light Conditions,4,1,pick_up_the_tomato_sauce_and_place_it_in_the_basket,,,,,,,,,39,,,,,pick up the tomato sauce and place it in the basket,pick up the tomato sauce and place it in the basket light 39,pick_up_the_tomato_sauce_and_place_it_in_the_basket_light_39
2515,Light Conditions,5,0,pick_up_the_tomato_sauce_and_place_it_in_the_basket,,,,,,,,,41,,,,,pick up the tomato sauce and place it in the basket,pick up the tomato sauce and place it in the basket light 41,pick_up_the_tomato_sauce_and_place_it_in_the_basket_light_41
2516,Light Conditions,5,0,pick_up_the_tomato_sauce_and_place_it_in_the_basket,,,,,,,,,5,,,,,pick up the tomato sauce and place it in the basket,pick up the tomato sauce and place it in the basket light 5,pick_up_the_tomato_sauce_and_place_it_in_the_basket_light_5
2517,Light Conditions,5,0,pick_up_the_tomato_sauce_and_place_it_in_the_basket,,,,,,,,,8,,,,,pick up the tomato sauce and place it in the basket,pick up the tomato sauce and place it in the basket light 8,pick_up_the_tomato_sauce_and_place_it_in_the_basket_light_8
