task_id,category,difficulty_level,solved_by_n_of_4_reference_models,base_scene,azimuth,elevation,distance_pct,cam_rot,cam_vert,initstate,noise_type,noise_severity,light,table,language,added_objects,layout_level,instruction_clean,task_language_raw,variant_name
0,Background Textures,3,2,open_the_middle_drawer_of_the_cabinet,,,,,,,,,,1,,,,open the middle drawer of the cabinet,open the middle drawer of the cabinet table 1,open_the_middle_drawer_of_the_cabinet_table_1
1,Background Textures,1,4,open_the_middle_drawer_of_the_cabinet,,,,,,,,,,10,,,,open the middle drawer of the cabinet,open the middle drawer of the cabinet table 10,open_the_middle_drawer_of_the_cabinet_table_10
2,Background Textures,3,2,open_the_middle_drawer_of_the_cabinet,,,,,,,,,,12,,,,open the middle drawer of the cabinet,open the middle drawer of the cabinet table 12,open_the_middle_drawer_of_the_cabinet_table_12
3,Background Textures,2,3,open_the_middle_drawer_of_the_cabinet,,,,,,,,,,13,,,,open the middle drawer of the cabinet,open the middle drawer of the cabinet table 13,open_the_middle_drawer_of_the_cabinet_table_13
4,Background Textures,4,1,open_the_middle_drawer_of_the_cabinet,,,,,,,,,,15,,,,open the middle drawer of the cabinet,open the middle drawer of the cabinet table 15,open_the_middle_drawer_of_the_cabinet_table_15
5,Background Textures,4,1,open_the_middle_drawer_of_the_cabinet,,,,,,,,,,16,,,,open the middle drawer of the cabinet,open the middle drawer of the cabinet table 16,open_the_middle_drawer_of_the_cabinet_table_16
6,Background Textures,3,2,open_the_middle_drawer_of_the_cabinet,,,,,,,,,,17,,,,open the middle drawer of the cabinet,open the middle drawer of the cabinet table 17,open_the_middle_drawer_of_the_cabinet_table_17
7,Background Textures,2,3,open_the_middle_drawer_of_the_cabinet,,,,,,,,,,18,,,,open the middle drawer of the cabinet,open the middle drawer of the cabinet table 18,open_the_middle_drawer_of_the_cabinet_table_18
8,Background Textures,2,3,open_the_middle_drawer_of_the_cabinet,,,,,,,,,,19,,,,open the middle drawer of the cabinet,open the middle drawer of the cabinet table 19,open_the_middle_drawer_of_the_cabinet_table_19
9,Background Textures,4,1,open_the_middle_drawer_of_the_cabinet,,,,,,,,,,2,,,,open the middle drawer of the cabinet,open the middle drawer of the cabinet table 2,open_the_middle_drawer_of_the_cabinet_table_2
10,Background Textures,3,2,open_the_middle_drawer_of_the_cabinet,,,,,,,,,,21,,,,open the middle drawer of the cabinet,open the middle drawer of the cabinet table 21,open_the_middle_drawer_of_the_cabinet_table_21
11,Background Textures,4,1,open_the_middle_drawer_of_the_cabinet,,,,,,,,,,22,,,,open the middle drawer of the cabinet,open the middle drawer of the cabinet table 22,open_the_middle_drawer_of_the_cabinet_table_22
12,Background Textures,3,2,open_the_middle_drawer_of_the_cabinet,,,,,,,,,,24,,,,open the middle drawer of the cabinet,open the middle drawer of the cabinet table 24,open_the_middle_drawer_of_the_cabinet_table_24
13,Background Textures,3,2,open_the_middle_drawer_of_the_cabinet,,,,,,,,,,27,,,,open the middle drawer of the cabinet,open the middle drawer of the cabinet table 27,open_the_middle_drawer_of_the_cabinet_table_27
14,Background Textures,2,3,open_the_middle_drawer_of_the_cabinet,,,,,,,,,,28,,,,open the middle drawer of the cabinet,open the middle drawer of the cabinet table 28,open_the_middle_drawer_of_the_cabinet_table_28
15,Background Textures,2,3,open_the_middle_drawer_of_the_cabinet,,,,,,,,,,4,,,,open the middle drawer of the cabinet,open the middle drawer of the cabinet table 4,open_the_middle_drawer_of_the_cabinet_table_4
16,Background Textures,2,3,open_the_middle_drawer_of_the_cabinet,,,,,,,,,,5,,,,open the middle drawer of the cabinet,open the middle drawer of the cabinet table 5,open_the_middle_drawer_of_the_cabinet_table_5
17,Background Textures,2,3,open_the_middle_drawer_of_the_cabinet,,,,,,,,,,8,,,,open the middle drawer of the cabinet,open the middle drawer of the cabinet table 8,open_the_middle_drawer_of_the_cabinet_table_8
18,Background Textures,3,2,open_the_middle_drawer_of_the_cabinet,,,,,,,,,,10,,,,open the middle drawer of the cabinet,open the middle drawer of the cabinet tb 10,open_the_middle_drawer_of_the_cabinet_tb_10
19,Background Textures,2,3,open_the_middle_drawer_of_the_cabinet,,,,,,,,,,12,,,,open the middle drawer of the cabinet,open the middle drawer of the cabinet tb 12,open_the_middle_drawer_of_the_cabinet_tb_12
20,Background Textures,5,0,open_the_middle_drawer_of_the_cabinet,,,,,,,,,,18,,,,open the middle drawer of the cabinet,open the middle drawer of the cabinet tb 18,open_the_middle_drawer_of_the_cabinet_tb_18
21,Background Textures,1,4,open_the_middle_drawer_of_the_cabinet,,,,,,,,,,2,,,,open the middle drawer of the cabinet,open the middle drawer of the cabinet tb 2,open_the_middle_drawer_of_the_cabinet_tb_2
22,Background Textures,3,2,open_the_middle_drawer_of_the_cabinet,,,,,,,,,,20,,,,open the middle drawer of the cabinet,open the middle drawer of the cabinet tb 20,open_the_middle_drawer_of_the_cabinet_tb_20
23,Background Textures,3,2,open_the_middle_drawer_of_the_cabinet,,,,,,,,,,21,,,,open the middle drawer of the cabinet,open the middle drawer of the cabinet tb 21,open_the_middle_drawer_of_the_cabinet_tb_21
24,Background Textures,3,2,open_the_middle_drawer_of_the_cabinet,,,,,,,,,,22,,,,open the middle drawer of the cabinet,open the middle drawer of the cabinet tb 22,open_the_middle_drawer_of_the_cabinet_tb_22
25,Background Textures,3,2,open_the_middle_drawer_of_the_cabinet,,,,,,,,,,5,,,,open the middle drawer of the cabinet,open the middle drawer of the cabinet tb 5,open_the_middle_drawer_of_the_cabinet_tb_5
26,Background Textures,3,2,open_the_middle_drawer_of_the_cabinet,,,,,,,,,,6,,,,open the middle drawer of the cabinet,open the middle drawer of the cabinet tb 6,open_the_middle_drawer_of_the_cabinet_tb_6
27,Background Textures,3,2,open_the_middle_drawer_of_the_cabinet,,,,,,,,,,7,,,,open the middle drawer of the cabinet,open the middle drawer of the cabinet tb 7,open_the_middle_drawer_of_the_cabinet_tb_7
28,Background Textures,4,1,open_the_middle_drawer_of_the_cabinet,,,,,,,,,,8,,,,open the middle drawer of the cabinet,open the middle drawer of the cabinet tb 8,open_the_middle_drawer_of_the_cabinet_tb_8
29,Background Textures,4,1,open_the_middle_drawer_of_the_cabinet,,,,,,,,,,9,,,,open the middle drawer of the cabinet,open the middle drawer of the cabinet tb 9,open_the_middle_drawer_of_the_cabinet_tb_9
30,Background Textures,4,1,open_the_top_drawer_and_put_the_bowl_inside,,,,,,,,,,1,,,,open the top drawer and put the bowl inside,open the top drawer and put the bowl inside table 1,open_the_top_drawer_and_put_the_bowl_inside_table_1
31,Background Textures,5,0,open_the_top_drawer_and_put_the_bowl_inside,,,,,,,,,,11,,,,open the top drawer and put the bowl inside,open the top drawer and put the bowl inside table 11,open_the_top_drawer_and_put_the_bowl_inside_table_11
32,Background Textures,5,0,open_the_top_drawer_and_put_the_bowl_inside,,,,,,,,,,12,,,,open the top drawer and put the bowl inside,open the top drawer and put the bowl inside table 12,open_the_top_drawer_and_put_the_bowl_inside_table_12
33,Background Textures,1,4,open_the_top_drawer_and_put_the_bowl_inside,,,,,,,,,,13,,,,open the top drawer and put the bowl inside,open the top drawer and put the bowl inside table 13,open_the_top_drawer_and_put_the_bowl_inside_table_13
34,Background Textures,2,3,open_the_top_drawer_and_put_the_bowl_inside,,,,,,,,,,14,,,,open the top drawer and put the bowl inside,open the top drawer and put the bowl inside table 14,open_the_top_drawer_and_put_the_bowl_inside_table_14
35,Background Textures,3,2,open_the_top_drawer_and_put_the_bowl_inside,,,,,,,,,,15,,,,open the top drawer and put the bowl inside,open the top drawer and put the bowl inside table 15,open_the_top_drawer_and_put_the_bowl_inside_table_15
36,Background Textures,2,3,open_the_top_drawer_and_put_the_bowl_inside,,,,,,,,,,16,,,,open the top drawer and put the bowl inside,open the top drawer and put the bowl inside table 16,open_the_top_drawer_and_put_the_bowl_inside_table_16
37,Background Textures,5,0,open_the_top_drawer_and_put_the_bowl_inside,,,,,,,,,,17,,,,open the top drawer and put the bowl inside,open the top drawer and put the bowl inside table 17,open_the_top_drawer_and_put_the_bowl_inside_table_17
38,Background Textures,2,3,open_the_top_drawer_and_put_the_bowl_inside,,,,,,,,,,18,,,,open the top drawer and put the bowl inside,open the top drawer and put the bowl inside table 18,open_the_top_drawer_and_put_the_bowl_inside_table_18
39,Background Textures,2,3,open_the_top_drawer_and_put_the_bowl_inside,,,,,,,,,,19,,,,open the top drawer and put the bowl inside,open the top drawer and put the bowl inside table 19,open_the_top_drawer_and_put_the_bowl_inside_table_19
40,Background Textures,4,1,open_the_top_drawer_and_put_the_bowl_inside,,,,,,,,,,2,,,,open the top drawer and put the bowl inside,open the top drawer and put the bowl inside table 2,open_the_top_drawer_and_put_the_bowl_inside_table_2
41,Background Textures,2,3,open_the_top_drawer_and_put_the_bowl_inside,,,,,,,,,,20,,,,open the top drawer and put the bowl inside,open the top drawer and put the bowl inside table 20,open_the_top_drawer_and_put_the_bowl_inside_table_20
42,Background Textures,3,2,open_the_top_drawer_and_put_the_bowl_inside,,,,,,,,,,21,,,,open the top drawer and put the bowl inside,open the top drawer and put the bowl inside table 21,open_the_top_drawer_and_put_the_bowl_inside_table_21
43,Background Textures,5,0,open_the_top_drawer_and_put_the_bowl_inside,,,,,,,,,,22,,,,open the top drawer and put the bowl inside,open the top drawer and put the bowl inside table 22,open_the_top_drawer_and_put_the_bowl_inside_table_22
44,Background Textures,2,3,open_the_top_drawer_and_put_the_bowl_inside,,,,,,,,,,23,,,,open the top drawer and put the bowl inside,open the top drawer and put the bowl inside table 23,open_the_top_drawer_and_put_the_bowl_inside_table_23
45,Background Textures,2,3,open_the_top_drawer_and_put_the_bowl_inside,,,,,,,,,,24,,,,open the top drawer and put the bowl inside,open the top drawer and put the bowl inside table 24,open_the_top_drawer_and_put_the_bowl_inside_table_24
46,Background Textures,5,0,open_the_top_drawer_and_put_the_bowl_inside,,,,,,,,,,25,,,,open the top drawer and put the bowl inside,open the top drawer and put the bowl inside table 25,open_the_top_drawer_and_put_the_bowl_inside_table_25
47,Background Textures,2,3,open_the_top_drawer_and_put_the_bowl_inside,,,,,,,,,,27,,,,open the top drawer and put the bowl inside,open the top drawer and put the bowl inside table 27,open_the_top_drawer_and_put_the_bowl_inside_table_27
48,Background Textures,5,0,open_the_top_drawer_and_put_the_bowl_inside,,,,,,,,,,28,,,,open the top drawer and put the bowl inside,open the top drawer and put the bowl inside table 28,open_the_top_drawer_and_put_the_bowl_inside_table_28
49,Background Textures,4,1,open_the_top_drawer_and_put_the_bowl_inside,,,,,,,,,,3,,,,open the top drawer and put the bowl inside,open the top drawer and put the bowl inside table 3,open_the_top_drawer_and_put_the_bowl_inside_table_3
50,Background Textures,3,2,open_the_top_drawer_and_put_the_bowl_inside,,,,,,,,,,4,,,,open the top drawer and put the bowl inside,open the top drawer and put the bowl inside table 4,open_the_top_drawer_and_put_the_bowl_inside_table_4
51,Background Textures,3,2,open_the_top_drawer_and_put_the_bowl_inside,,,,,,,,,,5,,,,open the top drawer and put the bowl inside,open the top drawer and put the bowl inside table 5,open_the_top_drawer_and_put_the_bowl_inside_table_5
52,Background Textures,5,0,open_the_top_drawer_and_put_the_bowl_inside,,,,,,,,,,6,,,,open the top drawer and put the bowl inside,open the top drawer and put the bowl inside table 6,open_the_top_drawer_and_put_the_bowl_inside_table_6
53,Background Textures,3,2,open_the_top_drawer_and_put_the_bowl_inside,,,,,,,,,,7,,,,open the top drawer and put the bowl inside,open the top drawer and put the bowl inside table 7,open_the_top_drawer_and_put_the_bowl_inside_table_7
54,Background Textures,5,0,open_the_top_drawer_and_put_the_bowl_inside,,,,,,,,,,9,,,,open the top drawer and put the bowl inside,open the top drawer and put the bowl inside table 9,open_the_top_drawer_and_put_the_bowl_inside_table_9
55,Background Textures,5,0,open_the_top_drawer_and_put_the_bowl_inside,,,,,,,,,,1,,,,open the top drawer and put the bowl inside,open the top drawer and put the bowl inside tb 1,open_the_top_drawer_and_put_the_bowl_inside_tb_1
56,Background Textures,3,2,open_the_top_drawer_and_put_the_bowl_inside,,,,,,,,,,10,,,,open the top drawer and put the bowl inside,open the top drawer and put the bowl inside tb 10,open_the_top_drawer_and_put_the_bowl_inside_tb_10
57,Background Textures,2,3,open_the_top_drawer_and_put_the_bowl_inside,,,,,,,,,,11,,,,open the top drawer and put the bowl inside,open the top drawer and put the bowl inside tb 11,open_the_top_drawer_and_put_the_bowl_inside_tb_11
58,Background Textures,3,2,open_the_top_drawer_and_put_the_bowl_inside,,,,,,,,,,13,,,,open the top drawer and put the bowl inside,open the top drawer and put the bowl inside tb 13,open_the_top_drawer_and_put_the_bowl_inside_tb_13
59,Background Textures,4,1,open_the_top_drawer_and_put_the_bowl_inside,,,,,,,,,,15,,,,open the top drawer and put the bowl inside,open the top drawer and put the bowl inside tb 15,open_the_top_drawer_and_put_the_bowl_inside_tb_15
60,Background Textures,3,2,open_the_top_drawer_and_put_the_bowl_inside,,,,,,,,,,16,,,,open the top drawer and put the bowl inside,open the top drawer and put the bowl inside tb 16,open_the_top_drawer_and_put_the_bowl_inside_tb_16
61,Background Textures,4,1,open_the_top_drawer_and_put_the_bowl_inside,,,,,,,,,,17,,,,open the top drawer and put the bowl inside,open the top drawer and put the bowl inside tb 17,open_the_top_drawer_and_put_the_bowl_inside_tb_17
62,Background Textures,4,1,open_the_top_drawer_and_put_the_bowl_inside,,,,,,,,,,18,,,,open the top drawer and put the bowl inside,open the top drawer and put the bowl inside tb 18,open_the_top_drawer_and_put_the_bowl_inside_tb_18
63,Background Textures,4,1,open_the_top_drawer_and_put_the_bowl_inside,,,,,,,,,,19,,,,open the top drawer and put the bowl inside,open the top drawer and put the bowl inside tb 19,open_the_top_drawer_and_put_the_bowl_inside_tb_19
64,Background Textures,4,1,open_the_top_drawer_and_put_the_bowl_inside,,,,,,,,,,2,,,,open the top drawer and put the bowl inside,open the top drawer and put the bowl inside tb 2,open_the_top_drawer_and_put_the_bowl_inside_tb_2
65,Background Textures,3,2,open_the_top_drawer_and_put_the_bowl_inside,,,,,,,,,,20,,,,open the top drawer and put the bowl inside,open the top drawer and put the bowl inside tb 20,open_the_top_drawer_and_put_the_bowl_inside_tb_20
66,Background Textures,5,0,open_the_top_drawer_and_put_the_bowl_inside,,,,,,,,,,21,,,,open the top drawer and put the bowl inside,open the top drawer and put the bowl inside tb 21,open_the_top_drawer_and_put_the_bowl_inside_tb_21
67,Background Textures,4,1,open_the_top_drawer_and_put_the_bowl_inside,,,,,,,,,,22,,,,open the top drawer and put the bowl inside,open the top drawer and put the bowl inside tb 22,open_the_top_drawer_and_put_the_bowl_inside_tb_22
68,Background Textures,3,2,open_the_top_drawer_and_put_the_bowl_inside,,,,,,,,,,3,,,,open the top drawer and put the bowl inside,open the top drawer and put the bowl inside tb 3,open_the_top_drawer_and_put_the_bowl_inside_tb_3
69,Background Textures,4,1,open_the_top_drawer_and_put_the_bowl_inside,,,,,,,,,,4,,,,open the top drawer and put the bowl inside,open the top drawer and put the bowl inside tb 4,open_the_top_drawer_and_put_the_bowl_inside_tb_4
70,Background Textures,3,2,open_the_top_drawer_and_put_the_bowl_inside,,,,,,,,,,5,,,,open the top drawer and put the bowl inside,open the top drawer and put the bowl inside tb 5,open_the_top_drawer_and_put_the_bowl_inside_tb_5
71,Background Textures,4,1,open_the_top_drawer_and_put_the_bowl_inside,,,,,,,,,,6,,,,open the top drawer and put the bowl inside,open the top drawer and put the bowl inside tb 6,open_the_top_drawer_and_put_the_bowl_inside_tb_6
72,Background Textures,4,1,open_the_top_drawer_and_put_the_bowl_inside,,,,,,,,,,7,,,,open the top drawer and put the bowl inside,open the top drawer and put the bowl inside tb 7,open_the_top_drawer_and_put_the_bowl_inside_tb_7
73,Background Textures,1,4,open_the_top_drawer_and_put_the_bowl_inside,,,,,,,,,,8,,,,open the top drawer and put the bowl inside,open the top drawer and put the bowl inside tb 8,open_the_top_drawer_and_put_the_bowl_inside_tb_8
74,Background Textures,2,3,open_the_top_drawer_and_put_the_bowl_inside,,,,,,,,,,9,,,,open the top drawer and put the bowl inside,open the top drawer and put the bowl inside tb 9,open_the_top_drawer_and_put_the_bowl_inside_tb_9
75,Background Textures,3,2,push_the_plate_to_the_front_of_the_stove,,,,,,,,,,12,,,,push the plate to the front of the stove,push the plate to the front of the stove table 12,push_the_plate_to_the_front_of_the_stove_table_12
76,Background Textures,4,1,push_the_plate_to_the_front_of_the_stove,,,,,,,,,,14,,,,push the plate to the front of the stove,push the plate to the front of the stove table 14,push_the_plate_to_the_front_of_the_stove_table_14
77,Background Textures,2,3,push_the_plate_to_the_front_of_the_stove,,,,,,,,,,15,,,,push the plate to the front of the stove,push the plate to the front of the stove table 15,push_the_plate_to_the_front_of_the_stove_table_15
78,Background Textures,1,4,push_the_plate_to_the_front_of_the_stove,,,,,,,,,,17,,,,push the plate to the front of the stove,push the plate to the front of the stove table 17,push_the_plate_to_the_front_of_the_stove_table_17
79,Background Textures,2,3,push_the_plate_to_the_front_of_the_stove,,,,,,,,,,19,,,,push the plate to the front of the stove,push the plate to the front of the stove table 19,push_the_plate_to_the_front_of_the_stove_table_19
80,Background Textures,3,2,push_the_plate_to_the_front_of_the_stove,,,,,,,,,,2,,,,push the plate to the front of the stove,push the plate to the front of the stove table 2,push_the_plate_to_the_front_of_the_stove_table_2
81,Background Textures,3,2,push_the_plate_to_the_front_of_the_stove,,,,,,,,,,22,,,,push the plate to the front of the stove,push the plate to the front of the stove table 22,push_the_plate_to_the_front_of_the_stove_table_22
82,Background Textures,2,3,push_the_plate_to_the_front_of_the_stove,,,,,,,,,,23,,,,push the plate to the front of the stove,push the plate to the front of the stove table 23,push_the_plate_to_the_front_of_the_stove_table_23
83,Background Textures,1,4,push_the_plate_to_the_front_of_the_stove,,,,,,,,,,24,,,,push the plate to the front of the stove,push the plate to the front of the stove table 24,push_the_plate_to_the_front_of_the_stove_table_24
84,Background Textures,2,3,push_the_plate_to_the_front_of_the_stove,,,,,,,,,,25,,,,push the plate to the front of the stove,push the plate to the front of the stove table 25,push_the_plate_to_the_front_of_the_stove_table_25
85,Background Textures,2,3,push_the_plate_to_the_front_of_the_stove,,,,,,,,,,26,,,,push the plate to the front of the stove,push the plate to the front of the stove table 26,push_the_plate_to_the_front_of_the_stove_table_26
86,Background Textures,1,4,push_the_plate_to_the_front_of_the_stove,,,,,,,,,,27,,,,push the plate to the front of the stove,push the plate to the front of the stove table 27,push_the_plate_to_the_front_of_the_stove_table_27
87,Background Textures,2,3,push_the_plate_to_the_front_of_the_stove,,,,,,,,,,3,,,,push the plate to the front of the stove,push the plate to the front of the stove table 3,push_the_plate_to_the_front_of_the_stove_table_3
88,Background Textures,3,2,push_the_plate_to_the_front_of_the_stove,,,,,,,,,,4,,,,push the plate to the front of the stove,push the plate to the front of the stove table 4,push_the_plate_to_the_front_of_the_stove_table_4
89,Background Textures,2,3,push_the_plate_to_the_front_of_the_stove,,,,,,,,,,6,,,,push the plate to the front of the stove,push the plate to the front of the stove table 6,push_the_plate_to_the_front_of_the_stove_table_6
90,Background Textures,1,4,push_the_plate_to_the_front_of_the_stove,,,,,,,,,,7,,,,push the plate to the front of the stove,push the plate to the front of the stove table 7,push_the_plate_to_the_front_of_the_stove_table_7
91,Background Textures,4,1,push_the_plate_to_the_front_of_the_stove,,,,,,,,,,8,,,,push the plate to the front of the stove,push the plate to the front of the stove table 8,push_the_plate_to_the_front_of_the_stove_table_8
92,Background Textures,4,1,push_the_plate_to_the_front_of_the_stove,,,,,,,,,,9,,,,push the plate to the front of the stove,push the plate to the front of the stove table 9,push_the_plate_to_the_front_of_the_stove_table_9
93,Background Textures,1,4,push_the_plate_to_the_front_of_the_stove,,,,,,,,,,1,,,,push the plate to the front of the stove,push the plate to the front of the stove tb 1,push_the_plate_to_the_front_of_the_stove_tb_1
94,Background Textures,2,3,push_the_plate_to_the_front_of_the_stove,,,,,,,,,,12,,,,push the plate to the front of the stove,push the plate to the front of the stove tb 12,push_the_plate_to_the_front_of_the_stove_tb_12
95,Background Textures,2,3,push_the_plate_to_the_front_of_the_stove,,,,,,,,,,16,,,,push the plate to the front of the stove,push the plate to the front of the stove tb 16,push_the_plate_to_the_front_of_the_stove_tb_16
96,Background Textures,2,3,push_the_plate_to_the_front_of_the_stove,,,,,,,,,,17,,,,push the plate to the front of the stove,push the plate to the front of the stove tb 17,push_the_plate_to_the_front_of_the_stove_tb_17
97,Background Textures,1,4,push_the_plate_to_the_front_of_the_stove,,,,,,,,,,19,,,,push the plate to the front of the stove,push the plate to the front of the stove tb 19,push_the_plate_to_the_front_of_the_stove_tb_19
98,Background Textures,3,2,push_the_plate_to_the_front_of_the_stove,,,,,,,,,,21,,,,push the plate to the front of the stove,push the plate to the front of the stove tb 21,push_the_plate_to_the_front_of_the_stove_tb_21
99,Background Textures,1,4,push_the_plate_to_the_front_of_the_stove,,,,,,,,,,22,,,,push the plate to the front of the stove,push the plate to the front of the stove tb 22,push_the_plate_to_the_front_of_the_stove_tb_22
100,Background Textures,2,3,push_the_plate_to_the_front_of_the_stove,,,,,,,,,,7,,,,push the plate to the front of the stove,push the plate to the front of the stove tb 7,push_the_plate_to_the_front_of_the_stove_tb_7
101,Background Textures,2,3,push_the_plate_to_the_front_of_the_stove,,,,,,,,,,9,,,,push the plate to the front of the stove,push the plate to the front of the stove tb 9,push_the_plate_to_the_front_of_the_stove_tb_9
102,Background Textures,1,4,put_the_bowl_on_the_plate,,,,,,,,,,1,,,,put the bowl on the plate,put the bowl on the plate table 1,put_the_bowl_on_the_plate_table_1
103,Background Textures,2,3,put_the_bowl_on_the_plate,,,,,,,,,,10,,,,put the bowl on the plate,put the bowl on the plate table 10,put_the_bowl_on_the_plate_table_10
104,Background Textures,1,4,put_the_bowl_on_the_plate,,,,,,,,,,12,,,,put the bowl on the plate,put the bowl on the plate table 12,put_the_bowl_on_the_plate_table_12
105,Background Textures,2,3,put_the_bowl_on_the_plate,,,,,,,,,,13,,,,put the bowl on the plate,put the bowl on the plate table 13,put_the_bowl_on_the_plate_table_13
106,Background Textures,2,3,put_the_bowl_on_the_plate,,,,,,,,,,15,,,,put the bowl on the plate,put the bowl on the plate table 15,put_the_bowl_on_the_plate_table_15
107,Background Textures,1,4,put_the_bowl_on_the_plate,,,,,,,,,,16,,,,put the bowl on the plate,put the bowl on the plate table 16,put_the_bowl_on_the_plate_table_16
108,Background Textures,1,4,put_the_bowl_on_the_plate,,,,,,,,,,17,,,,put the bowl on the plate,put the bowl on the plate table 17,put_the_bowl_on_the_plate_table_17
109,Background Textures,3,2,put_the_bowl_on_the_plate,,,,,,,,,,2,,,,put the bowl on the plate,put the bowl on the plate table 2,put_the_bowl_on_the_plate_table_2
110,Background Textures,1,4,put_the_bowl_on_the_plate,,,,,,,,,,21,,,,put the bowl on the plate,put the bowl on the plate table 21,put_the_bowl_on_the_plate_table_21
111,Background Textures,2,3,put_the_bowl_on_the_plate,,,,,,,,,,22,,,,put the bowl on the plate,put the bowl on the plate table 22,put_the_bowl_on_the_plate_table_22
112,Background Textures,2,3,put_the_bowl_on_the_plate,,,,,,,,,,23,,,,put the bowl on the plate,put the bowl on the plate table 23,put_the_bowl_on_the_plate_table_23
113,Background Textures,1,4,put_the_bowl_on_the_plate,,,,,,,,,,24,,,,put the bowl on the plate,put the bowl on the plate table 24,put_the_bowl_on_the_plate_table_24
114,Background Textures,2,3,put_the_bowl_on_the_plate,,,,,,,,,,27,,,,put the bowl on the plate,put the bowl on the plate table 27,put_the_bowl_on_the_plate_table_27
115,Background Textures,1,4,put_the_bowl_on_the_plate,,,,,,,,,,3,,,,put the bowl on the plate,put the bowl on the plate table 3,put_the_bowl_on_the_plate_table_3
116,Background Textures,3,2,put_the_bowl_on_the_plate,,,,,,,,,,4,,,,put the bowl on the plate,put the bowl on the plate table 4,put_the_bowl_on_the_plate_table_4
117,Background Textures,1,4,put_the_bowl_on_the_plate,,,,,,,,,,6,,,,put the bowl on the plate,put the bowl on the plate table 6,put_the_bowl_on_the_plate_table_6
118,Background Textures,2,3,put_the_bowl_on_the_plate,,,,,,,,,,8,,,,put the bowl on the plate,put the bowl on the plate table 8,put_the_bowl_on_the_plate_table_8
119,Background Textures,2,3,put_the_bowl_on_the_plate,,,,,,,,,,1,,,,put the bowl on the plate,put the bowl on the plate tb 1,put_the_bowl_on_the_plate_tb_1
120,Background Textures,1,4,put_the_bowl_on_the_plate,,,,,,,,,,11,,,,put the bowl on the plate,put the bowl on the plate tb 11,put_the_bowl_on_the_plate_tb_11
121,Background Textures,2,3,put_the_bowl_on_the_plate,,,,,,,,,,13,,,,put the bowl on the plate,put the bowl on the plate tb 13,put_the_bowl_on_the_plate_tb_13
122,Background Textures,3,2,put_the_bowl_on_the_plate,,,,,,,,,,15,,,,put the bowl on the plate,put the bowl on the plate tb 15,put_the_bowl_on_the_plate_tb_15
123,Background Textures,2,3,put_the_bowl_on_the_plate,,,,,,,,,,16,,,,put the bowl on the plate,put the bowl on the plate tb 16,put_the_bowl_on_the_plate_tb_16
124,Background Textures,1,4,put_the_bowl_on_the_plate,,,,,,,,,,18,,,,put the bowl on the plate,put the bowl on the plate tb 18,put_the_bowl_on_the_plate_tb_18
125,Background Textures,2,3,put_the_bowl_on_the_plate,,,,,,,,,,19,,,,put the bowl on the plate,put the bowl on the plate tb 19,put_the_bowl_on_the_plate_tb_19
126,Background Textures,3,2,put_the_bowl_on_the_plate,,,,,,,,,,2,,,,put the bowl on the plate,put the bowl on the plate tb 2,put_the_bowl_on_the_plate_tb_2
127,Background Textures,2,3,put_the_bowl_on_the_plate,,,,,,,,,,20,,,,put the bowl on the plate,put the bowl on the plate tb 20,put_the_bowl_on_the_plate_tb_20
128,Background Textures,3,2,put_the_bowl_on_the_plate,,,,,,,,,,21,,,,put the bowl on the plate,put the bowl on the plate tb 21,put_the_bowl_on_the_plate_tb_21
129,Background Textures,2,3,put_the_bowl_on_the_plate,,,,,,,,,,22,,,,put the bowl on the plate,put the bowl on the plate tb 22,put_the_bowl_on_the_plate_tb_22
130,Background Textures,2,3,put_the_bowl_on_the_plate,,,,,,,,,,3,,,,put the bowl on the plate,put the bowl on the plate tb 3,put_the_bowl_on_the_plate_tb_3
131,Background Textures,1,4,put_the_bowl_on_the_plate,,,,,,,,,,9,,,,put the bowl on the plate,put the bowl on the plate tb 9,put_the_bowl_on_the_plate_tb_9
132,Background Textures,3,2,put_the_bowl_on_the_stove,,,,,,,,,,1,,,,put the bowl on the stove,put the bowl on the stove table 1,put_the_bowl_on_the_stove_table_1
133,Background Textures,3,2,put_the_bowl_on_the_stove,,,,,,,,,,24,,,,put the bowl on the stove,put the bowl on the stove table 24,put_the_bowl_on_the_stove_table_24
134,Background Textures,3,2,put_the_bowl_on_the_stove,,,,,,,,,,3,,,,put the bowl on the stove,put the bowl on the stove table 3,put_the_bowl_on_the_stove_table_3
135,Background Textures,2,3,put_the_bowl_on_the_stove,,,,,,,,,,4,,,,put the bowl on the stove,put the bowl on the stove table 4,put_the_bowl_on_the_stove_table_4
136,Background Textures,3,2,put_the_bowl_on_the_stove,,,,,,,,,,5,,,,put the bowl on the stove,put the bowl on the stove table 5,put_the_bowl_on_the_stove_table_5
137,Background Textures,1,4,put_the_bowl_on_the_stove,,,,,,,,,,7,,,,put the bowl on the stove,put the bowl on the stove table 7,put_the_bowl_on_the_stove_table_7
138,Background Textures,4,1,put_the_bowl_on_top_of_the_cabinet,,,,,,,,,,1,,,,put the bowl on top of the cabinet,put the bowl on top of the cabinet table 1,put_the_bowl_on_top_of_the_cabinet_table_1
139,Background Textures,3,2,put_the_bowl_on_top_of_the_cabinet,,,,,,,,,,10,,,,put the bowl on top of the cabinet,put the bowl on top of the cabinet table 10,put_the_bowl_on_top_of_the_cabinet_table_10
140,Background Textures,2,3,put_the_bowl_on_top_of_the_cabinet,,,,,,,,,,12,,,,put the bowl on top of the cabinet,put the bowl on top of the cabinet table 12,put_the_bowl_on_top_of_the_cabinet_table_12
141,Background Textures,4,1,put_the_bowl_on_top_of_the_cabinet,,,,,,,,,,13,,,,put the bowl on top of the cabinet,put the bowl on top of the cabinet table 13,put_the_bowl_on_top_of_the_cabinet_table_13
142,Background Textures,4,1,put_the_bowl_on_top_of_the_cabinet,,,,,,,,,,19,,,,put the bowl on top of the cabinet,put the bowl on top of the cabinet table 19,put_the_bowl_on_top_of_the_cabinet_table_19
143,Background Textures,3,2,put_the_bowl_on_top_of_the_cabinet,,,,,,,,,,3,,,,put the bowl on top of the cabinet,put the bowl on top of the cabinet table 3,put_the_bowl_on_top_of_the_cabinet_table_3
144,Background Textures,3,2,put_the_bowl_on_top_of_the_cabinet,,,,,,,,,,9,,,,put the bowl on top of the cabinet,put the bowl on top of the cabinet table 9,put_the_bowl_on_top_of_the_cabinet_table_9
145,Background Textures,2,3,put_the_bowl_on_top_of_the_cabinet,,,,,,,,,,1,,,,put the bowl on top of the cabinet,put the bowl on top of the cabinet tb 1,put_the_bowl_on_top_of_the_cabinet_tb_1
146,Background Textures,2,3,put_the_bowl_on_top_of_the_cabinet,,,,,,,,,,19,,,,put the bowl on top of the cabinet,put the bowl on top of the cabinet tb 19,put_the_bowl_on_top_of_the_cabinet_tb_19
147,Background Textures,2,3,put_the_bowl_on_top_of_the_cabinet,,,,,,,,,,2,,,,put the bowl on top of the cabinet,put the bowl on top of the cabinet tb 2,put_the_bowl_on_top_of_the_cabinet_tb_2
148,Background Textures,2,3,put_the_bowl_on_top_of_the_cabinet,,,,,,,,,,20,,,,put the bowl on top of the cabinet,put the bowl on top of the cabinet tb 20,put_the_bowl_on_top_of_the_cabinet_tb_20
149,Background Textures,4,1,put_the_bowl_on_top_of_the_cabinet,,,,,,,,,,21,,,,put the bowl on top of the cabinet,put the bowl on top of the cabinet tb 21,put_the_bowl_on_top_of_the_cabinet_tb_21
150,Background Textures,3,2,put_the_bowl_on_top_of_the_cabinet,,,,,,,,,,3,,,,put the bowl on top of the cabinet,put the bowl on top of the cabinet tb 3,put_the_bowl_on_top_of_the_cabinet_tb_3
151,Background Textures,4,1,put_the_cream_cheese_in_the_bowl,,,,,,,,,,1,,,,put the cream cheese in the bowl,put the cream cheese in the bowl table 1,put_the_cream_cheese_in_the_bowl_table_1
152,Background Textures,5,0,put_the_cream_cheese_in_the_bowl,,,,,,,,,,11,,,,put the cream cheese in the bowl,put the cream cheese in the bowl table 11,put_the_cream_cheese_in_the_bowl_table_11
153,Background Textures,4,1,put_the_cream_cheese_in_the_bowl,,,,,,,,,,12,,,,put the cream cheese in the bowl,put the cream cheese in the bowl table 12,put_the_cream_cheese_in_the_bowl_table_12
154,Background Textures,4,1,put_the_cream_cheese_in_the_bowl,,,,,,,,,,13,,,,put the cream cheese in the bowl,put the cream cheese in the bowl table 13,put_the_cream_cheese_in_the_bowl_table_13
155,Background Textures,5,0,put_the_cream_cheese_in_the_bowl,,,,,,,,,,21,,,,put the cream cheese in the bowl,put the cream cheese in the bowl table 21,put_the_cream_cheese_in_the_bowl_table_21
156,Background Textures,5,0,put_the_cream_cheese_in_the_bowl,,,,,,,,,,22,,,,put the cream cheese in the bowl,put the cream cheese in the bowl table 22,put_the_cream_cheese_in_the_bowl_table_22
157,Background Textures,5,0,put_the_cream_cheese_in_the_bowl,,,,,,,,,,23,,,,put the cream cheese in the bowl,put the cream cheese in the bowl table 23,put_the_cream_cheese_in_the_bowl_table_23
158,Background Textures,4,1,put_the_cream_cheese_in_the_bowl,,,,,,,,,,26,,,,put the cream cheese in the bowl,put the cream cheese in the bowl table 26,put_the_cream_cheese_in_the_bowl_table_26
159,Background Textures,5,0,put_the_cream_cheese_in_the_bowl,,,,,,,,,,27,,,,put the cream cheese in the bowl,put the cream cheese in the bowl table 27,put_the_cream_cheese_in_the_bowl_table_27
160,Background Textures,5,0,put_the_cream_cheese_in_the_bowl,,,,,,,,,,3,,,,put the cream cheese in the bowl,put the cream cheese in the bowl table 3,put_the_cream_cheese_in_the_bowl_table_3
161,Background Textures,4,1,put_the_cream_cheese_in_the_bowl,,,,,,,,,,4,,,,put the cream cheese in the bowl,put the cream cheese in the bowl table 4,put_the_cream_cheese_in_the_bowl_table_4
162,Background Textures,4,1,put_the_cream_cheese_in_the_bowl,,,,,,,,,,5,,,,put the cream cheese in the bowl,put the cream cheese in the bowl table 5,put_the_cream_cheese_in_the_bowl_table_5
163,Background Textures,3,2,put_the_cream_cheese_in_the_bowl,,,,,,,,,,7,,,,put the cream cheese in the bowl,put the cream cheese in the bowl table 7,put_the_cream_cheese_in_the_bowl_table_7
164,Background Textures,3,2,put_the_cream_cheese_in_the_bowl,,,,,,,,,,8,,,,put the cream cheese in the bowl,put the cream cheese in the bowl table 8,put_the_cream_cheese_in_the_bowl_table_8
165,Background Textures,3,2,put_the_cream_cheese_in_the_bowl,,,,,,,,,,9,,,,put the cream cheese in the bowl,put the cream cheese in the bowl table 9,put_the_cream_cheese_in_the_bowl_table_9
166,Background Textures,4,1,put_the_cream_cheese_in_the_bowl,,,,,,,,,,1,,,,put the cream cheese in the bowl,put the cream cheese in the bowl tb 1,put_the_cream_cheese_in_the_bowl_tb_1
167,Background Textures,5,0,put_the_cream_cheese_in_the_bowl,,,,,,,,,,10,,,,put the cream cheese in the bowl,put the cream cheese in the bowl tb 10,put_the_cream_cheese_in_the_bowl_tb_10
168,Background Textures,5,0,put_the_cream_cheese_in_the_bowl,,,,,,,,,,11,,,,put the cream cheese in the bowl,put the cream cheese in the bowl tb 11,put_the_cream_cheese_in_the_bowl_tb_11
169,Background Textures,5,0,put_the_cream_cheese_in_the_bowl,,,,,,,,,,12,,,,put the cream cheese in the bowl,put the cream cheese in the bowl tb 12,put_the_cream_cheese_in_the_bowl_tb_12
170,Background Textures,5,0,put_the_cream_cheese_in_the_bowl,,,,,,,,,,13,,,,put the cream cheese in the bowl,put the cream cheese in the bowl tb 13,put_the_cream_cheese_in_the_bowl_tb_13
171,Background Textures,4,1,put_the_cream_cheese_in_the_bowl,,,,,,,,,,14,,,,put the cream cheese in the bowl,put the cream cheese in the bowl tb 14,put_the_cream_cheese_in_the_bowl_tb_14
172,Background Textures,5,0,put_the_cream_cheese_in_the_bowl,,,,,,,,,,15,,,,put the cream cheese in the bowl,put the cream cheese in the bowl tb 15,put_the_cream_cheese_in_the_bowl_tb_15
173,Background Textures,5,0,put_the_cream_cheese_in_the_bowl,,,,,,,,,,16,,,,put the cream cheese in the bowl,put the cream cheese in the bowl tb 16,put_the_cream_cheese_in_the_bowl_tb_16
174,Background Textures,4,1,put_the_cream_cheese_in_the_bowl,,,,,,,,,,17,,,,put the cream cheese in the bowl,put the cream cheese in the bowl tb 17,put_the_cream_cheese_in_the_bowl_tb_17
175,Background Textures,5,0,put_the_cream_cheese_in_the_bowl,,,,,,,,,,18,,,,put the cream cheese in the bowl,put the cream cheese in the bowl tb 18,put_the_cream_cheese_in_the_bowl_tb_18
176,Background Textures,5,0,put_the_cream_cheese_in_the_bowl,,,,,,,,,,19,,,,put the cream cheese in the bowl,put the cream cheese in the bowl tb 19,put_the_cream_cheese_in_the_bowl_tb_19
177,Background Textures,5,0,put_the_cream_cheese_in_the_bowl,,,,,,,,,,20,,,,put the cream cheese in the bowl,put the cream cheese in the bowl tb 20,put_the_cream_cheese_in_the_bowl_tb_20
178,Background Textures,5,0,put_the_cream_cheese_in_the_bowl,,,,,,,,,,21,,,,put the cream cheese in the bowl,put the cream cheese in the bowl tb 21,put_the_cream_cheese_in_the_bowl_tb_21
179,Background Textures,5,0,put_the_cream_cheese_in_the_bowl,,,,,,,,,,22,,,,put the cream cheese in the bowl,put the cream cheese in the bowl tb 22,put_the_cream_cheese_in_the_bowl_tb_22
180,Background Textures,5,0,put_the_cream_cheese_in_the_bowl,,,,,,,,,,6,,,,put the cream cheese in the bowl,put the cream cheese in the bowl tb 6,put_the_cream_cheese_in_the_bowl_tb_6
181,Background Textures,5,0,put_the_cream_cheese_in_the_bowl,,,,,,,,,,8,,,,put the cream cheese in the bowl,put the cream cheese in the bowl tb 8,put_the_cream_cheese_in_the_bowl_tb_8
182,Background Textures,5,0,put_the_cream_cheese_in_the_bowl,,,,,,,,,,9,,,,put the cream cheese in the bowl,put the cream cheese in the bowl tb 9,put_the_cream_cheese_in_the_bowl_tb_9
183,Background Textures,3,2,put_the_wine_bottle_on_the_rack,,,,,,,,,,1,,,,put the wine bottle on the rack,put the wine bottle on the rack table 1,put_the_wine_bottle_on_the_rack_table_1
184,Background Textures,2,3,put_the_wine_bottle_on_the_rack,,,,,,,,,,10,,,,put the wine bottle on the rack,put the wine bottle on the rack table 10,put_the_wine_bottle_on_the_rack_table_10
185,Background Textures,2,3,put_the_wine_bottle_on_the_rack,,,,,,,,,,11,,,,put the wine bottle on the rack,put the wine bottle on the rack table 11,put_the_wine_bottle_on_the_rack_table_11
186,Background Textures,5,0,put_the_wine_bottle_on_the_rack,,,,,,,,,,12,,,,put the wine bottle on the rack,put the wine bottle on the rack table 12,put_the_wine_bottle_on_the_rack_table_12
187,Background Textures,3,2,put_the_wine_bottle_on_the_rack,,,,,,,,,,13,,,,put the wine bottle on the rack,put the wine bottle on the rack table 13,put_the_wine_bottle_on_the_rack_table_13
188,Background Textures,4,1,put_the_wine_bottle_on_the_rack,,,,,,,,,,14,,,,put the wine bottle on the rack,put the wine bottle on the rack table 14,put_the_wine_bottle_on_the_rack_table_14
189,Background Textures,1,4,put_the_wine_bottle_on_the_rack,,,,,,,,,,15,,,,put the wine bottle on the rack,put the wine bottle on the rack table 15,put_the_wine_bottle_on_the_rack_table_15
190,Background Textures,3,2,put_the_wine_bottle_on_the_rack,,,,,,,,,,16,,,,put the wine bottle on the rack,put the wine bottle on the rack table 16,put_the_wine_bottle_on_the_rack_table_16
191,Background Textures,2,3,put_the_wine_bottle_on_the_rack,,,,,,,,,,17,,,,put the wine bottle on the rack,put the wine bottle on the rack table 17,put_the_wine_bottle_on_the_rack_table_17
192,Background Textures,5,0,put_the_wine_bottle_on_the_rack,,,,,,,,,,18,,,,put the wine bottle on the rack,put the wine bottle on the rack table 18,put_the_wine_bottle_on_the_rack_table_18
193,Background Textures,5,0,put_the_wine_bottle_on_the_rack,,,,,,,,,,19,,,,put the wine bottle on the rack,put the wine bottle on the rack table 19,put_the_wine_bottle_on_the_rack_table_19
194,Background Textures,4,1,put_the_wine_bottle_on_the_rack,,,,,,,,,,2,,,,put the wine bottle on the rack,put the wine bottle on the rack table 2,put_the_wine_bottle_on_the_rack_table_2
195,Background Textures,4,1,put_the_wine_bottle_on_the_rack,,,,,,,,,,20,,,,put the wine bottle on the rack,put the wine bottle on the rack table 20,put_the_wine_bottle_on_the_rack_table_20
196,Background Textures,3,2,put_the_wine_bottle_on_the_rack,,,,,,,,,,22,,,,put the wine bottle on the rack,put the wine bottle on the rack table 22,put_the_wine_bottle_on_the_rack_table_22
197,Background Textures,4,1,put_the_wine_bottle_on_the_rack,,,,,,,,,,23,,,,put the wine bottle on the rack,put the wine bottle on the rack table 23,put_the_wine_bottle_on_the_rack_table_23
198,Background Textures,5,0,put_the_wine_bottle_on_the_rack,,,,,,,,,,24,,,,put the wine bottle on the rack,put the wine bottle on the rack table 24,put_the_wine_bottle_on_the_rack_table_24
199,Background Textures,3,2,put_the_wine_bottle_on_the_rack,,,,,,,,,,25,,,,put the wine bottle on the rack,put the wine bottle on the rack table 25,put_the_wine_bottle_on_the_rack_table_25
200,Background Textures,4,1,put_the_wine_bottle_on_the_rack,,,,,,,,,,26,,,,put the wine bottle on the rack,put the wine bottle on the rack table 26,put_the_wine_bottle_on_the_rack_table_26
201,Background Textures,4,1,put_the_wine_bottle_on_the_rack,,,,,,,,,,27,,,,put the wine bottle on the rack,put the wine bottle on the rack table 27,put_the_wine_bottle_on_the_rack_table_27
202,Background Textures,4,1,put_the_wine_bottle_on_the_rack,,,,,,,,,,28,,,,put the wine bottle on the rack,put the wine bottle on the rack table 28,put_the_wine_bottle_on_the_rack_table_28
203,Background Textures,2,3,put_the_wine_bottle_on_the_rack,,,,,,,,,,3,,,,put the wine bottle on the rack,put the wine bottle on the rack table 3,put_the_wine_bottle_on_the_rack_table_3
204,Background Textures,3,2,put_the_wine_bottle_on_the_rack,,,,,,,,,,5,,,,put the wine bottle on the rack,put the wine bottle on the rack table 5,put_the_wine_bottle_on_the_rack_table_5
205,Background Textures,4,1,put_the_wine_bottle_on_the_rack,,,,,,,,,,6,,,,put the wine bottle on the rack,put the wine bottle on the rack table 6,put_the_wine_bottle_on_the_rack_table_6
206,Background Textures,5,0,put_the_wine_bottle_on_the_rack,,,,,,,,,,7,,,,put the wine bottle on the rack,put the wine bottle on the rack table 7,put_the_wine_bottle_on_the_rack_table_7
207,Background Textures,5,0,put_the_wine_bottle_on_the_rack,,,,,,,,,,8,,,,put the wine bottle on the rack,put the wine bottle on the rack table 8,put_the_wine_bottle_on_the_rack_table_8
208,Background Textures,4,1,put_the_wine_bottle_on_the_rack,,,,,,,,,,9,,,,put the wine bottle on the rack,put the wine bottle on the rack table 9,put_the_wine_bottle_on_the_rack_table_9
209,Background Textures,4,1,put_the_wine_bottle_on_the_rack,,,,,,,,,,1,,,,put the wine bottle on the rack,put the wine bottle on the rack tb 1,put_the_wine_bottle_on_the_rack_tb_1
210,Background Textures,3,2,put_the_wine_bottle_on_the_rack,,,,,,,,,,10,,,,put the wine bottle on the rack,put the wine bottle on the rack tb 10,put_the_wine_bottle_on_the_rack_tb_10
211,Background Textures,4,1,put_the_wine_bottle_on_the_rack,,,,,,,,,,11,,,,put the wine bottle on the rack,put the wine bottle on the rack tb 11,put_the_wine_bottle_on_the_rack_tb_11
212,Background Textures,4,1,put_the_wine_bottle_on_the_rack,,,,,,,,,,12,,,,put the wine bottle on the rack,put the wine bottle on the rack tb 12,put_the_wine_bottle_on_the_rack_tb_12
213,Background Textures,4,1,put_the_wine_bottle_on_the_rack,,,,,,,,,,13,,,,put the wine bottle on the rack,put the wine bottle on the rack tb 13,put_the_wine_bottle_on_the_rack_tb_13
214,Background Textures,4,1,put_the_wine_bottle_on_the_rack,,,,,,,,,,14,,,,put the wine bottle on the rack,put the wine bottle on the rack tb 14,put_the_wine_bottle_on_the_rack_tb_14
215,Background Textures,3,2,put_the_wine_bottle_on_the_rack,,,,,,,,,,15,,,,put the wine bottle on the rack,put the wine bottle on the rack tb 15,put_the_wine_bottle_on_the_rack_tb_15
216,Background Textures,5,0,put_the_wine_bottle_on_the_rack,,,,,,,,,,16,,,,put the wine bottle on the rack,put the wine bottle on the rack tb 16,put_the_wine_bottle_on_the_rack_tb_16
217,Background Textures,3,2,put_the_wine_bottle_on_the_rack,,,,,,,,,,17,,,,put the wine bottle on the rack,put the wine bottle on the rack tb 17,put_the_wine_bottle_on_the_rack_tb_17
218,Background Textures,4,1,put_the_wine_bottle_on_the_rack,,,,,,,,,,18,,,,put the wine bottle on the rack,put the wine bottle on the rack tb 18,put_the_wine_bottle_on_the_rack_tb_18
219,Background Textures,5,0,put_the_wine_bottle_on_the_rack,,,,,,,,,,19,,,,put the wine bottle on the rack,put the wine bottle on the rack tb 19,put_the_wine_bottle_on_the_rack_tb_19
220,Background Textures,2,3,put_the_wine_bottle_on_the_rack,,,,,,,,,,20,,,,put the wine bottle on the rack,put the wine bottle on the rack tb 20,put_the_wine_bottle_on_the_rack_tb_20
221,Background Textures,4,1,put_the_wine_bottle_on_the_rack,,,,,,,,,,21,,,,put the wine bottle on the rack,put the wine bottle on the rack tb 21,put_the_wine_bottle_on_the_rack_tb_21
222,Background Textures,5,0,put_the_wine_bottle_on_the_rack,,,,,,,,,,22,,,,put the wine bottle on the rack,put the wine bottle on the rack tb 22,put_the_wine_bottle_on_the_rack_tb_22
223,Background Textures,4,1,put_the_wine_bottle_on_the_rack,,,,,,,,,,3,,,,put the wine bottle on the rack,put the wine bottle on the rack tb 3,put_the_wine_bottle_on_the_rack_tb_3
224,Background Textures,2,3,put_the_wine_bottle_on_the_rack,,,,,,,,,,4,,,,put the wine bottle on the rack,put the wine bottle on the rack tb 4,put_the_wine_bottle_on_the_rack_tb_4
225,Background Textures,1,4,put_the_wine_bottle_on_the_rack,,,,,,,,,,5,,,,put the wine bottle on the rack,put the wine bottle on the rack tb 5,put_the_wine_bottle_on_the_rack_tb_5
226,Background Textures,2,3,put_the_wine_bottle_on_the_rack,,,,,,,,,,6,,,,put the wine bottle on the rack,put the wine bottle on the rack tb 6,put_the_wine_bottle_on_the_rack_tb_6
227,Background Textures,5,0,put_the_wine_bottle_on_the_rack,,,,,,,,,,8,,,,put the wine bottle on the rack,put the wine bottle on the rack tb 8,put_the_wine_bottle_on_the_rack_tb_8
228,Background Textures,3,2,put_the_wine_bottle_on_the_rack,,,,,,,,,,9,,,,put the wine bottle on the rack,put the wine bottle on the rack tb 9,put_the_wine_bottle_on_the_rack_tb_9
229,Background Textures,1,4,put_the_wine_bottle_on_top_of_the_cabinet,,,,,,,,,,1,,,,put the wine bottle on top of the cabinet,put the wine bottle on top of the cabinet table 1,put_the_wine_bottle_on_top_of_the_cabinet_table_1
230,Background Textures,3,2,put_the_wine_bottle_on_top_of_the_cabinet,,,,,,,,,,11,,,,put the wine bottle on top of the cabinet,put the wine bottle on top of the cabinet table 11,put_the_wine_bottle_on_top_of_the_cabinet_table_11
231,Background Textures,3,2,put_the_wine_bottle_on_top_of_the_cabinet,,,,,,,,,,12,,,,put the wine bottle on top of the cabinet,put the wine bottle on top of the cabinet table 12,put_the_wine_bottle_on_top_of_the_cabinet_table_12
232,Background Textures,2,3,put_the_wine_bottle_on_top_of_the_cabinet,,,,,,,,,,14,,,,put the wine bottle on top of the cabinet,put the wine bottle on top of the cabinet table 14,put_the_wine_bottle_on_top_of_the_cabinet_table_14
233,Background Textures,5,0,put_the_wine_bottle_on_top_of_the_cabinet,,,,,,,,,,15,,,,put the wine bottle on top of the cabinet,put the wine bottle on top of the cabinet table 15,put_the_wine_bottle_on_top_of_the_cabinet_table_15
234,Background Textures,4,1,put_the_wine_bottle_on_top_of_the_cabinet,,,,,,,,,,18,,,,put the wine bottle on top of the cabinet,put the wine bottle on top of the cabinet table 18,put_the_wine_bottle_on_top_of_the_cabinet_table_18
235,Background Textures,1,4,put_the_wine_bottle_on_top_of_the_cabinet,,,,,,,,,,19,,,,put the wine bottle on top of the cabinet,put the wine bottle on top of the cabinet table 19,put_the_wine_bottle_on_top_of_the_cabinet_table_19
236,Background Textures,5,0,put_the_wine_bottle_on_top_of_the_cabinet,,,,,,,,,,2,,,,put the wine bottle on top of the cabinet,put the wine bottle on top of the cabinet table 2,put_the_wine_bottle_on_top_of_the_cabinet_table_2
237,Background Textures,1,4,put_the_wine_bottle_on_top_of_the_cabinet,,,,,,,,,,20,,,,put the wine bottle on top of the cabinet,put the wine bottle on top of the cabinet table 20,put_the_wine_bottle_on_top_of_the_cabinet_table_20
238,Background Textures,3,2,put_the_wine_bottle_on_top_of_the_cabinet,,,,,,,,,,21,,,,put the wine bottle on top of the cabinet,put the wine bottle on top of the cabinet table 21,put_the_wine_bottle_on_top_of_the_cabinet_table_21
239,Background Textures,2,3,put_the_wine_bottle_on_top_of_the_cabinet,,,,,,,,,,22,,,,put the wine bottle on top of the cabinet,put the wine bottle on top of the cabinet table 22,put_the_wine_bottle_on_top_of_the_cabinet_table_22
240,Background Textures,3,2,put_the_wine_bottle_on_top_of_the_cabinet,,,,,,,,,,23,,,,put the wine bottle on top of the cabinet,put the wine bottle on top of the cabinet table 23,put_the_wine_bottle_on_top_of_the_cabinet_table_23
241,Background Textures,5,0,put_the_wine_bottle_on_top_of_the_cabinet,,,,,,,,,,25,,,,put the wine bottle on top of the cabinet,put the wine bottle on top of the cabinet table 25,put_the_wine_bottle_on_top_of_the_cabinet_table_25
242,Background Textures,2,3,put_the_wine_bottle_on_top_of_the_cabinet,,,,,,,,,,26,,,,put the wine bottle on top of the cabinet,put the wine bottle on top of the cabinet table 26,put_the_wine_bottle_on_top_of_the_cabinet_table_26
243,Background Textures,1,4,put_the_wine_bottle_on_top_of_the_cabinet,,,,,,,,,,3,,,,put the wine bottle on top of the cabinet,put the wine bottle on top of the cabinet table 3,put_the_wine_bottle_on_top_of_the_cabinet_table_3
244,Background Textures,4,1,put_the_wine_bottle_on_top_of_the_cabinet,,,,,,,,,,4,,,,put the wine bottle on top of the cabinet,put the wine bottle on top of the cabinet table 4,put_the_wine_bottle_on_top_of_the_cabinet_table_4
245,Background Textures,2,3,put_the_wine_bottle_on_top_of_the_cabinet,,,,,,,,,,6,,,,put the wine bottle on top of the cabinet,put the wine bottle on top of the cabinet table 6,put_the_wine_bottle_on_top_of_the_cabinet_table_6
246,Background Textures,5,0,put_the_wine_bottle_on_top_of_the_cabinet,,,,,,,,,,7,,,,put the wine bottle on top of the cabinet,put the wine bottle on top of the cabinet table 7,put_the_wine_bottle_on_top_of_the_cabinet_table_7
247,Background Textures,2,3,put_the_wine_bottle_on_top_of_the_cabinet,,,,,,,,,,9,,,,put the wine bottle on top of the cabinet,put the wine bottle on top of the cabinet table 9,put_the_wine_bottle_on_top_of_the_cabinet_table_9
248,Background Textures,3,2,put_the_wine_bottle_on_top_of_the_cabinet,,,,,,,,,,1,,,,put the wine bottle on top of the cabinet,put the wine bottle on top of the cabinet tb 1,put_the_wine_bottle_on_top_of_the_cabinet_tb_1
249,Background Textures,3,2,put_the_wine_bottle_on_top_of_the_cabinet,,,,,,,,,,10,,,,put the wine bottle on top of the cabinet,put the wine bottle on top of the cabinet tb 10,put_the_wine_bottle_on_top_of_the_cabinet_tb_10
250,Background Textures,4,1,put_the_wine_bottle_on_top_of_the_cabinet,,,,,,,,,,11,,,,put the wine bottle on top of the cabinet,put the wine bottle on top of the cabinet tb 11,put_the_wine_bottle_on_top_of_the_cabinet_tb_11
251,Background Textures,4,1,put_the_wine_bottle_on_top_of_the_cabinet,,,,,,,,,,12,,,,put the wine bottle on top of the cabinet,put the wine bottle on top of the cabinet tb 12,put_the_wine_bottle_on_top_of_the_cabinet_tb_12
252,Background Textures,3,2,put_the_wine_bottle_on_top_of_the_cabinet,,,,,,,,,,13,,,,put the wine bottle on top of the cabinet,put the wine bottle on top of the cabinet tb 13,put_the_wine_bottle_on_top_of_the_cabinet_tb_13
253,Background Textures,2,3,put_the_wine_bottle_on_top_of_the_cabinet,,,,,,,,,,14,,,,put the wine bottle on top of the cabinet,put the wine bottle on top of the cabinet tb 14,put_the_wine_bottle_on_top_of_the_cabinet_tb_14
254,Background Textures,3,2,put_the_wine_bottle_on_top_of_the_cabinet,,,,,,,,,,15,,,,put the wine bottle on top of the cabinet,put the wine bottle on top of the cabinet tb 15,put_the_wine_bottle_on_top_of_the_cabinet_tb_15
255,Background Textures,4,1,put_the_wine_bottle_on_top_of_the_cabinet,,,,,,,,,,16,,,,put the wine bottle on top of the cabinet,put the wine bottle on top of the cabinet tb 16,put_the_wine_bottle_on_top_of_the_cabinet_tb_16
256,Background Textures,3,2,put_the_wine_bottle_on_top_of_the_cabinet,,,,,,,,,,18,,,,put the wine bottle on top of the cabinet,put the wine bottle on top of the cabinet tb 18,put_the_wine_bottle_on_top_of_the_cabinet_tb_18
257,Background Textures,3,2,put_the_wine_bottle_on_top_of_the_cabinet,,,,,,,,,,19,,,,put the wine bottle on top of the cabinet,put the wine bottle on top of the cabinet tb 19,put_the_wine_bottle_on_top_of_the_cabinet_tb_19
258,Background Textures,3,2,put_the_wine_bottle_on_top_of_the_cabinet,,,,,,,,,,2,,,,put the wine bottle on top of the cabinet,put the wine bottle on top of the cabinet tb 2,put_the_wine_bottle_on_top_of_the_cabinet_tb_2
259,Background Textures,3,2,put_the_wine_bottle_on_top_of_the_cabinet,,,,,,,,,,20,,,,put the wine bottle on top of the cabinet,put the wine bottle on top of the cabinet tb 20,put_the_wine_bottle_on_top_of_the_cabinet_tb_20
260,Background Textures,3,2,put_the_wine_bottle_on_top_of_the_cabinet,,,,,,,,,,21,,,,put the wine bottle on top of the cabinet,put the wine bottle on top of the cabinet tb 21,put_the_wine_bottle_on_top_of_the_cabinet_tb_21
261,Background Textures,3,2,put_the_wine_bottle_on_top_of_the_cabinet,,,,,,,,,,22,,,,put the wine bottle on top of the cabinet,put the wine bottle on top of the cabinet tb 22,put_the_wine_bottle_on_top_of_the_cabinet_tb_22
262,Background Textures,2,3,put_the_wine_bottle_on_top_of_the_cabinet,,,,,,,,,,23,,,,put the wine bottle on top of the cabinet,put the wine bottle on top of the cabinet tb 23,put_the_wine_bottle_on_top_of_the_cabinet_tb_23
263,Background Textures,4,1,put_the_wine_bottle_on_top_of_the_cabinet,,,,,,,,,,3,,,,put the wine bottle on top of the cabinet,put the wine bottle on top of the cabinet tb 3,put_the_wine_bottle_on_top_of_the_cabinet_tb_3
264,Background Textures,4,1,put_the_wine_bottle_on_top_of_the_cabinet,,,,,,,,,,4,,,,put the wine bottle on top of the cabinet,put the wine bottle on top of the cabinet tb 4,put_the_wine_bottle_on_top_of_the_cabinet_tb_4
265,Background Textures,4,1,put_the_wine_bottle_on_top_of_the_cabinet,,,,,,,,,,5,,,,put the wine bottle on top of the cabinet,put the wine bottle on top of the cabinet tb 5,put_the_wine_bottle_on_top_of_the_cabinet_tb_5
266,Background Textures,3,2,put_the_wine_bottle_on_top_of_the_cabinet,,,,,,,,,,6,,,,put the wine bottle on top of the cabinet,put the wine bottle on top of the cabinet tb 6,put_the_wine_bottle_on_top_of_the_cabinet_tb_6
267,Background Textures,4,1,put_the_wine_bottle_on_top_of_the_cabinet,,,,,,,,,,7,,,,put the wine bottle on top of the cabinet,put the wine bottle on top of the cabinet tb 7,put_the_wine_bottle_on_top_of_the_cabinet_tb_7
268,Background Textures,3,2,put_the_wine_bottle_on_top_of_the_cabinet,,,,,,,,,,8,,,,put the wine bottle on top of the cabinet,put the wine bottle on top of the cabinet tb 8,put_the_wine_bottle_on_top_of_the_cabinet_tb_8
269,Background Textures,3,2,put_the_wine_bottle_on_top_of_the_cabinet,,,,,,,,,,9,,,,put the wine bottle on top of the cabinet,put the wine bottle on top of the cabinet tb 9,put_the_wine_bottle_on_top_of_the_cabinet_tb_9
270,Background Textures,2,3,turn_on_the_stove,,,,,,,,,,1,,,,turn on the stove,turn on the stove table 1,turn_on_the_stove_table_1
271,Background Textures,2,3,turn_on_the_stove,,,,,,,,,,17,,,,turn on the stove,turn on the stove table 17,turn_on_the_stove_table_17
272,Background Textures,1,4,turn_on_the_stove,,,,,,,,,,2,,,,turn on the stove,turn on the stove table 2,turn_on_the_stove_table_2
273,Background Textures,1,4,turn_on_the_stove,,,,,,,,,,23,,,,turn on the stove,turn on the stove table 23,turn_on_the_stove_table_23
274,Background Textures,3,2,turn_on_the_stove,,,,,,,,,,3,,,,turn on the stove,turn on the stove table 3,turn_on_the_stove_table_3
275,Background Textures,2,3,turn_on_the_stove,,,,,,,,,,4,,,,turn on the stove,turn on the stove table 4,turn_on_the_stove_table_4
276,Background Textures,1,4,turn_on_the_stove,,,,,,,,,,5,,,,turn on the stove,turn on the stove table 5,turn_on_the_stove_table_5
277,Background Textures,1,4,turn_on_the_stove,,,,,,,,,,13,,,,turn on the stove,turn on the stove tb 13,turn_on_the_stove_tb_13
278,Background Textures,2,3,turn_on_the_stove,,,,,,,,,,18,,,,turn on the stove,turn on the stove tb 18,turn_on_the_stove_tb_18
279,Background Textures,2,3,turn_on_the_stove,,,,,,,,,,20,,,,turn on the stove,turn on the stove tb 20,turn_on_the_stove_tb_20
280,Background Textures,1,4,turn_on_the_stove,,,,,,,,,,6,,,,turn on the stove,turn on the stove tb 6,turn_on_the_stove_tb_6
281,Robot Initial States,3,2,open_the_middle_drawer_of_the_cabinet,0,0,100,0,0,1,,,,,,,,open the middle drawer of the cabinet,open the middle drawer of the cabinet view 0 0 100 0 0 initstate 1,open_the_middle_drawer_of_the_cabinet_view_0_0_100_0_0_initstate_1
282,Robot Initial States,1,4,open_the_middle_drawer_of_the_cabinet,0,0,100,0,0,11,,,,,,,,open the middle drawer of the cabinet,open the middle drawer of the cabinet view 0 0 100 0 0 initstate 11,open_the_middle_drawer_of_the_cabinet_view_0_0_100_0_0_initstate_11
283,Robot Initial States,4,1,open_the_middle_drawer_of_the_cabinet,0,0,100,0,0,51,,,,,,,,open the middle drawer of the cabinet,open the middle drawer of the cabinet view 0 0 100 0 0 initstate 51,open_the_middle_drawer_of_the_cabinet_view_0_0_100_0_0_initstate_51
284,Robot Initial States,2,3,open_the_middle_drawer_of_the_cabinet,0,0,100,0,0,71,,,,,,,,open the middle drawer of the cabinet,open the middle drawer of the cabinet view 0 0 100 0 0 initstate 71,open_the_middle_drawer_of_the_cabinet_view_0_0_100_0_0_initstate_71
285,Robot Initial States,3,2,open_the_middle_drawer_of_the_cabinet,0,0,100,0,0,81,,,,,,,,open the middle drawer of the cabinet,open the middle drawer of the cabinet view 0 0 100 0 0 initstate 81,open_the_middle_drawer_of_the_cabinet_view_0_0_100_0_0_initstate_81
286,Robot Initial States,3,2,open_the_middle_drawer_of_the_cabinet,0,0,100,0,0,101,,,,,,,,open the middle drawer of the cabinet,open the middle drawer of the cabinet view 0 0 100 0 0 initstate 101,open_the_middle_drawer_of_the_cabinet_view_0_0_100_0_0_initstate_101
287,Robot Initial States,2,3,open_the_middle_drawer_of_the_cabinet,0,0,100,0,0,121,,,,,,,,open the middle drawer of the cabinet,open the middle drawer of the cabinet view 0 0 100 0 0 initstate 121,open_the_middle_drawer_of_the_cabinet_view_0_0_100_0_0_initstate_121
288,Robot Initial States,3,2,open_the_middle_drawer_of_the_cabinet,0,0,100,0,0,131,,,,,,,,open the middle drawer of the cabinet,open the middle drawer of the cabinet view 0 0 100 0 0 initstate 131,open_the_middle_drawer_of_the_cabinet_view_0_0_100_0_0_initstate_131
289,Robot Initial States,1,4,open_the_middle_drawer_of_the_cabinet,0,0,100,0,0,141,,,,,,,,open the middle drawer of the cabinet,open the middle drawer of the cabinet view 0 0 100 0 0 initstate 141,open_the_middle_drawer_of_the_cabinet_view_0_0_100_0_0_initstate_141
290,Robot Initial States,3,2,open_the_middle_drawer_of_the_cabinet,0,0,100,0,0,151,,,,,,,,open the middle drawer of the cabinet,open the middle drawer of the cabinet view 0 0 100 0 0 initstate 151,open_the_middle_drawer_of_the_cabinet_view_0_0_100_0_0_initstate_151
291,Robot Initial States,4,1,open_the_middle_drawer_of_the_cabinet,0,0,100,0,0,161,,,,,,,,open the middle drawer of the cabinet,open the middle drawer of the cabinet view 0 0 100 0 0 initstate 161,open_the_middle_drawer_of_the_cabinet_view_0_0_100_0_0_initstate_161
292,Robot Initial States,2,3,open_the_middle_drawer_of_the_cabinet,0,0,100,0,0,171,,,,,,,,open the middle drawer of the cabinet,open the middle drawer of the cabinet view 0 0 100 0 0 initstate 171,open_the_middle_drawer_of_the_cabinet_view_0_0_100_0_0_initstate_171
293,Robot Initial States,5,0,open_the_middle_drawer_of_the_cabinet,0,0,100,0,0,181,,,,,,,,open the middle drawer of the cabinet,open the middle drawer of the cabinet view 0 0 100 0 0 initstate 181,open_the_middle_drawer_of_the_cabinet_view_0_0_100_0_0_initstate_181
294,Robot Initial States,2,3,open_the_middle_drawer_of_the_cabinet,0,0,100,0,0,191,,,,,,,,open the middle drawer of the cabinet,open the middle drawer of the cabinet view 0 0 100 0 0 initstate 191,open_the_middle_drawer_of_the_cabinet_view_0_0_100_0_0_initstate_191
295,Robot Initial States,1,4,open_the_middle_drawer_of_the_cabinet,0,0,100,0,0,211,,,,,,,,open the middle drawer of the cabinet,open the middle drawer of the cabinet view 0 0 100 0 0 initstate 211,open_the_middle_drawer_of_the_cabinet_view_0_0_100_0_0_initstate_211
296,Robot Initial States,5,0,open_the_middle_drawer_of_the_cabinet,0,0,100,0,0,221,,,,,,,,open the middle drawer of the cabinet,open the middle drawer of the cabinet view 0 0 100 0 0 initstate 221,open_the_middle_drawer_of_the_cabinet_view_0_0_100_0_0_initstate_221
297,Robot Initial States,4,1,open_the_middle_drawer_of_the_cabinet,0,0,100,0,0,231,,,,,,,,open the middle drawer of the cabinet,open the middle drawer of the cabinet view 0 0 100 0 0 initstate 231,open_the_middle_drawer_of_the_cabinet_view_0_0_100_0_0_initstate_231
298,Robot Initial States,1,4,open_the_middle_drawer_of_the_cabinet,0,0,100,0,0,241,,,,,,,,open the middle drawer of the cabinet,open the middle drawer of the cabinet view 0 0 100 0 0 initstate 241,open_the_middle_drawer_of_the_cabinet_view_0_0_100_0_0_initstate_241
299,Robot Initial States,3,2,open_the_middle_drawer_of_the_cabinet,0,0,100,0,0,251,,,,,,,,open the middle drawer of the cabinet,open the middle drawer of the cabinet view 0 0 100 0 0 initstate 251,open_the_middle_drawer_of_the_cabinet_view_0_0_100_0_0_initstate_251
300,Robot Initial States,2,3,open_the_middle_drawer_of_the_cabinet,0,0,100,0,0,261,,,,,,,,open the middle drawer of the cabinet,open the middle drawer of the cabinet view 0 0 100 0 0 initstate 261,open_the_middle_drawer_of_the_cabinet_view_0_0_100_0_0_initstate_261
301,Robot Initial States,4,1,open_the_middle_drawer_of_the_cabinet,0,0,100,0,0,271,,,,,,,,open the middle drawer of the cabinet,open the middle drawer of the cabinet view 0 0 100 0 0 initstate 271,open_the_middle_drawer_of_the_cabinet_view_0_0_100_0_0_initstate_271
302,Robot Initial States,2,3,open_the_middle_drawer_of_the_cabinet,0,0,100,0,0,281,,,,,,,,open the middle drawer of the cabinet,open the middle drawer of the cabinet view 0 0 100 0 0 initstate 281,open_the_middle_drawer_of_the_cabinet_view_0_0_100_0_0_initstate_281
303,Robot Initial States,4,1,open_the_middle_drawer_of_the_cabinet,0,0,100,0,0,291,,,,,,,,open the middle drawer of the cabinet,open the middle drawer of the cabinet view 0 0 100 0 0 initstate 291,open_the_middle_drawer_of_the_cabinet_view_0_0_100_0_0_initstate_291
304,Robot Initial States,4,1,open_the_middle_drawer_of_the_cabinet,0,0,100,0,0,301,,,,,,,,open the middle drawer of the cabinet,open the middle drawer of the cabinet view 0 0 100 0 0 initstate 301,open_the_middle_drawer_of_the_cabinet_view_0_0_100_0_0_initstate_301
305,Robot Initial States,3,2,open_the_middle_drawer_of_the_cabinet,0,0,100,0,0,311,,,,,,,,open the middle drawer of the cabinet,open the middle drawer of the cabinet view 0 0 100 0 0 initstate 311,open_the_middle_drawer_of_the_cabinet_view_0_0_100_0_0_initstate_311
306,Robot Initial States,5,0,open_the_middle_drawer_of_the_cabinet,0,0,100,0,0,321,,,,,,,,open the middle drawer of the cabinet,open the middle drawer of the cabinet view 0 0 100 0 0 initstate 321,open_the_middle_drawer_of_the_cabinet_view_0_0_100_0_0_initstate_321
307,Robot Initial States,3,2,open_the_middle_drawer_of_the_cabinet,0,0,100,0,0,331,,,,,,,,open the middle drawer of the cabinet,open the middle drawer of the cabinet view 0 0 100 0 0 initstate 331,open_the_middle_drawer_of_the_cabinet_view_0_0_100_0_0_initstate_331
308,Robot Initial States,2,3,open_the_middle_drawer_of_the_cabinet,0,0,100,0,0,341,,,,,,,,open the middle drawer of the cabinet,open the middle drawer of the cabinet view 0 0 100 0 0 initstate 341,open_the_middle_drawer_of_the_cabinet_view_0_0_100_0_0_initstate_341
309,Robot Initial States,3,2,open_the_middle_drawer_of_the_cabinet,0,0,100,0,0,351,,,,,,,,open the middle drawer of the cabinet,open the middle drawer of the cabinet view 0 0 100 0 0 initstate 351,open_the_middle_drawer_of_the_cabinet_view_0_0_100_0_0_initstate_351
310,Robot Initial States,5,0,open_the_middle_drawer_of_the_cabinet,0,0,100,0,0,361,,,,,,,,open the middle drawer of the cabinet,open the middle drawer of the cabinet view 0 0 100 0 0 initstate 361,open_the_middle_drawer_of_the_cabinet_view_0_0_100_0_0_initstate_361
311,Robot Initial States,5,0,open_the_middle_drawer_of_the_cabinet,0,0,100,0,0,371,,,,,,,,open the middle drawer of the cabinet,open the middle drawer of the cabinet view 0 0 100 0 0 initstate 371,open_the_middle_drawer_of_the_cabinet_view_0_0_100_0_0_initstate_371
312,Robot Initial States,3,2,open_the_middle_drawer_of_the_cabinet,0,0,100,0,0,381,,,,,,,,open the middle drawer of the cabinet,open the middle drawer of the cabinet view 0 0 100 0 0 initstate 381,open_the_middle_drawer_of_the_cabinet_view_0_0_100_0_0_initstate_381
313,Robot Initial States,5,0,open_the_middle_drawer_of_the_cabinet,0,0,100,0,0,391,,,,,,,,open the middle drawer of the cabinet,open the middle drawer of the cabinet view 0 0 100 0 0 initstate 391,open_the_middle_drawer_of_the_cabinet_view_0_0_100_0_0_initstate_391
314,Robot Initial States,5,0,open_the_middle_drawer_of_the_cabinet,0,0,100,0,0,401,,,,,,,,open the middle drawer of the cabinet,open the middle drawer of the cabinet view 0 0 100 0 0 initstate 401,open_the_middle_drawer_of_the_cabinet_view_0_0_100_0_0_initstate_401
315,Robot Initial States,5,0,open_the_middle_drawer_of_the_cabinet,0,0,100,0,0,411,,,,,,,,open the middle drawer of the cabinet,open the middle drawer of the cabinet view 0 0 100 0 0 initstate 411,open_the_middle_drawer_of_the_cabinet_view_0_0_100_0_0_initstate_411
316,Robot Initial States,5,0,open_the_middle_drawer_of_the_cabinet,0,0,100,0,0,421,,,,,,,,open the middle drawer of the cabinet,open the middle drawer of the cabinet view 0 0 100 0 0 initstate 421,open_the_middle_drawer_of_the_cabinet_view_0_0_100_0_0_initstate_421
317,Robot Initial States,4,1,open_the_middle_drawer_of_the_cabinet,0,0,100,0,0,431,,,,,,,,open the middle drawer of the cabinet,open the middle drawer of the cabinet view 0 0 100 0 0 initstate 431,open_the_middle_drawer_of_the_cabinet_view_0_0_100_0_0_initstate_431
318,Robot Initial States,3,2,open_the_middle_drawer_of_the_cabinet,0,0,100,0,0,441,,,,,,,,open the middle drawer of the cabinet,open the middle drawer of the cabinet view 0 0 100 0 0 initstate 441,open_the_middle_drawer_of_the_cabinet_view_0_0_100_0_0_initstate_441
319,Robot Initial States,3,2,open_the_middle_drawer_of_the_cabinet,0,0,100,0,0,451,,,,,,,,open the middle drawer of the cabinet,open the middle drawer of the cabinet view 0 0 100 0 0 initstate 451,open_the_middle_drawer_of_the_cabinet_view_0_0_100_0_0_initstate_451
320,Robot Initial States,4,1,open_the_middle_drawer_of_the_cabinet,0,0,100,0,0,461,,,,,,,,open the middle drawer of the cabinet,open the middle drawer of the cabinet view 0 0 100 0 0 initstate 461,open_the_middle_drawer_of_the_cabinet_view_0_0_100_0_0_initstate_461
321,Robot Initial States,2,3,open_the_middle_drawer_of_the_cabinet,0,0,100,0,0,471,,,,,,,,open the middle drawer of the cabinet,open the middle drawer of the cabinet view 0 0 100 0 0 initstate 471,open_the_middle_drawer_of_the_cabinet_view_0_0_100_0_0_initstate_471
322,Robot Initial States,3,2,open_the_middle_drawer_of_the_cabinet,0,0,100,0,0,481,,,,,,,,open the middle drawer of the cabinet,open the middle drawer of the cabinet view 0 0 100 0 0 initstate 481,open_the_middle_drawer_of_the_cabinet_view_0_0_100_0_0_initstate_481
323,Robot Initial States,4,1,open_the_middle_drawer_of_the_cabinet,0,0,100,0,0,491,,,,,,,,open the middle drawer of the cabinet,open the middle drawer of the cabinet view 0 0 100 0 0 initstate 491,open_the_middle_drawer_of_the_cabinet_view_0_0_100_0_0_initstate_491
324,Robot Initial States,1,4,put_the_bowl_on_the_stove,0,0,100,0,0,2,,,,,,,,put the bowl on the stove,put the bowl on the stove view 0 0 100 0 0 initstate 2,put_the_bowl_on_the_stove_view_0_0_100_0_0_initstate_2
325,Robot Initial States,1,4,put_the_bowl_on_the_stove,0,0,100,0,0,42,,,,,,,,put the bowl on the stove,put the bowl on the stove view 0 0 100 0 0 initstate 42,put_the_bowl_on_the_stove_view_0_0_100_0_0_initstate_42
326,Robot Initial States,1,4,put_the_bowl_on_the_stove,0,0,100,0,0,62,,,,,,,,put the bowl on the stove,put the bowl on the stove view 0 0 100 0 0 initstate 62,put_the_bowl_on_the_stove_view_0_0_100_0_0_initstate_62
327,Robot Initial States,1,4,put_the_bowl_on_the_stove,0,0,100,0,0,102,,,,,,,,put the bowl on the stove,put the bowl on the stove view 0 0 100 0 0 initstate 102,put_the_bowl_on_the_stove_view_0_0_100_0_0_initstate_102
328,Robot Initial States,2,3,put_the_bowl_on_the_stove,0,0,100,0,0,112,,,,,,,,put the bowl on the stove,put the bowl on the stove view 0 0 100 0 0 initstate 112,put_the_bowl_on_the_stove_view_0_0_100_0_0_initstate_112
329,Robot Initial States,3,2,put_the_bowl_on_the_stove,0,0,100,0,0,132,,,,,,,,put the bowl on the stove,put the bowl on the stove view 0 0 100 0 0 initstate 132,put_the_bowl_on_the_stove_view_0_0_100_0_0_initstate_132
330,Robot Initial States,3,2,put_the_bowl_on_the_stove,0,0,100,0,0,142,,,,,,,,put the bowl on the stove,put the bowl on the stove view 0 0 100 0 0 initstate 142,put_the_bowl_on_the_stove_view_0_0_100_0_0_initstate_142
331,Robot Initial States,3,2,put_the_bowl_on_the_stove,0,0,100,0,0,152,,,,,,,,put the bowl on the stove,put the bowl on the stove view 0 0 100 0 0 initstate 152,put_the_bowl_on_the_stove_view_0_0_100_0_0_initstate_152
332,Robot Initial States,2,3,put_the_bowl_on_the_stove,0,0,100,0,0,172,,,,,,,,put the bowl on the stove,put the bowl on the stove view 0 0 100 0 0 initstate 172,put_the_bowl_on_the_stove_view_0_0_100_0_0_initstate_172
333,Robot Initial States,2,3,put_the_bowl_on_the_stove,0,0,100,0,0,212,,,,,,,,put the bowl on the stove,put the bowl on the stove view 0 0 100 0 0 initstate 212,put_the_bowl_on_the_stove_view_0_0_100_0_0_initstate_212
334,Robot Initial States,5,0,put_the_bowl_on_the_stove,0,0,100,0,0,222,,,,,,,,put the bowl on the stove,put the bowl on the stove view 0 0 100 0 0 initstate 222,put_the_bowl_on_the_stove_view_0_0_100_0_0_initstate_222
335,Robot Initial States,3,2,put_the_bowl_on_the_stove,0,0,100,0,0,232,,,,,,,,put the bowl on the stove,put the bowl on the stove view 0 0 100 0 0 initstate 232,put_the_bowl_on_the_stove_view_0_0_100_0_0_initstate_232
336,Robot Initial States,3,2,put_the_bowl_on_the_stove,0,0,100,0,0,242,,,,,,,,put the bowl on the stove,put the bowl on the stove view 0 0 100 0 0 initstate 242,put_the_bowl_on_the_stove_view_0_0_100_0_0_initstate_242
337,Robot Initial States,2,3,put_the_bowl_on_the_stove,0,0,100,0,0,252,,,,,,,,put the bowl on the stove,put the bowl on the stove view 0 0 100 0 0 initstate 252,put_the_bowl_on_the_stove_view_0_0_100_0_0_initstate_252
338,Robot Initial States,1,4,put_the_bowl_on_the_stove,0,0,100,0,0,262,,,,,,,,put the bowl on the stove,put the bowl on the stove view 0 0 100 0 0 initstate 262,put_the_bowl_on_the_stove_view_0_0_100_0_0_initstate_262
339,Robot Initial States,1,4,put_the_bowl_on_the_stove,0,0,100,0,0,272,,,,,,,,put the bowl on the stove,put the bowl on the stove view 0 0 100 0 0 initstate 272,put_the_bowl_on_the_stove_view_0_0_100_0_0_initstate_272
340,Robot Initial States,3,2,put_the_bowl_on_the_stove,0,0,100,0,0,282,,,,,,,,put the bowl on the stove,put the bowl on the stove view 0 0 100 0 0 initstate 282,put_the_bowl_on_the_stove_view_0_0_100_0_0_initstate_282
341,Robot Initial States,3,2,put_the_bowl_on_the_stove,0,0,100,0,0,292,,,,,,,,put the bowl on the stove,put the bowl on the stove view 0 0 100 0 0 initstate 292,put_the_bowl_on_the_stove_view_0_0_100_0_0_initstate_292
342,Robot Initial States,4,1,put_the_bowl_on_the_stove,0,0,100,0,0,302,,,,,,,,put the bowl on the stove,put the bowl on the stove view 0 0 100 0 0 initstate 302,put_the_bowl_on_the_stove_view_0_0_100_0_0_initstate_302
343,Robot Initial States,4,1,put_the_bowl_on_the_stove,0,0,100,0,0,312,,,,,,,,put the bowl on the stove,put the bowl on the stove view 0 0 100 0 0 initstate 312,put_the_bowl_on_the_stove_view_0_0_100_0_0_initstate_312
344,Robot Initial States,3,2,put_the_bowl_on_the_stove,0,0,100,0,0,322,,,,,,,,put the bowl on the stove,put the bowl on the stove view 0 0 100 0 0 initstate 322,put_the_bowl_on_the_stove_view_0_0_100_0_0_initstate_322
345,Robot Initial States,3,2,put_the_bowl_on_the_stove,0,0,100,0,0,332,,,,,,,,put the bowl on the stove,put the bowl on the stove view 0 0 100 0 0 initstate 332,put_the_bowl_on_the_stove_view_0_0_100_0_0_initstate_332
346,Robot Initial States,5,0,put_the_bowl_on_the_stove,0,0,100,0,0,342,,,,,,,,put the bowl on the stove,put the bowl on the stove view 0 0 100 0 0 initstate 342,put_the_bowl_on_the_stove_view_0_0_100_0_0_initstate_342
347,Robot Initial States,2,3,put_the_bowl_on_the_stove,0,0,100,0,0,352,,,,,,,,put the bowl on the stove,put the bowl on the stove view 0 0 100 0 0 initstate 352,put_the_bowl_on_the_stove_view_0_0_100_0_0_initstate_352
348,Robot Initial States,4,1,put_the_bowl_on_the_stove,0,0,100,0,0,362,,,,,,,,put the bowl on the stove,put the bowl on the stove view 0 0 100 0 0 initstate 362,put_the_bowl_on_the_stove_view_0_0_100_0_0_initstate_362
349,Robot Initial States,4,1,put_the_bowl_on_the_stove,0,0,100,0,0,372,,,,,,,,put the bowl on the stove,put the bowl on the stove view 0 0 100 0 0 initstate 372,put_the_bowl_on_the_stove_view_0_0_100_0_0_initstate_372
350,Robot Initial States,4,1,put_the_bowl_on_the_stove,0,0,100,0,0,382,,,,,,,,put the bowl on the stove,put the bowl on the stove view 0 0 100 0 0 initstate 382,put_the_bowl_on_the_stove_view_0_0_100_0_0_initstate_382
351,Robot Initial States,3,2,put_the_bowl_on_the_stove,0,0,100,0,0,392,,,,,,,,put the bowl on the stove,put the bowl on the stove view 0 0 100 0 0 initstate 392,put_the_bowl_on_the_stove_view_0_0_100_0_0_initstate_392
352,Robot Initial States,2,3,put_the_bowl_on_the_stove,0,0,100,0,0,402,,,,,,,,put the bowl on the stove,put the bowl on the stove view 0 0 100 0 0 initstate 402,put_the_bowl_on_the_stove_view_0_0_100_0_0_initstate_402
353,Robot Initial States,5,0,put_the_bowl_on_the_stove,0,0,100,0,0,412,,,,,,,,put the bowl on the stove,put the bowl on the stove view 0 0 100 0 0 initstate 412,put_the_bowl_on_the_stove_view_0_0_100_0_0_initstate_412
354,Robot Initial States,4,1,put_the_bowl_on_the_stove,0,0,100,0,0,422,,,,,,,,put the bowl on the stove,put the bowl on the stove view 0 0 100 0 0 initstate 422,put_the_bowl_on_the_stove_view_0_0_100_0_0_initstate_422
355,Robot Initial States,4,1,put_the_bowl_on_the_stove,0,0,100,0,0,432,,,,,,,,put the bowl on the stove,put the bowl on the stove view 0 0 100 0 0 initstate 432,put_the_bowl_on_the_stove_view_0_0_100_0_0_initstate_432
356,Robot Initial States,2,3,put_the_bowl_on_the_stove,0,0,100,0,0,442,,,,,,,,put the bowl on the stove,put the bowl on the stove view 0 0 100 0 0 initstate 442,put_the_bowl_on_the_stove_view_0_0_100_0_0_initstate_442
357,Robot Initial States,5,0,put_the_bowl_on_the_stove,0,0,100,0,0,452,,,,,,,,put the bowl on the stove,put the bowl on the stove view 0 0 100 0 0 initstate 452,put_the_bowl_on_the_stove_view_0_0_100_0_0_initstate_452
358,Robot Initial States,5,0,put_the_bowl_on_the_stove,0,0,100,0,0,462,,,,,,,,put the bowl on the stove,put the bowl on the stove view 0 0 100 0 0 initstate 462,put_the_bowl_on_the_stove_view_0_0_100_0_0_initstate_462
359,Robot Initial States,5,0,put_the_bowl_on_the_stove,0,0,100,0,0,472,,,,,,,,put the bowl on the stove,put the bowl on the stove view 0 0 100 0 0 initstate 472,put_the_bowl_on_the_stove_view_0_0_100_0_0_initstate_472
360,Robot Initial States,1,4,put_the_bowl_on_the_stove,0,0,100,0,0,482,,,,,,,,put the bowl on the stove,put the bowl on the stove view 0 0 100 0 0 initstate 482,put_the_bowl_on_the_stove_view_0_0_100_0_0_initstate_482
361,Robot Initial States,3,2,put_the_bowl_on_the_stove,0,0,100,0,0,492,,,,,,,,put the bowl on the stove,put the bowl on the stove view 0 0 100 0 0 initstate 492,put_the_bowl_on_the_stove_view_0_0_100_0_0_initstate_492
362,Robot Initial States,1,4,put_the_wine_bottle_on_top_of_the_cabinet,0,0,100,0,0,3,,,,,,,,put the wine bottle on top of the cabinet,put the wine bottle on top of the cabinet view 0 0 100 0 0 initstate 3,put_the_wine_bottle_on_top_of_the_cabinet_view_0_0_100_0_0_initstate_3
363,Robot Initial States,3,2,put_the_wine_bottle_on_top_of_the_cabinet,0,0,100,0,0,13,,,,,,,,put the wine bottle on top of the cabinet,put the wine bottle on top of the cabinet view 0 0 100 0 0 initstate 13,put_the_wine_bottle_on_top_of_the_cabinet_view_0_0_100_0_0_initstate_13
364,Robot Initial States,3,2,put_the_wine_bottle_on_top_of_the_cabinet,0,0,100,0,0,23,,,,,,,,put the wine bottle on top of the cabinet,put the wine bottle on top of the cabinet view 0 0 100 0 0 initstate 23,put_the_wine_bottle_on_top_of_the_cabinet_view_0_0_100_0_0_initstate_23
365,Robot Initial States,3,2,put_the_wine_bottle_on_top_of_the_cabinet,0,0,100,0,0,43,,,,,,,,put the wine bottle on top of the cabinet,put the wine bottle on top of the cabinet view 0 0 100 0 0 initstate 43,put_the_wine_bottle_on_top_of_the_cabinet_view_0_0_100_0_0_initstate_43
366,Robot Initial States,3,2,put_the_wine_bottle_on_top_of_the_cabinet,0,0,100,0,0,63,,,,,,,,put the wine bottle on top of the cabinet,put the wine bottle on top of the cabinet view 0 0 100 0 0 initstate 63,put_the_wine_bottle_on_top_of_the_cabinet_view_0_0_100_0_0_initstate_63
367,Robot Initial States,1,4,put_the_wine_bottle_on_top_of_the_cabinet,0,0,100,0,0,73,,,,,,,,put the wine bottle on top of the cabinet,put the wine bottle on top of the cabinet view 0 0 100 0 0 initstate 73,put_the_wine_bottle_on_top_of_the_cabinet_view_0_0_100_0_0_initstate_73
368,Robot Initial States,3,2,put_the_wine_bottle_on_top_of_the_cabinet,0,0,100,0,0,83,,,,,,,,put the wine bottle on top of the cabinet,put the wine bottle on top of the cabinet view 0 0 100 0 0 initstate 83,put_the_wine_bottle_on_top_of_the_cabinet_view_0_0_100_0_0_initstate_83
369,Robot Initial States,2,3,put_the_wine_bottle_on_top_of_the_cabinet,0,0,100,0,0,103,,,,,,,,put the wine bottle on top of the cabinet,put the wine bottle on top of the cabinet view 0 0 100 0 0 initstate 103,put_the_wine_bottle_on_top_of_the_cabinet_view_0_0_100_0_0_initstate_103
370,Robot Initial States,2,3,put_the_wine_bottle_on_top_of_the_cabinet,0,0,100,0,0,113,,,,,,,,put the wine bottle on top of the cabinet,put the wine bottle on top of the cabinet view 0 0 100 0 0 initstate 113,put_the_wine_bottle_on_top_of_the_cabinet_view_0_0_100_0_0_initstate_113
371,Robot Initial States,3,2,put_the_wine_bottle_on_top_of_the_cabinet,0,0,100,0,0,123,,,,,,,,put the wine bottle on top of the cabinet,put the wine bottle on top of the cabinet view 0 0 100 0 0 initstate 123,put_the_wine_bottle_on_top_of_the_cabinet_view_0_0_100_0_0_initstate_123
372,Robot Initial States,3,2,put_the_wine_bottle_on_top_of_the_cabinet,0,0,100,0,0,133,,,,,,,,put the wine bottle on top of the cabinet,put the wine bottle on top of the cabinet view 0 0 100 0 0 initstate 133,put_the_wine_bottle_on_top_of_the_cabinet_view_0_0_100_0_0_initstate_133
373,Robot Initial States,3,2,put_the_wine_bottle_on_top_of_the_cabinet,0,0,100,0,0,143,,,,,,,,put the wine bottle on top of the cabinet,put the wine bottle on top of the cabinet view 0 0 100 0 0 initstate 143,put_the_wine_bottle_on_top_of_the_cabinet_view_0_0_100_0_0_initstate_143
374,Robot Initial States,5,0,put_the_wine_bottle_on_top_of_the_cabinet,0,0,100,0,0,153,,,,,,,,put the wine bottle on top of the cabinet,put the wine bottle on top of the cabinet view 0 0 100 0 0 initstate 153,put_the_wine_bottle_on_top_of_the_cabinet_view_0_0_100_0_0_initstate_153
375,Robot Initial States,1,4,put_the_wine_bottle_on_top_of_the_cabinet,0,0,100,0,0,163,,,,,,,,put the wine bottle on top of the cabinet,put the wine bottle on top of the cabinet view 0 0 100 0 0 initstate 163,put_the_wine_bottle_on_top_of_the_cabinet_view_0_0_100_0_0_initstate_163
376,Robot Initial States,2,3,put_the_wine_bottle_on_top_of_the_cabinet,0,0,100,0,0,173,,,,,,,,put the wine bottle on top of the cabinet,put the wine bottle on top of the cabinet view 0 0 100 0 0 initstate 173,put_the_wine_bottle_on_top_of_the_cabinet_view_0_0_100_0_0_initstate_173
377,Robot Initial States,4,1,put_the_wine_bottle_on_top_of_the_cabinet,0,0,100,0,0,183,,,,,,,,put the wine bottle on top of the cabinet,put the wine bottle on top of the cabinet view 0 0 100 0 0 initstate 183,put_the_wine_bottle_on_top_of_the_cabinet_view_0_0_100_0_0_initstate_183
378,Robot Initial States,3,2,put_the_wine_bottle_on_top_of_the_cabinet,0,0,100,0,0,193,,,,,,,,put the wine bottle on top of the cabinet,put the wine bottle on top of the cabinet view 0 0 100 0 0 initstate 193,put_the_wine_bottle_on_top_of_the_cabinet_view_0_0_100_0_0_initstate_193
379,Robot Initial States,2,3,put_the_wine_bottle_on_top_of_the_cabinet,0,0,100,0,0,203,,,,,,,,put the wine bottle on top of the cabinet,put the wine bottle on top of the cabinet view 0 0 100 0 0 initstate 203,put_the_wine_bottle_on_top_of_the_cabinet_view_0_0_100_0_0_initstate_203
380,Robot Initial States,2,3,put_the_wine_bottle_on_top_of_the_cabinet,0,0,100,0,0,213,,,,,,,,put the wine bottle on top of the cabinet,put the wine bottle on top of the cabinet view 0 0 100 0 0 initstate 213,put_the_wine_bottle_on_top_of_the_cabinet_view_0_0_100_0_0_initstate_213
381,Robot Initial States,3,2,put_the_wine_bottle_on_top_of_the_cabinet,0,0,100,0,0,223,,,,,,,,put the wine bottle on top of the cabinet,put the wine bottle on top of the cabinet view 0 0 100 0 0 initstate 223,put_the_wine_bottle_on_top_of_the_cabinet_view_0_0_100_0_0_initstate_223
382,Robot Initial States,4,1,put_the_wine_bottle_on_top_of_the_cabinet,0,0,100,0,0,233,,,,,,,,put the wine bottle on top of the cabinet,put the wine bottle on top of the cabinet view 0 0 100 0 0 initstate 233,put_the_wine_bottle_on_top_of_the_cabinet_view_0_0_100_0_0_initstate_233
383,Robot Initial States,3,2,put_the_wine_bottle_on_top_of_the_cabinet,0,0,100,0,0,243,,,,,,,,put the wine bottle on top of the cabinet,put the wine bottle on top of the cabinet view 0 0 100 0 0 initstate 243,put_the_wine_bottle_on_top_of_the_cabinet_view_0_0_100_0_0_initstate_243
384,Robot Initial States,4,1,put_the_wine_bottle_on_top_of_the_cabinet,0,0,100,0,0,253,,,,,,,,put the wine bottle on top of the cabinet,put the wine bottle on top of the cabinet view 0 0 100 0 0 initstate 253,put_the_wine_bottle_on_top_of_the_cabinet_view_0_0_100_0_0_initstate_253
385,Robot Initial States,5,0,put_the_wine_bottle_on_top_of_the_cabinet,0,0,100,0,0,283,,,,,,,,put the wine bottle on top of the cabinet,put the wine bottle on top of the cabinet view 0 0 100 0 0 initstate 283,put_the_wine_bottle_on_top_of_the_cabinet_view_0_0_100_0_0_initstate_283
386,Robot Initial States,1,4,put_the_wine_bottle_on_top_of_the_cabinet,0,0,100,0,0,293,,,,,,,,put the wine bottle on top of the cabinet,put the wine bottle on top of the cabinet view 0 0 100 0 0 initstate 293,put_the_wine_bottle_on_top_of_the_cabinet_view_0_0_100_0_0_initstate_293
387,Robot Initial States,3,2,put_the_wine_bottle_on_top_of_the_cabinet,0,0,100,0,0,303,,,,,,,,put the wine bottle on top of the cabinet,put the wine bottle on top of the cabinet view 0 0 100 0 0 initstate 303,put_the_wine_bottle_on_top_of_the_cabinet_view_0_0_100_0_0_initstate_303
388,Robot Initial States,4,1,put_the_wine_bottle_on_top_of_the_cabinet,0,0,100,0,0,323,,,,,,,,put the wine bottle on top of the cabinet,put the wine bottle on top of the cabinet view 0 0 100 0 0 initstate 323,put_the_wine_bottle_on_top_of_the_cabinet_view_0_0_100_0_0_initstate_323
389,Robot Initial States,4,1,put_the_wine_bottle_on_top_of_the_cabinet,0,0,100,0,0,343,,,,,,,,put the wine bottle on top of the cabinet,put the wine bottle on top of the cabinet view 0 0 100 0 0 initstate 343,put_the_wine_bottle_on_top_of_the_cabinet_view_0_0_100_0_0_initstate_343
390,Robot Initial States,2,3,put_the_wine_bottle_on_top_of_the_cabinet,0,0,100,0,0,353,,,,,,,,put the wine bottle on top of the cabinet,put the wine bottle on top of the cabinet view 0 0 100 0 0 initstate 353,put_the_wine_bottle_on_top_of_the_cabinet_view_0_0_100_0_0_initstate_353
391,Robot Initial States,5,0,put_the_wine_bottle_on_top_of_the_cabinet,0,0,100,0,0,363,,,,,,,,put the wine bottle on top of the cabinet,put the wine bottle on top of the cabinet view 0 0 100 0 0 initstate 363,put_the_wine_bottle_on_top_of_the_cabinet_view_0_0_100_0_0_initstate_363
392,Robot Initial States,2,3,put_the_wine_bottle_on_top_of_the_cabinet,0,0,100,0,0,373,,,,,,,,put the wine bottle on top of the cabinet,put the wine bottle on top of the cabinet view 0 0 100 0 0 initstate 373,put_the_wine_bottle_on_top_of_the_cabinet_view_0_0_100_0_0_initstate_373
393,Robot Initial States,5,0,put_the_wine_bottle_on_top_of_the_cabinet,0,0,100,0,0,403,,,,,,,,put the wine bottle on top of the cabinet,put the wine bottle on top of the cabinet view 0 0 100 0 0 initstate 403,put_the_wine_bottle_on_top_of_the_cabinet_view_0_0_100_0_0_initstate_403
394,Robot Initial States,5,0,put_the_wine_bottle_on_top_of_the_cabinet,0,0,100,0,0,413,,,,,,,,put the wine bottle on top of the cabinet,put the wine bottle on top of the cabinet view 0 0 100 0 0 initstate 413,put_the_wine_bottle_on_top_of_the_cabinet_view_0_0_100_0_0_initstate_413
395,Robot Initial States,3,2,put_the_wine_bottle_on_top_of_the_cabinet,0,0,100,0,0,423,,,,,,,,put the wine bottle on top of the cabinet,put the wine bottle on top of the cabinet view 0 0 100 0 0 initstate 423,put_the_wine_bottle_on_top_of_the_cabinet_view_0_0_100_0_0_initstate_423
396,Robot Initial States,3,2,put_the_wine_bottle_on_top_of_the_cabinet,0,0,100,0,0,433,,,,,,,,put the wine bottle on top of the cabinet,put the wine bottle on top of the cabinet view 0 0 100 0 0 initstate 433,put_the_wine_bottle_on_top_of_the_cabinet_view_0_0_100_0_0_initstate_433
397,Robot Initial States,5,0,put_the_wine_bottle_on_top_of_the_cabinet,0,0,100,0,0,453,,,,,,,,put the wine bottle on top of the cabinet,put the wine bottle on top of the cabinet view 0 0 100 0 0 initstate 453,put_the_wine_bottle_on_top_of_the_cabinet_view_0_0_100_0_0_initstate_453
398,Robot Initial States,3,2,put_the_wine_bottle_on_top_of_the_cabinet,0,0,100,0,0,463,,,,,,,,put the wine bottle on top of the cabinet,put the wine bottle on top of the cabinet view 0 0 100 0 0 initstate 463,put_the_wine_bottle_on_top_of_the_cabinet_view_0_0_100_0_0_initstate_463
399,Robot Initial States,5,0,put_the_wine_bottle_on_top_of_the_cabinet,0,0,100,0,0,473,,,,,,,,put the wine bottle on top of the cabinet,put the wine bottle on top of the cabinet view 0 0 100 0 0 initstate 473,put_the_wine_bottle_on_top_of_the_cabinet_view_0_0_100_0_0_initstate_473
400,Robot Initial States,4,1,put_the_wine_bottle_on_top_of_the_cabinet,0,0,100,0,0,483,,,,,,,,put the wine bottle on top of the cabinet,put the wine bottle on top of the cabinet view 0 0 100 0 0 initstate 483,put_the_wine_bottle_on_top_of_the_cabinet_view_0_0_100_0_0_initstate_483
401,Robot Initial States,5,0,put_the_wine_bottle_on_top_of_the_cabinet,0,0,100,0,0,493,,,,,,,,put the wine bottle on top of the cabinet,put the wine bottle on top of the cabinet view 0 0 100 0 0 initstate 493,put_the_wine_bottle_on_top_of_the_cabinet_view_0_0_100_0_0_initstate_493
402,Robot Initial States,4,1,open_the_top_drawer_and_put_the_bowl_inside,0,0,100,0,0,4,,,,,,,,open the top drawer and put the bowl inside,open the top drawer and put the bowl inside view 0 0 100 0 0 initstate 4,open_the_top_drawer_and_put_the_bowl_inside_view_0_0_100_0_0_initstate_4
403,Robot Initial States,3,2,open_the_top_drawer_and_put_the_bowl_inside,0,0,100,0,0,14,,,,,,,,open the top drawer and put the bowl inside,open the top drawer and put the bowl inside view 0 0 100 0 0 initstate 14,open_the_top_drawer_and_put_the_bowl_inside_view_0_0_100_0_0_initstate_14
404,Robot Initial States,2,3,open_the_top_drawer_and_put_the_bowl_inside,0,0,100,0,0,24,,,,,,,,open the top drawer and put the bowl inside,open the top drawer and put the bowl inside view 0 0 100 0 0 initstate 24,open_the_top_drawer_and_put_the_bowl_inside_view_0_0_100_0_0_initstate_24
405,Robot Initial States,2,3,open_the_top_drawer_and_put_the_bowl_inside,0,0,100,0,0,44,,,,,,,,open the top drawer and put the bowl inside,open the top drawer and put the bowl inside view 0 0 100 0 0 initstate 44,open_the_top_drawer_and_put_the_bowl_inside_view_0_0_100_0_0_initstate_44
406,Robot Initial States,2,3,open_the_top_drawer_and_put_the_bowl_inside,0,0,100,0,0,54,,,,,,,,open the top drawer and put the bowl inside,open the top drawer and put the bowl inside view 0 0 100 0 0 initstate 54,open_the_top_drawer_and_put_the_bowl_inside_view_0_0_100_0_0_initstate_54
407,Robot Initial States,2,3,open_the_top_drawer_and_put_the_bowl_inside,0,0,100,0,0,74,,,,,,,,open the top drawer and put the bowl inside,open the top drawer and put the bowl inside view 0 0 100 0 0 initstate 74,open_the_top_drawer_and_put_the_bowl_inside_view_0_0_100_0_0_initstate_74
408,Robot Initial States,3,2,open_the_top_drawer_and_put_the_bowl_inside,0,0,100,0,0,84,,,,,,,,open the top drawer and put the bowl inside,open the top drawer and put the bowl inside view 0 0 100 0 0 initstate 84,open_the_top_drawer_and_put_the_bowl_inside_view_0_0_100_0_0_initstate_84
409,Robot Initial States,1,4,open_the_top_drawer_and_put_the_bowl_inside,0,0,100,0,0,94,,,,,,,,open the top drawer and put the bowl inside,open the top drawer and put the bowl inside view 0 0 100 0 0 initstate 94,open_the_top_drawer_and_put_the_bowl_inside_view_0_0_100_0_0_initstate_94
410,Robot Initial States,5,0,open_the_top_drawer_and_put_the_bowl_inside,0,0,100,0,0,114,,,,,,,,open the top drawer and put the bowl inside,open the top drawer and put the bowl inside view 0 0 100 0 0 initstate 114,open_the_top_drawer_and_put_the_bowl_inside_view_0_0_100_0_0_initstate_114
411,Robot Initial States,5,0,open_the_top_drawer_and_put_the_bowl_inside,0,0,100,0,0,124,,,,,,,,open the top drawer and put the bowl inside,open the top drawer and put the bowl inside view 0 0 100 0 0 initstate 124,open_the_top_drawer_and_put_the_bowl_inside_view_0_0_100_0_0_initstate_124
412,Robot Initial States,3,2,open_the_top_drawer_and_put_the_bowl_inside,0,0,100,0,0,144,,,,,,,,open the top drawer and put the bowl inside,open the top drawer and put the bowl inside view 0 0 100 0 0 initstate 144,open_the_top_drawer_and_put_the_bowl_inside_view_0_0_100_0_0_initstate_144
413,Robot Initial States,2,3,open_the_top_drawer_and_put_the_bowl_inside,0,0,100,0,0,154,,,,,,,,open the top drawer and put the bowl inside,open the top drawer and put the bowl inside view 0 0 100 0 0 initstate 154,open_the_top_drawer_and_put_the_bowl_inside_view_0_0_100_0_0_initstate_154
414,Robot Initial States,5,0,open_the_top_drawer_and_put_the_bowl_inside,0,0,100,0,0,164,,,,,,,,open the top drawer and put the bowl inside,open the top drawer and put the bowl inside view 0 0 100 0 0 initstate 164,open_the_top_drawer_and_put_the_bowl_inside_view_0_0_100_0_0_initstate_164
415,Robot Initial States,4,1,open_the_top_drawer_and_put_the_bowl_inside,0,0,100,0,0,174,,,,,,,,open the top drawer and put the bowl inside,open the top drawer and put the bowl inside view 0 0 100 0 0 initstate 174,open_the_top_drawer_and_put_the_bowl_inside_view_0_0_100_0_0_initstate_174
416,Robot Initial States,5,0,open_the_top_drawer_and_put_the_bowl_inside,0,0,100,0,0,184,,,,,,,,open the top drawer and put the bowl inside,open the top drawer and put the bowl inside view 0 0 100 0 0 initstate 184,open_the_top_drawer_and_put_the_bowl_inside_view_0_0_100_0_0_initstate_184
417,Robot Initial States,5,0,open_the_top_drawer_and_put_the_bowl_inside,0,0,100,0,0,194,,,,,,,,open the top drawer and put the bowl inside,open the top drawer and put the bowl inside view 0 0 100 0 0 initstate 194,open_the_top_drawer_and_put_the_bowl_inside_view_0_0_100_0_0_initstate_194
418,Robot Initial States,3,2,open_the_top_drawer_and_put_the_bowl_inside,0,0,100,0,0,204,,,,,,,,open the top drawer and put the bowl inside,open the top drawer and put the bowl inside view 0 0 100 0 0 initstate 204,open_the_top_drawer_and_put_the_bowl_inside_view_0_0_100_0_0_initstate_204
419,Robot Initial States,5,0,open_the_top_drawer_and_put_the_bowl_inside,0,0,100,0,0,214,,,,,,,,open the top drawer and put the bowl inside,open the top drawer and put the bowl inside view 0 0 100 0 0 initstate 214,open_the_top_drawer_and_put_the_bowl_inside_view_0_0_100_0_0_initstate_214
420,Robot Initial States,4,1,open_the_top_drawer_and_put_the_bowl_inside,0,0,100,0,0,224,,,,,,,,open the top drawer and put the bowl inside,open the top drawer and put the bowl inside view 0 0 100 0 0 initstate 224,open_the_top_drawer_and_put_the_bowl_inside_view_0_0_100_0_0_initstate_224
421,Robot Initial States,5,0,open_the_top_drawer_and_put_the_bowl_inside,0,0,100,0,0,234,,,,,,,,open the top drawer and put the bowl inside,open the top drawer and put the bowl inside view 0 0 100 0 0 initstate 234,open_the_top_drawer_and_put_the_bowl_inside_view_0_0_100_0_0_initstate_234
422,Robot Initial States,3,2,open_the_top_drawer_and_put_the_bowl_inside,0,0,100,0,0,244,,,,,,,,open the top drawer and put the bowl inside,open the top drawer and put the bowl inside view 0 0 100 0 0 initstate 244,open_the_top_drawer_and_put_the_bowl_inside_view_0_0_100_0_0_initstate_244
423,Robot Initial States,4,1,open_the_top_drawer_and_put_the_bowl_inside,0,0,100,0,0,254,,,,,,,,open the top drawer and put the bowl inside,open the top drawer and put the bowl inside view 0 0 100 0 0 initstate 254,open_the_top_drawer_and_put_the_bowl_inside_view_0_0_100_0_0_initstate_254
424,Robot Initial States,4,1,open_the_top_drawer_and_put_the_bowl_inside,0,0,100,0,0,264,,,,,,,,open the top drawer and put the bowl inside,open the top drawer and put the bowl inside view 0 0 100 0 0 initstate 264,open_the_top_drawer_and_put_the_bowl_inside_view_0_0_100_0_0_initstate_264
425,Robot Initial States,5,0,open_the_top_drawer_and_put_the_bowl_inside,0,0,100,0,0,274,,,,,,,,open the top drawer and put the bowl inside,open the top drawer and put the bowl inside view 0 0 100 0 0 initstate 274,open_the_top_drawer_and_put_the_bowl_inside_view_0_0_100_0_0_initstate_274
426,Robot Initial States,3,2,open_the_top_drawer_and_put_the_bowl_inside,0,0,100,0,0,284,,,,,,,,open the top drawer and put the bowl inside,open the top drawer and put the bowl inside view 0 0 100 0 0 initstate 284,open_the_top_drawer_and_put_the_bowl_inside_view_0_0_100_0_0_initstate_284
427,Robot Initial States,5,0,open_the_top_drawer_and_put_the_bowl_inside,0,0,100,0,0,294,,,,,,,,open the top drawer and put the bowl inside,open the top drawer and put the bowl inside view 0 0 100 0 0 initstate 294,open_the_top_drawer_and_put_the_bowl_inside_view_0_0_100_0_0_initstate_294
428,Robot Initial States,5,0,open_the_top_drawer_and_put_the_bowl_inside,0,0,100,0,0,304,,,,,,,,open the top drawer and put the bowl inside,open the top drawer and put the bowl inside view 0 0 100 0 0 initstate 304,open_the_top_drawer_and_put_the_bowl_inside_view_0_0_100_0_0_initstate_304
429,Robot Initial States,5,0,open_the_top_drawer_and_put_the_bowl_inside,0,0,100,0,0,314,,,,,,,,open the top drawer and put the bowl inside,open the top drawer and put the bowl inside view 0 0 100 0 0 initstate 314,open_the_top_drawer_and_put_the_bowl_inside_view_0_0_100_0_0_initstate_314
430,Robot Initial States,5,0,open_the_top_drawer_and_put_the_bowl_inside,0,0,100,0,0,324,,,,,,,,open the top drawer and put the bowl inside,open the top drawer and put the bowl inside view 0 0 100 0 0 initstate 324,open_the_top_drawer_and_put_the_bowl_inside_view_0_0_100_0_0_initstate_324
431,Robot Initial States,4,1,open_the_top_drawer_and_put_the_bowl_inside,0,0,100,0,0,334,,,,,,,,open the top drawer and put the bowl inside,open the top drawer and put the bowl inside view 0 0 100 0 0 initstate 334,open_the_top_drawer_and_put_the_bowl_inside_view_0_0_100_0_0_initstate_334
432,Robot Initial States,3,2,open_the_top_drawer_and_put_the_bowl_inside,0,0,100,0,0,344,,,,,,,,open the top drawer and put the bowl inside,open the top drawer and put the bowl inside view 0 0 100 0 0 initstate 344,open_the_top_drawer_and_put_the_bowl_inside_view_0_0_100_0_0_initstate_344
433,Robot Initial States,4,1,open_the_top_drawer_and_put_the_bowl_inside,0,0,100,0,0,354,,,,,,,,open the top drawer and put the bowl inside,open the top drawer and put the bowl inside view 0 0 100 0 0 initstate 354,open_the_top_drawer_and_put_the_bowl_inside_view_0_0_100_0_0_initstate_354
434,Robot Initial States,4,1,open_the_top_drawer_and_put_the_bowl_inside,0,0,100,0,0,374,,,,,,,,open the top drawer and put the bowl inside,open the top drawer and put the bowl inside view 0 0 100 0 0 initstate 374,open_the_top_drawer_and_put_the_bowl_inside_view_0_0_100_0_0_initstate_374
435,Robot Initial States,5,0,open_the_top_drawer_and_put_the_bowl_inside,0,0,100,0,0,384,,,,,,,,open the top drawer and put the bowl inside,open the top drawer and put the bowl inside view 0 0 100 0 0 initstate 384,open_the_top_drawer_and_put_the_bowl_inside_view_0_0_100_0_0_initstate_384
436,Robot Initial States,5,0,open_the_top_drawer_and_put_the_bowl_inside,0,0,100,0,0,394,,,,,,,,open the top drawer and put the bowl inside,open the top drawer and put the bowl inside view 0 0 100 0 0 initstate 394,open_the_top_drawer_and_put_the_bowl_inside_view_0_0_100_0_0_initstate_394
437,Robot Initial States,4,1,open_the_top_drawer_and_put_the_bowl_inside,0,0,100,0,0,404,,,,,,,,open the top drawer and put the bowl inside,open the top drawer and put the bowl inside view 0 0 100 0 0 initstate 404,open_the_top_drawer_and_put_the_bowl_inside_view_0_0_100_0_0_initstate_404
438,Robot Initial States,5,0,open_the_top_drawer_and_put_the_bowl_inside,0,0,100,0,0,414,,,,,,,,open the top drawer and put the bowl inside,open the top drawer and put the bowl inside view 0 0 100 0 0 initstate 414,open_the_top_drawer_and_put_the_bowl_inside_view_0_0_100_0_0_initstate_414
439,Robot Initial States,4,1,open_the_top_drawer_and_put_the_bowl_inside,0,0,100,0,0,424,,,,,,,,open the top drawer and put the bowl inside,open the top drawer and put the bowl inside view 0 0 100 0 0 initstate 424,open_the_top_drawer_and_put_the_bowl_inside_view_0_0_100_0_0_initstate_424
440,Robot Initial States,5,0,open_the_top_drawer_and_put_the_bowl_inside,0,0,100,0,0,434,,,,,,,,open the top drawer and put the bowl inside,open the top drawer and put the bowl inside view 0 0 100 0 0 initstate 434,open_the_top_drawer_and_put_the_bowl_inside_view_0_0_100_0_0_initstate_434
441,Robot Initial States,5,0,open_the_top_drawer_and_put_the_bowl_inside,0,0,100,0,0,444,,,,,,,,open the top drawer and put the bowl inside,open the top drawer and put the bowl inside view 0 0 100 0 0 initstate 444,open_the_top_drawer_and_put_the_bowl_inside_view_0_0_100_0_0_initstate_444
442,Robot Initial States,5,0,open_the_top_drawer_and_put_the_bowl_inside,0,0,100,0,0,454,,,,,,,,open the top drawer and put the bowl inside,open the top drawer and put the bowl inside view 0 0 100 0 0 initstate 454,open_the_top_drawer_and_put_the_bowl_inside_view_0_0_100_0_0_initstate_454
443,Robot Initial States,5,0,open_the_top_drawer_and_put_the_bowl_inside,0,0,100,0,0,464,,,,,,,,open the top drawer and put the bowl inside,open the top drawer and put the bowl inside view 0 0 100 0 0 initstate 464,open_the_top_drawer_and_put_the_bowl_inside_view_0_0_100_0_0_initstate_464
444,Robot Initial States,4,1,open_the_top_drawer_and_put_the_bowl_inside,0,0,100,0,0,474,,,,,,,,open the top drawer and put the bowl inside,open the top drawer and put the bowl inside view 0 0 100 0 0 initstate 474,open_the_top_drawer_and_put_the_bowl_inside_view_0_0_100_0_0_initstate_474
445,Robot Initial States,5,0,open_the_top_drawer_and_put_the_bowl_inside,0,0,100,0,0,484,,,,,,,,open the top drawer and put the bowl inside,open the top drawer and put the bowl inside view 0 0 100 0 0 initstate 484,open_the_top_drawer_and_put_the_bowl_inside_view_0_0_100_0_0_initstate_484
446,Robot Initial States,5,0,open_the_top_drawer_and_put_the_bowl_inside,0,0,100,0,0,494,,,,,,,,open the top drawer and put the bowl inside,open the top drawer and put the bowl inside view 0 0 100 0 0 initstate 494,open_the_top_drawer_and_put_the_bowl_inside_view_0_0_100_0_0_initstate_494
447,Robot Initial States,3,2,put_the_bowl_on_top_of_the_cabinet,0,0,100,0,0,15,,,,,,,,put the bowl on top of the cabinet,put the bowl on top of the cabinet view 0 0 100 0 0 initstate 15,put_the_bowl_on_top_of_the_cabinet_view_0_0_100_0_0_initstate_15
448,Robot Initial States,4,1,put_the_bowl_on_top_of_the_cabinet,0,0,100,0,0,55,,,,,,,,put the bowl on top of the cabinet,put the bowl on top of the cabinet view 0 0 100 0 0 initstate 55,put_the_bowl_on_top_of_the_cabinet_view_0_0_100_0_0_initstate_55
449,Robot Initial States,3,2,put_the_bowl_on_top_of_the_cabinet,0,0,100,0,0,65,,,,,,,,put the bowl on top of the cabinet,put the bowl on top of the cabinet view 0 0 100 0 0 initstate 65,put_the_bowl_on_top_of_the_cabinet_view_0_0_100_0_0_initstate_65
450,Robot Initial States,3,2,put_the_bowl_on_top_of_the_cabinet,0,0,100,0,0,95,,,,,,,,put the bowl on top of the cabinet,put the bowl on top of the cabinet view 0 0 100 0 0 initstate 95,put_the_bowl_on_top_of_the_cabinet_view_0_0_100_0_0_initstate_95
451,Robot Initial States,4,1,put_the_bowl_on_top_of_the_cabinet,0,0,100,0,0,105,,,,,,,,put the bowl on top of the cabinet,put the bowl on top of the cabinet view 0 0 100 0 0 initstate 105,put_the_bowl_on_top_of_the_cabinet_view_0_0_100_0_0_initstate_105
452,Robot Initial States,3,2,put_the_bowl_on_top_of_the_cabinet,0,0,100,0,0,115,,,,,,,,put the bowl on top of the cabinet,put the bowl on top of the cabinet view 0 0 100 0 0 initstate 115,put_the_bowl_on_top_of_the_cabinet_view_0_0_100_0_0_initstate_115
453,Robot Initial States,5,0,put_the_bowl_on_top_of_the_cabinet,0,0,100,0,0,125,,,,,,,,put the bowl on top of the cabinet,put the bowl on top of the cabinet view 0 0 100 0 0 initstate 125,put_the_bowl_on_top_of_the_cabinet_view_0_0_100_0_0_initstate_125
454,Robot Initial States,2,3,put_the_bowl_on_top_of_the_cabinet,0,0,100,0,0,135,,,,,,,,put the bowl on top of the cabinet,put the bowl on top of the cabinet view 0 0 100 0 0 initstate 135,put_the_bowl_on_top_of_the_cabinet_view_0_0_100_0_0_initstate_135
455,Robot Initial States,1,4,put_the_bowl_on_top_of_the_cabinet,0,0,100,0,0,145,,,,,,,,put the bowl on top of the cabinet,put the bowl on top of the cabinet view 0 0 100 0 0 initstate 145,put_the_bowl_on_top_of_the_cabinet_view_0_0_100_0_0_initstate_145
456,Robot Initial States,3,2,put_the_bowl_on_top_of_the_cabinet,0,0,100,0,0,165,,,,,,,,put the bowl on top of the cabinet,put the bowl on top of the cabinet view 0 0 100 0 0 initstate 165,put_the_bowl_on_top_of_the_cabinet_view_0_0_100_0_0_initstate_165
457,Robot Initial States,3,2,put_the_bowl_on_top_of_the_cabinet,0,0,100,0,0,175,,,,,,,,put the bowl on top of the cabinet,put the bowl on top of the cabinet view 0 0 100 0 0 initstate 175,put_the_bowl_on_top_of_the_cabinet_view_0_0_100_0_0_initstate_175
458,Robot Initial States,2,3,put_the_bowl_on_top_of_the_cabinet,0,0,100,0,0,185,,,,,,,,put the bowl on top of the cabinet,put the bowl on top of the cabinet view 0 0 100 0 0 initstate 185,put_the_bowl_on_top_of_the_cabinet_view_0_0_100_0_0_initstate_185
459,Robot Initial States,4,1,put_the_bowl_on_top_of_the_cabinet,0,0,100,0,0,195,,,,,,,,put the bowl on top of the cabinet,put the bowl on top of the cabinet view 0 0 100 0 0 initstate 195,put_the_bowl_on_top_of_the_cabinet_view_0_0_100_0_0_initstate_195
460,Robot Initial States,1,4,put_the_bowl_on_top_of_the_cabinet,0,0,100,0,0,205,,,,,,,,put the bowl on top of the cabinet,put the bowl on top of the cabinet view 0 0 100 0 0 initstate 205,put_the_bowl_on_top_of_the_cabinet_view_0_0_100_0_0_initstate_205
461,Robot Initial States,5,0,put_the_bowl_on_top_of_the_cabinet,0,0,100,0,0,215,,,,,,,,put the bowl on top of the cabinet,put the bowl on top of the cabinet view 0 0 100 0 0 initstate 215,put_the_bowl_on_top_of_the_cabinet_view_0_0_100_0_0_initstate_215
462,Robot Initial States,3,2,put_the_bowl_on_top_of_the_cabinet,0,0,100,0,0,225,,,,,,,,put the bowl on top of the cabinet,put the bowl on top of the cabinet view 0 0 100 0 0 initstate 225,put_the_bowl_on_top_of_the_cabinet_view_0_0_100_0_0_initstate_225
463,Robot Initial States,1,4,put_the_bowl_on_top_of_the_cabinet,0,0,100,0,0,235,,,,,,,,put the bowl on top of the cabinet,put the bowl on top of the cabinet view 0 0 100 0 0 initstate 235,put_the_bowl_on_top_of_the_cabinet_view_0_0_100_0_0_initstate_235
464,Robot Initial States,3,2,put_the_bowl_on_top_of_the_cabinet,0,0,100,0,0,245,,,,,,,,put the bowl on top of the cabinet,put the bowl on top of the cabinet view 0 0 100 0 0 initstate 245,put_the_bowl_on_top_of_the_cabinet_view_0_0_100_0_0_initstate_245
465,Robot Initial States,5,0,put_the_bowl_on_top_of_the_cabinet,0,0,100,0,0,255,,,,,,,,put the bowl on top of the cabinet,put the bowl on top of the cabinet view 0 0 100 0 0 initstate 255,put_the_bowl_on_top_of_the_cabinet_view_0_0_100_0_0_initstate_255
466,Robot Initial States,5,0,put_the_bowl_on_top_of_the_cabinet,0,0,100,0,0,265,,,,,,,,put the bowl on top of the cabinet,put the bowl on top of the cabinet view 0 0 100 0 0 initstate 265,put_the_bowl_on_top_of_the_cabinet_view_0_0_100_0_0_initstate_265
467,Robot Initial States,4,1,put_the_bowl_on_top_of_the_cabinet,0,0,100,0,0,275,,,,,,,,put the bowl on top of the cabinet,put the bowl on top of the cabinet view 0 0 100 0 0 initstate 275,put_the_bowl_on_top_of_the_cabinet_view_0_0_100_0_0_initstate_275
468,Robot Initial States,1,4,put_the_bowl_on_top_of_the_cabinet,0,0,100,0,0,285,,,,,,,,put the bowl on top of the cabinet,put the bowl on top of the cabinet view 0 0 100 0 0 initstate 285,put_the_bowl_on_top_of_the_cabinet_view_0_0_100_0_0_initstate_285
469,Robot Initial States,2,3,put_the_bowl_on_top_of_the_cabinet,0,0,100,0,0,295,,,,,,,,put the bowl on top of the cabinet,put the bowl on top of the cabinet view 0 0 100 0 0 initstate 295,put_the_bowl_on_top_of_the_cabinet_view_0_0_100_0_0_initstate_295
470,Robot Initial States,1,4,put_the_bowl_on_top_of_the_cabinet,0,0,100,0,0,305,,,,,,,,put the bowl on top of the cabinet,put the bowl on top of the cabinet view 0 0 100 0 0 initstate 305,put_the_bowl_on_top_of_the_cabinet_view_0_0_100_0_0_initstate_305
471,Robot Initial States,4,1,put_the_bowl_on_top_of_the_cabinet,0,0,100,0,0,315,,,,,,,,put the bowl on top of the cabinet,put the bowl on top of the cabinet view 0 0 100 0 0 initstate 315,put_the_bowl_on_top_of_the_cabinet_view_0_0_100_0_0_initstate_315
472,Robot Initial States,5,0,put_the_bowl_on_top_of_the_cabinet,0,0,100,0,0,325,,,,,,,,put the bowl on top of the cabinet,put the bowl on top of the cabinet view 0 0 100 0 0 initstate 325,put_the_bowl_on_top_of_the_cabinet_view_0_0_100_0_0_initstate_325
473,Robot Initial States,1,4,put_the_bowl_on_top_of_the_cabinet,0,0,100,0,0,335,,,,,,,,put the bowl on top of the cabinet,put the bowl on top of the cabinet view 0 0 100 0 0 initstate 335,put_the_bowl_on_top_of_the_cabinet_view_0_0_100_0_0_initstate_335
474,Robot Initial States,5,0,put_the_bowl_on_top_of_the_cabinet,0,0,100,0,0,345,,,,,,,,put the bowl on top of the cabinet,put the bowl on top of the cabinet view 0 0 100 0 0 initstate 345,put_the_bowl_on_top_of_the_cabinet_view_0_0_100_0_0_initstate_345
475,Robot Initial States,4,1,put_the_bowl_on_top_of_the_cabinet,0,0,100,0,0,355,,,,,,,,put the bowl on top of the cabinet,put the bowl on top of the cabinet view 0 0 100 0 0 initstate 355,put_the_bowl_on_top_of_the_cabinet_view_0_0_100_0_0_initstate_355
476,Robot Initial States,4,1,put_the_bowl_on_top_of_the_cabinet,0,0,100,0,0,365,,,,,,,,put the bowl on top of the cabinet,put the bowl on top of the cabinet view 0 0 100 0 0 initstate 365,put_the_bowl_on_top_of_the_cabinet_view_0_0_100_0_0_initstate_365
477,Robot Initial States,1,4,put_the_bowl_on_top_of_the_cabinet,0,0,100,0,0,375,,,,,,,,put the bowl on top of the cabinet,put the bowl on top of the cabinet view 0 0 100 0 0 initstate 375,put_the_bowl_on_top_of_the_cabinet_view_0_0_100_0_0_initstate_375
478,Robot Initial States,5,0,put_the_bowl_on_top_of_the_cabinet,0,0,100,0,0,385,,,,,,,,put the bowl on top of the cabinet,put the bowl on top of the cabinet view 0 0 100 0 0 initstate 385,put_the_bowl_on_top_of_the_cabinet_view_0_0_100_0_0_initstate_385
479,Robot Initial States,4,1,put_the_bowl_on_top_of_the_cabinet,0,0,100,0,0,395,,,,,,,,put the bowl on top of the cabinet,put the bowl on top of the cabinet view 0 0 100 0 0 initstate 395,put_the_bowl_on_top_of_the_cabinet_view_0_0_100_0_0_initstate_395
480,Robot Initial States,3,2,put_the_bowl_on_top_of_the_cabinet,0,0,100,0,0,405,,,,,,,,put the bowl on top of the cabinet,put the bowl on top of the cabinet view 0 0 100 0 0 initstate 405,put_the_bowl_on_top_of_the_cabinet_view_0_0_100_0_0_initstate_405
481,Robot Initial States,5,0,put_the_bowl_on_top_of_the_cabinet,0,0,100,0,0,415,,,,,,,,put the bowl on top of the cabinet,put the bowl on top of the cabinet view 0 0 100 0 0 initstate 415,put_the_bowl_on_top_of_the_cabinet_view_0_0_100_0_0_initstate_415
482,Robot Initial States,5,0,put_the_bowl_on_top_of_the_cabinet,0,0,100,0,0,425,,,,,,,,put the bowl on top of the cabinet,put the bowl on top of the cabinet view 0 0 100 0 0 initstate 425,put_the_bowl_on_top_of_the_cabinet_view_0_0_100_0_0_initstate_425
483,Robot Initial States,5,0,put_the_bowl_on_top_of_the_cabinet,0,0,100,0,0,435,,,,,,,,put the bowl on top of the cabinet,put the bowl on top of the cabinet view 0 0 100 0 0 initstate 435,put_the_bowl_on_top_of_the_cabinet_view_0_0_100_0_0_initstate_435
484,Robot Initial States,2,3,put_the_bowl_on_top_of_the_cabinet,0,0,100,0,0,445,,,,,,,,put the bowl on top of the cabinet,put the bowl on top of the cabinet view 0 0 100 0 0 initstate 445,put_the_bowl_on_top_of_the_cabinet_view_0_0_100_0_0_initstate_445
485,Robot Initial States,4,1,put_the_bowl_on_top_of_the_cabinet,0,0,100,0,0,455,,,,,,,,put the bowl on top of the cabinet,put the bowl on top of the cabinet view 0 0 100 0 0 initstate 455,put_the_bowl_on_top_of_the_cabinet_view_0_0_100_0_0_initstate_455
486,Robot Initial States,3,2,put_the_bowl_on_top_of_the_cabinet,0,0,100,0,0,465,,,,,,,,put the bowl on top of the cabinet,put the bowl on top of the cabinet view 0 0 100 0 0 initstate 465,put_the_bowl_on_top_of_the_cabinet_view_0_0_100_0_0_initstate_465
487,Robot Initial States,5,0,put_the_bowl_on_top_of_the_cabinet,0,0,100,0,0,475,,,,,,,,put the bowl on top of the cabinet,put the bowl on top of the cabinet view 0 0 100 0 0 initstate 475,put_the_bowl_on_top_of_the_cabinet_view_0_0_100_0_0_initstate_475
488,Robot Initial States,5,0,put_the_bowl_on_top_of_the_cabinet,0,0,100,0,0,485,,,,,,,,put the bowl on top of the cabinet,put the bowl on top of the cabinet view 0 0 100 0 0 initstate 485,put_the_bowl_on_top_of_the_cabinet_view_0_0_100_0_0_initstate_485
489,Robot Initial States,3,2,put_the_bowl_on_top_of_the_cabinet,0,0,100,0,0,495,,,,,,,,put the bowl on top of the cabinet,put the bowl on top of the cabinet view 0 0 100 0 0 initstate 495,put_the_bowl_on_top_of_the_cabinet_view_0_0_100_0_0_initstate_495
490,Robot Initial States,2,3,push_the_plate_to_the_front_of_the_stove,0,0,100,0,0,6,,,,,,,,push the plate to the front of the stove,push the plate to the front of the stove view 0 0 100 0 0 initstate 6,push_the_plate_to_the_front_of_the_stove_view_0_0_100_0_0_initstate_6
491,Robot Initial States,5,0,push_the_plate_to_the_front_of_the_stove,0,0,100,0,0,16,,,,,,,,push the plate to the front of the stove,push the plate to the front of the stove view 0 0 100 0 0 initstate 16,push_the_plate_to_the_front_of_the_stove_view_0_0_100_0_0_initstate_16
492,Robot Initial States,2,3,push_the_plate_to_the_front_of_the_stove,0,0,100,0,0,106,,,,,,,,push the plate to the front of the stove,push the plate to the front of the stove view 0 0 100 0 0 initstate 106,push_the_plate_to_the_front_of_the_stove_view_0_0_100_0_0_initstate_106
493,Robot Initial States,3,2,push_the_plate_to_the_front_of_the_stove,0,0,100,0,0,116,,,,,,,,push the plate to the front of the stove,push the plate to the front of the stove view 0 0 100 0 0 initstate 116,push_the_plate_to_the_front_of_the_stove_view_0_0_100_0_0_initstate_116
494,Robot Initial States,1,4,push_the_plate_to_the_front_of_the_stove,0,0,100,0,0,126,,,,,,,,push the plate to the front of the stove,push the plate to the front of the stove view 0 0 100 0 0 initstate 126,push_the_plate_to_the_front_of_the_stove_view_0_0_100_0_0_initstate_126
495,Robot Initial States,3,2,push_the_plate_to_the_front_of_the_stove,0,0,100,0,0,136,,,,,,,,push the plate to the front of the stove,push the plate to the front of the stove view 0 0 100 0 0 initstate 136,push_the_plate_to_the_front_of_the_stove_view_0_0_100_0_0_initstate_136
496,Robot Initial States,1,4,push_the_plate_to_the_front_of_the_stove,0,0,100,0,0,146,,,,,,,,push the plate to the front of the stove,push the plate to the front of the stove view 0 0 100 0 0 initstate 146,push_the_plate_to_the_front_of_the_stove_view_0_0_100_0_0_initstate_146
497,Robot Initial States,5,0,push_the_plate_to_the_front_of_the_stove,0,0,100,0,0,156,,,,,,,,push the plate to the front of the stove,push the plate to the front of the stove view 0 0 100 0 0 initstate 156,push_the_plate_to_the_front_of_the_stove_view_0_0_100_0_0_initstate_156
498,Robot Initial States,2,3,push_the_plate_to_the_front_of_the_stove,0,0,100,0,0,176,,,,,,,,push the plate to the front of the stove,push the plate to the front of the stove view 0 0 100 0 0 initstate 176,push_the_plate_to_the_front_of_the_stove_view_0_0_100_0_0_initstate_176
499,Robot Initial States,3,2,push_the_plate_to_the_front_of_the_stove,0,0,100,0,0,186,,,,,,,,push the plate to the front of the stove,push the plate to the front of the stove view 0 0 100 0 0 initstate 186,push_the_plate_to_the_front_of_the_stove_view_0_0_100_0_0_initstate_186
500,Robot Initial States,2,3,push_the_plate_to_the_front_of_the_stove,0,0,100,0,0,196,,,,,,,,push the plate to the front of the stove,push the plate to the front of the stove view 0 0 100 0 0 initstate 196,push_the_plate_to_the_front_of_the_stove_view_0_0_100_0_0_initstate_196
501,Robot Initial States,2,3,push_the_plate_to_the_front_of_the_stove,0,0,100,0,0,206,,,,,,,,push the plate to the front of the stove,push the plate to the front of the stove view 0 0 100 0 0 initstate 206,push_the_plate_to_the_front_of_the_stove_view_0_0_100_0_0_initstate_206
502,Robot Initial States,4,1,push_the_plate_to_the_front_of_the_stove,0,0,100,0,0,216,,,,,,,,push the plate to the front of the stove,push the plate to the front of the stove view 0 0 100 0 0 initstate 216,push_the_plate_to_the_front_of_the_stove_view_0_0_100_0_0_initstate_216
503,Robot Initial States,2,3,push_the_plate_to_the_front_of_the_stove,0,0,100,0,0,226,,,,,,,,push the plate to the front of the stove,push the plate to the front of the stove view 0 0 100 0 0 initstate 226,push_the_plate_to_the_front_of_the_stove_view_0_0_100_0_0_initstate_226
504,Robot Initial States,2,3,push_the_plate_to_the_front_of_the_stove,0,0,100,0,0,236,,,,,,,,push the plate to the front of the stove,push the plate to the front of the stove view 0 0 100 0 0 initstate 236,push_the_plate_to_the_front_of_the_stove_view_0_0_100_0_0_initstate_236
505,Robot Initial States,3,2,push_the_plate_to_the_front_of_the_stove,0,0,100,0,0,246,,,,,,,,push the plate to the front of the stove,push the plate to the front of the stove view 0 0 100 0 0 initstate 246,push_the_plate_to_the_front_of_the_stove_view_0_0_100_0_0_initstate_246
506,Robot Initial States,5,0,push_the_plate_to_the_front_of_the_stove,0,0,100,0,0,256,,,,,,,,push the plate to the front of the stove,push the plate to the front of the stove view 0 0 100 0 0 initstate 256,push_the_plate_to_the_front_of_the_stove_view_0_0_100_0_0_initstate_256
507,Robot Initial States,5,0,push_the_plate_to_the_front_of_the_stove,0,0,100,0,0,266,,,,,,,,push the plate to the front of the stove,push the plate to the front of the stove view 0 0 100 0 0 initstate 266,push_the_plate_to_the_front_of_the_stove_view_0_0_100_0_0_initstate_266
508,Robot Initial States,2,3,push_the_plate_to_the_front_of_the_stove,0,0,100,0,0,276,,,,,,,,push the plate to the front of the stove,push the plate to the front of the stove view 0 0 100 0 0 initstate 276,push_the_plate_to_the_front_of_the_stove_view_0_0_100_0_0_initstate_276
509,Robot Initial States,5,0,push_the_plate_to_the_front_of_the_stove,0,0,100,0,0,286,,,,,,,,push the plate to the front of the stove,push the plate to the front of the stove view 0 0 100 0 0 initstate 286,push_the_plate_to_the_front_of_the_stove_view_0_0_100_0_0_initstate_286
510,Robot Initial States,2,3,push_the_plate_to_the_front_of_the_stove,0,0,100,0,0,296,,,,,,,,push the plate to the front of the stove,push the plate to the front of the stove view 0 0 100 0 0 initstate 296,push_the_plate_to_the_front_of_the_stove_view_0_0_100_0_0_initstate_296
511,Robot Initial States,5,0,push_the_plate_to_the_front_of_the_stove,0,0,100,0,0,306,,,,,,,,push the plate to the front of the stove,push the plate to the front of the stove view 0 0 100 0 0 initstate 306,push_the_plate_to_the_front_of_the_stove_view_0_0_100_0_0_initstate_306
512,Robot Initial States,5,0,push_the_plate_to_the_front_of_the_stove,0,0,100,0,0,316,,,,,,,,push the plate to the front of the stove,push the plate to the front of the stove view 0 0 100 0 0 initstate 316,push_the_plate_to_the_front_of_the_stove_view_0_0_100_0_0_initstate_316
513,Robot Initial States,5,0,push_the_plate_to_the_front_of_the_stove,0,0,100,0,0,326,,,,,,,,push the plate to the front of the stove,push the plate to the front of the stove view 0 0 100 0 0 initstate 326,push_the_plate_to_the_front_of_the_stove_view_0_0_100_0_0_initstate_326
514,Robot Initial States,2,3,push_the_plate_to_the_front_of_the_stove,0,0,100,0,0,336,,,,,,,,push the plate to the front of the stove,push the plate to the front of the stove view 0 0 100 0 0 initstate 336,push_the_plate_to_the_front_of_the_stove_view_0_0_100_0_0_initstate_336
515,Robot Initial States,5,0,push_the_plate_to_the_front_of_the_stove,0,0,100,0,0,356,,,,,,,,push the plate to the front of the stove,push the plate to the front of the stove view 0 0 100 0 0 initstate 356,push_the_plate_to_the_front_of_the_stove_view_0_0_100_0_0_initstate_356
516,Robot Initial States,3,2,push_the_plate_to_the_front_of_the_stove,0,0,100,0,0,366,,,,,,,,push the plate to the front of the stove,push the plate to the front of the stove view 0 0 100 0 0 initstate 366,push_the_plate_to_the_front_of_the_stove_view_0_0_100_0_0_initstate_366
517,Robot Initial States,5,0,push_the_plate_to_the_front_of_the_stove,0,0,100,0,0,376,,,,,,,,push the plate to the front of the stove,push the plate to the front of the stove view 0 0 100 0 0 initstate 376,push_the_plate_to_the_front_of_the_stove_view_0_0_100_0_0_initstate_376
518,Robot Initial States,2,3,push_the_plate_to_the_front_of_the_stove,0,0,100,0,0,386,,,,,,,,push the plate to the front of the stove,push the plate to the front of the stove view 0 0 100 0 0 initstate 386,push_the_plate_to_the_front_of_the_stove_view_0_0_100_0_0_initstate_386
519,Robot Initial States,5,0,push_the_plate_to_the_front_of_the_stove,0,0,100,0,0,396,,,,,,,,push the plate to the front of the stove,push the plate to the front of the stove view 0 0 100 0 0 initstate 396,push_the_plate_to_the_front_of_the_stove_view_0_0_100_0_0_initstate_396
520,Robot Initial States,3,2,push_the_plate_to_the_front_of_the_stove,0,0,100,0,0,406,,,,,,,,push the plate to the front of the stove,push the plate to the front of the stove view 0 0 100 0 0 initstate 406,push_the_plate_to_the_front_of_the_stove_view_0_0_100_0_0_initstate_406
521,Robot Initial States,5,0,push_the_plate_to_the_front_of_the_stove,0,0,100,0,0,416,,,,,,,,push the plate to the front of the stove,push the plate to the front of the stove view 0 0 100 0 0 initstate 416,push_the_plate_to_the_front_of_the_stove_view_0_0_100_0_0_initstate_416
522,Robot Initial States,4,1,push_the_plate_to_the_front_of_the_stove,0,0,100,0,0,426,,,,,,,,push the plate to the front of the stove,push the plate to the front of the stove view 0 0 100 0 0 initstate 426,push_the_plate_to_the_front_of_the_stove_view_0_0_100_0_0_initstate_426
523,Robot Initial States,4,1,push_the_plate_to_the_front_of_the_stove,0,0,100,0,0,436,,,,,,,,push the plate to the front of the stove,push the plate to the front of the stove view 0 0 100 0 0 initstate 436,push_the_plate_to_the_front_of_the_stove_view_0_0_100_0_0_initstate_436
524,Robot Initial States,3,2,push_the_plate_to_the_front_of_the_stove,0,0,100,0,0,446,,,,,,,,push the plate to the front of the stove,push the plate to the front of the stove view 0 0 100 0 0 initstate 446,push_the_plate_to_the_front_of_the_stove_view_0_0_100_0_0_initstate_446
525,Robot Initial States,5,0,push_the_plate_to_the_front_of_the_stove,0,0,100,0,0,456,,,,,,,,push the plate to the front of the stove,push the plate to the front of the stove view 0 0 100 0 0 initstate 456,push_the_plate_to_the_front_of_the_stove_view_0_0_100_0_0_initstate_456
526,Robot Initial States,5,0,push_the_plate_to_the_front_of_the_stove,0,0,100,0,0,466,,,,,,,,push the plate to the front of the stove,push the plate to the front of the stove view 0 0 100 0 0 initstate 466,push_the_plate_to_the_front_of_the_stove_view_0_0_100_0_0_initstate_466
527,Robot Initial States,2,3,push_the_plate_to_the_front_of_the_stove,0,0,100,0,0,476,,,,,,,,push the plate to the front of the stove,push the plate to the front of the stove view 0 0 100 0 0 initstate 476,push_the_plate_to_the_front_of_the_stove_view_0_0_100_0_0_initstate_476
528,Robot Initial States,2,3,push_the_plate_to_the_front_of_the_stove,0,0,100,0,0,486,,,,,,,,push the plate to the front of the stove,push the plate to the front of the stove view 0 0 100 0 0 initstate 486,push_the_plate_to_the_front_of_the_stove_view_0_0_100_0_0_initstate_486
529,Robot Initial States,5,0,push_the_plate_to_the_front_of_the_stove,0,0,100,0,0,496,,,,,,,,push the plate to the front of the stove,push the plate to the front of the stove view 0 0 100 0 0 initstate 496,push_the_plate_to_the_front_of_the_stove_view_0_0_100_0_0_initstate_496
530,Robot Initial States,4,1,put_the_cream_cheese_in_the_bowl,0,0,100,0,0,7,,,,,,,,put the cream cheese in the bowl,put the cream cheese in the bowl view 0 0 100 0 0 initstate 7,put_the_cream_cheese_in_the_bowl_view_0_0_100_0_0_initstate_7
531,Robot Initial States,3,2,put_the_cream_cheese_in_the_bowl,0,0,100,0,0,17,,,,,,,,put the cream cheese in the bowl,put the cream cheese in the bowl view 0 0 100 0 0 initstate 17,put_the_cream_cheese_in_the_bowl_view_0_0_100_0_0_initstate_17
532,Robot Initial States,3,2,put_the_cream_cheese_in_the_bowl,0,0,100,0,0,27,,,,,,,,put the cream cheese in the bowl,put the cream cheese in the bowl view 0 0 100 0 0 initstate 27,put_the_cream_cheese_in_the_bowl_view_0_0_100_0_0_initstate_27
533,Robot Initial States,4,1,put_the_cream_cheese_in_the_bowl,0,0,100,0,0,47,,,,,,,,put the cream cheese in the bowl,put the cream cheese in the bowl view 0 0 100 0 0 initstate 47,put_the_cream_cheese_in_the_bowl_view_0_0_100_0_0_initstate_47
534,Robot Initial States,4,1,put_the_cream_cheese_in_the_bowl,0,0,100,0,0,57,,,,,,,,put the cream cheese in the bowl,put the cream cheese in the bowl view 0 0 100 0 0 initstate 57,put_the_cream_cheese_in_the_bowl_view_0_0_100_0_0_initstate_57
535,Robot Initial States,3,2,put_the_cream_cheese_in_the_bowl,0,0,100,0,0,67,,,,,,,,put the cream cheese in the bowl,put the cream cheese in the bowl view 0 0 100 0 0 initstate 67,put_the_cream_cheese_in_the_bowl_view_0_0_100_0_0_initstate_67
536,Robot Initial States,3,2,put_the_cream_cheese_in_the_bowl,0,0,100,0,0,77,,,,,,,,put the cream cheese in the bowl,put the cream cheese in the bowl view 0 0 100 0 0 initstate 77,put_the_cream_cheese_in_the_bowl_view_0_0_100_0_0_initstate_77
537,Robot Initial States,3,2,put_the_cream_cheese_in_the_bowl,0,0,100,0,0,87,,,,,,,,put the cream cheese in the bowl,put the cream cheese in the bowl view 0 0 100 0 0 initstate 87,put_the_cream_cheese_in_the_bowl_view_0_0_100_0_0_initstate_87
538,Robot Initial States,4,1,put_the_cream_cheese_in_the_bowl,0,0,100,0,0,97,,,,,,,,put the cream cheese in the bowl,put the cream cheese in the bowl view 0 0 100 0 0 initstate 97,put_the_cream_cheese_in_the_bowl_view_0_0_100_0_0_initstate_97
539,Robot Initial States,4,1,put_the_cream_cheese_in_the_bowl,0,0,100,0,0,107,,,,,,,,put the cream cheese in the bowl,put the cream cheese in the bowl view 0 0 100 0 0 initstate 107,put_the_cream_cheese_in_the_bowl_view_0_0_100_0_0_initstate_107
540,Robot Initial States,3,2,put_the_cream_cheese_in_the_bowl,0,0,100,0,0,117,,,,,,,,put the cream cheese in the bowl,put the cream cheese in the bowl view 0 0 100 0 0 initstate 117,put_the_cream_cheese_in_the_bowl_view_0_0_100_0_0_initstate_117
541,Robot Initial States,2,3,put_the_cream_cheese_in_the_bowl,0,0,100,0,0,127,,,,,,,,put the cream cheese in the bowl,put the cream cheese in the bowl view 0 0 100 0 0 initstate 127,put_the_cream_cheese_in_the_bowl_view_0_0_100_0_0_initstate_127
542,Robot Initial States,4,1,put_the_cream_cheese_in_the_bowl,0,0,100,0,0,137,,,,,,,,put the cream cheese in the bowl,put the cream cheese in the bowl view 0 0 100 0 0 initstate 137,put_the_cream_cheese_in_the_bowl_view_0_0_100_0_0_initstate_137
543,Robot Initial States,3,2,put_the_cream_cheese_in_the_bowl,0,0,100,0,0,147,,,,,,,,put the cream cheese in the bowl,put the cream cheese in the bowl view 0 0 100 0 0 initstate 147,put_the_cream_cheese_in_the_bowl_view_0_0_100_0_0_initstate_147
544,Robot Initial States,3,2,put_the_cream_cheese_in_the_bowl,0,0,100,0,0,157,,,,,,,,put the cream cheese in the bowl,put the cream cheese in the bowl view 0 0 100 0 0 initstate 157,put_the_cream_cheese_in_the_bowl_view_0_0_100_0_0_initstate_157
545,Robot Initial States,2,3,put_the_cream_cheese_in_the_bowl,0,0,100,0,0,167,,,,,,,,put the cream cheese in the bowl,put the cream cheese in the bowl view 0 0 100 0 0 initstate 167,put_the_cream_cheese_in_the_bowl_view_0_0_100_0_0_initstate_167
546,Robot Initial States,3,2,put_the_cream_cheese_in_the_bowl,0,0,100,0,0,177,,,,,,,,put the cream cheese in the bowl,put the cream cheese in the bowl view 0 0 100 0 0 initstate 177,put_the_cream_cheese_in_the_bowl_view_0_0_100_0_0_initstate_177
547,Robot Initial States,3,2,put_the_cream_cheese_in_the_bowl,0,0,100,0,0,187,,,,,,,,put the cream cheese in the bowl,put the cream cheese in the bowl view 0 0 100 0 0 initstate 187,put_the_cream_cheese_in_the_bowl_view_0_0_100_0_0_initstate_187
548,Robot Initial States,4,1,put_the_cream_cheese_in_the_bowl,0,0,100,0,0,197,,,,,,,,put the cream cheese in the bowl,put the cream cheese in the bowl view 0 0 100 0 0 initstate 197,put_the_cream_cheese_in_the_bowl_view_0_0_100_0_0_initstate_197
549,Robot Initial States,4,1,put_the_cream_cheese_in_the_bowl,0,0,100,0,0,207,,,,,,,,put the cream cheese in the bowl,put the cream cheese in the bowl view 0 0 100 0 0 initstate 207,put_the_cream_cheese_in_the_bowl_view_0_0_100_0_0_initstate_207
550,Robot Initial States,2,3,put_the_cream_cheese_in_the_bowl,0,0,100,0,0,217,,,,,,,,put the cream cheese in the bowl,put the cream cheese in the bowl view 0 0 100 0 0 initstate 217,put_the_cream_cheese_in_the_bowl_view_0_0_100_0_0_initstate_217
551,Robot Initial States,2,3,put_the_cream_cheese_in_the_bowl,0,0,100,0,0,237,,,,,,,,put the cream cheese in the bowl,put the cream cheese in the bowl view 0 0 100 0 0 initstate 237,put_the_cream_cheese_in_the_bowl_view_0_0_100_0_0_initstate_237
552,Robot Initial States,3,2,put_the_cream_cheese_in_the_bowl,0,0,100,0,0,247,,,,,,,,put the cream cheese in the bowl,put the cream cheese in the bowl view 0 0 100 0 0 initstate 247,put_the_cream_cheese_in_the_bowl_view_0_0_100_0_0_initstate_247
553,Robot Initial States,4,1,put_the_cream_cheese_in_the_bowl,0,0,100,0,0,257,,,,,,,,put the cream cheese in the bowl,put the cream cheese in the bowl view 0 0 100 0 0 initstate 257,put_the_cream_cheese_in_the_bowl_view_0_0_100_0_0_initstate_257
554,Robot Initial States,1,4,put_the_cream_cheese_in_the_bowl,0,0,100,0,0,267,,,,,,,,put the cream cheese in the bowl,put the cream cheese in the bowl view 0 0 100 0 0 initstate 267,put_the_cream_cheese_in_the_bowl_view_0_0_100_0_0_initstate_267
555,Robot Initial States,4,1,put_the_cream_cheese_in_the_bowl,0,0,100,0,0,277,,,,,,,,put the cream cheese in the bowl,put the cream cheese in the bowl view 0 0 100 0 0 initstate 277,put_the_cream_cheese_in_the_bowl_view_0_0_100_0_0_initstate_277
556,Robot Initial States,5,0,put_the_cream_cheese_in_the_bowl,0,0,100,0,0,287,,,,,,,,put the cream cheese in the bowl,put the cream cheese in the bowl view 0 0 100 0 0 initstate 287,put_the_cream_cheese_in_the_bowl_view_0_0_100_0_0_initstate_287
557,Robot Initial States,3,2,put_the_cream_cheese_in_the_bowl,0,0,100,0,0,297,,,,,,,,put the cream cheese in the bowl,put the cream cheese in the bowl view 0 0 100 0 0 initstate 297,put_the_cream_cheese_in_the_bowl_view_0_0_100_0_0_initstate_297
558,Robot Initial States,4,1,put_the_cream_cheese_in_the_bowl,0,0,100,0,0,307,,,,,,,,put the cream cheese in the bowl,put the cream cheese in the bowl view 0 0 100 0 0 initstate 307,put_the_cream_cheese_in_the_bowl_view_0_0_100_0_0_initstate_307
559,Robot Initial States,4,1,put_the_cream_cheese_in_the_bowl,0,0,100,0,0,317,,,,,,,,put the cream cheese in the bowl,put the cream cheese in the bowl view 0 0 100 0 0 initstate 317,put_the_cream_cheese_in_the_bowl_view_0_0_100_0_0_initstate_317
560,Robot Initial States,5,0,put_the_cream_cheese_in_the_bowl,0,0,100,0,0,337,,,,,,,,put the cream cheese in the bowl,put the cream cheese in the bowl view 0 0 100 0 0 initstate 337,put_the_cream_cheese_in_the_bowl_view_0_0_100_0_0_initstate_337
561,Robot Initial States,5,0,put_the_cream_cheese_in_the_bowl,0,0,100,0,0,347,,,,,,,,put the cream cheese in the bowl,put the cream cheese in the bowl view 0 0 100 0 0 initstate 347,put_the_cream_cheese_in_the_bowl_view_0_0_100_0_0_initstate_347
562,Robot Initial States,5,0,put_the_cream_cheese_in_the_bowl,0,0,100,0,0,357,,,,,,,,put the cream cheese in the bowl,put the cream cheese in the bowl view 0 0 100 0 0 initstate 357,put_the_cream_cheese_in_the_bowl_view_0_0_100_0_0_initstate_357
563,Robot Initial States,5,0,put_the_cream_cheese_in_the_bowl,0,0,100,0,0,367,,,,,,,,put the cream cheese in the bowl,put the cream cheese in the bowl view 0 0 100 0 0 initstate 367,put_the_cream_cheese_in_the_bowl_view_0_0_100_0_0_initstate_367
564,Robot Initial States,3,2,put_the_cream_cheese_in_the_bowl,0,0,100,0,0,377,,,,,,,,put the cream cheese in the bowl,put the cream cheese in the bowl view 0 0 100 0 0 initstate 377,put_the_cream_cheese_in_the_bowl_view_0_0_100_0_0_initstate_377
565,Robot Initial States,3,2,put_the_cream_cheese_in_the_bowl,0,0,100,0,0,387,,,,,,,,put the cream cheese in the bowl,put the cream cheese in the bowl view 0 0 100 0 0 initstate 387,put_the_cream_cheese_in_the_bowl_view_0_0_100_0_0_initstate_387
566,Robot Initial States,4,1,put_the_cream_cheese_in_the_bowl,0,0,100,0,0,397,,,,,,,,put the cream cheese in the bowl,put the cream cheese in the bowl view 0 0 100 0 0 initstate 397,put_the_cream_cheese_in_the_bowl_view_0_0_100_0_0_initstate_397
567,Robot Initial States,5,0,put_the_cream_cheese_in_the_bowl,0,0,100,0,0,407,,,,,,,,put the cream cheese in the bowl,put the cream cheese in the bowl view 0 0 100 0 0 initstate 407,put_the_cream_cheese_in_the_bowl_view_0_0_100_0_0_initstate_407
568,Robot Initial States,3,2,put_the_cream_cheese_in_the_bowl,0,0,100,0,0,417,,,,,,,,put the cream cheese in the bowl,put the cream cheese in the bowl view 0 0 100 0 0 initstate 417,put_the_cream_cheese_in_the_bowl_view_0_0_100_0_0_initstate_417
569,Robot Initial States,3,2,put_the_cream_cheese_in_the_bowl,0,0,100,0,0,427,,,,,,,,put the cream cheese in the bowl,put the cream cheese in the bowl view 0 0 100 0 0 initstate 427,put_the_cream_cheese_in_the_bowl_view_0_0_100_0_0_initstate_427
570,Robot Initial States,5,0,put_the_cream_cheese_in_the_bowl,0,0,100,0,0,437,,,,,,,,put the cream cheese in the bowl,put the cream cheese in the bowl view 0 0 100 0 0 initstate 437,put_the_cream_cheese_in_the_bowl_view_0_0_100_0_0_initstate_437
571,Robot Initial States,5,0,put_the_cream_cheese_in_the_bowl,0,0,100,0,0,447,,,,,,,,put the cream cheese in the bowl,put the cream cheese in the bowl view 0 0 100 0 0 initstate 447,put_the_cream_cheese_in_the_bowl_view_0_0_100_0_0_initstate_447
572,Robot Initial States,5,0,put_the_cream_cheese_in_the_bowl,0,0,100,0,0,457,,,,,,,,put the cream cheese in the bowl,put the cream cheese in the bowl view 0 0 100 0 0 initstate 457,put_the_cream_cheese_in_the_bowl_view_0_0_100_0_0_initstate_457
573,Robot Initial States,4,1,put_the_cream_cheese_in_the_bowl,0,0,100,0,0,467,,,,,,,,put the cream cheese in the bowl,put the cream cheese in the bowl view 0 0 100 0 0 initstate 467,put_the_cream_cheese_in_the_bowl_view_0_0_100_0_0_initstate_467
574,Robot Initial States,5,0,put_the_cream_cheese_in_the_bowl,0,0,100,0,0,477,,,,,,,,put the cream cheese in the bowl,put the cream cheese in the bowl view 0 0 100 0 0 initstate 477,put_the_cream_cheese_in_the_bowl_view_0_0_100_0_0_initstate_477
575,Robot Initial States,4,1,put_the_cream_cheese_in_the_bowl,0,0,100,0,0,487,,,,,,,,put the cream cheese in the bowl,put the cream cheese in the bowl view 0 0 100 0 0 initstate 487,put_the_cream_cheese_in_the_bowl_view_0_0_100_0_0_initstate_487
576,Robot Initial States,5,0,put_the_cream_cheese_in_the_bowl,0,0,100,0,0,497,,,,,,,,put the cream cheese in the bowl,put the cream cheese in the bowl view 0 0 100 0 0 initstate 497,put_the_cream_cheese_in_the_bowl_view_0_0_100_0_0_initstate_497
577,Robot Initial States,1,4,turn_on_the_stove,0,0,100,0,0,8,,,,,,,,turn on the stove,turn on the stove view 0 0 100 0 0 initstate 8,turn_on_the_stove_view_0_0_100_0_0_initstate_8
578,Robot Initial States,1,4,turn_on_the_stove,0,0,100,0,0,58,,,,,,,,turn on the stove,turn on the stove view 0 0 100 0 0 initstate 58,turn_on_the_stove_view_0_0_100_0_0_initstate_58
579,Robot Initial States,1,4,turn_on_the_stove,0,0,100,0,0,118,,,,,,,,turn on the stove,turn on the stove view 0 0 100 0 0 initstate 118,turn_on_the_stove_view_0_0_100_0_0_initstate_118
580,Robot Initial States,2,3,turn_on_the_stove,0,0,100,0,0,128,,,,,,,,turn on the stove,turn on the stove view 0 0 100 0 0 initstate 128,turn_on_the_stove_view_0_0_100_0_0_initstate_128
581,Robot Initial States,1,4,turn_on_the_stove,0,0,100,0,0,148,,,,,,,,turn on the stove,turn on the stove view 0 0 100 0 0 initstate 148,turn_on_the_stove_view_0_0_100_0_0_initstate_148
582,Robot Initial States,2,3,turn_on_the_stove,0,0,100,0,0,158,,,,,,,,turn on the stove,turn on the stove view 0 0 100 0 0 initstate 158,turn_on_the_stove_view_0_0_100_0_0_initstate_158
583,Robot Initial States,3,2,turn_on_the_stove,0,0,100,0,0,168,,,,,,,,turn on the stove,turn on the stove view 0 0 100 0 0 initstate 168,turn_on_the_stove_view_0_0_100_0_0_initstate_168
584,Robot Initial States,2,3,turn_on_the_stove,0,0,100,0,0,178,,,,,,,,turn on the stove,turn on the stove view 0 0 100 0 0 initstate 178,turn_on_the_stove_view_0_0_100_0_0_initstate_178
585,Robot Initial States,2,3,turn_on_the_stove,0,0,100,0,0,188,,,,,,,,turn on the stove,turn on the stove view 0 0 100 0 0 initstate 188,turn_on_the_stove_view_0_0_100_0_0_initstate_188
586,Robot Initial States,1,4,turn_on_the_stove,0,0,100,0,0,198,,,,,,,,turn on the stove,turn on the stove view 0 0 100 0 0 initstate 198,turn_on_the_stove_view_0_0_100_0_0_initstate_198
587,Robot Initial States,1,4,turn_on_the_stove,0,0,100,0,0,208,,,,,,,,turn on the stove,turn on the stove view 0 0 100 0 0 initstate 208,turn_on_the_stove_view_0_0_100_0_0_initstate_208
588,Robot Initial States,3,2,turn_on_the_stove,0,0,100,0,0,218,,,,,,,,turn on the stove,turn on the stove view 0 0 100 0 0 initstate 218,turn_on_the_stove_view_0_0_100_0_0_initstate_218
589,Robot Initial States,2,3,turn_on_the_stove,0,0,100,0,0,238,,,,,,,,turn on the stove,turn on the stove view 0 0 100 0 0 initstate 238,turn_on_the_stove_view_0_0_100_0_0_initstate_238
590,Robot Initial States,3,2,turn_on_the_stove,0,0,100,0,0,248,,,,,,,,turn on the stove,turn on the stove view 0 0 100 0 0 initstate 248,turn_on_the_stove_view_0_0_100_0_0_initstate_248
591,Robot Initial States,3,2,turn_on_the_stove,0,0,100,0,0,258,,,,,,,,turn on the stove,turn on the stove view 0 0 100 0 0 initstate 258,turn_on_the_stove_view_0_0_100_0_0_initstate_258
592,Robot Initial States,2,3,turn_on_the_stove,0,0,100,0,0,268,,,,,,,,turn on the stove,turn on the stove view 0 0 100 0 0 initstate 268,turn_on_the_stove_view_0_0_100_0_0_initstate_268
593,Robot Initial States,3,2,turn_on_the_stove,0,0,100,0,0,278,,,,,,,,turn on the stove,turn on the stove view 0 0 100 0 0 initstate 278,turn_on_the_stove_view_0_0_100_0_0_initstate_278
594,Robot Initial States,2,3,turn_on_the_stove,0,0,100,0,0,288,,,,,,,,turn on the stove,turn on the stove view 0 0 100 0 0 initstate 288,turn_on_the_stove_view_0_0_100_0_0_initstate_288
595,Robot Initial States,3,2,turn_on_the_stove,0,0,100,0,0,298,,,,,,,,turn on the stove,turn on the stove view 0 0 100 0 0 initstate 298,turn_on_the_stove_view_0_0_100_0_0_initstate_298
596,Robot Initial States,1,4,turn_on_the_stove,0,0,100,0,0,308,,,,,,,,turn on the stove,turn on the stove view 0 0 100 0 0 initstate 308,turn_on_the_stove_view_0_0_100_0_0_initstate_308
597,Robot Initial States,3,2,turn_on_the_stove,0,0,100,0,0,318,,,,,,,,turn on the stove,turn on the stove view 0 0 100 0 0 initstate 318,turn_on_the_stove_view_0_0_100_0_0_initstate_318
598,Robot Initial States,5,0,turn_on_the_stove,0,0,100,0,0,328,,,,,,,,turn on the stove,turn on the stove view 0 0 100 0 0 initstate 328,turn_on_the_stove_view_0_0_100_0_0_initstate_328
599,Robot Initial States,1,4,turn_on_the_stove,0,0,100,0,0,338,,,,,,,,turn on the stove,turn on the stove view 0 0 100 0 0 initstate 338,turn_on_the_stove_view_0_0_100_0_0_initstate_338
600,Robot Initial States,5,0,turn_on_the_stove,0,0,100,0,0,358,,,,,,,,turn on the stove,turn on the stove view 0 0 100 0 0 initstate 358,turn_on_the_stove_view_0_0_100_0_0_initstate_358
601,Robot Initial States,2,3,turn_on_the_stove,0,0,100,0,0,368,,,,,,,,turn on the stove,turn on the stove view 0 0 100 0 0 initstate 368,turn_on_the_stove_view_0_0_100_0_0_initstate_368
602,Robot Initial States,5,0,turn_on_the_stove,0,0,100,0,0,378,,,,,,,,turn on the stove,turn on the stove view 0 0 100 0 0 initstate 378,turn_on_the_stove_view_0_0_100_0_0_initstate_378
603,Robot Initial States,2,3,turn_on_the_stove,0,0,100,0,0,388,,,,,,,,turn on the stove,turn on the stove view 0 0 100 0 0 initstate 388,turn_on_the_stove_view_0_0_100_0_0_initstate_388
604,Robot Initial States,5,0,turn_on_the_stove,0,0,100,0,0,398,,,,,,,,turn on the stove,turn on the stove view 0 0 100 0 0 initstate 398,turn_on_the_stove_view_0_0_100_0_0_initstate_398
605,Robot Initial States,2,3,turn_on_the_stove,0,0,100,0,0,408,,,,,,,,turn on the stove,turn on the stove view 0 0 100 0 0 initstate 408,turn_on_the_stove_view_0_0_100_0_0_initstate_408
606,Robot Initial States,3,2,turn_on_the_stove,0,0,100,0,0,418,,,,,,,,turn on the stove,turn on the stove view 0 0 100 0 0 initstate 418,turn_on_the_stove_view_0_0_100_0_0_initstate_418
607,Robot Initial States,5,0,turn_on_the_stove,0,0,100,0,0,428,,,,,,,,turn on the stove,turn on the stove view 0 0 100 0 0 initstate 428,turn_on_the_stove_view_0_0_100_0_0_initstate_428
608,Robot Initial States,5,0,turn_on_the_stove,0,0,100,0,0,438,,,,,,,,turn on the stove,turn on the stove view 0 0 100 0 0 initstate 438,turn_on_the_stove_view_0_0_100_0_0_initstate_438
609,Robot Initial States,2,3,turn_on_the_stove,0,0,100,0,0,448,,,,,,,,turn on the stove,turn on the stove view 0 0 100 0 0 initstate 448,turn_on_the_stove_view_0_0_100_0_0_initstate_448
610,Robot Initial States,2,3,turn_on_the_stove,0,0,100,0,0,458,,,,,,,,turn on the stove,turn on the stove view 0 0 100 0 0 initstate 458,turn_on_the_stove_view_0_0_100_0_0_initstate_458
611,Robot Initial States,2,3,turn_on_the_stove,0,0,100,0,0,468,,,,,,,,turn on the stove,turn on the stove view 0 0 100 0 0 initstate 468,turn_on_the_stove_view_0_0_100_0_0_initstate_468
612,Robot Initial States,2,3,turn_on_the_stove,0,0,100,0,0,478,,,,,,,,turn on the stove,turn on the stove view 0 0 100 0 0 initstate 478,turn_on_the_stove_view_0_0_100_0_0_initstate_478
613,Robot Initial States,2,3,turn_on_the_stove,0,0,100,0,0,488,,,,,,,,turn on the stove,turn on the stove view 0 0 100 0 0 initstate 488,turn_on_the_stove_view_0_0_100_0_0_initstate_488
614,Robot Initial States,2,3,put_the_bowl_on_the_plate,0,0,100,0,0,19,,,,,,,,put the bowl on the plate,put the bowl on the plate view 0 0 100 0 0 initstate 19,put_the_bowl_on_the_plate_view_0_0_100_0_0_initstate_19
615,Robot Initial States,1,4,put_the_bowl_on_the_plate,0,0,100,0,0,69,,,,,,,,put the bowl on the plate,put the bowl on the plate view 0 0 100 0 0 initstate 69,put_the_bowl_on_the_plate_view_0_0_100_0_0_initstate_69
616,Robot Initial States,1,4,put_the_bowl_on_the_plate,0,0,100,0,0,89,,,,,,,,put the bowl on the plate,put the bowl on the plate view 0 0 100 0 0 initstate 89,put_the_bowl_on_the_plate_view_0_0_100_0_0_initstate_89
617,Robot Initial States,1,4,put_the_bowl_on_the_plate,0,0,100,0,0,109,,,,,,,,put the bowl on the plate,put the bowl on the plate view 0 0 100 0 0 initstate 109,put_the_bowl_on_the_plate_view_0_0_100_0_0_initstate_109
618,Robot Initial States,4,1,put_the_bowl_on_the_plate,0,0,100,0,0,119,,,,,,,,put the bowl on the plate,put the bowl on the plate view 0 0 100 0 0 initstate 119,put_the_bowl_on_the_plate_view_0_0_100_0_0_initstate_119
619,Robot Initial States,2,3,put_the_bowl_on_the_plate,0,0,100,0,0,129,,,,,,,,put the bowl on the plate,put the bowl on the plate view 0 0 100 0 0 initstate 129,put_the_bowl_on_the_plate_view_0_0_100_0_0_initstate_129
620,Robot Initial States,4,1,put_the_bowl_on_the_plate,0,0,100,0,0,139,,,,,,,,put the bowl on the plate,put the bowl on the plate view 0 0 100 0 0 initstate 139,put_the_bowl_on_the_plate_view_0_0_100_0_0_initstate_139
621,Robot Initial States,1,4,put_the_bowl_on_the_plate,0,0,100,0,0,149,,,,,,,,put the bowl on the plate,put the bowl on the plate view 0 0 100 0 0 initstate 149,put_the_bowl_on_the_plate_view_0_0_100_0_0_initstate_149
622,Robot Initial States,3,2,put_the_bowl_on_the_plate,0,0,100,0,0,159,,,,,,,,put the bowl on the plate,put the bowl on the plate view 0 0 100 0 0 initstate 159,put_the_bowl_on_the_plate_view_0_0_100_0_0_initstate_159
623,Robot Initial States,3,2,put_the_bowl_on_the_plate,0,0,100,0,0,169,,,,,,,,put the bowl on the plate,put the bowl on the plate view 0 0 100 0 0 initstate 169,put_the_bowl_on_the_plate_view_0_0_100_0_0_initstate_169
624,Robot Initial States,1,4,put_the_bowl_on_the_plate,0,0,100,0,0,199,,,,,,,,put the bowl on the plate,put the bowl on the plate view 0 0 100 0 0 initstate 199,put_the_bowl_on_the_plate_view_0_0_100_0_0_initstate_199
625,Robot Initial States,4,1,put_the_bowl_on_the_plate,0,0,100,0,0,209,,,,,,,,put the bowl on the plate,put the bowl on the plate view 0 0 100 0 0 initstate 209,put_the_bowl_on_the_plate_view_0_0_100_0_0_initstate_209
626,Robot Initial States,5,0,put_the_bowl_on_the_plate,0,0,100,0,0,219,,,,,,,,put the bowl on the plate,put the bowl on the plate view 0 0 100 0 0 initstate 219,put_the_bowl_on_the_plate_view_0_0_100_0_0_initstate_219
627,Robot Initial States,2,3,put_the_bowl_on_the_plate,0,0,100,0,0,229,,,,,,,,put the bowl on the plate,put the bowl on the plate view 0 0 100 0 0 initstate 229,put_the_bowl_on_the_plate_view_0_0_100_0_0_initstate_229
628,Robot Initial States,3,2,put_the_bowl_on_the_plate,0,0,100,0,0,239,,,,,,,,put the bowl on the plate,put the bowl on the plate view 0 0 100 0 0 initstate 239,put_the_bowl_on_the_plate_view_0_0_100_0_0_initstate_239
629,Robot Initial States,3,2,put_the_bowl_on_the_plate,0,0,100,0,0,249,,,,,,,,put the bowl on the plate,put the bowl on the plate view 0 0 100 0 0 initstate 249,put_the_bowl_on_the_plate_view_0_0_100_0_0_initstate_249
630,Robot Initial States,3,2,put_the_bowl_on_the_plate,0,0,100,0,0,259,,,,,,,,put the bowl on the plate,put the bowl on the plate view 0 0 100 0 0 initstate 259,put_the_bowl_on_the_plate_view_0_0_100_0_0_initstate_259
631,Robot Initial States,2,3,put_the_bowl_on_the_plate,0,0,100,0,0,269,,,,,,,,put the bowl on the plate,put the bowl on the plate view 0 0 100 0 0 initstate 269,put_the_bowl_on_the_plate_view_0_0_100_0_0_initstate_269
632,Robot Initial States,3,2,put_the_bowl_on_the_plate,0,0,100,0,0,279,,,,,,,,put the bowl on the plate,put the bowl on the plate view 0 0 100 0 0 initstate 279,put_the_bowl_on_the_plate_view_0_0_100_0_0_initstate_279
633,Robot Initial States,1,4,put_the_bowl_on_the_plate,0,0,100,0,0,289,,,,,,,,put the bowl on the plate,put the bowl on the plate view 0 0 100 0 0 initstate 289,put_the_bowl_on_the_plate_view_0_0_100_0_0_initstate_289
634,Robot Initial States,4,1,put_the_bowl_on_the_plate,0,0,100,0,0,299,,,,,,,,put the bowl on the plate,put the bowl on the plate view 0 0 100 0 0 initstate 299,put_the_bowl_on_the_plate_view_0_0_100_0_0_initstate_299
635,Robot Initial States,5,0,put_the_bowl_on_the_plate,0,0,100,0,0,309,,,,,,,,put the bowl on the plate,put the bowl on the plate view 0 0 100 0 0 initstate 309,put_the_bowl_on_the_plate_view_0_0_100_0_0_initstate_309
636,Robot Initial States,3,2,put_the_bowl_on_the_plate,0,0,100,0,0,319,,,,,,,,put the bowl on the plate,put the bowl on the plate view 0 0 100 0 0 initstate 319,put_the_bowl_on_the_plate_view_0_0_100_0_0_initstate_319
637,Robot Initial States,5,0,put_the_bowl_on_the_plate,0,0,100,0,0,329,,,,,,,,put the bowl on the plate,put the bowl on the plate view 0 0 100 0 0 initstate 329,put_the_bowl_on_the_plate_view_0_0_100_0_0_initstate_329
638,Robot Initial States,3,2,put_the_bowl_on_the_plate,0,0,100,0,0,369,,,,,,,,put the bowl on the plate,put the bowl on the plate view 0 0 100 0 0 initstate 369,put_the_bowl_on_the_plate_view_0_0_100_0_0_initstate_369
639,Robot Initial States,5,0,put_the_bowl_on_the_plate,0,0,100,0,0,379,,,,,,,,put the bowl on the plate,put the bowl on the plate view 0 0 100 0 0 initstate 379,put_the_bowl_on_the_plate_view_0_0_100_0_0_initstate_379
640,Robot Initial States,3,2,put_the_bowl_on_the_plate,0,0,100,0,0,389,,,,,,,,put the bowl on the plate,put the bowl on the plate view 0 0 100 0 0 initstate 389,put_the_bowl_on_the_plate_view_0_0_100_0_0_initstate_389
641,Robot Initial States,5,0,put_the_bowl_on_the_plate,0,0,100,0,0,409,,,,,,,,put the bowl on the plate,put the bowl on the plate view 0 0 100 0 0 initstate 409,put_the_bowl_on_the_plate_view_0_0_100_0_0_initstate_409
642,Robot Initial States,4,1,put_the_bowl_on_the_plate,0,0,100,0,0,419,,,,,,,,put the bowl on the plate,put the bowl on the plate view 0 0 100 0 0 initstate 419,put_the_bowl_on_the_plate_view_0_0_100_0_0_initstate_419
643,Robot Initial States,5,0,put_the_bowl_on_the_plate,0,0,100,0,0,429,,,,,,,,put the bowl on the plate,put the bowl on the plate view 0 0 100 0 0 initstate 429,put_the_bowl_on_the_plate_view_0_0_100_0_0_initstate_429
644,Robot Initial States,3,2,put_the_bowl_on_the_plate,0,0,100,0,0,439,,,,,,,,put the bowl on the plate,put the bowl on the plate view 0 0 100 0 0 initstate 439,put_the_bowl_on_the_plate_view_0_0_100_0_0_initstate_439
645,Robot Initial States,3,2,put_the_bowl_on_the_plate,0,0,100,0,0,449,,,,,,,,put the bowl on the plate,put the bowl on the plate view 0 0 100 0 0 initstate 449,put_the_bowl_on_the_plate_view_0_0_100_0_0_initstate_449
646,Robot Initial States,3,2,put_the_bowl_on_the_plate,0,0,100,0,0,459,,,,,,,,put the bowl on the plate,put the bowl on the plate view 0 0 100 0 0 initstate 459,put_the_bowl_on_the_plate_view_0_0_100_0_0_initstate_459
647,Robot Initial States,5,0,put_the_bowl_on_the_plate,0,0,100,0,0,469,,,,,,,,put the bowl on the plate,put the bowl on the plate view 0 0 100 0 0 initstate 469,put_the_bowl_on_the_plate_view_0_0_100_0_0_initstate_469
648,Robot Initial States,5,0,put_the_bowl_on_the_plate,0,0,100,0,0,479,,,,,,,,put the bowl on the plate,put the bowl on the plate view 0 0 100 0 0 initstate 479,put_the_bowl_on_the_plate_view_0_0_100_0_0_initstate_479
649,Robot Initial States,3,2,put_the_bowl_on_the_plate,0,0,100,0,0,489,,,,,,,,put the bowl on the plate,put the bowl on the plate view 0 0 100 0 0 initstate 489,put_the_bowl_on_the_plate_view_0_0_100_0_0_initstate_489
650,Robot Initial States,5,0,put_the_bowl_on_the_plate,0,0,100,0,0,499,,,,,,,,put the bowl on the plate,put the bowl on the plate view 0 0 100 0 0 initstate 499,put_the_bowl_on_the_plate_view_0_0_100_0_0_initstate_499
651,Robot Initial States,2,3,put_the_wine_bottle_on_the_rack,0,0,100,0,0,10,,,,,,,,put the wine bottle on the rack,put the wine bottle on the rack view 0 0 100 0 0 initstate 10,put_the_wine_bottle_on_the_rack_view_0_0_100_0_0_initstate_10
652,Robot Initial States,3,2,put_the_wine_bottle_on_the_rack,0,0,100,0,0,20,,,,,,,,put the wine bottle on the rack,put the wine bottle on the rack view 0 0 100 0 0 initstate 20,put_the_wine_bottle_on_the_rack_view_0_0_100_0_0_initstate_20
653,Robot Initial States,5,0,put_the_wine_bottle_on_the_rack,0,0,100,0,0,30,,,,,,,,put the wine bottle on the rack,put the wine bottle on the rack view 0 0 100 0 0 initstate 30,put_the_wine_bottle_on_the_rack_view_0_0_100_0_0_initstate_30
654,Robot Initial States,1,4,put_the_wine_bottle_on_the_rack,0,0,100,0,0,40,,,,,,,,put the wine bottle on the rack,put the wine bottle on the rack view 0 0 100 0 0 initstate 40,put_the_wine_bottle_on_the_rack_view_0_0_100_0_0_initstate_40
655,Robot Initial States,2,3,put_the_wine_bottle_on_the_rack,0,0,100,0,0,50,,,,,,,,put the wine bottle on the rack,put the wine bottle on the rack view 0 0 100 0 0 initstate 50,put_the_wine_bottle_on_the_rack_view_0_0_100_0_0_initstate_50
656,Robot Initial States,2,3,put_the_wine_bottle_on_the_rack,0,0,100,0,0,70,,,,,,,,put the wine bottle on the rack,put the wine bottle on the rack view 0 0 100 0 0 initstate 70,put_the_wine_bottle_on_the_rack_view_0_0_100_0_0_initstate_70
657,Robot Initial States,1,4,put_the_wine_bottle_on_the_rack,0,0,100,0,0,80,,,,,,,,put the wine bottle on the rack,put the wine bottle on the rack view 0 0 100 0 0 initstate 80,put_the_wine_bottle_on_the_rack_view_0_0_100_0_0_initstate_80
658,Robot Initial States,2,3,put_the_wine_bottle_on_the_rack,0,0,100,0,0,90,,,,,,,,put the wine bottle on the rack,put the wine bottle on the rack view 0 0 100 0 0 initstate 90,put_the_wine_bottle_on_the_rack_view_0_0_100_0_0_initstate_90
659,Robot Initial States,3,2,put_the_wine_bottle_on_the_rack,0,0,100,0,0,110,,,,,,,,put the wine bottle on the rack,put the wine bottle on the rack view 0 0 100 0 0 initstate 110,put_the_wine_bottle_on_the_rack_view_0_0_100_0_0_initstate_110
660,Robot Initial States,5,0,put_the_wine_bottle_on_the_rack,0,0,100,0,0,120,,,,,,,,put the wine bottle on the rack,put the wine bottle on the rack view 0 0 100 0 0 initstate 120,put_the_wine_bottle_on_the_rack_view_0_0_100_0_0_initstate_120
661,Robot Initial States,3,2,put_the_wine_bottle_on_the_rack,0,0,100,0,0,130,,,,,,,,put the wine bottle on the rack,put the wine bottle on the rack view 0 0 100 0 0 initstate 130,put_the_wine_bottle_on_the_rack_view_0_0_100_0_0_initstate_130
662,Robot Initial States,2,3,put_the_wine_bottle_on_the_rack,0,0,100,0,0,140,,,,,,,,put the wine bottle on the rack,put the wine bottle on the rack view 0 0 100 0 0 initstate 140,put_the_wine_bottle_on_the_rack_view_0_0_100_0_0_initstate_140
663,Robot Initial States,4,1,put_the_wine_bottle_on_the_rack,0,0,100,0,0,160,,,,,,,,put the wine bottle on the rack,put the wine bottle on the rack view 0 0 100 0 0 initstate 160,put_the_wine_bottle_on_the_rack_view_0_0_100_0_0_initstate_160
664,Robot Initial States,1,4,put_the_wine_bottle_on_the_rack,0,0,100,0,0,170,,,,,,,,put the wine bottle on the rack,put the wine bottle on the rack view 0 0 100 0 0 initstate 170,put_the_wine_bottle_on_the_rack_view_0_0_100_0_0_initstate_170
665,Robot Initial States,2,3,put_the_wine_bottle_on_the_rack,0,0,100,0,0,180,,,,,,,,put the wine bottle on the rack,put the wine bottle on the rack view 0 0 100 0 0 initstate 180,put_the_wine_bottle_on_the_rack_view_0_0_100_0_0_initstate_180
666,Robot Initial States,3,2,put_the_wine_bottle_on_the_rack,0,0,100,0,0,190,,,,,,,,put the wine bottle on the rack,put the wine bottle on the rack view 0 0 100 0 0 initstate 190,put_the_wine_bottle_on_the_rack_view_0_0_100_0_0_initstate_190
667,Robot Initial States,2,3,put_the_wine_bottle_on_the_rack,0,0,100,0,0,200,,,,,,,,put the wine bottle on the rack,put the wine bottle on the rack view 0 0 100 0 0 initstate 200,put_the_wine_bottle_on_the_rack_view_0_0_100_0_0_initstate_200
668,Robot Initial States,5,0,put_the_wine_bottle_on_the_rack,0,0,100,0,0,210,,,,,,,,put the wine bottle on the rack,put the wine bottle on the rack view 0 0 100 0 0 initstate 210,put_the_wine_bottle_on_the_rack_view_0_0_100_0_0_initstate_210
669,Robot Initial States,1,4,put_the_wine_bottle_on_the_rack,0,0,100,0,0,220,,,,,,,,put the wine bottle on the rack,put the wine bottle on the rack view 0 0 100 0 0 initstate 220,put_the_wine_bottle_on_the_rack_view_0_0_100_0_0_initstate_220
670,Robot Initial States,5,0,put_the_wine_bottle_on_the_rack,0,0,100,0,0,230,,,,,,,,put the wine bottle on the rack,put the wine bottle on the rack view 0 0 100 0 0 initstate 230,put_the_wine_bottle_on_the_rack_view_0_0_100_0_0_initstate_230
671,Robot Initial States,3,2,put_the_wine_bottle_on_the_rack,0,0,100,0,0,240,,,,,,,,put the wine bottle on the rack,put the wine bottle on the rack view 0 0 100 0 0 initstate 240,put_the_wine_bottle_on_the_rack_view_0_0_100_0_0_initstate_240
672,Robot Initial States,5,0,put_the_wine_bottle_on_the_rack,0,0,100,0,0,250,,,,,,,,put the wine bottle on the rack,put the wine bottle on the rack view 0 0 100 0 0 initstate 250,put_the_wine_bottle_on_the_rack_view_0_0_100_0_0_initstate_250
673,Robot Initial States,5,0,put_the_wine_bottle_on_the_rack,0,0,100,0,0,260,,,,,,,,put the wine bottle on the rack,put the wine bottle on the rack view 0 0 100 0 0 initstate 260,put_the_wine_bottle_on_the_rack_view_0_0_100_0_0_initstate_260
674,Robot Initial States,5,0,put_the_wine_bottle_on_the_rack,0,0,100,0,0,270,,,,,,,,put the wine bottle on the rack,put the wine bottle on the rack view 0 0 100 0 0 initstate 270,put_the_wine_bottle_on_the_rack_view_0_0_100_0_0_initstate_270
675,Robot Initial States,4,1,put_the_wine_bottle_on_the_rack,0,0,100,0,0,280,,,,,,,,put the wine bottle on the rack,put the wine bottle on the rack view 0 0 100 0 0 initstate 280,put_the_wine_bottle_on_the_rack_view_0_0_100_0_0_initstate_280
676,Robot Initial States,5,0,put_the_wine_bottle_on_the_rack,0,0,100,0,0,290,,,,,,,,put the wine bottle on the rack,put the wine bottle on the rack view 0 0 100 0 0 initstate 290,put_the_wine_bottle_on_the_rack_view_0_0_100_0_0_initstate_290
677,Robot Initial States,4,1,put_the_wine_bottle_on_the_rack,0,0,100,0,0,300,,,,,,,,put the wine bottle on the rack,put the wine bottle on the rack view 0 0 100 0 0 initstate 300,put_the_wine_bottle_on_the_rack_view_0_0_100_0_0_initstate_300
678,Robot Initial States,2,3,put_the_wine_bottle_on_the_rack,0,0,100,0,0,360,,,,,,,,put the wine bottle on the rack,put the wine bottle on the rack view 0 0 100 0 0 initstate 360,put_the_wine_bottle_on_the_rack_view_0_0_100_0_0_initstate_360
679,Robot Initial States,5,0,put_the_wine_bottle_on_the_rack,0,0,100,0,0,370,,,,,,,,put the wine bottle on the rack,put the wine bottle on the rack view 0 0 100 0 0 initstate 370,put_the_wine_bottle_on_the_rack_view_0_0_100_0_0_initstate_370
680,Robot Initial States,4,1,put_the_wine_bottle_on_the_rack,0,0,100,0,0,380,,,,,,,,put the wine bottle on the rack,put the wine bottle on the rack view 0 0 100 0 0 initstate 380,put_the_wine_bottle_on_the_rack_view_0_0_100_0_0_initstate_380
681,Robot Initial States,3,2,put_the_wine_bottle_on_the_rack,0,0,100,0,0,390,,,,,,,,put the wine bottle on the rack,put the wine bottle on the rack view 0 0 100 0 0 initstate 390,put_the_wine_bottle_on_the_rack_view_0_0_100_0_0_initstate_390
682,Robot Initial States,3,2,put_the_wine_bottle_on_the_rack,0,0,100,0,0,400,,,,,,,,put the wine bottle on the rack,put the wine bottle on the rack view 0 0 100 0 0 initstate 400,put_the_wine_bottle_on_the_rack_view_0_0_100_0_0_initstate_400
683,Robot Initial States,5,0,put_the_wine_bottle_on_the_rack,0,0,100,0,0,420,,,,,,,,put the wine bottle on the rack,put the wine bottle on the rack view 0 0 100 0 0 initstate 420,put_the_wine_bottle_on_the_rack_view_0_0_100_0_0_initstate_420
684,Robot Initial States,5,0,put_the_wine_bottle_on_the_rack,0,0,100,0,0,440,,,,,,,,put the wine bottle on the rack,put the wine bottle on the rack view 0 0 100 0 0 initstate 440,put_the_wine_bottle_on_the_rack_view_0_0_100_0_0_initstate_440
685,Robot Initial States,5,0,put_the_wine_bottle_on_the_rack,0,0,100,0,0,450,,,,,,,,put the wine bottle on the rack,put the wine bottle on the rack view 0 0 100 0 0 initstate 450,put_the_wine_bottle_on_the_rack_view_0_0_100_0_0_initstate_450
686,Robot Initial States,5,0,put_the_wine_bottle_on_the_rack,0,0,100,0,0,460,,,,,,,,put the wine bottle on the rack,put the wine bottle on the rack view 0 0 100 0 0 initstate 460,put_the_wine_bottle_on_the_rack_view_0_0_100_0_0_initstate_460
687,Robot Initial States,3,2,put_the_wine_bottle_on_the_rack,0,0,100,0,0,480,,,,,,,,put the wine bottle on the rack,put the wine bottle on the rack view 0 0 100 0 0 initstate 480,put_the_wine_bottle_on_the_rack_view_0_0_100_0_0_initstate_480
688,Robot Initial States,5,0,put_the_wine_bottle_on_the_rack,0,0,100,0,0,490,,,,,,,,put the wine bottle on the rack,put the wine bottle on the rack view 0 0 100 0 0 initstate 490,put_the_wine_bottle_on_the_rack_view_0_0_100_0_0_initstate_490
689,Robot Initial States,2,3,put_the_wine_bottle_on_the_rack,0,0,100,0,0,500,,,,,,,,put the wine bottle on the rack,put the wine bottle on the rack view 0 0 100 0 0 initstate 500,put_the_wine_bottle_on_the_rack_view_0_0_100_0_0_initstate_500
690,Camera Viewpoints,2,3,open_the_middle_drawer_of_the_cabinet,0,0,100,2,4,0,,,,,,,,open the middle drawer of the cabinet,open the middle drawer of the cabinet view 0 0 100 2 4 initstate 0,open_the_middle_drawer_of_the_cabinet_view_0_0_100_2_4_initstate_0
691,Camera Viewpoints,3,2,open_the_middle_drawer_of_the_cabinet,0,0,100,2,6,0,,,,,,,,open the middle drawer of the cabinet,open the middle drawer of the cabinet view 0 0 100 2 6 initstate 0,open_the_middle_drawer_of_the_cabinet_view_0_0_100_2_6_initstate_0
692,Camera Viewpoints,2,3,open_the_middle_drawer_of_the_cabinet,0,0,100,2,8,0,,,,,,,,open the middle drawer of the cabinet,open the middle drawer of the cabinet view 0 0 100 2 8 initstate 0,open_the_middle_drawer_of_the_cabinet_view_0_0_100_2_8_initstate_0
693,Camera Viewpoints,3,2,open_the_middle_drawer_of_the_cabinet,0,0,100,2,10,0,,,,,,,,open the middle drawer of the cabinet,open the middle drawer of the cabinet view 0 0 100 2 10 initstate 0,open_the_middle_drawer_of_the_cabinet_view_0_0_100_2_10_initstate_0
694,Camera Viewpoints,2,3,open_the_middle_drawer_of_the_cabinet,0,0,100,2,350,0,,,,,,,,open the middle drawer of the cabinet,open the middle drawer of the cabinet view 0 0 100 2 350 initstate 0,open_the_middle_drawer_of_the_cabinet_view_0_0_100_2_350_initstate_0
695,Camera Viewpoints,2,3,open_the_middle_drawer_of_the_cabinet,0,0,100,2,352,0,,,,,,,,open the middle drawer of the cabinet,open the middle drawer of the cabinet view 0 0 100 2 352 initstate 0,open_the_middle_drawer_of_the_cabinet_view_0_0_100_2_352_initstate_0
696,Camera Viewpoints,1,4,open_the_middle_drawer_of_the_cabinet,0,0,100,2,354,0,,,,,,,,open the middle drawer of the cabinet,open the middle drawer of the cabinet view 0 0 100 2 354 initstate 0,open_the_middle_drawer_of_the_cabinet_view_0_0_100_2_354_initstate_0
697,Camera Viewpoints,4,1,open_the_middle_drawer_of_the_cabinet,1,15,100,0,0,0,,,,,,,,open the middle drawer of the cabinet,open the middle drawer of the cabinet view 1 15 100 0 0 initstate 0,open_the_middle_drawer_of_the_cabinet_view_1_15_100_0_0_initstate_0
698,Camera Viewpoints,4,1,open_the_middle_drawer_of_the_cabinet,2,15,100,0,0,0,,,,,,,,open the middle drawer of the cabinet,open the middle drawer of the cabinet view 2 15 100 0 0 initstate 0,open_the_middle_drawer_of_the_cabinet_view_2_15_100_0_0_initstate_0
699,Camera Viewpoints,3,2,open_the_middle_drawer_of_the_cabinet,4,15,100,0,0,0,,,,,,,,open the middle drawer of the cabinet,open the middle drawer of the cabinet view 4 15 100 0 0 initstate 0,open_the_middle_drawer_of_the_cabinet_view_4_15_100_0_0_initstate_0
700,Camera Viewpoints,3,2,open_the_middle_drawer_of_the_cabinet,5,15,100,0,0,0,,,,,,,,open the middle drawer of the cabinet,open the middle drawer of the cabinet view 5 15 100 0 0 initstate 0,open_the_middle_drawer_of_the_cabinet_view_5_15_100_0_0_initstate_0
701,Camera Viewpoints,3,2,open_the_middle_drawer_of_the_cabinet,6,15,100,0,0,0,,,,,,,,open the middle drawer of the cabinet,open the middle drawer of the cabinet view 6 15 100 0 0 initstate 0,open_the_middle_drawer_of_the_cabinet_view_6_15_100_0_0_initstate_0
702,Camera Viewpoints,2,3,open_the_middle_drawer_of_the_cabinet,7,15,100,0,0,0,,,,,,,,open the middle drawer of the cabinet,open the middle drawer of the cabinet view 7 15 100 0 0 initstate 0,open_the_middle_drawer_of_the_cabinet_view_7_15_100_0_0_initstate_0
703,Camera Viewpoints,2,3,open_the_middle_drawer_of_the_cabinet,8,15,100,0,0,0,,,,,,,,open the middle drawer of the cabinet,open the middle drawer of the cabinet view 8 15 100 0 0 initstate 0,open_the_middle_drawer_of_the_cabinet_view_8_15_100_0_0_initstate_0
704,Camera Viewpoints,2,3,open_the_middle_drawer_of_the_cabinet,9,15,100,0,0,0,,,,,,,,open the middle drawer of the cabinet,open the middle drawer of the cabinet view 9 15 100 0 0 initstate 0,open_the_middle_drawer_of_the_cabinet_view_9_15_100_0_0_initstate_0
705,Camera Viewpoints,3,2,open_the_middle_drawer_of_the_cabinet,10,15,100,0,0,0,,,,,,,,open the middle drawer of the cabinet,open the middle drawer of the cabinet view 10 15 100 0 0 initstate 0,open_the_middle_drawer_of_the_cabinet_view_10_15_100_0_0_initstate_0
706,Camera Viewpoints,2,3,open_the_middle_drawer_of_the_cabinet,11,15,100,0,0,0,,,,,,,,open the middle drawer of the cabinet,open the middle drawer of the cabinet view 11 15 100 0 0 initstate 0,open_the_middle_drawer_of_the_cabinet_view_11_15_100_0_0_initstate_0
707,Camera Viewpoints,2,3,open_the_middle_drawer_of_the_cabinet,12,15,100,0,0,0,,,,,,,,open the middle drawer of the cabinet,open the middle drawer of the cabinet view 12 15 100 0 0 initstate 0,open_the_middle_drawer_of_the_cabinet_view_12_15_100_0_0_initstate_0
708,Camera Viewpoints,3,2,open_the_middle_drawer_of_the_cabinet,13,15,100,0,0,0,,,,,,,,open the middle drawer of the cabinet,open the middle drawer of the cabinet view 13 15 100 0 0 initstate 0,open_the_middle_drawer_of_the_cabinet_view_13_15_100_0_0_initstate_0
709,Camera Viewpoints,2,3,open_the_middle_drawer_of_the_cabinet,14,15,100,0,0,0,,,,,,,,open the middle drawer of the cabinet,open the middle drawer of the cabinet view 14 15 100 0 0 initstate 0,open_the_middle_drawer_of_the_cabinet_view_14_15_100_0_0_initstate_0
710,Camera Viewpoints,2,3,open_the_middle_drawer_of_the_cabinet,15,15,100,0,0,0,,,,,,,,open the middle drawer of the cabinet,open the middle drawer of the cabinet view 15 15 100 0 0 initstate 0,open_the_middle_drawer_of_the_cabinet_view_15_15_100_0_0_initstate_0
711,Camera Viewpoints,1,4,put_the_bowl_on_the_stove,0,0,115,0,0,0,,,,,,,,put the bowl on the stove,put the bowl on the stove view 0 0 115 0 0 initstate 0,put_the_bowl_on_the_stove_view_0_0_115_0_0_initstate_0
712,Camera Viewpoints,1,4,put_the_bowl_on_the_stove,0,0,119,0,0,0,,,,,,,,put the bowl on the stove,put the bowl on the stove view 0 0 119 0 0 initstate 0,put_the_bowl_on_the_stove_view_0_0_119_0_0_initstate_0
713,Camera Viewpoints,1,4,put_the_bowl_on_the_stove,0,0,120,0,0,0,,,,,,,,put the bowl on the stove,put the bowl on the stove view 0 0 120 0 0 initstate 0,put_the_bowl_on_the_stove_view_0_0_120_0_0_initstate_0
714,Camera Viewpoints,1,4,put_the_bowl_on_the_stove,0,0,100,4,6,0,,,,,,,,put the bowl on the stove,put the bowl on the stove view 0 0 100 4 6 initstate 0,put_the_bowl_on_the_stove_view_0_0_100_4_6_initstate_0
715,Camera Viewpoints,1,4,put_the_bowl_on_the_stove,0,0,100,4,10,0,,,,,,,,put the bowl on the stove,put the bowl on the stove view 0 0 100 4 10 initstate 0,put_the_bowl_on_the_stove_view_0_0_100_4_10_initstate_0
716,Camera Viewpoints,1,4,put_the_bowl_on_the_stove,0,0,100,4,350,0,,,,,,,,put the bowl on the stove,put the bowl on the stove view 0 0 100 4 350 initstate 0,put_the_bowl_on_the_stove_view_0_0_100_4_350_initstate_0
717,Camera Viewpoints,1,4,put_the_bowl_on_the_stove,0,0,100,4,352,0,,,,,,,,put the bowl on the stove,put the bowl on the stove view 0 0 100 4 352 initstate 0,put_the_bowl_on_the_stove_view_0_0_100_4_352_initstate_0
718,Camera Viewpoints,2,3,put_the_bowl_on_the_stove,16,15,100,0,0,0,,,,,,,,put the bowl on the stove,put the bowl on the stove view 16 15 100 0 0 initstate 0,put_the_bowl_on_the_stove_view_16_15_100_0_0_initstate_0
719,Camera Viewpoints,1,4,put_the_bowl_on_the_stove,17,0,100,0,0,0,,,,,,,,put the bowl on the stove,put the bowl on the stove view 17 0 100 0 0 initstate 0,put_the_bowl_on_the_stove_view_17_0_100_0_0_initstate_0
720,Camera Viewpoints,2,3,put_the_bowl_on_the_stove,17,15,100,0,0,0,,,,,,,,put the bowl on the stove,put the bowl on the stove view 17 15 100 0 0 initstate 0,put_the_bowl_on_the_stove_view_17_15_100_0_0_initstate_0
721,Camera Viewpoints,1,4,put_the_bowl_on_the_stove,18,0,100,0,0,0,,,,,,,,put the bowl on the stove,put the bowl on the stove view 18 0 100 0 0 initstate 0,put_the_bowl_on_the_stove_view_18_0_100_0_0_initstate_0
722,Camera Viewpoints,2,3,put_the_bowl_on_the_stove,18,15,100,0,0,0,,,,,,,,put the bowl on the stove,put the bowl on the stove view 18 15 100 0 0 initstate 0,put_the_bowl_on_the_stove_view_18_15_100_0_0_initstate_0
723,Camera Viewpoints,1,4,put_the_bowl_on_the_stove,19,0,100,0,0,0,,,,,,,,put the bowl on the stove,put the bowl on the stove view 19 0 100 0 0 initstate 0,put_the_bowl_on_the_stove_view_19_0_100_0_0_initstate_0
724,Camera Viewpoints,2,3,put_the_bowl_on_the_stove,19,15,100,0,0,0,,,,,,,,put the bowl on the stove,put the bowl on the stove view 19 15 100 0 0 initstate 0,put_the_bowl_on_the_stove_view_19_15_100_0_0_initstate_0
725,Camera Viewpoints,2,3,put_the_bowl_on_the_stove,20,15,100,0,0,0,,,,,,,,put the bowl on the stove,put the bowl on the stove view 20 15 100 0 0 initstate 0,put_the_bowl_on_the_stove_view_20_15_100_0_0_initstate_0
726,Camera Viewpoints,2,3,put_the_bowl_on_the_stove,21,15,100,0,0,0,,,,,,,,put the bowl on the stove,put the bowl on the stove view 21 15 100 0 0 initstate 0,put_the_bowl_on_the_stove_view_21_15_100_0_0_initstate_0
727,Camera Viewpoints,3,2,put_the_bowl_on_the_stove,22,15,100,0,0,0,,,,,,,,put the bowl on the stove,put the bowl on the stove view 22 15 100 0 0 initstate 0,put_the_bowl_on_the_stove_view_22_15_100_0_0_initstate_0
728,Camera Viewpoints,2,3,put_the_bowl_on_the_stove,23,0,100,0,0,0,,,,,,,,put the bowl on the stove,put the bowl on the stove view 23 0 100 0 0 initstate 0,put_the_bowl_on_the_stove_view_23_0_100_0_0_initstate_0
729,Camera Viewpoints,2,3,put_the_bowl_on_the_stove,23,15,100,0,0,0,,,,,,,,put the bowl on the stove,put the bowl on the stove view 23 15 100 0 0 initstate 0,put_the_bowl_on_the_stove_view_23_15_100_0_0_initstate_0
730,Camera Viewpoints,1,4,put_the_bowl_on_the_stove,24,0,100,0,0,0,,,,,,,,put the bowl on the stove,put the bowl on the stove view 24 0 100 0 0 initstate 0,put_the_bowl_on_the_stove_view_24_0_100_0_0_initstate_0
731,Camera Viewpoints,2,3,put_the_bowl_on_the_stove,24,15,100,0,0,0,,,,,,,,put the bowl on the stove,put the bowl on the stove view 24 15 100 0 0 initstate 0,put_the_bowl_on_the_stove_view_24_15_100_0_0_initstate_0
732,Camera Viewpoints,1,4,put_the_bowl_on_the_stove,25,0,100,0,0,0,,,,,,,,put the bowl on the stove,put the bowl on the stove view 25 0 100 0 0 initstate 0,put_the_bowl_on_the_stove_view_25_0_100_0_0_initstate_0
733,Camera Viewpoints,1,4,put_the_bowl_on_the_stove,25,15,100,0,0,0,,,,,,,,put the bowl on the stove,put the bowl on the stove view 25 15 100 0 0 initstate 0,put_the_bowl_on_the_stove_view_25_15_100_0_0_initstate_0
734,Camera Viewpoints,2,3,put_the_bowl_on_the_stove,26,0,100,0,0,0,,,,,,,,put the bowl on the stove,put the bowl on the stove view 26 0 100 0 0 initstate 0,put_the_bowl_on_the_stove_view_26_0_100_0_0_initstate_0
735,Camera Viewpoints,2,3,put_the_bowl_on_the_stove,26,15,100,0,0,0,,,,,,,,put the bowl on the stove,put the bowl on the stove view 26 15 100 0 0 initstate 0,put_the_bowl_on_the_stove_view_26_15_100_0_0_initstate_0
736,Camera Viewpoints,1,4,put_the_bowl_on_the_stove,27,15,100,0,0,0,,,,,,,,put the bowl on the stove,put the bowl on the stove view 27 15 100 0 0 initstate 0,put_the_bowl_on_the_stove_view_27_15_100_0_0_initstate_0
737,Camera Viewpoints,2,3,put_the_bowl_on_the_stove,28,0,100,0,0,0,,,,,,,,put the bowl on the stove,put the bowl on the stove view 28 0 100 0 0 initstate 0,put_the_bowl_on_the_stove_view_28_0_100_0_0_initstate_0
738,Camera Viewpoints,2,3,put_the_bowl_on_the_stove,28,15,100,0,0,0,,,,,,,,put the bowl on the stove,put the bowl on the stove view 28 15 100 0 0 initstate 0,put_the_bowl_on_the_stove_view_28_15_100_0_0_initstate_0
739,Camera Viewpoints,1,4,put_the_bowl_on_the_stove,29,0,100,0,0,0,,,,,,,,put the bowl on the stove,put the bowl on the stove view 29 0 100 0 0 initstate 0,put_the_bowl_on_the_stove_view_29_0_100_0_0_initstate_0
740,Camera Viewpoints,2,3,put_the_bowl_on_the_stove,29,15,100,0,0,0,,,,,,,,put the bowl on the stove,put the bowl on the stove view 29 15 100 0 0 initstate 0,put_the_bowl_on_the_stove_view_29_15_100_0_0_initstate_0
741,Camera Viewpoints,2,3,put_the_bowl_on_the_stove,30,0,100,0,0,0,,,,,,,,put the bowl on the stove,put the bowl on the stove view 30 0 100 0 0 initstate 0,put_the_bowl_on_the_stove_view_30_0_100_0_0_initstate_0
742,Camera Viewpoints,1,4,put_the_bowl_on_the_stove,30,15,100,0,0,0,,,,,,,,put the bowl on the stove,put the bowl on the stove view 30 15 100 0 0 initstate 0,put_the_bowl_on_the_stove_view_30_15_100_0_0_initstate_0
743,Camera Viewpoints,1,4,put_the_wine_bottle_on_top_of_the_cabinet,0,0,123,0,0,0,,,,,,,,put the wine bottle on top of the cabinet,put the wine bottle on top of the cabinet view 0 0 123 0 0 initstate 0,put_the_wine_bottle_on_top_of_the_cabinet_view_0_0_123_0_0_initstate_0
744,Camera Viewpoints,2,3,put_the_wine_bottle_on_top_of_the_cabinet,0,0,125,0,0,0,,,,,,,,put the wine bottle on top of the cabinet,put the wine bottle on top of the cabinet view 0 0 125 0 0 initstate 0,put_the_wine_bottle_on_top_of_the_cabinet_view_0_0_125_0_0_initstate_0
745,Camera Viewpoints,1,4,put_the_wine_bottle_on_top_of_the_cabinet,0,0,126,0,0,0,,,,,,,,put the wine bottle on top of the cabinet,put the wine bottle on top of the cabinet view 0 0 126 0 0 initstate 0,put_the_wine_bottle_on_top_of_the_cabinet_view_0_0_126_0_0_initstate_0
746,Camera Viewpoints,2,3,put_the_wine_bottle_on_top_of_the_cabinet,0,0,127,0,0,0,,,,,,,,put the wine bottle on top of the cabinet,put the wine bottle on top of the cabinet view 0 0 127 0 0 initstate 0,put_the_wine_bottle_on_top_of_the_cabinet_view_0_0_127_0_0_initstate_0
747,Camera Viewpoints,1,4,put_the_wine_bottle_on_top_of_the_cabinet,0,0,128,0,0,0,,,,,,,,put the wine bottle on top of the cabinet,put the wine bottle on top of the cabinet view 0 0 128 0 0 initstate 0,put_the_wine_bottle_on_top_of_the_cabinet_view_0_0_128_0_0_initstate_0
748,Camera Viewpoints,1,4,put_the_wine_bottle_on_top_of_the_cabinet,0,0,129,0,0,0,,,,,,,,put the wine bottle on top of the cabinet,put the wine bottle on top of the cabinet view 0 0 129 0 0 initstate 0,put_the_wine_bottle_on_top_of_the_cabinet_view_0_0_129_0_0_initstate_0
749,Camera Viewpoints,1,4,put_the_wine_bottle_on_top_of_the_cabinet,0,0,130,0,0,0,,,,,,,,put the wine bottle on top of the cabinet,put the wine bottle on top of the cabinet view 0 0 130 0 0 initstate 0,put_the_wine_bottle_on_top_of_the_cabinet_view_0_0_130_0_0_initstate_0
750,Camera Viewpoints,1,4,put_the_wine_bottle_on_top_of_the_cabinet,0,0,100,6,4,0,,,,,,,,put the wine bottle on top of the cabinet,put the wine bottle on top of the cabinet view 0 0 100 6 4 initstate 0,put_the_wine_bottle_on_top_of_the_cabinet_view_0_0_100_6_4_initstate_0
751,Camera Viewpoints,1,4,put_the_wine_bottle_on_top_of_the_cabinet,0,0,100,6,6,0,,,,,,,,put the wine bottle on top of the cabinet,put the wine bottle on top of the cabinet view 0 0 100 6 6 initstate 0,put_the_wine_bottle_on_top_of_the_cabinet_view_0_0_100_6_6_initstate_0
752,Camera Viewpoints,2,3,put_the_wine_bottle_on_top_of_the_cabinet,0,0,100,6,10,0,,,,,,,,put the wine bottle on top of the cabinet,put the wine bottle on top of the cabinet view 0 0 100 6 10 initstate 0,put_the_wine_bottle_on_top_of_the_cabinet_view_0_0_100_6_10_initstate_0
753,Camera Viewpoints,3,2,put_the_wine_bottle_on_top_of_the_cabinet,31,0,100,0,0,0,,,,,,,,put the wine bottle on top of the cabinet,put the wine bottle on top of the cabinet view 31 0 100 0 0 initstate 0,put_the_wine_bottle_on_top_of_the_cabinet_view_31_0_100_0_0_initstate_0
754,Camera Viewpoints,4,1,put_the_wine_bottle_on_top_of_the_cabinet,31,15,100,0,0,0,,,,,,,,put the wine bottle on top of the cabinet,put the wine bottle on top of the cabinet view 31 15 100 0 0 initstate 0,put_the_wine_bottle_on_top_of_the_cabinet_view_31_15_100_0_0_initstate_0
755,Camera Viewpoints,3,2,put_the_wine_bottle_on_top_of_the_cabinet,32,0,100,0,0,0,,,,,,,,put the wine bottle on top of the cabinet,put the wine bottle on top of the cabinet view 32 0 100 0 0 initstate 0,put_the_wine_bottle_on_top_of_the_cabinet_view_32_0_100_0_0_initstate_0
756,Camera Viewpoints,3,2,put_the_wine_bottle_on_top_of_the_cabinet,32,15,100,0,0,0,,,,,,,,put the wine bottle on top of the cabinet,put the wine bottle on top of the cabinet view 32 15 100 0 0 initstate 0,put_the_wine_bottle_on_top_of_the_cabinet_view_32_15_100_0_0_initstate_0
757,Camera Viewpoints,1,4,put_the_wine_bottle_on_top_of_the_cabinet,33,0,100,0,0,0,,,,,,,,put the wine bottle on top of the cabinet,put the wine bottle on top of the cabinet view 33 0 100 0 0 initstate 0,put_the_wine_bottle_on_top_of_the_cabinet_view_33_0_100_0_0_initstate_0
758,Camera Viewpoints,4,1,put_the_wine_bottle_on_top_of_the_cabinet,33,15,100,0,0,0,,,,,,,,put the wine bottle on top of the cabinet,put the wine bottle on top of the cabinet view 33 15 100 0 0 initstate 0,put_the_wine_bottle_on_top_of_the_cabinet_view_33_15_100_0_0_initstate_0
759,Camera Viewpoints,3,2,put_the_wine_bottle_on_top_of_the_cabinet,34,0,100,0,0,0,,,,,,,,put the wine bottle on top of the cabinet,put the wine bottle on top of the cabinet view 34 0 100 0 0 initstate 0,put_the_wine_bottle_on_top_of_the_cabinet_view_34_0_100_0_0_initstate_0
760,Camera Viewpoints,5,0,put_the_wine_bottle_on_top_of_the_cabinet,34,15,100,0,0,0,,,,,,,,put the wine bottle on top of the cabinet,put the wine bottle on top of the cabinet view 34 15 100 0 0 initstate 0,put_the_wine_bottle_on_top_of_the_cabinet_view_34_15_100_0_0_initstate_0
761,Camera Viewpoints,1,4,put_the_wine_bottle_on_top_of_the_cabinet,35,0,100,0,0,0,,,,,,,,put the wine bottle on top of the cabinet,put the wine bottle on top of the cabinet view 35 0 100 0 0 initstate 0,put_the_wine_bottle_on_top_of_the_cabinet_view_35_0_100_0_0_initstate_0
762,Camera Viewpoints,5,0,put_the_wine_bottle_on_top_of_the_cabinet,35,15,100,0,0,0,,,,,,,,put the wine bottle on top of the cabinet,put the wine bottle on top of the cabinet view 35 15 100 0 0 initstate 0,put_the_wine_bottle_on_top_of_the_cabinet_view_35_15_100_0_0_initstate_0
763,Camera Viewpoints,2,3,put_the_wine_bottle_on_top_of_the_cabinet,36,0,100,0,0,0,,,,,,,,put the wine bottle on top of the cabinet,put the wine bottle on top of the cabinet view 36 0 100 0 0 initstate 0,put_the_wine_bottle_on_top_of_the_cabinet_view_36_0_100_0_0_initstate_0
764,Camera Viewpoints,4,1,put_the_wine_bottle_on_top_of_the_cabinet,36,15,100,0,0,0,,,,,,,,put the wine bottle on top of the cabinet,put the wine bottle on top of the cabinet view 36 15 100 0 0 initstate 0,put_the_wine_bottle_on_top_of_the_cabinet_view_36_15_100_0_0_initstate_0
765,Camera Viewpoints,3,2,put_the_wine_bottle_on_top_of_the_cabinet,37,0,100,0,0,0,,,,,,,,put the wine bottle on top of the cabinet,put the wine bottle on top of the cabinet view 37 0 100 0 0 initstate 0,put_the_wine_bottle_on_top_of_the_cabinet_view_37_0_100_0_0_initstate_0
766,Camera Viewpoints,5,0,put_the_wine_bottle_on_top_of_the_cabinet,37,15,100,0,0,0,,,,,,,,put the wine bottle on top of the cabinet,put the wine bottle on top of the cabinet view 37 15 100 0 0 initstate 0,put_the_wine_bottle_on_top_of_the_cabinet_view_37_15_100_0_0_initstate_0
767,Camera Viewpoints,4,1,put_the_wine_bottle_on_top_of_the_cabinet,38,0,100,0,0,0,,,,,,,,put the wine bottle on top of the cabinet,put the wine bottle on top of the cabinet view 38 0 100 0 0 initstate 0,put_the_wine_bottle_on_top_of_the_cabinet_view_38_0_100_0_0_initstate_0
768,Camera Viewpoints,5,0,put_the_wine_bottle_on_top_of_the_cabinet,38,15,100,0,0,0,,,,,,,,put the wine bottle on top of the cabinet,put the wine bottle on top of the cabinet view 38 15 100 0 0 initstate 0,put_the_wine_bottle_on_top_of_the_cabinet_view_38_15_100_0_0_initstate_0
769,Camera Viewpoints,3,2,put_the_wine_bottle_on_top_of_the_cabinet,39,0,100,0,0,0,,,,,,,,put the wine bottle on top of the cabinet,put the wine bottle on top of the cabinet view 39 0 100 0 0 initstate 0,put_the_wine_bottle_on_top_of_the_cabinet_view_39_0_100_0_0_initstate_0
770,Camera Viewpoints,4,1,put_the_wine_bottle_on_top_of_the_cabinet,39,15,100,0,0,0,,,,,,,,put the wine bottle on top of the cabinet,put the wine bottle on top of the cabinet view 39 15 100 0 0 initstate 0,put_the_wine_bottle_on_top_of_the_cabinet_view_39_15_100_0_0_initstate_0
771,Camera Viewpoints,4,1,put_the_wine_bottle_on_top_of_the_cabinet,40,0,100,0,0,0,,,,,,,,put the wine bottle on top of the cabinet,put the wine bottle on top of the cabinet view 40 0 100 0 0 initstate 0,put_the_wine_bottle_on_top_of_the_cabinet_view_40_0_100_0_0_initstate_0
772,Camera Viewpoints,5,0,put_the_wine_bottle_on_top_of_the_cabinet,40,15,100,0,0,0,,,,,,,,put the wine bottle on top of the cabinet,put the wine bottle on top of the cabinet view 40 15 100 0 0 initstate 0,put_the_wine_bottle_on_top_of_the_cabinet_view_40_15_100_0_0_initstate_0
773,Camera Viewpoints,2,3,put_the_wine_bottle_on_top_of_the_cabinet,41,0,100,0,0,0,,,,,,,,put the wine bottle on top of the cabinet,put the wine bottle on top of the cabinet view 41 0 100 0 0 initstate 0,put_the_wine_bottle_on_top_of_the_cabinet_view_41_0_100_0_0_initstate_0
774,Camera Viewpoints,5,0,put_the_wine_bottle_on_top_of_the_cabinet,41,15,100,0,0,0,,,,,,,,put the wine bottle on top of the cabinet,put the wine bottle on top of the cabinet view 41 15 100 0 0 initstate 0,put_the_wine_bottle_on_top_of_the_cabinet_view_41_15_100_0_0_initstate_0
775,Camera Viewpoints,2,3,put_the_wine_bottle_on_top_of_the_cabinet,42,0,100,0,0,0,,,,,,,,put the wine bottle on top of the cabinet,put the wine bottle on top of the cabinet view 42 0 100 0 0 initstate 0,put_the_wine_bottle_on_top_of_the_cabinet_view_42_0_100_0_0_initstate_0
776,Camera Viewpoints,5,0,put_the_wine_bottle_on_top_of_the_cabinet,42,15,100,0,0,0,,,,,,,,put the wine bottle on top of the cabinet,put the wine bottle on top of the cabinet view 42 15 100 0 0 initstate 0,put_the_wine_bottle_on_top_of_the_cabinet_view_42_15_100_0_0_initstate_0
777,Camera Viewpoints,2,3,put_the_wine_bottle_on_top_of_the_cabinet,43,0,100,0,0,0,,,,,,,,put the wine bottle on top of the cabinet,put the wine bottle on top of the cabinet view 43 0 100 0 0 initstate 0,put_the_wine_bottle_on_top_of_the_cabinet_view_43_0_100_0_0_initstate_0
778,Camera Viewpoints,5,0,put_the_wine_bottle_on_top_of_the_cabinet,43,15,100,0,0,0,,,,,,,,put the wine bottle on top of the cabinet,put the wine bottle on top of the cabinet view 43 15 100 0 0 initstate 0,put_the_wine_bottle_on_top_of_the_cabinet_view_43_15_100_0_0_initstate_0
779,Camera Viewpoints,3,2,put_the_wine_bottle_on_top_of_the_cabinet,44,0,100,0,0,0,,,,,,,,put the wine bottle on top of the cabinet,put the wine bottle on top of the cabinet view 44 0 100 0 0 initstate 0,put_the_wine_bottle_on_top_of_the_cabinet_view_44_0_100_0_0_initstate_0
780,Camera Viewpoints,5,0,put_the_wine_bottle_on_top_of_the_cabinet,44,15,100,0,0,0,,,,,,,,put the wine bottle on top of the cabinet,put the wine bottle on top of the cabinet view 44 15 100 0 0 initstate 0,put_the_wine_bottle_on_top_of_the_cabinet_view_44_15_100_0_0_initstate_0
781,Camera Viewpoints,2,3,put_the_wine_bottle_on_top_of_the_cabinet,45,0,100,0,0,0,,,,,,,,put the wine bottle on top of the cabinet,put the wine bottle on top of the cabinet view 45 0 100 0 0 initstate 0,put_the_wine_bottle_on_top_of_the_cabinet_view_45_0_100_0_0_initstate_0
782,Camera Viewpoints,5,0,put_the_wine_bottle_on_top_of_the_cabinet,45,15,100,0,0,0,,,,,,,,put the wine bottle on top of the cabinet,put the wine bottle on top of the cabinet view 45 15 100 0 0 initstate 0,put_the_wine_bottle_on_top_of_the_cabinet_view_45_15_100_0_0_initstate_0
783,Camera Viewpoints,3,2,open_the_top_drawer_and_put_the_bowl_inside,0,0,131,0,0,0,,,,,,,,open the top drawer and put the bowl inside,open the top drawer and put the bowl inside view 0 0 131 0 0 initstate 0,open_the_top_drawer_and_put_the_bowl_inside_view_0_0_131_0_0_initstate_0
784,Camera Viewpoints,4,1,open_the_top_drawer_and_put_the_bowl_inside,0,0,132,0,0,0,,,,,,,,open the top drawer and put the bowl inside,open the top drawer and put the bowl inside view 0 0 132 0 0 initstate 0,open_the_top_drawer_and_put_the_bowl_inside_view_0_0_132_0_0_initstate_0
785,Camera Viewpoints,3,2,open_the_top_drawer_and_put_the_bowl_inside,0,0,133,0,0,0,,,,,,,,open the top drawer and put the bowl inside,open the top drawer and put the bowl inside view 0 0 133 0 0 initstate 0,open_the_top_drawer_and_put_the_bowl_inside_view_0_0_133_0_0_initstate_0
786,Camera Viewpoints,4,1,open_the_top_drawer_and_put_the_bowl_inside,0,0,134,0,0,0,,,,,,,,open the top drawer and put the bowl inside,open the top drawer and put the bowl inside view 0 0 134 0 0 initstate 0,open_the_top_drawer_and_put_the_bowl_inside_view_0_0_134_0_0_initstate_0
787,Camera Viewpoints,4,1,open_the_top_drawer_and_put_the_bowl_inside,0,0,136,0,0,0,,,,,,,,open the top drawer and put the bowl inside,open the top drawer and put the bowl inside view 0 0 136 0 0 initstate 0,open_the_top_drawer_and_put_the_bowl_inside_view_0_0_136_0_0_initstate_0
788,Camera Viewpoints,5,0,open_the_top_drawer_and_put_the_bowl_inside,0,0,137,0,0,0,,,,,,,,open the top drawer and put the bowl inside,open the top drawer and put the bowl inside view 0 0 137 0 0 initstate 0,open_the_top_drawer_and_put_the_bowl_inside_view_0_0_137_0_0_initstate_0
789,Camera Viewpoints,5,0,open_the_top_drawer_and_put_the_bowl_inside,0,0,138,0,0,0,,,,,,,,open the top drawer and put the bowl inside,open the top drawer and put the bowl inside view 0 0 138 0 0 initstate 0,open_the_top_drawer_and_put_the_bowl_inside_view_0_0_138_0_0_initstate_0
790,Camera Viewpoints,5,0,open_the_top_drawer_and_put_the_bowl_inside,0,0,140,0,0,0,,,,,,,,open the top drawer and put the bowl inside,open the top drawer and put the bowl inside view 0 0 140 0 0 initstate 0,open_the_top_drawer_and_put_the_bowl_inside_view_0_0_140_0_0_initstate_0
791,Camera Viewpoints,2,3,open_the_top_drawer_and_put_the_bowl_inside,0,0,100,8,2,0,,,,,,,,open the top drawer and put the bowl inside,open the top drawer and put the bowl inside view 0 0 100 8 2 initstate 0,open_the_top_drawer_and_put_the_bowl_inside_view_0_0_100_8_2_initstate_0
792,Camera Viewpoints,4,1,open_the_top_drawer_and_put_the_bowl_inside,0,0,100,8,4,0,,,,,,,,open the top drawer and put the bowl inside,open the top drawer and put the bowl inside view 0 0 100 8 4 initstate 0,open_the_top_drawer_and_put_the_bowl_inside_view_0_0_100_8_4_initstate_0
793,Camera Viewpoints,5,0,open_the_top_drawer_and_put_the_bowl_inside,0,0,100,8,6,0,,,,,,,,open the top drawer and put the bowl inside,open the top drawer and put the bowl inside view 0 0 100 8 6 initstate 0,open_the_top_drawer_and_put_the_bowl_inside_view_0_0_100_8_6_initstate_0
794,Camera Viewpoints,5,0,open_the_top_drawer_and_put_the_bowl_inside,0,0,100,8,8,0,,,,,,,,open the top drawer and put the bowl inside,open the top drawer and put the bowl inside view 0 0 100 8 8 initstate 0,open_the_top_drawer_and_put_the_bowl_inside_view_0_0_100_8_8_initstate_0
795,Camera Viewpoints,5,0,open_the_top_drawer_and_put_the_bowl_inside,0,0,100,8,10,0,,,,,,,,open the top drawer and put the bowl inside,open the top drawer and put the bowl inside view 0 0 100 8 10 initstate 0,open_the_top_drawer_and_put_the_bowl_inside_view_0_0_100_8_10_initstate_0
796,Camera Viewpoints,5,0,open_the_top_drawer_and_put_the_bowl_inside,0,0,100,8,350,0,,,,,,,,open the top drawer and put the bowl inside,open the top drawer and put the bowl inside view 0 0 100 8 350 initstate 0,open_the_top_drawer_and_put_the_bowl_inside_view_0_0_100_8_350_initstate_0
797,Camera Viewpoints,5,0,open_the_top_drawer_and_put_the_bowl_inside,0,0,100,8,352,0,,,,,,,,open the top drawer and put the bowl inside,open the top drawer and put the bowl inside view 0 0 100 8 352 initstate 0,open_the_top_drawer_and_put_the_bowl_inside_view_0_0_100_8_352_initstate_0
798,Camera Viewpoints,3,2,open_the_top_drawer_and_put_the_bowl_inside,0,0,100,8,354,0,,,,,,,,open the top drawer and put the bowl inside,open the top drawer and put the bowl inside view 0 0 100 8 354 initstate 0,open_the_top_drawer_and_put_the_bowl_inside_view_0_0_100_8_354_initstate_0
799,Camera Viewpoints,3,2,open_the_top_drawer_and_put_the_bowl_inside,0,0,100,8,356,0,,,,,,,,open the top drawer and put the bowl inside,open the top drawer and put the bowl inside view 0 0 100 8 356 initstate 0,open_the_top_drawer_and_put_the_bowl_inside_view_0_0_100_8_356_initstate_0
800,Camera Viewpoints,3,2,open_the_top_drawer_and_put_the_bowl_inside,0,0,100,8,358,0,,,,,,,,open the top drawer and put the bowl inside,open the top drawer and put the bowl inside view 0 0 100 8 358 initstate 0,open_the_top_drawer_and_put_the_bowl_inside_view_0_0_100_8_358_initstate_0
801,Camera Viewpoints,5,0,open_the_top_drawer_and_put_the_bowl_inside,46,0,100,0,0,0,,,,,,,,open the top drawer and put the bowl inside,open the top drawer and put the bowl inside view 46 0 100 0 0 initstate 0,open_the_top_drawer_and_put_the_bowl_inside_view_46_0_100_0_0_initstate_0
802,Camera Viewpoints,5,0,open_the_top_drawer_and_put_the_bowl_inside,46,15,100,0,0,0,,,,,,,,open the top drawer and put the bowl inside,open the top drawer and put the bowl inside view 46 15 100 0 0 initstate 0,open_the_top_drawer_and_put_the_bowl_inside_view_46_15_100_0_0_initstate_0
803,Camera Viewpoints,5,0,open_the_top_drawer_and_put_the_bowl_inside,47,0,100,0,0,0,,,,,,,,open the top drawer and put the bowl inside,open the top drawer and put the bowl inside view 47 0 100 0 0 initstate 0,open_the_top_drawer_and_put_the_bowl_inside_view_47_0_100_0_0_initstate_0
804,Camera Viewpoints,5,0,open_the_top_drawer_and_put_the_bowl_inside,47,15,100,0,0,0,,,,,,,,open the top drawer and put the bowl inside,open the top drawer and put the bowl inside view 47 15 100 0 0 initstate 0,open_the_top_drawer_and_put_the_bowl_inside_view_47_15_100_0_0_initstate_0
805,Camera Viewpoints,5,0,open_the_top_drawer_and_put_the_bowl_inside,48,0,100,0,0,0,,,,,,,,open the top drawer and put the bowl inside,open the top drawer and put the bowl inside view 48 0 100 0 0 initstate 0,open_the_top_drawer_and_put_the_bowl_inside_view_48_0_100_0_0_initstate_0
806,Camera Viewpoints,5,0,open_the_top_drawer_and_put_the_bowl_inside,48,15,100,0,0,0,,,,,,,,open the top drawer and put the bowl inside,open the top drawer and put the bowl inside view 48 15 100 0 0 initstate 0,open_the_top_drawer_and_put_the_bowl_inside_view_48_15_100_0_0_initstate_0
807,Camera Viewpoints,5,0,open_the_top_drawer_and_put_the_bowl_inside,49,0,100,0,0,0,,,,,,,,open the top drawer and put the bowl inside,open the top drawer and put the bowl inside view 49 0 100 0 0 initstate 0,open_the_top_drawer_and_put_the_bowl_inside_view_49_0_100_0_0_initstate_0
808,Camera Viewpoints,5,0,open_the_top_drawer_and_put_the_bowl_inside,49,15,100,0,0,0,,,,,,,,open the top drawer and put the bowl inside,open the top drawer and put the bowl inside view 49 15 100 0 0 initstate 0,open_the_top_drawer_and_put_the_bowl_inside_view_49_15_100_0_0_initstate_0
809,Camera Viewpoints,5,0,open_the_top_drawer_and_put_the_bowl_inside,50,0,100,0,0,0,,,,,,,,open the top drawer and put the bowl inside,open the top drawer and put the bowl inside view 50 0 100 0 0 initstate 0,open_the_top_drawer_and_put_the_bowl_inside_view_50_0_100_0_0_initstate_0
810,Camera Viewpoints,5,0,open_the_top_drawer_and_put_the_bowl_inside,50,15,100,0,0,0,,,,,,,,open the top drawer and put the bowl inside,open the top drawer and put the bowl inside view 50 15 100 0 0 initstate 0,open_the_top_drawer_and_put_the_bowl_inside_view_50_15_100_0_0_initstate_0
811,Camera Viewpoints,5,0,open_the_top_drawer_and_put_the_bowl_inside,51,0,100,0,0,0,,,,,,,,open the top drawer and put the bowl inside,open the top drawer and put the bowl inside view 51 0 100 0 0 initstate 0,open_the_top_drawer_and_put_the_bowl_inside_view_51_0_100_0_0_initstate_0
812,Camera Viewpoints,5,0,open_the_top_drawer_and_put_the_bowl_inside,51,15,100,0,0,0,,,,,,,,open the top drawer and put the bowl inside,open the top drawer and put the bowl inside view 51 15 100 0 0 initstate 0,open_the_top_drawer_and_put_the_bowl_inside_view_51_15_100_0_0_initstate_0
813,Camera Viewpoints,5,0,open_the_top_drawer_and_put_the_bowl_inside,52,0,100,0,0,0,,,,,,,,open the top drawer and put the bowl inside,open the top drawer and put the bowl inside view 52 0 100 0 0 initstate 0,open_the_top_drawer_and_put_the_bowl_inside_view_52_0_100_0_0_initstate_0
814,Camera Viewpoints,5,0,open_the_top_drawer_and_put_the_bowl_inside,52,15,100,0,0,0,,,,,,,,open the top drawer and put the bowl inside,open the top drawer and put the bowl inside view 52 15 100 0 0 initstate 0,open_the_top_drawer_and_put_the_bowl_inside_view_52_15_100_0_0_initstate_0
815,Camera Viewpoints,5,0,open_the_top_drawer_and_put_the_bowl_inside,53,0,100,0,0,0,,,,,,,,open the top drawer and put the bowl inside,open the top drawer and put the bowl inside view 53 0 100 0 0 initstate 0,open_the_top_drawer_and_put_the_bowl_inside_view_53_0_100_0_0_initstate_0
816,Camera Viewpoints,5,0,open_the_top_drawer_and_put_the_bowl_inside,53,15,100,0,0,0,,,,,,,,open the top drawer and put the bowl inside,open the top drawer and put the bowl inside view 53 15 100 0 0 initstate 0,open_the_top_drawer_and_put_the_bowl_inside_view_53_15_100_0_0_initstate_0
817,Camera Viewpoints,5,0,open_the_top_drawer_and_put_the_bowl_inside,54,0,100,0,0,0,,,,,,,,open the top drawer and put the bowl inside,open the top drawer and put the bowl inside view 54 0 100 0 0 initstate 0,open_the_top_drawer_and_put_the_bowl_inside_view_54_0_100_0_0_initstate_0
818,Camera Viewpoints,5,0,open_the_top_drawer_and_put_the_bowl_inside,54,15,100,0,0,0,,,,,,,,open the top drawer and put the bowl inside,open the top drawer and put the bowl inside view 54 15 100 0 0 initstate 0,open_the_top_drawer_and_put_the_bowl_inside_view_54_15_100_0_0_initstate_0
819,Camera Viewpoints,5,0,open_the_top_drawer_and_put_the_bowl_inside,55,0,100,0,0,0,,,,,,,,open the top drawer and put the bowl inside,open the top drawer and put the bowl inside view 55 0 100 0 0 initstate 0,open_the_top_drawer_and_put_the_bowl_inside_view_55_0_100_0_0_initstate_0
820,Camera Viewpoints,5,0,open_the_top_drawer_and_put_the_bowl_inside,55,15,100,0,0,0,,,,,,,,open the top drawer and put the bowl inside,open the top drawer and put the bowl inside view 55 15 100 0 0 initstate 0,open_the_top_drawer_and_put_the_bowl_inside_view_55_15_100_0_0_initstate_0
821,Camera Viewpoints,5,0,open_the_top_drawer_and_put_the_bowl_inside,56,0,100,0,0,0,,,,,,,,open the top drawer and put the bowl inside,open the top drawer and put the bowl inside view 56 0 100 0 0 initstate 0,open_the_top_drawer_and_put_the_bowl_inside_view_56_0_100_0_0_initstate_0
822,Camera Viewpoints,5,0,open_the_top_drawer_and_put_the_bowl_inside,56,15,100,0,0,0,,,,,,,,open the top drawer and put the bowl inside,open the top drawer and put the bowl inside view 56 15 100 0 0 initstate 0,open_the_top_drawer_and_put_the_bowl_inside_view_56_15_100_0_0_initstate_0
823,Camera Viewpoints,5,0,open_the_top_drawer_and_put_the_bowl_inside,57,0,100,0,0,0,,,,,,,,open the top drawer and put the bowl inside,open the top drawer and put the bowl inside view 57 0 100 0 0 initstate 0,open_the_top_drawer_and_put_the_bowl_inside_view_57_0_100_0_0_initstate_0
824,Camera Viewpoints,5,0,open_the_top_drawer_and_put_the_bowl_inside,57,15,100,0,0,0,,,,,,,,open the top drawer and put the bowl inside,open the top drawer and put the bowl inside view 57 15 100 0 0 initstate 0,open_the_top_drawer_and_put_the_bowl_inside_view_57_15_100_0_0_initstate_0
825,Camera Viewpoints,5,0,open_the_top_drawer_and_put_the_bowl_inside,58,0,100,0,0,0,,,,,,,,open the top drawer and put the bowl inside,open the top drawer and put the bowl inside view 58 0 100 0 0 initstate 0,open_the_top_drawer_and_put_the_bowl_inside_view_58_0_100_0_0_initstate_0
826,Camera Viewpoints,5,0,open_the_top_drawer_and_put_the_bowl_inside,58,15,100,0,0,0,,,,,,,,open the top drawer and put the bowl inside,open the top drawer and put the bowl inside view 58 15 100 0 0 initstate 0,open_the_top_drawer_and_put_the_bowl_inside_view_58_15_100_0_0_initstate_0
827,Camera Viewpoints,5,0,open_the_top_drawer_and_put_the_bowl_inside,59,0,100,0,0,0,,,,,,,,open the top drawer and put the bowl inside,open the top drawer and put the bowl inside view 59 0 100 0 0 initstate 0,open_the_top_drawer_and_put_the_bowl_inside_view_59_0_100_0_0_initstate_0
828,Camera Viewpoints,5,0,open_the_top_drawer_and_put_the_bowl_inside,59,15,100,0,0,0,,,,,,,,open the top drawer and put the bowl inside,open the top drawer and put the bowl inside view 59 15 100 0 0 initstate 0,open_the_top_drawer_and_put_the_bowl_inside_view_59_15_100_0_0_initstate_0
829,Camera Viewpoints,5,0,open_the_top_drawer_and_put_the_bowl_inside,60,0,100,0,0,0,,,,,,,,open the top drawer and put the bowl inside,open the top drawer and put the bowl inside view 60 0 100 0 0 initstate 0,open_the_top_drawer_and_put_the_bowl_inside_view_60_0_100_0_0_initstate_0
830,Camera Viewpoints,5,0,open_the_top_drawer_and_put_the_bowl_inside,60,15,100,0,0,0,,,,,,,,open the top drawer and put the bowl inside,open the top drawer and put the bowl inside view 60 15 100 0 0 initstate 0,open_the_top_drawer_and_put_the_bowl_inside_view_60_15_100_0_0_initstate_0
831,Camera Viewpoints,2,3,put_the_bowl_on_top_of_the_cabinet,0,0,141,0,0,0,,,,,,,,put the bowl on top of the cabinet,put the bowl on top of the cabinet view 0 0 141 0 0 initstate 0,put_the_bowl_on_top_of_the_cabinet_view_0_0_141_0_0_initstate_0
832,Camera Viewpoints,2,3,put_the_bowl_on_top_of_the_cabinet,0,0,142,0,0,0,,,,,,,,put the bowl on top of the cabinet,put the bowl on top of the cabinet view 0 0 142 0 0 initstate 0,put_the_bowl_on_top_of_the_cabinet_view_0_0_142_0_0_initstate_0
833,Camera Viewpoints,2,3,put_the_bowl_on_top_of_the_cabinet,0,0,143,0,0,0,,,,,,,,put the bowl on top of the cabinet,put the bowl on top of the cabinet view 0 0 143 0 0 initstate 0,put_the_bowl_on_top_of_the_cabinet_view_0_0_143_0_0_initstate_0
834,Camera Viewpoints,2,3,put_the_bowl_on_top_of_the_cabinet,0,0,144,0,0,0,,,,,,,,put the bowl on top of the cabinet,put the bowl on top of the cabinet view 0 0 144 0 0 initstate 0,put_the_bowl_on_top_of_the_cabinet_view_0_0_144_0_0_initstate_0
835,Camera Viewpoints,2,3,put_the_bowl_on_top_of_the_cabinet,0,0,145,0,0,0,,,,,,,,put the bowl on top of the cabinet,put the bowl on top of the cabinet view 0 0 145 0 0 initstate 0,put_the_bowl_on_top_of_the_cabinet_view_0_0_145_0_0_initstate_0
836,Camera Viewpoints,2,3,put_the_bowl_on_top_of_the_cabinet,0,0,146,0,0,0,,,,,,,,put the bowl on top of the cabinet,put the bowl on top of the cabinet view 0 0 146 0 0 initstate 0,put_the_bowl_on_top_of_the_cabinet_view_0_0_146_0_0_initstate_0
837,Camera Viewpoints,2,3,put_the_bowl_on_top_of_the_cabinet,0,0,147,0,0,0,,,,,,,,put the bowl on top of the cabinet,put the bowl on top of the cabinet view 0 0 147 0 0 initstate 0,put_the_bowl_on_top_of_the_cabinet_view_0_0_147_0_0_initstate_0
838,Camera Viewpoints,2,3,put_the_bowl_on_top_of_the_cabinet,0,0,148,0,0,0,,,,,,,,put the bowl on top of the cabinet,put the bowl on top of the cabinet view 0 0 148 0 0 initstate 0,put_the_bowl_on_top_of_the_cabinet_view_0_0_148_0_0_initstate_0
839,Camera Viewpoints,2,3,put_the_bowl_on_top_of_the_cabinet,0,0,149,0,0,0,,,,,,,,put the bowl on top of the cabinet,put the bowl on top of the cabinet view 0 0 149 0 0 initstate 0,put_the_bowl_on_top_of_the_cabinet_view_0_0_149_0_0_initstate_0
840,Camera Viewpoints,3,2,put_the_bowl_on_top_of_the_cabinet,0,0,150,0,0,0,,,,,,,,put the bowl on top of the cabinet,put the bowl on top of the cabinet view 0 0 150 0 0 initstate 0,put_the_bowl_on_top_of_the_cabinet_view_0_0_150_0_0_initstate_0
841,Camera Viewpoints,4,1,put_the_bowl_on_top_of_the_cabinet,0,0,100,10,2,0,,,,,,,,put the bowl on top of the cabinet,put the bowl on top of the cabinet view 0 0 100 10 2 initstate 0,put_the_bowl_on_top_of_the_cabinet_view_0_0_100_10_2_initstate_0
842,Camera Viewpoints,3,2,put_the_bowl_on_top_of_the_cabinet,0,0,100,10,4,0,,,,,,,,put the bowl on top of the cabinet,put the bowl on top of the cabinet view 0 0 100 10 4 initstate 0,put_the_bowl_on_top_of_the_cabinet_view_0_0_100_10_4_initstate_0
843,Camera Viewpoints,3,2,put_the_bowl_on_top_of_the_cabinet,0,0,100,10,6,0,,,,,,,,put the bowl on top of the cabinet,put the bowl on top of the cabinet view 0 0 100 10 6 initstate 0,put_the_bowl_on_top_of_the_cabinet_view_0_0_100_10_6_initstate_0
844,Camera Viewpoints,4,1,put_the_bowl_on_top_of_the_cabinet,0,0,100,10,8,0,,,,,,,,put the bowl on top of the cabinet,put the bowl on top of the cabinet view 0 0 100 10 8 initstate 0,put_the_bowl_on_top_of_the_cabinet_view_0_0_100_10_8_initstate_0
845,Camera Viewpoints,5,0,put_the_bowl_on_top_of_the_cabinet,0,0,100,10,10,0,,,,,,,,put the bowl on top of the cabinet,put the bowl on top of the cabinet view 0 0 100 10 10 initstate 0,put_the_bowl_on_top_of_the_cabinet_view_0_0_100_10_10_initstate_0
846,Camera Viewpoints,5,0,put_the_bowl_on_top_of_the_cabinet,0,0,100,10,350,0,,,,,,,,put the bowl on top of the cabinet,put the bowl on top of the cabinet view 0 0 100 10 350 initstate 0,put_the_bowl_on_top_of_the_cabinet_view_0_0_100_10_350_initstate_0
847,Camera Viewpoints,4,1,put_the_bowl_on_top_of_the_cabinet,0,0,100,10,352,0,,,,,,,,put the bowl on top of the cabinet,put the bowl on top of the cabinet view 0 0 100 10 352 initstate 0,put_the_bowl_on_top_of_the_cabinet_view_0_0_100_10_352_initstate_0
848,Camera Viewpoints,2,3,put_the_bowl_on_top_of_the_cabinet,0,0,100,10,354,0,,,,,,,,put the bowl on top of the cabinet,put the bowl on top of the cabinet view 0 0 100 10 354 initstate 0,put_the_bowl_on_top_of_the_cabinet_view_0_0_100_10_354_initstate_0
849,Camera Viewpoints,3,2,put_the_bowl_on_top_of_the_cabinet,0,0,100,10,356,0,,,,,,,,put the bowl on top of the cabinet,put the bowl on top of the cabinet view 0 0 100 10 356 initstate 0,put_the_bowl_on_top_of_the_cabinet_view_0_0_100_10_356_initstate_0
850,Camera Viewpoints,4,1,put_the_bowl_on_top_of_the_cabinet,0,0,100,10,358,0,,,,,,,,put the bowl on top of the cabinet,put the bowl on top of the cabinet view 0 0 100 10 358 initstate 0,put_the_bowl_on_top_of_the_cabinet_view_0_0_100_10_358_initstate_0
851,Camera Viewpoints,2,3,put_the_bowl_on_top_of_the_cabinet,61,0,100,0,0,0,,,,,,,,put the bowl on top of the cabinet,put the bowl on top of the cabinet view 61 0 100 0 0 initstate 0,put_the_bowl_on_top_of_the_cabinet_view_61_0_100_0_0_initstate_0
852,Camera Viewpoints,4,1,put_the_bowl_on_top_of_the_cabinet,61,15,100,0,0,0,,,,,,,,put the bowl on top of the cabinet,put the bowl on top of the cabinet view 61 15 100 0 0 initstate 0,put_the_bowl_on_top_of_the_cabinet_view_61_15_100_0_0_initstate_0
853,Camera Viewpoints,3,2,put_the_bowl_on_top_of_the_cabinet,62,0,100,0,0,0,,,,,,,,put the bowl on top of the cabinet,put the bowl on top of the cabinet view 62 0 100 0 0 initstate 0,put_the_bowl_on_top_of_the_cabinet_view_62_0_100_0_0_initstate_0
854,Camera Viewpoints,2,3,put_the_bowl_on_top_of_the_cabinet,62,15,100,0,0,0,,,,,,,,put the bowl on top of the cabinet,put the bowl on top of the cabinet view 62 15 100 0 0 initstate 0,put_the_bowl_on_top_of_the_cabinet_view_62_15_100_0_0_initstate_0
855,Camera Viewpoints,3,2,put_the_bowl_on_top_of_the_cabinet,63,0,100,0,0,0,,,,,,,,put the bowl on top of the cabinet,put the bowl on top of the cabinet view 63 0 100 0 0 initstate 0,put_the_bowl_on_top_of_the_cabinet_view_63_0_100_0_0_initstate_0
856,Camera Viewpoints,2,3,put_the_bowl_on_top_of_the_cabinet,63,15,100,0,0,0,,,,,,,,put the bowl on top of the cabinet,put the bowl on top of the cabinet view 63 15 100 0 0 initstate 0,put_the_bowl_on_top_of_the_cabinet_view_63_15_100_0_0_initstate_0
857,Camera Viewpoints,4,1,put_the_bowl_on_top_of_the_cabinet,64,0,100,0,0,0,,,,,,,,put the bowl on top of the cabinet,put the bowl on top of the cabinet view 64 0 100 0 0 initstate 0,put_the_bowl_on_top_of_the_cabinet_view_64_0_100_0_0_initstate_0
858,Camera Viewpoints,4,1,put_the_bowl_on_top_of_the_cabinet,64,15,100,0,0,0,,,,,,,,put the bowl on top of the cabinet,put the bowl on top of the cabinet view 64 15 100 0 0 initstate 0,put_the_bowl_on_top_of_the_cabinet_view_64_15_100_0_0_initstate_0
859,Camera Viewpoints,3,2,put_the_bowl_on_top_of_the_cabinet,65,0,100,0,0,0,,,,,,,,put the bowl on top of the cabinet,put the bowl on top of the cabinet view 65 0 100 0 0 initstate 0,put_the_bowl_on_top_of_the_cabinet_view_65_0_100_0_0_initstate_0
860,Camera Viewpoints,5,0,put_the_bowl_on_top_of_the_cabinet,65,15,100,0,0,0,,,,,,,,put the bowl on top of the cabinet,put the bowl on top of the cabinet view 65 15 100 0 0 initstate 0,put_the_bowl_on_top_of_the_cabinet_view_65_15_100_0_0_initstate_0
861,Camera Viewpoints,3,2,put_the_bowl_on_top_of_the_cabinet,66,0,100,0,0,0,,,,,,,,put the bowl on top of the cabinet,put the bowl on top of the cabinet view 66 0 100 0 0 initstate 0,put_the_bowl_on_top_of_the_cabinet_view_66_0_100_0_0_initstate_0
862,Camera Viewpoints,3,2,put_the_bowl_on_top_of_the_cabinet,66,15,100,0,0,0,,,,,,,,put the bowl on top of the cabinet,put the bowl on top of the cabinet view 66 15 100 0 0 initstate 0,put_the_bowl_on_top_of_the_cabinet_view_66_15_100_0_0_initstate_0
863,Camera Viewpoints,4,1,put_the_bowl_on_top_of_the_cabinet,67,0,100,0,0,0,,,,,,,,put the bowl on top of the cabinet,put the bowl on top of the cabinet view 67 0 100 0 0 initstate 0,put_the_bowl_on_top_of_the_cabinet_view_67_0_100_0_0_initstate_0
864,Camera Viewpoints,4,1,put_the_bowl_on_top_of_the_cabinet,67,15,100,0,0,0,,,,,,,,put the bowl on top of the cabinet,put the bowl on top of the cabinet view 67 15 100 0 0 initstate 0,put_the_bowl_on_top_of_the_cabinet_view_67_15_100_0_0_initstate_0
865,Camera Viewpoints,1,4,put_the_bowl_on_top_of_the_cabinet,68,0,100,0,0,0,,,,,,,,put the bowl on top of the cabinet,put the bowl on top of the cabinet view 68 0 100 0 0 initstate 0,put_the_bowl_on_top_of_the_cabinet_view_68_0_100_0_0_initstate_0
866,Camera Viewpoints,3,2,put_the_bowl_on_top_of_the_cabinet,68,15,100,0,0,0,,,,,,,,put the bowl on top of the cabinet,put the bowl on top of the cabinet view 68 15 100 0 0 initstate 0,put_the_bowl_on_top_of_the_cabinet_view_68_15_100_0_0_initstate_0
867,Camera Viewpoints,3,2,put_the_bowl_on_top_of_the_cabinet,69,0,100,0,0,0,,,,,,,,put the bowl on top of the cabinet,put the bowl on top of the cabinet view 69 0 100 0 0 initstate 0,put_the_bowl_on_top_of_the_cabinet_view_69_0_100_0_0_initstate_0
868,Camera Viewpoints,3,2,put_the_bowl_on_top_of_the_cabinet,69,15,100,0,0,0,,,,,,,,put the bowl on top of the cabinet,put the bowl on top of the cabinet view 69 15 100 0 0 initstate 0,put_the_bowl_on_top_of_the_cabinet_view_69_15_100_0_0_initstate_0
869,Camera Viewpoints,2,3,put_the_bowl_on_top_of_the_cabinet,70,0,100,0,0,0,,,,,,,,put the bowl on top of the cabinet,put the bowl on top of the cabinet view 70 0 100 0 0 initstate 0,put_the_bowl_on_top_of_the_cabinet_view_70_0_100_0_0_initstate_0
870,Camera Viewpoints,4,1,put_the_bowl_on_top_of_the_cabinet,70,15,100,0,0,0,,,,,,,,put the bowl on top of the cabinet,put the bowl on top of the cabinet view 70 15 100 0 0 initstate 0,put_the_bowl_on_top_of_the_cabinet_view_70_15_100_0_0_initstate_0
871,Camera Viewpoints,1,4,put_the_bowl_on_top_of_the_cabinet,71,0,100,0,0,0,,,,,,,,put the bowl on top of the cabinet,put the bowl on top of the cabinet view 71 0 100 0 0 initstate 0,put_the_bowl_on_top_of_the_cabinet_view_71_0_100_0_0_initstate_0
872,Camera Viewpoints,4,1,put_the_bowl_on_top_of_the_cabinet,71,15,100,0,0,0,,,,,,,,put the bowl on top of the cabinet,put the bowl on top of the cabinet view 71 15 100 0 0 initstate 0,put_the_bowl_on_top_of_the_cabinet_view_71_15_100_0_0_initstate_0
873,Camera Viewpoints,1,4,put_the_bowl_on_top_of_the_cabinet,72,0,100,0,0,0,,,,,,,,put the bowl on top of the cabinet,put the bowl on top of the cabinet view 72 0 100 0 0 initstate 0,put_the_bowl_on_top_of_the_cabinet_view_72_0_100_0_0_initstate_0
874,Camera Viewpoints,3,2,put_the_bowl_on_top_of_the_cabinet,72,15,100,0,0,0,,,,,,,,put the bowl on top of the cabinet,put the bowl on top of the cabinet view 72 15 100 0 0 initstate 0,put_the_bowl_on_top_of_the_cabinet_view_72_15_100_0_0_initstate_0
875,Camera Viewpoints,3,2,put_the_bowl_on_top_of_the_cabinet,73,0,100,0,0,0,,,,,,,,put the bowl on top of the cabinet,put the bowl on top of the cabinet view 73 0 100 0 0 initstate 0,put_the_bowl_on_top_of_the_cabinet_view_73_0_100_0_0_initstate_0
876,Camera Viewpoints,2,3,put_the_bowl_on_top_of_the_cabinet,73,15,100,0,0,0,,,,,,,,put the bowl on top of the cabinet,put the bowl on top of the cabinet view 73 15 100 0 0 initstate 0,put_the_bowl_on_top_of_the_cabinet_view_73_15_100_0_0_initstate_0
877,Camera Viewpoints,3,2,put_the_bowl_on_top_of_the_cabinet,74,0,100,0,0,0,,,,,,,,put the bowl on top of the cabinet,put the bowl on top of the cabinet view 74 0 100 0 0 initstate 0,put_the_bowl_on_top_of_the_cabinet_view_74_0_100_0_0_initstate_0
878,Camera Viewpoints,4,1,put_the_bowl_on_top_of_the_cabinet,74,15,100,0,0,0,,,,,,,,put the bowl on top of the cabinet,put the bowl on top of the cabinet view 74 15 100 0 0 initstate 0,put_the_bowl_on_top_of_the_cabinet_view_74_15_100_0_0_initstate_0
879,Camera Viewpoints,2,3,put_the_bowl_on_top_of_the_cabinet,75,0,100,0,0,0,,,,,,,,put the bowl on top of the cabinet,put the bowl on top of the cabinet view 75 0 100 0 0 initstate 0,put_the_bowl_on_top_of_the_cabinet_view_75_0_100_0_0_initstate_0
880,Camera Viewpoints,5,0,put_the_bowl_on_top_of_the_cabinet,75,15,100,0,0,0,,,,,,,,put the bowl on top of the cabinet,put the bowl on top of the cabinet view 75 15 100 0 0 initstate 0,put_the_bowl_on_top_of_the_cabinet_view_75_15_100_0_0_initstate_0
881,Camera Viewpoints,3,2,push_the_plate_to_the_front_of_the_stove,0,0,151,0,0,0,,,,,,,,push the plate to the front of the stove,push the plate to the front of the stove view 0 0 151 0 0 initstate 0,push_the_plate_to_the_front_of_the_stove_view_0_0_151_0_0_initstate_0
882,Camera Viewpoints,3,2,push_the_plate_to_the_front_of_the_stove,0,0,152,0,0,0,,,,,,,,push the plate to the front of the stove,push the plate to the front of the stove view 0 0 152 0 0 initstate 0,push_the_plate_to_the_front_of_the_stove_view_0_0_152_0_0_initstate_0
883,Camera Viewpoints,3,2,push_the_plate_to_the_front_of_the_stove,0,0,153,0,0,0,,,,,,,,push the plate to the front of the stove,push the plate to the front of the stove view 0 0 153 0 0 initstate 0,push_the_plate_to_the_front_of_the_stove_view_0_0_153_0_0_initstate_0
884,Camera Viewpoints,2,3,push_the_plate_to_the_front_of_the_stove,0,0,154,0,0,0,,,,,,,,push the plate to the front of the stove,push the plate to the front of the stove view 0 0 154 0 0 initstate 0,push_the_plate_to_the_front_of_the_stove_view_0_0_154_0_0_initstate_0
885,Camera Viewpoints,4,1,push_the_plate_to_the_front_of_the_stove,0,0,155,0,0,0,,,,,,,,push the plate to the front of the stove,push the plate to the front of the stove view 0 0 155 0 0 initstate 0,push_the_plate_to_the_front_of_the_stove_view_0_0_155_0_0_initstate_0
886,Camera Viewpoints,4,1,push_the_plate_to_the_front_of_the_stove,0,0,156,0,0,0,,,,,,,,push the plate to the front of the stove,push the plate to the front of the stove view 0 0 156 0 0 initstate 0,push_the_plate_to_the_front_of_the_stove_view_0_0_156_0_0_initstate_0
887,Camera Viewpoints,4,1,push_the_plate_to_the_front_of_the_stove,0,0,157,0,0,0,,,,,,,,push the plate to the front of the stove,push the plate to the front of the stove view 0 0 157 0 0 initstate 0,push_the_plate_to_the_front_of_the_stove_view_0_0_157_0_0_initstate_0
888,Camera Viewpoints,3,2,push_the_plate_to_the_front_of_the_stove,0,0,158,0,0,0,,,,,,,,push the plate to the front of the stove,push the plate to the front of the stove view 0 0 158 0 0 initstate 0,push_the_plate_to_the_front_of_the_stove_view_0_0_158_0_0_initstate_0
889,Camera Viewpoints,4,1,push_the_plate_to_the_front_of_the_stove,0,0,159,0,0,0,,,,,,,,push the plate to the front of the stove,push the plate to the front of the stove view 0 0 159 0 0 initstate 0,push_the_plate_to_the_front_of_the_stove_view_0_0_159_0_0_initstate_0
890,Camera Viewpoints,3,2,push_the_plate_to_the_front_of_the_stove,0,0,160,0,0,0,,,,,,,,push the plate to the front of the stove,push the plate to the front of the stove view 0 0 160 0 0 initstate 0,push_the_plate_to_the_front_of_the_stove_view_0_0_160_0_0_initstate_0
891,Camera Viewpoints,1,4,push_the_plate_to_the_front_of_the_stove,0,0,100,350,4,0,,,,,,,,push the plate to the front of the stove,push the plate to the front of the stove view 0 0 100 350 4 initstate 0,push_the_plate_to_the_front_of_the_stove_view_0_0_100_350_4_initstate_0
892,Camera Viewpoints,1,4,push_the_plate_to_the_front_of_the_stove,0,0,100,350,6,0,,,,,,,,push the plate to the front of the stove,push the plate to the front of the stove view 0 0 100 350 6 initstate 0,push_the_plate_to_the_front_of_the_stove_view_0_0_100_350_6_initstate_0
893,Camera Viewpoints,3,2,push_the_plate_to_the_front_of_the_stove,0,0,100,350,8,0,,,,,,,,push the plate to the front of the stove,push the plate to the front of the stove view 0 0 100 350 8 initstate 0,push_the_plate_to_the_front_of_the_stove_view_0_0_100_350_8_initstate_0
894,Camera Viewpoints,3,2,push_the_plate_to_the_front_of_the_stove,0,0,100,350,10,0,,,,,,,,push the plate to the front of the stove,push the plate to the front of the stove view 0 0 100 350 10 initstate 0,push_the_plate_to_the_front_of_the_stove_view_0_0_100_350_10_initstate_0
895,Camera Viewpoints,5,0,push_the_plate_to_the_front_of_the_stove,0,0,100,350,350,0,,,,,,,,push the plate to the front of the stove,push the plate to the front of the stove view 0 0 100 350 350 initstate 0,push_the_plate_to_the_front_of_the_stove_view_0_0_100_350_350_initstate_0
896,Camera Viewpoints,4,1,push_the_plate_to_the_front_of_the_stove,0,0,100,350,352,0,,,,,,,,push the plate to the front of the stove,push the plate to the front of the stove view 0 0 100 350 352 initstate 0,push_the_plate_to_the_front_of_the_stove_view_0_0_100_350_352_initstate_0
897,Camera Viewpoints,3,2,push_the_plate_to_the_front_of_the_stove,0,0,100,350,354,0,,,,,,,,push the plate to the front of the stove,push the plate to the front of the stove view 0 0 100 350 354 initstate 0,push_the_plate_to_the_front_of_the_stove_view_0_0_100_350_354_initstate_0
898,Camera Viewpoints,4,1,push_the_plate_to_the_front_of_the_stove,0,0,100,350,356,0,,,,,,,,push the plate to the front of the stove,push the plate to the front of the stove view 0 0 100 350 356 initstate 0,push_the_plate_to_the_front_of_the_stove_view_0_0_100_350_356_initstate_0
899,Camera Viewpoints,3,2,push_the_plate_to_the_front_of_the_stove,0,0,100,350,358,0,,,,,,,,push the plate to the front of the stove,push the plate to the front of the stove view 0 0 100 350 358 initstate 0,push_the_plate_to_the_front_of_the_stove_view_0_0_100_350_358_initstate_0
900,Camera Viewpoints,5,0,push_the_plate_to_the_front_of_the_stove,285,0,100,0,0,0,,,,,,,,push the plate to the front of the stove,push the plate to the front of the stove view 285 0 100 0 0 initstate 0,push_the_plate_to_the_front_of_the_stove_view_285_0_100_0_0_initstate_0
901,Camera Viewpoints,4,1,push_the_plate_to_the_front_of_the_stove,285,15,100,0,0,0,,,,,,,,push the plate to the front of the stove,push the plate to the front of the stove view 285 15 100 0 0 initstate 0,push_the_plate_to_the_front_of_the_stove_view_285_15_100_0_0_initstate_0
902,Camera Viewpoints,5,0,push_the_plate_to_the_front_of_the_stove,286,0,100,0,0,0,,,,,,,,push the plate to the front of the stove,push the plate to the front of the stove view 286 0 100 0 0 initstate 0,push_the_plate_to_the_front_of_the_stove_view_286_0_100_0_0_initstate_0
903,Camera Viewpoints,5,0,push_the_plate_to_the_front_of_the_stove,286,15,100,0,0,0,,,,,,,,push the plate to the front of the stove,push the plate to the front of the stove view 286 15 100 0 0 initstate 0,push_the_plate_to_the_front_of_the_stove_view_286_15_100_0_0_initstate_0
904,Camera Viewpoints,5,0,push_the_plate_to_the_front_of_the_stove,287,0,100,0,0,0,,,,,,,,push the plate to the front of the stove,push the plate to the front of the stove view 287 0 100 0 0 initstate 0,push_the_plate_to_the_front_of_the_stove_view_287_0_100_0_0_initstate_0
905,Camera Viewpoints,4,1,push_the_plate_to_the_front_of_the_stove,287,15,100,0,0,0,,,,,,,,push the plate to the front of the stove,push the plate to the front of the stove view 287 15 100 0 0 initstate 0,push_the_plate_to_the_front_of_the_stove_view_287_15_100_0_0_initstate_0
906,Camera Viewpoints,5,0,push_the_plate_to_the_front_of_the_stove,288,0,100,0,0,0,,,,,,,,push the plate to the front of the stove,push the plate to the front of the stove view 288 0 100 0 0 initstate 0,push_the_plate_to_the_front_of_the_stove_view_288_0_100_0_0_initstate_0
907,Camera Viewpoints,5,0,push_the_plate_to_the_front_of_the_stove,288,15,100,0,0,0,,,,,,,,push the plate to the front of the stove,push the plate to the front of the stove view 288 15 100 0 0 initstate 0,push_the_plate_to_the_front_of_the_stove_view_288_15_100_0_0_initstate_0
908,Camera Viewpoints,5,0,push_the_plate_to_the_front_of_the_stove,289,0,100,0,0,0,,,,,,,,push the plate to the front of the stove,push the plate to the front of the stove view 289 0 100 0 0 initstate 0,push_the_plate_to_the_front_of_the_stove_view_289_0_100_0_0_initstate_0
909,Camera Viewpoints,5,0,push_the_plate_to_the_front_of_the_stove,289,15,100,0,0,0,,,,,,,,push the plate to the front of the stove,push the plate to the front of the stove view 289 15 100 0 0 initstate 0,push_the_plate_to_the_front_of_the_stove_view_289_15_100_0_0_initstate_0
910,Camera Viewpoints,5,0,push_the_plate_to_the_front_of_the_stove,290,0,100,0,0,0,,,,,,,,push the plate to the front of the stove,push the plate to the front of the stove view 290 0 100 0 0 initstate 0,push_the_plate_to_the_front_of_the_stove_view_290_0_100_0_0_initstate_0
911,Camera Viewpoints,4,1,push_the_plate_to_the_front_of_the_stove,290,15,100,0,0,0,,,,,,,,push the plate to the front of the stove,push the plate to the front of the stove view 290 15 100 0 0 initstate 0,push_the_plate_to_the_front_of_the_stove_view_290_15_100_0_0_initstate_0
912,Camera Viewpoints,5,0,push_the_plate_to_the_front_of_the_stove,291,0,100,0,0,0,,,,,,,,push the plate to the front of the stove,push the plate to the front of the stove view 291 0 100 0 0 initstate 0,push_the_plate_to_the_front_of_the_stove_view_291_0_100_0_0_initstate_0
913,Camera Viewpoints,5,0,push_the_plate_to_the_front_of_the_stove,291,15,100,0,0,0,,,,,,,,push the plate to the front of the stove,push the plate to the front of the stove view 291 15 100 0 0 initstate 0,push_the_plate_to_the_front_of_the_stove_view_291_15_100_0_0_initstate_0
914,Camera Viewpoints,4,1,push_the_plate_to_the_front_of_the_stove,292,0,100,0,0,0,,,,,,,,push the plate to the front of the stove,push the plate to the front of the stove view 292 0 100 0 0 initstate 0,push_the_plate_to_the_front_of_the_stove_view_292_0_100_0_0_initstate_0
915,Camera Viewpoints,5,0,push_the_plate_to_the_front_of_the_stove,292,15,100,0,0,0,,,,,,,,push the plate to the front of the stove,push the plate to the front of the stove view 292 15 100 0 0 initstate 0,push_the_plate_to_the_front_of_the_stove_view_292_15_100_0_0_initstate_0
916,Camera Viewpoints,5,0,push_the_plate_to_the_front_of_the_stove,293,0,100,0,0,0,,,,,,,,push the plate to the front of the stove,push the plate to the front of the stove view 293 0 100 0 0 initstate 0,push_the_plate_to_the_front_of_the_stove_view_293_0_100_0_0_initstate_0
917,Camera Viewpoints,4,1,push_the_plate_to_the_front_of_the_stove,293,15,100,0,0,0,,,,,,,,push the plate to the front of the stove,push the plate to the front of the stove view 293 15 100 0 0 initstate 0,push_the_plate_to_the_front_of_the_stove_view_293_15_100_0_0_initstate_0
918,Camera Viewpoints,5,0,push_the_plate_to_the_front_of_the_stove,294,0,100,0,0,0,,,,,,,,push the plate to the front of the stove,push the plate to the front of the stove view 294 0 100 0 0 initstate 0,push_the_plate_to_the_front_of_the_stove_view_294_0_100_0_0_initstate_0
919,Camera Viewpoints,5,0,push_the_plate_to_the_front_of_the_stove,294,15,100,0,0,0,,,,,,,,push the plate to the front of the stove,push the plate to the front of the stove view 294 15 100 0 0 initstate 0,push_the_plate_to_the_front_of_the_stove_view_294_15_100_0_0_initstate_0
920,Camera Viewpoints,4,1,push_the_plate_to_the_front_of_the_stove,295,0,100,0,0,0,,,,,,,,push the plate to the front of the stove,push the plate to the front of the stove view 295 0 100 0 0 initstate 0,push_the_plate_to_the_front_of_the_stove_view_295_0_100_0_0_initstate_0
921,Camera Viewpoints,5,0,push_the_plate_to_the_front_of_the_stove,295,15,100,0,0,0,,,,,,,,push the plate to the front of the stove,push the plate to the front of the stove view 295 15 100 0 0 initstate 0,push_the_plate_to_the_front_of_the_stove_view_295_15_100_0_0_initstate_0
922,Camera Viewpoints,3,2,push_the_plate_to_the_front_of_the_stove,296,0,100,0,0,0,,,,,,,,push the plate to the front of the stove,push the plate to the front of the stove view 296 0 100 0 0 initstate 0,push_the_plate_to_the_front_of_the_stove_view_296_0_100_0_0_initstate_0
923,Camera Viewpoints,5,0,push_the_plate_to_the_front_of_the_stove,296,15,100,0,0,0,,,,,,,,push the plate to the front of the stove,push the plate to the front of the stove view 296 15 100 0 0 initstate 0,push_the_plate_to_the_front_of_the_stove_view_296_15_100_0_0_initstate_0
924,Camera Viewpoints,5,0,push_the_plate_to_the_front_of_the_stove,297,0,100,0,0,0,,,,,,,,push the plate to the front of the stove,push the plate to the front of the stove view 297 0 100 0 0 initstate 0,push_the_plate_to_the_front_of_the_stove_view_297_0_100_0_0_initstate_0
925,Camera Viewpoints,4,1,push_the_plate_to_the_front_of_the_stove,297,15,100,0,0,0,,,,,,,,push the plate to the front of the stove,push the plate to the front of the stove view 297 15 100 0 0 initstate 0,push_the_plate_to_the_front_of_the_stove_view_297_15_100_0_0_initstate_0
926,Camera Viewpoints,5,0,push_the_plate_to_the_front_of_the_stove,298,0,100,0,0,0,,,,,,,,push the plate to the front of the stove,push the plate to the front of the stove view 298 0 100 0 0 initstate 0,push_the_plate_to_the_front_of_the_stove_view_298_0_100_0_0_initstate_0
927,Camera Viewpoints,4,1,push_the_plate_to_the_front_of_the_stove,298,15,100,0,0,0,,,,,,,,push the plate to the front of the stove,push the plate to the front of the stove view 298 15 100 0 0 initstate 0,push_the_plate_to_the_front_of_the_stove_view_298_15_100_0_0_initstate_0
928,Camera Viewpoints,5,0,push_the_plate_to_the_front_of_the_stove,299,0,100,0,0,0,,,,,,,,push the plate to the front of the stove,push the plate to the front of the stove view 299 0 100 0 0 initstate 0,push_the_plate_to_the_front_of_the_stove_view_299_0_100_0_0_initstate_0
929,Camera Viewpoints,4,1,push_the_plate_to_the_front_of_the_stove,299,15,100,0,0,0,,,,,,,,push the plate to the front of the stove,push the plate to the front of the stove view 299 15 100 0 0 initstate 0,push_the_plate_to_the_front_of_the_stove_view_299_15_100_0_0_initstate_0
930,Camera Viewpoints,2,3,put_the_cream_cheese_in_the_bowl,0,0,161,0,0,0,,,,,,,,put the cream cheese in the bowl,put the cream cheese in the bowl view 0 0 161 0 0 initstate 0,put_the_cream_cheese_in_the_bowl_view_0_0_161_0_0_initstate_0
931,Camera Viewpoints,2,3,put_the_cream_cheese_in_the_bowl,0,0,162,0,0,0,,,,,,,,put the cream cheese in the bowl,put the cream cheese in the bowl view 0 0 162 0 0 initstate 0,put_the_cream_cheese_in_the_bowl_view_0_0_162_0_0_initstate_0
932,Camera Viewpoints,2,3,put_the_cream_cheese_in_the_bowl,0,0,163,0,0,0,,,,,,,,put the cream cheese in the bowl,put the cream cheese in the bowl view 0 0 163 0 0 initstate 0,put_the_cream_cheese_in_the_bowl_view_0_0_163_0_0_initstate_0
933,Camera Viewpoints,2,3,put_the_cream_cheese_in_the_bowl,0,0,164,0,0,0,,,,,,,,put the cream cheese in the bowl,put the cream cheese in the bowl view 0 0 164 0 0 initstate 0,put_the_cream_cheese_in_the_bowl_view_0_0_164_0_0_initstate_0
934,Camera Viewpoints,2,3,put_the_cream_cheese_in_the_bowl,0,0,165,0,0,0,,,,,,,,put the cream cheese in the bowl,put the cream cheese in the bowl view 0 0 165 0 0 initstate 0,put_the_cream_cheese_in_the_bowl_view_0_0_165_0_0_initstate_0
935,Camera Viewpoints,2,3,put_the_cream_cheese_in_the_bowl,0,0,166,0,0,0,,,,,,,,put the cream cheese in the bowl,put the cream cheese in the bowl view 0 0 166 0 0 initstate 0,put_the_cream_cheese_in_the_bowl_view_0_0_166_0_0_initstate_0
936,Camera Viewpoints,2,3,put_the_cream_cheese_in_the_bowl,0,0,167,0,0,0,,,,,,,,put the cream cheese in the bowl,put the cream cheese in the bowl view 0 0 167 0 0 initstate 0,put_the_cream_cheese_in_the_bowl_view_0_0_167_0_0_initstate_0
937,Camera Viewpoints,3,2,put_the_cream_cheese_in_the_bowl,0,0,168,0,0,0,,,,,,,,put the cream cheese in the bowl,put the cream cheese in the bowl view 0 0 168 0 0 initstate 0,put_the_cream_cheese_in_the_bowl_view_0_0_168_0_0_initstate_0
938,Camera Viewpoints,2,3,put_the_cream_cheese_in_the_bowl,0,0,169,0,0,0,,,,,,,,put the cream cheese in the bowl,put the cream cheese in the bowl view 0 0 169 0 0 initstate 0,put_the_cream_cheese_in_the_bowl_view_0_0_169_0_0_initstate_0
939,Camera Viewpoints,3,2,put_the_cream_cheese_in_the_bowl,0,0,170,0,0,0,,,,,,,,put the cream cheese in the bowl,put the cream cheese in the bowl view 0 0 170 0 0 initstate 0,put_the_cream_cheese_in_the_bowl_view_0_0_170_0_0_initstate_0
940,Camera Viewpoints,3,2,put_the_cream_cheese_in_the_bowl,0,0,100,352,2,0,,,,,,,,put the cream cheese in the bowl,put the cream cheese in the bowl view 0 0 100 352 2 initstate 0,put_the_cream_cheese_in_the_bowl_view_0_0_100_352_2_initstate_0
941,Camera Viewpoints,3,2,put_the_cream_cheese_in_the_bowl,0,0,100,352,4,0,,,,,,,,put the cream cheese in the bowl,put the cream cheese in the bowl view 0 0 100 352 4 initstate 0,put_the_cream_cheese_in_the_bowl_view_0_0_100_352_4_initstate_0
942,Camera Viewpoints,4,1,put_the_cream_cheese_in_the_bowl,0,0,100,352,6,0,,,,,,,,put the cream cheese in the bowl,put the cream cheese in the bowl view 0 0 100 352 6 initstate 0,put_the_cream_cheese_in_the_bowl_view_0_0_100_352_6_initstate_0
943,Camera Viewpoints,4,1,put_the_cream_cheese_in_the_bowl,0,0,100,352,8,0,,,,,,,,put the cream cheese in the bowl,put the cream cheese in the bowl view 0 0 100 352 8 initstate 0,put_the_cream_cheese_in_the_bowl_view_0_0_100_352_8_initstate_0
944,Camera Viewpoints,5,0,put_the_cream_cheese_in_the_bowl,0,0,100,352,10,0,,,,,,,,put the cream cheese in the bowl,put the cream cheese in the bowl view 0 0 100 352 10 initstate 0,put_the_cream_cheese_in_the_bowl_view_0_0_100_352_10_initstate_0
945,Camera Viewpoints,3,2,put_the_cream_cheese_in_the_bowl,0,0,100,352,350,0,,,,,,,,put the cream cheese in the bowl,put the cream cheese in the bowl view 0 0 100 352 350 initstate 0,put_the_cream_cheese_in_the_bowl_view_0_0_100_352_350_initstate_0
946,Camera Viewpoints,2,3,put_the_cream_cheese_in_the_bowl,0,0,100,352,352,0,,,,,,,,put the cream cheese in the bowl,put the cream cheese in the bowl view 0 0 100 352 352 initstate 0,put_the_cream_cheese_in_the_bowl_view_0_0_100_352_352_initstate_0
947,Camera Viewpoints,3,2,put_the_cream_cheese_in_the_bowl,0,0,100,352,354,0,,,,,,,,put the cream cheese in the bowl,put the cream cheese in the bowl view 0 0 100 352 354 initstate 0,put_the_cream_cheese_in_the_bowl_view_0_0_100_352_354_initstate_0
948,Camera Viewpoints,3,2,put_the_cream_cheese_in_the_bowl,0,0,100,352,356,0,,,,,,,,put the cream cheese in the bowl,put the cream cheese in the bowl view 0 0 100 352 356 initstate 0,put_the_cream_cheese_in_the_bowl_view_0_0_100_352_356_initstate_0
949,Camera Viewpoints,4,1,put_the_cream_cheese_in_the_bowl,0,0,100,352,358,0,,,,,,,,put the cream cheese in the bowl,put the cream cheese in the bowl view 0 0 100 352 358 initstate 0,put_the_cream_cheese_in_the_bowl_view_0_0_100_352_358_initstate_0
950,Camera Viewpoints,4,1,put_the_cream_cheese_in_the_bowl,300,0,100,0,0,0,,,,,,,,put the cream cheese in the bowl,put the cream cheese in the bowl view 300 0 100 0 0 initstate 0,put_the_cream_cheese_in_the_bowl_view_300_0_100_0_0_initstate_0
951,Camera Viewpoints,3,2,put_the_cream_cheese_in_the_bowl,300,15,100,0,0,0,,,,,,,,put the cream cheese in the bowl,put the cream cheese in the bowl view 300 15 100 0 0 initstate 0,put_the_cream_cheese_in_the_bowl_view_300_15_100_0_0_initstate_0
952,Camera Viewpoints,4,1,put_the_cream_cheese_in_the_bowl,301,0,100,0,0,0,,,,,,,,put the cream cheese in the bowl,put the cream cheese in the bowl view 301 0 100 0 0 initstate 0,put_the_cream_cheese_in_the_bowl_view_301_0_100_0_0_initstate_0
953,Camera Viewpoints,3,2,put_the_cream_cheese_in_the_bowl,301,15,100,0,0,0,,,,,,,,put the cream cheese in the bowl,put the cream cheese in the bowl view 301 15 100 0 0 initstate 0,put_the_cream_cheese_in_the_bowl_view_301_15_100_0_0_initstate_0
954,Camera Viewpoints,4,1,put_the_cream_cheese_in_the_bowl,302,0,100,0,0,0,,,,,,,,put the cream cheese in the bowl,put the cream cheese in the bowl view 302 0 100 0 0 initstate 0,put_the_cream_cheese_in_the_bowl_view_302_0_100_0_0_initstate_0
955,Camera Viewpoints,3,2,put_the_cream_cheese_in_the_bowl,302,15,100,0,0,0,,,,,,,,put the cream cheese in the bowl,put the cream cheese in the bowl view 302 15 100 0 0 initstate 0,put_the_cream_cheese_in_the_bowl_view_302_15_100_0_0_initstate_0
956,Camera Viewpoints,4,1,put_the_cream_cheese_in_the_bowl,303,0,100,0,0,0,,,,,,,,put the cream cheese in the bowl,put the cream cheese in the bowl view 303 0 100 0 0 initstate 0,put_the_cream_cheese_in_the_bowl_view_303_0_100_0_0_initstate_0
957,Camera Viewpoints,3,2,put_the_cream_cheese_in_the_bowl,303,15,100,0,0,0,,,,,,,,put the cream cheese in the bowl,put the cream cheese in the bowl view 303 15 100 0 0 initstate 0,put_the_cream_cheese_in_the_bowl_view_303_15_100_0_0_initstate_0
958,Camera Viewpoints,4,1,put_the_cream_cheese_in_the_bowl,304,0,100,0,0,0,,,,,,,,put the cream cheese in the bowl,put the cream cheese in the bowl view 304 0 100 0 0 initstate 0,put_the_cream_cheese_in_the_bowl_view_304_0_100_0_0_initstate_0
959,Camera Viewpoints,2,3,put_the_cream_cheese_in_the_bowl,304,15,100,0,0,0,,,,,,,,put the cream cheese in the bowl,put the cream cheese in the bowl view 304 15 100 0 0 initstate 0,put_the_cream_cheese_in_the_bowl_view_304_15_100_0_0_initstate_0
960,Camera Viewpoints,5,0,put_the_cream_cheese_in_the_bowl,305,0,100,0,0,0,,,,,,,,put the cream cheese in the bowl,put the cream cheese in the bowl view 305 0 100 0 0 initstate 0,put_the_cream_cheese_in_the_bowl_view_305_0_100_0_0_initstate_0
961,Camera Viewpoints,4,1,put_the_cream_cheese_in_the_bowl,305,15,100,0,0,0,,,,,,,,put the cream cheese in the bowl,put the cream cheese in the bowl view 305 15 100 0 0 initstate 0,put_the_cream_cheese_in_the_bowl_view_305_15_100_0_0_initstate_0
962,Camera Viewpoints,5,0,put_the_cream_cheese_in_the_bowl,306,0,100,0,0,0,,,,,,,,put the cream cheese in the bowl,put the cream cheese in the bowl view 306 0 100 0 0 initstate 0,put_the_cream_cheese_in_the_bowl_view_306_0_100_0_0_initstate_0
963,Camera Viewpoints,3,2,put_the_cream_cheese_in_the_bowl,306,15,100,0,0,0,,,,,,,,put the cream cheese in the bowl,put the cream cheese in the bowl view 306 15 100 0 0 initstate 0,put_the_cream_cheese_in_the_bowl_view_306_15_100_0_0_initstate_0
964,Camera Viewpoints,4,1,put_the_cream_cheese_in_the_bowl,307,0,100,0,0,0,,,,,,,,put the cream cheese in the bowl,put the cream cheese in the bowl view 307 0 100 0 0 initstate 0,put_the_cream_cheese_in_the_bowl_view_307_0_100_0_0_initstate_0
965,Camera Viewpoints,3,2,put_the_cream_cheese_in_the_bowl,307,15,100,0,0,0,,,,,,,,put the cream cheese in the bowl,put the cream cheese in the bowl view 307 15 100 0 0 initstate 0,put_the_cream_cheese_in_the_bowl_view_307_15_100_0_0_initstate_0
966,Camera Viewpoints,4,1,put_the_cream_cheese_in_the_bowl,308,0,100,0,0,0,,,,,,,,put the cream cheese in the bowl,put the cream cheese in the bowl view 308 0 100 0 0 initstate 0,put_the_cream_cheese_in_the_bowl_view_308_0_100_0_0_initstate_0
967,Camera Viewpoints,3,2,put_the_cream_cheese_in_the_bowl,308,15,100,0,0,0,,,,,,,,put the cream cheese in the bowl,put the cream cheese in the bowl view 308 15 100 0 0 initstate 0,put_the_cream_cheese_in_the_bowl_view_308_15_100_0_0_initstate_0
968,Camera Viewpoints,3,2,put_the_cream_cheese_in_the_bowl,309,0,100,0,0,0,,,,,,,,put the cream cheese in the bowl,put the cream cheese in the bowl view 309 0 100 0 0 initstate 0,put_the_cream_cheese_in_the_bowl_view_309_0_100_0_0_initstate_0
969,Camera Viewpoints,3,2,put_the_cream_cheese_in_the_bowl,309,15,100,0,0,0,,,,,,,,put the cream cheese in the bowl,put the cream cheese in the bowl view 309 15 100 0 0 initstate 0,put_the_cream_cheese_in_the_bowl_view_309_15_100_0_0_initstate_0
970,Camera Viewpoints,3,2,put_the_cream_cheese_in_the_bowl,310,0,100,0,0,0,,,,,,,,put the cream cheese in the bowl,put the cream cheese in the bowl view 310 0 100 0 0 initstate 0,put_the_cream_cheese_in_the_bowl_view_310_0_100_0_0_initstate_0
971,Camera Viewpoints,3,2,put_the_cream_cheese_in_the_bowl,310,15,100,0,0,0,,,,,,,,put the cream cheese in the bowl,put the cream cheese in the bowl view 310 15 100 0 0 initstate 0,put_the_cream_cheese_in_the_bowl_view_310_15_100_0_0_initstate_0
972,Camera Viewpoints,3,2,put_the_cream_cheese_in_the_bowl,311,0,100,0,0,0,,,,,,,,put the cream cheese in the bowl,put the cream cheese in the bowl view 311 0 100 0 0 initstate 0,put_the_cream_cheese_in_the_bowl_view_311_0_100_0_0_initstate_0
973,Camera Viewpoints,3,2,put_the_cream_cheese_in_the_bowl,311,15,100,0,0,0,,,,,,,,put the cream cheese in the bowl,put the cream cheese in the bowl view 311 15 100 0 0 initstate 0,put_the_cream_cheese_in_the_bowl_view_311_15_100_0_0_initstate_0
974,Camera Viewpoints,4,1,put_the_cream_cheese_in_the_bowl,312,0,100,0,0,0,,,,,,,,put the cream cheese in the bowl,put the cream cheese in the bowl view 312 0 100 0 0 initstate 0,put_the_cream_cheese_in_the_bowl_view_312_0_100_0_0_initstate_0
975,Camera Viewpoints,2,3,put_the_cream_cheese_in_the_bowl,313,0,100,0,0,0,,,,,,,,put the cream cheese in the bowl,put the cream cheese in the bowl view 313 0 100 0 0 initstate 0,put_the_cream_cheese_in_the_bowl_view_313_0_100_0_0_initstate_0
976,Camera Viewpoints,4,1,put_the_cream_cheese_in_the_bowl,313,15,100,0,0,0,,,,,,,,put the cream cheese in the bowl,put the cream cheese in the bowl view 313 15 100 0 0 initstate 0,put_the_cream_cheese_in_the_bowl_view_313_15_100_0_0_initstate_0
977,Camera Viewpoints,4,1,put_the_cream_cheese_in_the_bowl,314,0,100,0,0,0,,,,,,,,put the cream cheese in the bowl,put the cream cheese in the bowl view 314 0 100 0 0 initstate 0,put_the_cream_cheese_in_the_bowl_view_314_0_100_0_0_initstate_0
978,Camera Viewpoints,4,1,put_the_cream_cheese_in_the_bowl,314,15,100,0,0,0,,,,,,,,put the cream cheese in the bowl,put the cream cheese in the bowl view 314 15 100 0 0 initstate 0,put_the_cream_cheese_in_the_bowl_view_314_15_100_0_0_initstate_0
979,Camera Viewpoints,2,3,turn_on_the_stove,0,0,171,0,0,0,,,,,,,,turn on the stove,turn on the stove view 0 0 171 0 0 initstate 0,turn_on_the_stove_view_0_0_171_0_0_initstate_0
980,Camera Viewpoints,2,3,turn_on_the_stove,0,0,172,0,0,0,,,,,,,,turn on the stove,turn on the stove view 0 0 172 0 0 initstate 0,turn_on_the_stove_view_0_0_172_0_0_initstate_0
981,Camera Viewpoints,2,3,turn_on_the_stove,0,0,173,0,0,0,,,,,,,,turn on the stove,turn on the stove view 0 0 173 0 0 initstate 0,turn_on_the_stove_view_0_0_173_0_0_initstate_0
982,Camera Viewpoints,2,3,turn_on_the_stove,0,0,174,0,0,0,,,,,,,,turn on the stove,turn on the stove view 0 0 174 0 0 initstate 0,turn_on_the_stove_view_0_0_174_0_0_initstate_0
983,Camera Viewpoints,2,3,turn_on_the_stove,0,0,175,0,0,0,,,,,,,,turn on the stove,turn on the stove view 0 0 175 0 0 initstate 0,turn_on_the_stove_view_0_0_175_0_0_initstate_0
984,Camera Viewpoints,2,3,turn_on_the_stove,0,0,176,0,0,0,,,,,,,,turn on the stove,turn on the stove view 0 0 176 0 0 initstate 0,turn_on_the_stove_view_0_0_176_0_0_initstate_0
985,Camera Viewpoints,2,3,turn_on_the_stove,0,0,177,0,0,0,,,,,,,,turn on the stove,turn on the stove view 0 0 177 0 0 initstate 0,turn_on_the_stove_view_0_0_177_0_0_initstate_0
986,Camera Viewpoints,2,3,turn_on_the_stove,0,0,178,0,0,0,,,,,,,,turn on the stove,turn on the stove view 0 0 178 0 0 initstate 0,turn_on_the_stove_view_0_0_178_0_0_initstate_0
987,Camera Viewpoints,2,3,turn_on_the_stove,0,0,179,0,0,0,,,,,,,,turn on the stove,turn on the stove view 0 0 179 0 0 initstate 0,turn_on_the_stove_view_0_0_179_0_0_initstate_0
988,Camera Viewpoints,2,3,turn_on_the_stove,0,0,180,0,0,0,,,,,,,,turn on the stove,turn on the stove view 0 0 180 0 0 initstate 0,turn_on_the_stove_view_0_0_180_0_0_initstate_0
989,Camera Viewpoints,1,4,turn_on_the_stove,0,0,100,354,4,0,,,,,,,,turn on the stove,turn on the stove view 0 0 100 354 4 initstate 0,turn_on_the_stove_view_0_0_100_354_4_initstate_0
990,Camera Viewpoints,1,4,turn_on_the_stove,0,0,100,354,8,0,,,,,,,,turn on the stove,turn on the stove view 0 0 100 354 8 initstate 0,turn_on_the_stove_view_0_0_100_354_8_initstate_0
991,Camera Viewpoints,2,3,turn_on_the_stove,0,0,100,354,10,0,,,,,,,,turn on the stove,turn on the stove view 0 0 100 354 10 initstate 0,turn_on_the_stove_view_0_0_100_354_10_initstate_0
992,Camera Viewpoints,1,4,turn_on_the_stove,0,0,100,354,350,0,,,,,,,,turn on the stove,turn on the stove view 0 0 100 354 350 initstate 0,turn_on_the_stove_view_0_0_100_354_350_initstate_0
993,Camera Viewpoints,1,4,turn_on_the_stove,0,0,100,354,352,0,,,,,,,,turn on the stove,turn on the stove view 0 0 100 354 352 initstate 0,turn_on_the_stove_view_0_0_100_354_352_initstate_0
994,Camera Viewpoints,1,4,turn_on_the_stove,0,0,100,354,358,0,,,,,,,,turn on the stove,turn on the stove view 0 0 100 354 358 initstate 0,turn_on_the_stove_view_0_0_100_354_358_initstate_0
995,Camera Viewpoints,3,2,turn_on_the_stove,315,0,100,0,0,0,,,,,,,,turn on the stove,turn on the stove view 315 0 100 0 0 initstate 0,turn_on_the_stove_view_315_0_100_0_0_initstate_0
996,Camera Viewpoints,3,2,turn_on_the_stove,315,15,100,0,0,0,,,,,,,,turn on the stove,turn on the stove view 315 15 100 0 0 initstate 0,turn_on_the_stove_view_315_15_100_0_0_initstate_0
997,Camera Viewpoints,2,3,turn_on_the_stove,316,0,100,0,0,0,,,,,,,,turn on the stove,turn on the stove view 316 0 100 0 0 initstate 0,turn_on_the_stove_view_316_0_100_0_0_initstate_0
998,Camera Viewpoints,2,3,turn_on_the_stove,316,15,100,0,0,0,,,,,,,,turn on the stove,turn on the stove view 316 15 100 0 0 initstate 0,turn_on_the_stove_view_316_15_100_0_0_initstate_0
999,Camera Viewpoints,2,3,turn_on_the_stove,317,0,100,0,0,0,,,,,,,,turn on the stove,turn on the stove view 317 0 100 0 0 initstate 0,turn_on_the_stove_view_317_0_100_0_0_initstate_0
1000,Camera Viewpoints,3,2,turn_on_the_stove,317,15,100,0,0,0,,,,,,,,turn on the stove,turn on the stove view 317 15 100 0 0 initstate 0,turn_on_the_stove_view_317_15_100_0_0_initstate_0
1001,Camera Viewpoints,2,3,turn_on_the_stove,318,0,100,0,0,0,,,,,,,,turn on the stove,turn on the stove view 318 0 100 0 0 initstate 0,turn_on_the_stove_view_318_0_100_0_0_initstate_0
1002,Camera Viewpoints,2,3,turn_on_the_stove,318,15,100,0,0,0,,,,,,,,turn on the stove,turn on the stove view 318 15 100 0 0 initstate 0,turn_on_the_stove_view_318_15_100_0_0_initstate_0
1003,Camera Viewpoints,2,3,turn_on_the_stove,319,0,100,0,0,0,,,,,,,,turn on the stove,turn on the stove view 319 0 100 0 0 initstate 0,turn_on_the_stove_view_319_0_100_0_0_initstate_0
1004,Camera Viewpoints,4,1,turn_on_the_stove,319,15,100,0,0,0,,,,,,,,turn on the stove,turn on the stove view 319 15 100 0 0 initstate 0,turn_on_the_stove_view_319_15_100_0_0_initstate_0
1005,Camera Viewpoints,2,3,turn_on_the_stove,320,0,100,0,0,0,,,,,,,,turn on the stove,turn on the stove view 320 0 100 0 0 initstate 0,turn_on_the_stove_view_320_0_100_0_0_initstate_0
1006,Camera Viewpoints,2,3,turn_on_the_stove,320,15,100,0,0,0,,,,,,,,turn on the stove,turn on the stove view 320 15 100 0 0 initstate 0,turn_on_the_stove_view_320_15_100_0_0_initstate_0
1007,Camera Viewpoints,2,3,turn_on_the_stove,321,0,100,0,0,0,,,,,,,,turn on the stove,turn on the stove view 321 0 100 0 0 initstate 0,turn_on_the_stove_view_321_0_100_0_0_initstate_0
1008,Camera Viewpoints,2,3,turn_on_the_stove,321,15,100,0,0,0,,,,,,,,turn on the stove,turn on the stove view 321 15 100 0 0 initstate 0,turn_on_the_stove_view_321_15_100_0_0_initstate_0
1009,Camera Viewpoints,2,3,turn_on_the_stove,322,0,100,0,0,0,,,,,,,,turn on the stove,turn on the stove view 322 0 100 0 0 initstate 0,turn_on_the_stove_view_322_0_100_0_0_initstate_0
1010,Camera Viewpoints,2,3,turn_on_the_stove,322,15,100,0,0,0,,,,,,,,turn on the stove,turn on the stove view 322 15 100 0 0 initstate 0,turn_on_the_stove_view_322_15_100_0_0_initstate_0
1011,Camera Viewpoints,2,3,turn_on_the_stove,323,0,100,0,0,0,,,,,,,,turn on the stove,turn on the stove view 323 0 100 0 0 initstate 0,turn_on_the_stove_view_323_0_100_0_0_initstate_0
1012,Camera Viewpoints,1,4,turn_on_the_stove,323,15,100,0,0,0,,,,,,,,turn on the stove,turn on the stove view 323 15 100 0 0 initstate 0,turn_on_the_stove_view_323_15_100_0_0_initstate_0
1013,Camera Viewpoints,2,3,turn_on_the_stove,324,0,100,0,0,0,,,,,,,,turn on the stove,turn on the stove view 324 0 100 0 0 initstate 0,turn_on_the_stove_view_324_0_100_0_0_initstate_0
1014,Camera Viewpoints,2,3,turn_on_the_stove,324,15,100,0,0,0,,,,,,,,turn on the stove,turn on the stove view 324 15 100 0 0 initstate 0,turn_on_the_stove_view_324_15_100_0_0_initstate_0
1015,Camera Viewpoints,2,3,turn_on_the_stove,325,0,100,0,0,0,,,,,,,,turn on the stove,turn on the stove view 325 0 100 0 0 initstate 0,turn_on_the_stove_view_325_0_100_0_0_initstate_0
1016,Camera Viewpoints,2,3,turn_on_the_stove,325,15,100,0,0,0,,,,,,,,turn on the stove,turn on the stove view 325 15 100 0 0 initstate 0,turn_on_the_stove_view_325_15_100_0_0_initstate_0
1017,Camera Viewpoints,2,3,turn_on_the_stove,326,0,100,0,0,0,,,,,,,,turn on the stove,turn on the stove view 326 0 100 0 0 initstate 0,turn_on_the_stove_view_326_0_100_0_0_initstate_0
1018,Camera Viewpoints,1,4,turn_on_the_stove,326,15,100,0,0,0,,,,,,,,turn on the stove,turn on the stove view 326 15 100 0 0 initstate 0,turn_on_the_stove_view_326_15_100_0_0_initstate_0
1019,Camera Viewpoints,2,3,turn_on_the_stove,327,0,100,0,0,0,,,,,,,,turn on the stove,turn on the stove view 327 0 100 0 0 initstate 0,turn_on_the_stove_view_327_0_100_0_0_initstate_0
1020,Camera Viewpoints,1,4,turn_on_the_stove,327,15,100,0,0,0,,,,,,,,turn on the stove,turn on the stove view 327 15 100 0 0 initstate 0,turn_on_the_stove_view_327_15_100_0_0_initstate_0
1021,Camera Viewpoints,1,4,turn_on_the_stove,328,0,100,0,0,0,,,,,,,,turn on the stove,turn on the stove view 328 0 100 0 0 initstate 0,turn_on_the_stove_view_328_0_100_0_0_initstate_0
1022,Camera Viewpoints,2,3,turn_on_the_stove,328,15,100,0,0,0,,,,,,,,turn on the stove,turn on the stove view 328 15 100 0 0 initstate 0,turn_on_the_stove_view_328_15_100_0_0_initstate_0
1023,Camera Viewpoints,1,4,turn_on_the_stove,329,0,100,0,0,0,,,,,,,,turn on the stove,turn on the stove view 329 0 100 0 0 initstate 0,turn_on_the_stove_view_329_0_100_0_0_initstate_0
1024,Camera Viewpoints,2,3,turn_on_the_stove,329,15,100,0,0,0,,,,,,,,turn on the stove,turn on the stove view 329 15 100 0 0 initstate 0,turn_on_the_stove_view_329_15_100_0_0_initstate_0
1025,Camera Viewpoints,3,2,put_the_bowl_on_the_plate,0,0,181,0,0,0,,,,,,,,put the bowl on the plate,put the bowl on the plate view 0 0 181 0 0 initstate 0,put_the_bowl_on_the_plate_view_0_0_181_0_0_initstate_0
1026,Camera Viewpoints,3,2,put_the_bowl_on_the_plate,0,0,182,0,0,0,,,,,,,,put the bowl on the plate,put the bowl on the plate view 0 0 182 0 0 initstate 0,put_the_bowl_on_the_plate_view_0_0_182_0_0_initstate_0
1027,Camera Viewpoints,3,2,put_the_bowl_on_the_plate,0,0,183,0,0,0,,,,,,,,put the bowl on the plate,put the bowl on the plate view 0 0 183 0 0 initstate 0,put_the_bowl_on_the_plate_view_0_0_183_0_0_initstate_0
1028,Camera Viewpoints,4,1,put_the_bowl_on_the_plate,0,0,184,0,0,0,,,,,,,,put the bowl on the plate,put the bowl on the plate view 0 0 184 0 0 initstate 0,put_the_bowl_on_the_plate_view_0_0_184_0_0_initstate_0
1029,Camera Viewpoints,4,1,put_the_bowl_on_the_plate,0,0,185,0,0,0,,,,,,,,put the bowl on the plate,put the bowl on the plate view 0 0 185 0 0 initstate 0,put_the_bowl_on_the_plate_view_0_0_185_0_0_initstate_0
1030,Camera Viewpoints,4,1,put_the_bowl_on_the_plate,0,0,186,0,0,0,,,,,,,,put the bowl on the plate,put the bowl on the plate view 0 0 186 0 0 initstate 0,put_the_bowl_on_the_plate_view_0_0_186_0_0_initstate_0
1031,Camera Viewpoints,4,1,put_the_bowl_on_the_plate,0,0,187,0,0,0,,,,,,,,put the bowl on the plate,put the bowl on the plate view 0 0 187 0 0 initstate 0,put_the_bowl_on_the_plate_view_0_0_187_0_0_initstate_0
1032,Camera Viewpoints,3,2,put_the_bowl_on_the_plate,0,0,188,0,0,0,,,,,,,,put the bowl on the plate,put the bowl on the plate view 0 0 188 0 0 initstate 0,put_the_bowl_on_the_plate_view_0_0_188_0_0_initstate_0
1033,Camera Viewpoints,4,1,put_the_bowl_on_the_plate,0,0,189,0,0,0,,,,,,,,put the bowl on the plate,put the bowl on the plate view 0 0 189 0 0 initstate 0,put_the_bowl_on_the_plate_view_0_0_189_0_0_initstate_0
1034,Camera Viewpoints,3,2,put_the_bowl_on_the_plate,0,0,190,0,0,0,,,,,,,,put the bowl on the plate,put the bowl on the plate view 0 0 190 0 0 initstate 0,put_the_bowl_on_the_plate_view_0_0_190_0_0_initstate_0
1035,Camera Viewpoints,1,4,put_the_bowl_on_the_plate,0,0,100,356,8,0,,,,,,,,put the bowl on the plate,put the bowl on the plate view 0 0 100 356 8 initstate 0,put_the_bowl_on_the_plate_view_0_0_100_356_8_initstate_0
1036,Camera Viewpoints,1,4,put_the_bowl_on_the_plate,0,0,100,356,10,0,,,,,,,,put the bowl on the plate,put the bowl on the plate view 0 0 100 356 10 initstate 0,put_the_bowl_on_the_plate_view_0_0_100_356_10_initstate_0
1037,Camera Viewpoints,2,3,put_the_bowl_on_the_plate,0,0,100,356,352,0,,,,,,,,put the bowl on the plate,put the bowl on the plate view 0 0 100 356 352 initstate 0,put_the_bowl_on_the_plate_view_0_0_100_356_352_initstate_0
1038,Camera Viewpoints,1,4,put_the_bowl_on_the_plate,330,0,100,0,0,0,,,,,,,,put the bowl on the plate,put the bowl on the plate view 330 0 100 0 0 initstate 0,put_the_bowl_on_the_plate_view_330_0_100_0_0_initstate_0
1039,Camera Viewpoints,2,3,put_the_bowl_on_the_plate,330,15,100,0,0,0,,,,,,,,put the bowl on the plate,put the bowl on the plate view 330 15 100 0 0 initstate 0,put_the_bowl_on_the_plate_view_330_15_100_0_0_initstate_0
1040,Camera Viewpoints,2,3,put_the_bowl_on_the_plate,332,15,100,0,0,0,,,,,,,,put the bowl on the plate,put the bowl on the plate view 332 15 100 0 0 initstate 0,put_the_bowl_on_the_plate_view_332_15_100_0_0_initstate_0
1041,Camera Viewpoints,3,2,put_the_bowl_on_the_plate,333,15,100,0,0,0,,,,,,,,put the bowl on the plate,put the bowl on the plate view 333 15 100 0 0 initstate 0,put_the_bowl_on_the_plate_view_333_15_100_0_0_initstate_0
1042,Camera Viewpoints,3,2,put_the_bowl_on_the_plate,334,15,100,0,0,0,,,,,,,,put the bowl on the plate,put the bowl on the plate view 334 15 100 0 0 initstate 0,put_the_bowl_on_the_plate_view_334_15_100_0_0_initstate_0
1043,Camera Viewpoints,3,2,put_the_bowl_on_the_plate,335,15,100,0,0,0,,,,,,,,put the bowl on the plate,put the bowl on the plate view 335 15 100 0 0 initstate 0,put_the_bowl_on_the_plate_view_335_15_100_0_0_initstate_0
1044,Camera Viewpoints,3,2,put_the_bowl_on_the_plate,336,15,100,0,0,0,,,,,,,,put the bowl on the plate,put the bowl on the plate view 336 15 100 0 0 initstate 0,put_the_bowl_on_the_plate_view_336_15_100_0_0_initstate_0
1045,Camera Viewpoints,1,4,put_the_bowl_on_the_plate,337,0,100,0,0,0,,,,,,,,put the bowl on the plate,put the bowl on the plate view 337 0 100 0 0 initstate 0,put_the_bowl_on_the_plate_view_337_0_100_0_0_initstate_0
1046,Camera Viewpoints,3,2,put_the_bowl_on_the_plate,337,15,100,0,0,0,,,,,,,,put the bowl on the plate,put the bowl on the plate view 337 15 100 0 0 initstate 0,put_the_bowl_on_the_plate_view_337_15_100_0_0_initstate_0
1047,Camera Viewpoints,1,4,put_the_bowl_on_the_plate,338,0,100,0,0,0,,,,,,,,put the bowl on the plate,put the bowl on the plate view 338 0 100 0 0 initstate 0,put_the_bowl_on_the_plate_view_338_0_100_0_0_initstate_0
1048,Camera Viewpoints,4,1,put_the_bowl_on_the_plate,338,15,100,0,0,0,,,,,,,,put the bowl on the plate,put the bowl on the plate view 338 15 100 0 0 initstate 0,put_the_bowl_on_the_plate_view_338_15_100_0_0_initstate_0
1049,Camera Viewpoints,1,4,put_the_bowl_on_the_plate,339,0,100,0,0,0,,,,,,,,put the bowl on the plate,put the bowl on the plate view 339 0 100 0 0 initstate 0,put_the_bowl_on_the_plate_view_339_0_100_0_0_initstate_0
1050,Camera Viewpoints,3,2,put_the_bowl_on_the_plate,339,15,100,0,0,0,,,,,,,,put the bowl on the plate,put the bowl on the plate view 339 15 100 0 0 initstate 0,put_the_bowl_on_the_plate_view_339_15_100_0_0_initstate_0
1051,Camera Viewpoints,3,2,put_the_bowl_on_the_plate,340,15,100,0,0,0,,,,,,,,put the bowl on the plate,put the bowl on the plate view 340 15 100 0 0 initstate 0,put_the_bowl_on_the_plate_view_340_15_100_0_0_initstate_0
1052,Camera Viewpoints,3,2,put_the_bowl_on_the_plate,341,15,100,0,0,0,,,,,,,,put the bowl on the plate,put the bowl on the plate view 341 15 100 0 0 initstate 0,put_the_bowl_on_the_plate_view_341_15_100_0_0_initstate_0
1053,Camera Viewpoints,2,3,put_the_bowl_on_the_plate,342,15,100,0,0,0,,,,,,,,put the bowl on the plate,put the bowl on the plate view 342 15 100 0 0 initstate 0,put_the_bowl_on_the_plate_view_342_15_100_0_0_initstate_0
1054,Camera Viewpoints,3,2,put_the_bowl_on_the_plate,343,15,100,0,0,0,,,,,,,,put the bowl on the plate,put the bowl on the plate view 343 15 100 0 0 initstate 0,put_the_bowl_on_the_plate_view_343_15_100_0_0_initstate_0
1055,Camera Viewpoints,2,3,put_the_bowl_on_the_plate,344,15,100,0,0,0,,,,,,,,put the bowl on the plate,put the bowl on the plate view 344 15 100 0 0 initstate 0,put_the_bowl_on_the_plate_view_344_15_100_0_0_initstate_0
1056,Camera Viewpoints,4,1,put_the_wine_bottle_on_the_rack,0,0,191,0,0,0,,,,,,,,put the wine bottle on the rack,put the wine bottle on the rack view 0 0 191 0 0 initstate 0,put_the_wine_bottle_on_the_rack_view_0_0_191_0_0_initstate_0
1057,Camera Viewpoints,4,1,put_the_wine_bottle_on_the_rack,0,0,192,0,0,0,,,,,,,,put the wine bottle on the rack,put the wine bottle on the rack view 0 0 192 0 0 initstate 0,put_the_wine_bottle_on_the_rack_view_0_0_192_0_0_initstate_0
1058,Camera Viewpoints,4,1,put_the_wine_bottle_on_the_rack,0,0,193,0,0,0,,,,,,,,put the wine bottle on the rack,put the wine bottle on the rack view 0 0 193 0 0 initstate 0,put_the_wine_bottle_on_the_rack_view_0_0_193_0_0_initstate_0
1059,Camera Viewpoints,3,2,put_the_wine_bottle_on_the_rack,0,0,194,0,0,0,,,,,,,,put the wine bottle on the rack,put the wine bottle on the rack view 0 0 194 0 0 initstate 0,put_the_wine_bottle_on_the_rack_view_0_0_194_0_0_initstate_0
1060,Camera Viewpoints,4,1,put_the_wine_bottle_on_the_rack,0,0,195,0,0,0,,,,,,,,put the wine bottle on the rack,put the wine bottle on the rack view 0 0 195 0 0 initstate 0,put_the_wine_bottle_on_the_rack_view_0_0_195_0_0_initstate_0
1061,Camera Viewpoints,4,1,put_the_wine_bottle_on_the_rack,0,0,196,0,0,0,,,,,,,,put the wine bottle on the rack,put the wine bottle on the rack view 0 0 196 0 0 initstate 0,put_the_wine_bottle_on_the_rack_view_0_0_196_0_0_initstate_0
1062,Camera Viewpoints,4,1,put_the_wine_bottle_on_the_rack,0,0,197,0,0,0,,,,,,,,put the wine bottle on the rack,put the wine bottle on the rack view 0 0 197 0 0 initstate 0,put_the_wine_bottle_on_the_rack_view_0_0_197_0_0_initstate_0
1063,Camera Viewpoints,4,1,put_the_wine_bottle_on_the_rack,0,0,198,0,0,0,,,,,,,,put the wine bottle on the rack,put the wine bottle on the rack view 0 0 198 0 0 initstate 0,put_the_wine_bottle_on_the_rack_view_0_0_198_0_0_initstate_0
1064,Camera Viewpoints,4,1,put_the_wine_bottle_on_the_rack,0,0,199,0,0,0,,,,,,,,put the wine bottle on the rack,put the wine bottle on the rack view 0 0 199 0 0 initstate 0,put_the_wine_bottle_on_the_rack_view_0_0_199_0_0_initstate_0
1065,Camera Viewpoints,4,1,put_the_wine_bottle_on_the_rack,0,0,200,0,0,0,,,,,,,,put the wine bottle on the rack,put the wine bottle on the rack view 0 0 200 0 0 initstate 0,put_the_wine_bottle_on_the_rack_view_0_0_200_0_0_initstate_0
1066,Camera Viewpoints,2,3,put_the_wine_bottle_on_the_rack,0,0,100,358,2,0,,,,,,,,put the wine bottle on the rack,put the wine bottle on the rack view 0 0 100 358 2 initstate 0,put_the_wine_bottle_on_the_rack_view_0_0_100_358_2_initstate_0
1067,Camera Viewpoints,4,1,put_the_wine_bottle_on_the_rack,0,0,100,358,4,0,,,,,,,,put the wine bottle on the rack,put the wine bottle on the rack view 0 0 100 358 4 initstate 0,put_the_wine_bottle_on_the_rack_view_0_0_100_358_4_initstate_0
1068,Camera Viewpoints,4,1,put_the_wine_bottle_on_the_rack,0,0,100,358,6,0,,,,,,,,put the wine bottle on the rack,put the wine bottle on the rack view 0 0 100 358 6 initstate 0,put_the_wine_bottle_on_the_rack_view_0_0_100_358_6_initstate_0
1069,Camera Viewpoints,3,2,put_the_wine_bottle_on_the_rack,0,0,100,358,8,0,,,,,,,,put the wine bottle on the rack,put the wine bottle on the rack view 0 0 100 358 8 initstate 0,put_the_wine_bottle_on_the_rack_view_0_0_100_358_8_initstate_0
1070,Camera Viewpoints,2,3,put_the_wine_bottle_on_the_rack,0,0,100,358,10,0,,,,,,,,put the wine bottle on the rack,put the wine bottle on the rack view 0 0 100 358 10 initstate 0,put_the_wine_bottle_on_the_rack_view_0_0_100_358_10_initstate_0
1071,Camera Viewpoints,2,3,put_the_wine_bottle_on_the_rack,0,0,100,358,350,0,,,,,,,,put the wine bottle on the rack,put the wine bottle on the rack view 0 0 100 358 350 initstate 0,put_the_wine_bottle_on_the_rack_view_0_0_100_358_350_initstate_0
1072,Camera Viewpoints,1,4,put_the_wine_bottle_on_the_rack,0,0,100,358,352,0,,,,,,,,put the wine bottle on the rack,put the wine bottle on the rack view 0 0 100 358 352 initstate 0,put_the_wine_bottle_on_the_rack_view_0_0_100_358_352_initstate_0
1073,Camera Viewpoints,1,4,put_the_wine_bottle_on_the_rack,0,0,100,358,356,0,,,,,,,,put the wine bottle on the rack,put the wine bottle on the rack view 0 0 100 358 356 initstate 0,put_the_wine_bottle_on_the_rack_view_0_0_100_358_356_initstate_0
1074,Camera Viewpoints,1,4,put_the_wine_bottle_on_the_rack,0,0,100,358,358,0,,,,,,,,put the wine bottle on the rack,put the wine bottle on the rack view 0 0 100 358 358 initstate 0,put_the_wine_bottle_on_the_rack_view_0_0_100_358_358_initstate_0
1075,Camera Viewpoints,2,3,put_the_wine_bottle_on_the_rack,345,0,100,0,0,0,,,,,,,,put the wine bottle on the rack,put the wine bottle on the rack view 345 0 100 0 0 initstate 0,put_the_wine_bottle_on_the_rack_view_345_0_100_0_0_initstate_0
1076,Camera Viewpoints,3,2,put_the_wine_bottle_on_the_rack,345,15,100,0,0,0,,,,,,,,put the wine bottle on the rack,put the wine bottle on the rack view 345 15 100 0 0 initstate 0,put_the_wine_bottle_on_the_rack_view_345_15_100_0_0_initstate_0
1077,Camera Viewpoints,2,3,put_the_wine_bottle_on_the_rack,346,0,100,0,0,0,,,,,,,,put the wine bottle on the rack,put the wine bottle on the rack view 346 0 100 0 0 initstate 0,put_the_wine_bottle_on_the_rack_view_346_0_100_0_0_initstate_0
1078,Camera Viewpoints,3,2,put_the_wine_bottle_on_the_rack,346,15,100,0,0,0,,,,,,,,put the wine bottle on the rack,put the wine bottle on the rack view 346 15 100 0 0 initstate 0,put_the_wine_bottle_on_the_rack_view_346_15_100_0_0_initstate_0
1079,Camera Viewpoints,2,3,put_the_wine_bottle_on_the_rack,347,0,100,0,0,0,,,,,,,,put the wine bottle on the rack,put the wine bottle on the rack view 347 0 100 0 0 initstate 0,put_the_wine_bottle_on_the_rack_view_347_0_100_0_0_initstate_0
1080,Camera Viewpoints,3,2,put_the_wine_bottle_on_the_rack,347,15,100,0,0,0,,,,,,,,put the wine bottle on the rack,put the wine bottle on the rack view 347 15 100 0 0 initstate 0,put_the_wine_bottle_on_the_rack_view_347_15_100_0_0_initstate_0
1081,Camera Viewpoints,2,3,put_the_wine_bottle_on_the_rack,348,0,100,0,0,0,,,,,,,,put the wine bottle on the rack,put the wine bottle on the rack view 348 0 100 0 0 initstate 0,put_the_wine_bottle_on_the_rack_view_348_0_100_0_0_initstate_0
1082,Camera Viewpoints,3,2,put_the_wine_bottle_on_the_rack,348,15,100,0,0,0,,,,,,,,put the wine bottle on the rack,put the wine bottle on the rack view 348 15 100 0 0 initstate 0,put_the_wine_bottle_on_the_rack_view_348_15_100_0_0_initstate_0
1083,Camera Viewpoints,1,4,put_the_wine_bottle_on_the_rack,349,0,100,0,0,0,,,,,,,,put the wine bottle on the rack,put the wine bottle on the rack view 349 0 100 0 0 initstate 0,put_the_wine_bottle_on_the_rack_view_349_0_100_0_0_initstate_0
1084,Camera Viewpoints,3,2,put_the_wine_bottle_on_the_rack,349,15,100,0,0,0,,,,,,,,put the wine bottle on the rack,put the wine bottle on the rack view 349 15 100 0 0 initstate 0,put_the_wine_bottle_on_the_rack_view_349_15_100_0_0_initstate_0
1085,Camera Viewpoints,3,2,put_the_wine_bottle_on_the_rack,350,15,100,0,0,0,,,,,,,,put the wine bottle on the rack,put the wine bottle on the rack view 350 15 100 0 0 initstate 0,put_the_wine_bottle_on_the_rack_view_350_15_100_0_0_initstate_0
1086,Camera Viewpoints,2,3,put_the_wine_bottle_on_the_rack,351,0,100,0,0,0,,,,,,,,put the wine bottle on the rack,put the wine bottle on the rack view 351 0 100 0 0 initstate 0,put_the_wine_bottle_on_the_rack_view_351_0_100_0_0_initstate_0
1087,Camera Viewpoints,3,2,put_the_wine_bottle_on_the_rack,351,15,100,0,0,0,,,,,,,,put the wine bottle on the rack,put the wine bottle on the rack view 351 15 100 0 0 initstate 0,put_the_wine_bottle_on_the_rack_view_351_15_100_0_0_initstate_0
1088,Camera Viewpoints,2,3,put_the_wine_bottle_on_the_rack,352,0,100,0,0,0,,,,,,,,put the wine bottle on the rack,put the wine bottle on the rack view 352 0 100 0 0 initstate 0,put_the_wine_bottle_on_the_rack_view_352_0_100_0_0_initstate_0
1089,Camera Viewpoints,3,2,put_the_wine_bottle_on_the_rack,352,15,100,0,0,0,,,,,,,,put the wine bottle on the rack,put the wine bottle on the rack view 352 15 100 0 0 initstate 0,put_the_wine_bottle_on_the_rack_view_352_15_100_0_0_initstate_0
1090,Camera Viewpoints,1,4,put_the_wine_bottle_on_the_rack,353,0,100,0,0,0,,,,,,,,put the wine bottle on the rack,put the wine bottle on the rack view 353 0 100 0 0 initstate 0,put_the_wine_bottle_on_the_rack_view_353_0_100_0_0_initstate_0
1091,Camera Viewpoints,3,2,put_the_wine_bottle_on_the_rack,353,15,100,0,0,0,,,,,,,,put the wine bottle on the rack,put the wine bottle on the rack view 353 15 100 0 0 initstate 0,put_the_wine_bottle_on_the_rack_view_353_15_100_0_0_initstate_0
1092,Camera Viewpoints,3,2,put_the_wine_bottle_on_the_rack,354,15,100,0,0,0,,,,,,,,put the wine bottle on the rack,put the wine bottle on the rack view 354 15 100 0 0 initstate 0,put_the_wine_bottle_on_the_rack_view_354_15_100_0_0_initstate_0
1093,Camera Viewpoints,3,2,put_the_wine_bottle_on_the_rack,355,15,100,0,0,0,,,,,,,,put the wine bottle on the rack,put the wine bottle on the rack view 355 15 100 0 0 initstate 0,put_the_wine_bottle_on_the_rack_view_355_15_100_0_0_initstate_0
1094,Camera Viewpoints,1,4,put_the_wine_bottle_on_the_rack,356,0,100,0,0,0,,,,,,,,put the wine bottle on the rack,put the wine bottle on the rack view 356 0 100 0 0 initstate 0,put_the_wine_bottle_on_the_rack_view_356_0_100_0_0_initstate_0
1095,Camera Viewpoints,3,2,put_the_wine_bottle_on_the_rack,356,15,100,0,0,0,,,,,,,,put the wine bottle on the rack,put the wine bottle on the rack view 356 15 100 0 0 initstate 0,put_the_wine_bottle_on_the_rack_view_356_15_100_0_0_initstate_0
1096,Camera Viewpoints,3,2,put_the_wine_bottle_on_the_rack,357,15,100,0,0,0,,,,,,,,put the wine bottle on the rack,put the wine bottle on the rack view 357 15 100 0 0 initstate 0,put_the_wine_bottle_on_the_rack_view_357_15_100_0_0_initstate_0
1097,Camera Viewpoints,3,2,put_the_wine_bottle_on_the_rack,359,15,100,0,0,0,,,,,,,,put the wine bottle on the rack,put the wine bottle on the rack view 359 15 100 0 0 initstate 0,put_the_wine_bottle_on_the_rack_view_359_15_100_0_0_initstate_0
1098,Language Instructions,3,2,open_the_middle_drawer_of_the_cabinet,0,0,100,0,0,0,,,,,1,,,please make sure the middle drawer of the cabinet is open,please make sure the middle drawer of the cabinet is open,open_the_middle_drawer_of_the_cabinet_language_1_view_0_0_100_0_0_initstate_0
1099,Language Instructions,4,1,open_the_middle_drawer_of_the_cabinet,0,0,100,0,0,0,,,,,2,,,after you finish that task your next job is to open the middle drawer of the cabinet,after you finish that task your next job is to open the middle drawer of the cabinet,open_the_middle_drawer_of_the_cabinet_language_2_view_0_0_100_0_0_initstate_0
1100,Language Instructions,3,2,open_the_middle_drawer_of_the_cabinet,0,0,100,0,0,0,,,,,3,,,can you have the middle drawer of the cabinet opened,can you have the middle drawer of the cabinet opened,open_the_middle_drawer_of_the_cabinet_language_3_view_0_0_100_0_0_initstate_0
1101,Language Instructions,5,0,open_the_middle_drawer_of_the_cabinet,0,0,100,0,0,0,,,,,4,,,open the central storage compartment of the furniture used for keeping files and small items,open the central storage compartment of the furniture used for keeping files and small items,open_the_middle_drawer_of_the_cabinet_language_4_view_0_0_100_0_0_initstate_0
1102,Language Instructions,4,1,open_the_middle_drawer_of_the_cabinet,0,0,100,0,0,0,,,,,5,,,draw open the center compartment of the cabinet,draw open the center compartment of the cabinet,open_the_middle_drawer_of_the_cabinet_language_5_view_0_0_100_0_0_initstate_0
1103,Language Instructions,4,1,open_the_middle_drawer_of_the_cabinet,0,0,100,0,0,0,,,,,6,,,its quite stuffy in here maybe opening the middle cabinet drawer would help,its quite stuffy in here maybe opening the middle cabinet drawer would help,open_the_middle_drawer_of_the_cabinet_language_6_view_0_0_100_0_0_initstate_0
1104,Language Instructions,4,1,open_the_middle_drawer_of_the_cabinet,0,0,100,0,0,0,,,,,7,,,for safety reasons we need to keep the middle cabinet drawer open at all times,for safety reasons we need to keep the middle cabinet drawer open at all times,open_the_middle_drawer_of_the_cabinet_language_7_view_0_0_100_0_0_initstate_0
1105,Language Instructions,5,0,open_the_middle_drawer_of_the_cabinet,0,0,100,0,0,0,,,,,8,,,access the central storage compartment situated halfway up the structure designed for storing items,access the central storage compartment situated halfway up the structure designed for storing items,open_the_middle_drawer_of_the_cabinet_language_8_view_0_0_100_0_0_initstate_0
1106,Language Instructions,5,0,open_the_middle_drawer_of_the_cabinet,0,0,100,0,0,0,,,,,9,,,access the central storage compartment of the furniture used for storing items,access the central storage compartment of the furniture used for storing items,open_the_middle_drawer_of_the_cabinet_language_9_view_0_0_100_0_0_initstate_0
1107,Language Instructions,5,0,open_the_middle_drawer_of_the_cabinet,0,0,100,0,0,0,,,,,10,,,access the central compartment of the cupboard,access the central compartment of the cupboard,open_the_middle_drawer_of_the_cabinet_language_10_view_0_0_100_0_0_initstate_0
1108,Language Instructions,5,0,open_the_middle_drawer_of_the_cabinet,0,0,100,0,0,0,,,,,11,,,pull out the center compartment of the cupboard,pull out the center compartment of the cupboard,open_the_middle_drawer_of_the_cabinet_language_11_view_0_0_100_0_0_initstate_0
1109,Language Instructions,5,0,open_the_middle_drawer_of_the_cabinet,0,0,100,0,0,0,,,,,12,,,open the cabinets center drawer not the top or bottom just the middle one,open the cabinets center drawer not the top or bottom just the middle one,open_the_middle_drawer_of_the_cabinet_language_12_view_0_0_100_0_0_initstate_0
1110,Language Instructions,2,3,open_the_middle_drawer_of_the_cabinet,0,0,100,0,0,0,,,,,13,,,hey there when you get a chance could you open the middle cabinet drawer,hey there when you get a chance could you open the middle cabinet drawer,open_the_middle_drawer_of_the_cabinet_language_13_view_0_0_100_0_0_initstate_0
1111,Language Instructions,4,1,open_the_middle_drawer_of_the_cabinet,0,0,100,0,0,0,,,,,14,,,could you ensure the middle drawer of the cabinet is open please,could you ensure the middle drawer of the cabinet is open please,open_the_middle_drawer_of_the_cabinet_language_14_view_0_0_100_0_0_initstate_0
1112,Language Instructions,5,0,open_the_middle_drawer_of_the_cabinet,0,0,100,0,0,0,,,,,15,,,would you mind opening the cabinets middle drawer id really appreciate it,would you mind opening the cabinets middle drawer id really appreciate it,open_the_middle_drawer_of_the_cabinet_language_15_view_0_0_100_0_0_initstate_0
1113,Language Instructions,4,1,open_the_middle_drawer_of_the_cabinet,0,0,100,0,0,0,,,,,18,,,could you please open the middle drawer of the cabinet for me,could you please open the middle drawer of the cabinet for me,open_the_middle_drawer_of_the_cabinet_language_18_view_0_0_100_0_0_initstate_0
1114,Language Instructions,3,2,open_the_middle_drawer_of_the_cabinet,0,0,100,0,0,0,,,,,19,,,could you get the middle drawer of the cabinet open please,could you get the middle drawer of the cabinet open please,open_the_middle_drawer_of_the_cabinet_language_19_view_0_0_100_0_0_initstate_0
1115,Language Instructions,5,0,open_the_middle_drawer_of_the_cabinet,0,0,100,0,0,0,,,,,20,,,pull out the central storage compartment of the furniture piece used for storing items,pull out the central storage compartment of the furniture piece used for storing items,open_the_middle_drawer_of_the_cabinet_language_20_view_0_0_100_0_0_initstate_0
1116,Language Instructions,5,0,open_the_middle_drawer_of_the_cabinet,0,0,100,0,0,0,,,,,21,,,slide out the central storage compartment of the wooden structure designed for holding items,slide out the central storage compartment of the wooden structure designed for holding items,open_the_middle_drawer_of_the_cabinet_language_21_view_0_0_100_0_0_initstate_0
1117,Language Instructions,5,0,open_the_middle_drawer_of_the_cabinet,0,0,100,0,0,0,,,,,22,,,pull out the central sliding storage compartment of the furniture used for storing items,pull out the central sliding storage compartment of the furniture used for storing items,open_the_middle_drawer_of_the_cabinet_language_22_view_0_0_100_0_0_initstate_0
1118,Language Instructions,2,3,open_the_middle_drawer_of_the_cabinet,0,0,100,0,0,0,,,,,23,,,could you make sure the middle drawer of the cabinet is open,could you make sure the middle drawer of the cabinet is open,open_the_middle_drawer_of_the_cabinet_language_23_view_0_0_100_0_0_initstate_0
1119,Language Instructions,3,2,open_the_middle_drawer_of_the_cabinet,0,0,100,0,0,0,,,,,24,,,the middle drawer of the cabinet seems stuck could you try opening it,the middle drawer of the cabinet seems stuck could you try opening it,open_the_middle_drawer_of_the_cabinet_language_24_view_0_0_100_0_0_initstate_0
1120,Language Instructions,4,1,open_the_middle_drawer_of_the_cabinet,0,0,100,0,0,0,,,,,25,,,please open the middle drawer of the cabinet but dont touch anything inside,please open the middle drawer of the cabinet but dont touch anything inside,open_the_middle_drawer_of_the_cabinet_language_25_view_0_0_100_0_0_initstate_0
1121,Language Instructions,4,1,open_the_middle_drawer_of_the_cabinet,0,0,100,0,0,0,,,,,26,,,open the center storage compartment of the furniture used for storing items,open the center storage compartment of the furniture used for storing items,open_the_middle_drawer_of_the_cabinet_language_26_view_0_0_100_0_0_initstate_0
1122,Language Instructions,5,0,open_the_middle_drawer_of_the_cabinet,0,0,100,0,0,0,,,,,27,,,access the center compartment of the cupboard,access the center compartment of the cupboard,open_the_middle_drawer_of_the_cabinet_language_27_view_0_0_100_0_0_initstate_0
1123,Language Instructions,4,1,open_the_middle_drawer_of_the_cabinet,0,0,100,0,0,0,,,,,28,,,pull out the center drawer of the cupboard,pull out the center drawer of the cupboard,open_the_middle_drawer_of_the_cabinet_language_28_view_0_0_100_0_0_initstate_0
1124,Language Instructions,2,3,open_the_middle_drawer_of_the_cabinet,0,0,100,0,0,0,,,,,30,,,open the middle drawer of the cabinet carefully making sure not to disturb the others,open the middle drawer of the cabinet carefully making sure not to disturb the others,open_the_middle_drawer_of_the_cabinet_language_30_view_0_0_100_0_0_initstate_0
1125,Language Instructions,3,2,open_the_middle_drawer_of_the_cabinet,0,0,100,0,0,0,,,,,31,,,before you start cooking remember to open the middle drawer of the cabinet first,before you start cooking remember to open the middle drawer of the cabinet first,open_the_middle_drawer_of_the_cabinet_language_31_view_0_0_100_0_0_initstate_0
1126,Language Instructions,5,0,open_the_middle_drawer_of_the_cabinet,0,0,100,0,0,0,,,,,32,,,pull out the central storage compartment in the piece of furniture used for storing items,pull out the central storage compartment in the piece of furniture used for storing items,open_the_middle_drawer_of_the_cabinet_language_32_view_0_0_100_0_0_initstate_0
1127,Language Instructions,5,0,open_the_middle_drawer_of_the_cabinet,0,0,100,0,0,0,,,,,33,,,slide out the central compartment of the cupboard,slide out the central compartment of the cupboard,open_the_middle_drawer_of_the_cabinet_language_33_view_0_0_100_0_0_initstate_0
1128,Language Instructions,5,0,open_the_middle_drawer_of_the_cabinet,0,0,100,0,0,0,,,,,34,,,open the central storage compartment of the wooden furniture typically used for storing items,open the central storage compartment of the wooden furniture typically used for storing items,open_the_middle_drawer_of_the_cabinet_language_34_view_0_0_100_0_0_initstate_0
1129,Language Instructions,5,0,open_the_middle_drawer_of_the_cabinet,0,0,100,0,0,0,,,,,36,,,open the middle drawer of the cabinet the one right between the top and bottom ones,open the middle drawer of the cabinet the one right between the top and bottom ones,open_the_middle_drawer_of_the_cabinet_language_36_view_0_0_100_0_0_initstate_0
1130,Language Instructions,4,1,open_the_middle_drawer_of_the_cabinet,0,0,100,0,0,0,,,,,37,,,open the middle drawer of the cabinet slowly and check if everything is in order,open the middle drawer of the cabinet slowly and check if everything is in order,open_the_middle_drawer_of_the_cabinet_language_37_view_0_0_100_0_0_initstate_0
1131,Language Instructions,5,0,open_the_middle_drawer_of_the_cabinet,0,0,100,0,0,0,,,,,38,,,access the central storage compartment of the furniture used for storing items,access the central storage compartment of the furniture used for storing items,open_the_middle_drawer_of_the_cabinet_language_38_view_0_0_100_0_0_initstate_0
1132,Language Instructions,4,1,open_the_middle_drawer_of_the_cabinet,0,0,100,0,0,0,,,,,39,,,the middle drawer in the cabinet contains important items please open it now,the middle drawer in the cabinet contains important items please open it now,open_the_middle_drawer_of_the_cabinet_language_39_view_0_0_100_0_0_initstate_0
1133,Language Instructions,5,0,open_the_middle_drawer_of_the_cabinet,0,0,100,0,0,0,,,,,40,,,open the central storage compartment of the furniture piece used for keeping documents and miscellaneous items,open the central storage compartment of the furniture piece used for keeping documents and miscellaneous items,open_the_middle_drawer_of_the_cabinet_language_40_view_0_0_100_0_0_initstate_0
1134,Language Instructions,5,0,open_the_middle_drawer_of_the_cabinet,0,0,100,0,0,0,,,,,41,,,pull out the central compartment of the cupboard,pull out the central compartment of the cupboard,open_the_middle_drawer_of_the_cabinet_language_41_view_0_0_100_0_0_initstate_0
1135,Language Instructions,5,0,open_the_middle_drawer_of_the_cabinet,0,0,100,0,0,0,,,,,42,,,access the center compartment of the cabinet,access the center compartment of the cabinet,open_the_middle_drawer_of_the_cabinet_language_42_view_0_0_100_0_0_initstate_0
1136,Language Instructions,4,1,open_the_middle_drawer_of_the_cabinet,0,0,100,0,0,0,,,,,43,,,open the center storage compartment of the furniture designed for storing items,open the center storage compartment of the furniture designed for storing items,open_the_middle_drawer_of_the_cabinet_language_43_view_0_0_100_0_0_initstate_0
1137,Language Instructions,5,0,open_the_middle_drawer_of_the_cabinet,0,0,100,0,0,0,,,,,44,,,pull out the central storage compartment in the furniture used for storing items,pull out the central storage compartment in the furniture used for storing items,open_the_middle_drawer_of_the_cabinet_language_44_view_0_0_100_0_0_initstate_0
1138,Language Instructions,5,0,open_the_middle_drawer_of_the_cabinet,0,0,100,0,0,0,,,,,45,,,slide open the center storage compartment of the furniture piece used for storing items,slide open the center storage compartment of the furniture piece used for storing items,open_the_middle_drawer_of_the_cabinet_language_45_view_0_0_100_0_0_initstate_0
1139,Language Instructions,5,0,open_the_middle_drawer_of_the_cabinet,0,0,100,0,0,0,,,,,46,,,open the central compartment for storage located at the midpoint of the furniture designed for holding items,open the central compartment for storage located at the midpoint of the furniture designed for holding items,open_the_middle_drawer_of_the_cabinet_language_46_view_0_0_100_0_0_initstate_0
1140,Language Instructions,3,2,open_the_middle_drawer_of_the_cabinet,0,0,100,0,0,0,,,,,47,,,i need to access something so kindly open the middle drawer of the cabinet,i need to access something so kindly open the middle drawer of the cabinet,open_the_middle_drawer_of_the_cabinet_language_47_view_0_0_100_0_0_initstate_0
1141,Language Instructions,4,1,open_the_middle_drawer_of_the_cabinet,0,0,100,0,0,0,,,,,48,,,open the middle drawer of the cabinet the one with the silverware in it,open the middle drawer of the cabinet the one with the silverware in it,open_the_middle_drawer_of_the_cabinet_language_48_view_0_0_100_0_0_initstate_0
1142,Language Instructions,3,2,open_the_middle_drawer_of_the_cabinet,0,0,100,0,0,0,,,,,49,,,could you get the middle drawer of the cabinet open for me,could you get the middle drawer of the cabinet open for me,open_the_middle_drawer_of_the_cabinet_language_49_view_0_0_100_0_0_initstate_0
1143,Language Instructions,5,0,open_the_middle_drawer_of_the_cabinet,0,0,100,0,0,0,,,,,50,,,slide out the central compartment of the cupboard,slide out the central compartment of the cupboard,open_the_middle_drawer_of_the_cabinet_language_50_view_0_0_100_0_0_initstate_0
1144,Language Instructions,2,3,put_the_bowl_on_the_stove,0,0,100,0,0,0,,,,,1,,,place the round deep dish used for serving food onto the appliance used for cooking,place the round deep dish used for serving food onto the appliance used for cooking,put_the_bowl_on_the_stove_language_1_view_0_0_100_0_0_initstate_0
1145,Language Instructions,5,0,put_the_bowl_on_the_stove,0,0,100,0,0,0,,,,,2,,,place the rounded cooking container on the cooking appliance,place the rounded cooking container on the cooking appliance,put_the_bowl_on_the_stove_language_2_view_0_0_100_0_0_initstate_0
1146,Language Instructions,4,1,put_the_bowl_on_the_stove,0,0,100,0,0,0,,,,,3,,,place the rounded food preparation vessel on the cooking appliance,place the rounded food preparation vessel on the cooking appliance,put_the_bowl_on_the_stove_language_3_view_0_0_100_0_0_initstate_0
1147,Language Instructions,1,4,put_the_bowl_on_the_stove,0,0,100,0,0,0,,,,,6,,,place the bowl on the stove,place the bowl on the stove,put_the_bowl_on_the_stove_language_6_view_0_0_100_0_0_initstate_0
1148,Language Instructions,5,0,put_the_bowl_on_the_stove,0,0,100,0,0,0,,,,,10,,,please place the bowl on the stove,please place the bowl on the stove,put_the_bowl_on_the_stove_language_10_view_0_0_100_0_0_initstate_0
1149,Language Instructions,5,0,put_the_bowl_on_the_stove,0,0,100,0,0,0,,,,,15,,,i need the bowl placed on the stove,i need the bowl placed on the stove,put_the_bowl_on_the_stove_language_15_view_0_0_100_0_0_initstate_0
1150,Language Instructions,1,4,put_the_bowl_on_the_stove,0,0,100,0,0,0,,,,,16,,,place the bowl on the stove please its time to start cooking,place the bowl on the stove please its time to start cooking,put_the_bowl_on_the_stove_language_16_view_0_0_100_0_0_initstate_0
1151,Language Instructions,3,2,put_the_bowl_on_the_stove,0,0,100,0,0,0,,,,,21,,,after washing the bowl please put it on the stove for the next step,after washing the bowl please put it on the stove for the next step,put_the_bowl_on_the_stove_language_21_view_0_0_100_0_0_initstate_0
1152,Language Instructions,4,1,put_the_bowl_on_the_stove,0,0,100,0,0,0,,,,,26,,,position the dish on the cooktop,position the dish on the cooktop,put_the_bowl_on_the_stove_language_26_view_0_0_100_0_0_initstate_0
1153,Language Instructions,4,1,put_the_bowl_on_the_stove,0,0,100,0,0,0,,,,,27,,,place the rounded vessel for mixing food on the cooking appliance,place the rounded vessel for mixing food on the cooking appliance,put_the_bowl_on_the_stove_language_27_view_0_0_100_0_0_initstate_0
1154,Language Instructions,2,3,put_the_bowl_on_the_stove,0,0,100,0,0,0,,,,,34,,,id like it if you could place the bowl on the stove,id like it if you could place the bowl on the stove,put_the_bowl_on_the_stove_language_34_view_0_0_100_0_0_initstate_0
1155,Language Instructions,3,2,put_the_bowl_on_the_stove,0,0,100,0,0,0,,,,,39,,,kindly place the bowl on the stove,kindly place the bowl on the stove,put_the_bowl_on_the_stove_language_39_view_0_0_100_0_0_initstate_0
1156,Language Instructions,5,0,put_the_bowl_on_the_stove,0,0,100,0,0,0,,,,,40,,,position the container used for mixing ingredients on the appliance used for cooking,position the container used for mixing ingredients on the appliance used for cooking,put_the_bowl_on_the_stove_language_40_view_0_0_100_0_0_initstate_0
1157,Language Instructions,1,4,put_the_bowl_on_the_stove,0,0,100,0,0,0,,,,,41,,,would you mind putting the bowl on the stove the sauce needs to thicken,would you mind putting the bowl on the stove the sauce needs to thicken,put_the_bowl_on_the_stove_language_41_view_0_0_100_0_0_initstate_0
1158,Language Instructions,4,1,put_the_bowl_on_the_stove,0,0,100,0,0,0,,,,,43,,,put the bowl on the stove gently its still hot from the dishwasher,put the bowl on the stove gently its still hot from the dishwasher,put_the_bowl_on_the_stove_language_43_view_0_0_100_0_0_initstate_0
1159,Language Instructions,5,0,put_the_bowl_on_the_stove,0,0,100,0,0,0,,,,,44,,,place the rounded container for food preparation on the cooking appliance,place the rounded container for food preparation on the cooking appliance,put_the_bowl_on_the_stove_language_44_view_0_0_100_0_0_initstate_0
1160,Language Instructions,1,4,put_the_bowl_on_the_stove,0,0,100,0,0,0,,,,,45,,,the bowl should be placed on the stove before we proceed with mixing,the bowl should be placed on the stove before we proceed with mixing,put_the_bowl_on_the_stove_language_45_view_0_0_100_0_0_initstate_0
1161,Language Instructions,5,0,put_the_bowl_on_the_stove,0,0,100,0,0,0,,,,,46,,,place the container used for mixing ingredients on the cooking appliance,place the container used for mixing ingredients on the cooking appliance,put_the_bowl_on_the_stove_language_46_view_0_0_100_0_0_initstate_0
1162,Language Instructions,4,1,put_the_bowl_on_the_stove,0,0,100,0,0,0,,,,,49,,,put the bowl on the stove now were running behind schedule for dinner,put the bowl on the stove now were running behind schedule for dinner,put_the_bowl_on_the_stove_language_49_view_0_0_100_0_0_initstate_0
1163,Language Instructions,1,4,put_the_wine_bottle_on_top_of_the_cabinet,0,0,100,0,0,0,,,,,1,,,could you place the wine bottle on top of the cabinet for me please,could you place the wine bottle on top of the cabinet for me please,put_the_wine_bottle_on_top_of_the_cabinet_language_1_view_0_0_100_0_0_initstate_0
1164,Language Instructions,5,0,put_the_wine_bottle_on_top_of_the_cabinet,0,0,100,0,0,0,,,,,3,,,before leaving dont forget to put the wine bottle on top of the cabinet,before leaving dont forget to put the wine bottle on top of the cabinet,put_the_wine_bottle_on_top_of_the_cabinet_language_3_view_0_0_100_0_0_initstate_0
1165,Language Instructions,5,0,put_the_wine_bottle_on_top_of_the_cabinet,0,0,100,0,0,0,,,,,4,,,the 2018 merlot needs to be stored properly so put it on the cabinet top,the 2018 merlot needs to be stored properly so put it on the cabinet top,put_the_wine_bottle_on_top_of_the_cabinet_language_4_view_0_0_100_0_0_initstate_0
1166,Language Instructions,4,1,put_the_wine_bottle_on_top_of_the_cabinet,0,0,100,0,0,0,,,,,5,,,set the wine container atop the cupboard,set the wine container atop the cupboard,put_the_wine_bottle_on_top_of_the_cabinet_language_5_view_0_0_100_0_0_initstate_0
1167,Language Instructions,3,2,put_the_wine_bottle_on_top_of_the_cabinet,0,0,100,0,0,0,,,,,6,,,position the wine bottle atop the cupboard,position the wine bottle atop the cupboard,put_the_wine_bottle_on_top_of_the_cabinet_language_6_view_0_0_100_0_0_initstate_0
1168,Language Instructions,1,4,put_the_wine_bottle_on_top_of_the_cabinet,0,0,100,0,0,0,,,,,7,,,for safety reasons make sure to place the wine bottle on top of the cabinet,for safety reasons make sure to place the wine bottle on top of the cabinet,put_the_wine_bottle_on_top_of_the_cabinet_language_7_view_0_0_100_0_0_initstate_0
1169,Language Instructions,2,3,put_the_wine_bottle_on_top_of_the_cabinet,0,0,100,0,0,0,,,,,8,,,for better organization put the wine bottle on the cabinets top surface,for better organization put the wine bottle on the cabinets top surface,put_the_wine_bottle_on_top_of_the_cabinet_language_8_view_0_0_100_0_0_initstate_0
1170,Language Instructions,5,0,put_the_wine_bottle_on_top_of_the_cabinet,0,0,100,0,0,0,,,,,9,,,place the container filled with an alcoholic beverage made from fermented grapes atop the tall storage furniture usually found in the kitchen or dining area,place the container filled with an alcoholic beverage made from fermented grapes atop the tall storage furniture usually found in the kitchen or dining area,put_the_wine_bottle_on_top_of_the_cabinet_language_9_view_0_0_100_0_0_initstate_0
1171,Language Instructions,2,3,put_the_wine_bottle_on_top_of_the_cabinet,0,0,100,0,0,0,,,,,10,,,put the wine bottle on the cabinets top shelf where we always store it,put the wine bottle on the cabinets top shelf where we always store it,put_the_wine_bottle_on_top_of_the_cabinet_language_10_view_0_0_100_0_0_initstate_0
1172,Language Instructions,5,0,put_the_wine_bottle_on_top_of_the_cabinet,0,0,100,0,0,0,,,,,11,,,place the container that holds the fermented grape beverage above the storage unit in the kitchen,place the container that holds the fermented grape beverage above the storage unit in the kitchen,put_the_wine_bottle_on_top_of_the_cabinet_language_11_view_0_0_100_0_0_initstate_0
1173,Language Instructions,5,0,put_the_wine_bottle_on_top_of_the_cabinet,0,0,100,0,0,0,,,,,12,,,position the glass container of fermented grapes atop the storage unit for dishes and utensils,position the glass container of fermented grapes atop the storage unit for dishes and utensils,put_the_wine_bottle_on_top_of_the_cabinet_language_12_view_0_0_100_0_0_initstate_0
1174,Language Instructions,5,0,put_the_wine_bottle_on_top_of_the_cabinet,0,0,100,0,0,0,,,,,13,,,place the vessel containing fermented grapes on the highest storage unit in the room,place the vessel containing fermented grapes on the highest storage unit in the room,put_the_wine_bottle_on_top_of_the_cabinet_language_13_view_0_0_100_0_0_initstate_0
1175,Language Instructions,3,2,put_the_wine_bottle_on_top_of_the_cabinet,0,0,100,0,0,0,,,,,16,,,after dinner remember to put the wine bottle on top of the kitchen cabinet,after dinner remember to put the wine bottle on top of the kitchen cabinet,put_the_wine_bottle_on_top_of_the_cabinet_language_16_view_0_0_100_0_0_initstate_0
1176,Language Instructions,2,3,put_the_wine_bottle_on_top_of_the_cabinet,0,0,100,0,0,0,,,,,17,,,for optimal storage conditions the wine bottle belongs on the cabinet top,for optimal storage conditions the wine bottle belongs on the cabinet top,put_the_wine_bottle_on_top_of_the_cabinet_language_17_view_0_0_100_0_0_initstate_0
1177,Language Instructions,2,3,put_the_wine_bottle_on_top_of_the_cabinet,0,0,100,0,0,0,,,,,20,,,ensure the wine bottle is placed atop the cabinet,ensure the wine bottle is placed atop the cabinet,put_the_wine_bottle_on_top_of_the_cabinet_language_20_view_0_0_100_0_0_initstate_0
1178,Language Instructions,5,0,put_the_wine_bottle_on_top_of_the_cabinet,0,0,100,0,0,0,,,,,21,,,place the container of fermented grape liquid on the elevated storage unit,place the container of fermented grape liquid on the elevated storage unit,put_the_wine_bottle_on_top_of_the_cabinet_language_21_view_0_0_100_0_0_initstate_0
1179,Language Instructions,1,4,put_the_wine_bottle_on_top_of_the_cabinet,0,0,100,0,0,0,,,,,22,,,ensure the wine bottle is placed on top of the cabinet,ensure the wine bottle is placed on top of the cabinet,put_the_wine_bottle_on_top_of_the_cabinet_language_22_view_0_0_100_0_0_initstate_0
1180,Language Instructions,2,3,put_the_wine_bottle_on_top_of_the_cabinet,0,0,100,0,0,0,,,,,24,,,place the wine bottle on top of the cabinet please,place the wine bottle on top of the cabinet please,put_the_wine_bottle_on_top_of_the_cabinet_language_24_view_0_0_100_0_0_initstate_0
1181,Language Instructions,5,0,put_the_wine_bottle_on_top_of_the_cabinet,0,0,100,0,0,0,,,,,25,,,place the container holding fermented grapes atop the storage unit often found in kitchens or dining areas,place the container holding fermented grapes atop the storage unit often found in kitchens or dining areas,put_the_wine_bottle_on_top_of_the_cabinet_language_25_view_0_0_100_0_0_initstate_0
1182,Language Instructions,4,1,put_the_wine_bottle_on_top_of_the_cabinet,0,0,100,0,0,0,,,,,26,,,position the wine container atop the cupboard,position the wine container atop the cupboard,put_the_wine_bottle_on_top_of_the_cabinet_language_26_view_0_0_100_0_0_initstate_0
1183,Language Instructions,4,1,put_the_wine_bottle_on_top_of_the_cabinet,0,0,100,0,0,0,,,,,28,,,could you place the wine bottle on the top of the cabinet,could you place the wine bottle on the top of the cabinet,put_the_wine_bottle_on_top_of_the_cabinet_language_28_view_0_0_100_0_0_initstate_0
1184,Language Instructions,3,2,put_the_wine_bottle_on_top_of_the_cabinet,0,0,100,0,0,0,,,,,29,,,to keep it out of reach place the wine bottle on the upper part of the cabinet,to keep it out of reach place the wine bottle on the upper part of the cabinet,put_the_wine_bottle_on_top_of_the_cabinet_language_29_view_0_0_100_0_0_initstate_0
1185,Language Instructions,5,0,put_the_wine_bottle_on_top_of_the_cabinet,0,0,100,0,0,0,,,,,31,,,our storage protocol requires you to put the wine bottle on the cabinets top,our storage protocol requires you to put the wine bottle on the cabinets top,put_the_wine_bottle_on_top_of_the_cabinet_language_31_view_0_0_100_0_0_initstate_0
1186,Language Instructions,5,0,put_the_wine_bottle_on_top_of_the_cabinet,0,0,100,0,0,0,,,,,32,,,place the vessel containing fermented grapes on the uppermost storage unit in the room,place the vessel containing fermented grapes on the uppermost storage unit in the room,put_the_wine_bottle_on_top_of_the_cabinet_language_32_view_0_0_100_0_0_initstate_0
1187,Language Instructions,5,0,put_the_wine_bottle_on_top_of_the_cabinet,0,0,100,0,0,0,,,,,33,,,place the wine container atop the cupboard,place the wine container atop the cupboard,put_the_wine_bottle_on_top_of_the_cabinet_language_33_view_0_0_100_0_0_initstate_0
1188,Language Instructions,1,4,put_the_wine_bottle_on_top_of_the_cabinet,0,0,100,0,0,0,,,,,34,,,can you place the wine bottle on top of the cabinet for me please,can you place the wine bottle on top of the cabinet for me please,put_the_wine_bottle_on_top_of_the_cabinet_language_34_view_0_0_100_0_0_initstate_0
1189,Language Instructions,4,1,put_the_wine_bottle_on_top_of_the_cabinet,0,0,100,0,0,0,,,,,35,,,position the wine container atop the cupboard,position the wine container atop the cupboard,put_the_wine_bottle_on_top_of_the_cabinet_language_35_view_0_0_100_0_0_initstate_0
1190,Language Instructions,1,4,put_the_wine_bottle_on_top_of_the_cabinet,0,0,100,0,0,0,,,,,36,,,could you ensure the wine bottle ends up on top of the cabinet,could you ensure the wine bottle ends up on top of the cabinet,put_the_wine_bottle_on_top_of_the_cabinet_language_36_view_0_0_100_0_0_initstate_0
1191,Language Instructions,4,1,put_the_wine_bottle_on_top_of_the_cabinet,0,0,100,0,0,0,,,,,37,,,to prevent spills carefully place the wine bottle on the cabinets surface,to prevent spills carefully place the wine bottle on the cabinets surface,put_the_wine_bottle_on_top_of_the_cabinet_language_37_view_0_0_100_0_0_initstate_0
1192,Language Instructions,5,0,put_the_wine_bottle_on_top_of_the_cabinet,0,0,100,0,0,0,,,,,38,,,posit the wine container atop the cupboard,posit the wine container atop the cupboard,put_the_wine_bottle_on_top_of_the_cabinet_language_38_view_0_0_100_0_0_initstate_0
1193,Language Instructions,4,1,put_the_wine_bottle_on_top_of_the_cabinet,0,0,100,0,0,0,,,,,39,,,place the wine container atop the cupboard,place the wine container atop the cupboard,put_the_wine_bottle_on_top_of_the_cabinet_language_39_view_0_0_100_0_0_initstate_0
1194,Language Instructions,5,0,put_the_wine_bottle_on_top_of_the_cabinet,0,0,100,0,0,0,,,,,40,,,place the container of fermented grape beverage on the upper storage unit,place the container of fermented grape beverage on the upper storage unit,put_the_wine_bottle_on_top_of_the_cabinet_language_40_view_0_0_100_0_0_initstate_0
1195,Language Instructions,3,2,put_the_wine_bottle_on_top_of_the_cabinet,0,0,100,0,0,0,,,,,42,,,set the wine vessel on top of the cupboard,set the wine vessel on top of the cupboard,put_the_wine_bottle_on_top_of_the_cabinet_language_42_view_0_0_100_0_0_initstate_0
1196,Language Instructions,2,3,put_the_wine_bottle_on_top_of_the_cabinet,0,0,100,0,0,0,,,,,43,,,put the wine bottle up high the cabinet top is the perfect spot for it,put the wine bottle up high the cabinet top is the perfect spot for it,put_the_wine_bottle_on_top_of_the_cabinet_language_43_view_0_0_100_0_0_initstate_0
1197,Language Instructions,5,0,put_the_wine_bottle_on_top_of_the_cabinet,0,0,100,0,0,0,,,,,44,,,place the glass container holding fermented grapes atop the storage furniture used for keeping dishware and other kitchen items,place the glass container holding fermented grapes atop the storage furniture used for keeping dishware and other kitchen items,put_the_wine_bottle_on_top_of_the_cabinet_language_44_view_0_0_100_0_0_initstate_0
1198,Language Instructions,2,3,put_the_wine_bottle_on_top_of_the_cabinet,0,0,100,0,0,0,,,,,45,,,to maintain our kitchens organization the wine bottle goes on the cabinet top,to maintain our kitchens organization the wine bottle goes on the cabinet top,put_the_wine_bottle_on_top_of_the_cabinet_language_45_view_0_0_100_0_0_initstate_0
1199,Language Instructions,5,0,put_the_wine_bottle_on_top_of_the_cabinet,0,0,100,0,0,0,,,,,48,,,place the wine bottle on top of the cabinet,place the wine bottle on top of the cabinet,put_the_wine_bottle_on_top_of_the_cabinet_language_48_view_0_0_100_0_0_initstate_0
1200,Language Instructions,2,3,put_the_wine_bottle_on_top_of_the_cabinet,0,0,100,0,0,0,,,,,49,,,the red wine bottle should be placed on the highest point of the cabinet,the red wine bottle should be placed on the highest point of the cabinet,put_the_wine_bottle_on_top_of_the_cabinet_language_49_view_0_0_100_0_0_initstate_0
1201,Language Instructions,5,0,put_the_wine_bottle_on_top_of_the_cabinet,0,0,100,0,0,0,,,,,50,,,place the container holding fermented grape drink on the upper storage unit,place the container holding fermented grape drink on the upper storage unit,put_the_wine_bottle_on_top_of_the_cabinet_language_50_view_0_0_100_0_0_initstate_0
1202,Language Instructions,3,2,open_the_top_drawer_and_put_the_bowl_inside,0,0,100,0,0,0,,,,,1,,,when you get a chance would you mind opening the top drawer to store the bowl inside,when you get a chance would you mind opening the top drawer to store the bowl inside,open_the_top_drawer_and_put_the_bowl_inside_language_1_view_0_0_100_0_0_initstate_0
1203,Language Instructions,4,1,open_the_top_drawer_and_put_the_bowl_inside,0,0,100,0,0,0,,,,,2,,,your next task is simple open that top drawer and place the bowl inside neatly,your next task is simple open that top drawer and place the bowl inside neatly,open_the_top_drawer_and_put_the_bowl_inside_language_2_view_0_0_100_0_0_initstate_0
1204,Language Instructions,5,0,open_the_top_drawer_and_put_the_bowl_inside,0,0,100,0,0,0,,,,,3,,,pull out the uppermost storage compartment and place the round dish for eating within it,pull out the uppermost storage compartment and place the round dish for eating within it,open_the_top_drawer_and_put_the_bowl_inside_language_3_view_0_0_100_0_0_initstate_0
1205,Language Instructions,1,4,open_the_top_drawer_and_put_the_bowl_inside,0,0,100,0,0,0,,,,,4,,,the weathers nice today perfect time to open the top drawer and put the bowl inside,the weathers nice today perfect time to open the top drawer and put the bowl inside,open_the_top_drawer_and_put_the_bowl_inside_language_4_view_0_0_100_0_0_initstate_0
1206,Language Instructions,3,2,open_the_top_drawer_and_put_the_bowl_inside,0,0,100,0,0,0,,,,,5,,,for maximum efficiency open just the top drawer and place the bowl inside carefully,for maximum efficiency open just the top drawer and place the bowl inside carefully,open_the_top_drawer_and_put_the_bowl_inside_language_5_view_0_0_100_0_0_initstate_0
1207,Language Instructions,5,0,open_the_top_drawer_and_put_the_bowl_inside,0,0,100,0,0,0,,,,,6,,,pull open the uppermost storage compartment and place the rounded vessel for food within,pull open the uppermost storage compartment and place the rounded vessel for food within,open_the_top_drawer_and_put_the_bowl_inside_language_6_view_0_0_100_0_0_initstate_0
1208,Language Instructions,5,0,open_the_top_drawer_and_put_the_bowl_inside,0,0,100,0,0,0,,,,,7,,,slide out the uppermost storage compartment and place the dish used for eating cereal inside,slide out the uppermost storage compartment and place the dish used for eating cereal inside,open_the_top_drawer_and_put_the_bowl_inside_language_7_view_0_0_100_0_0_initstate_0
1209,Language Instructions,5,0,open_the_top_drawer_and_put_the_bowl_inside,0,0,100,0,0,0,,,,,8,,,pull open the uppermost sliding storage compartment and place the rounded dish within,pull open the uppermost sliding storage compartment and place the rounded dish within,open_the_top_drawer_and_put_the_bowl_inside_language_8_view_0_0_100_0_0_initstate_0
1210,Language Instructions,5,0,open_the_top_drawer_and_put_the_bowl_inside,0,0,100,0,0,0,,,,,9,,,unlock the upper drawer and place the dish within,unlock the upper drawer and place the dish within,open_the_top_drawer_and_put_the_bowl_inside_language_9_view_0_0_100_0_0_initstate_0
1211,Language Instructions,5,0,open_the_top_drawer_and_put_the_bowl_inside,0,0,100,0,0,0,,,,,10,,,the bowl needs to be stored simply open the top drawer and place it inside,the bowl needs to be stored simply open the top drawer and place it inside,open_the_top_drawer_and_put_the_bowl_inside_language_10_view_0_0_100_0_0_initstate_0
1212,Language Instructions,4,1,open_the_top_drawer_and_put_the_bowl_inside,0,0,100,0,0,0,,,,,11,,,could you do me a favor open the top drawer right now to put the bowl inside,could you do me a favor open the top drawer right now to put the bowl inside,open_the_top_drawer_and_put_the_bowl_inside_language_11_view_0_0_100_0_0_initstate_0
1213,Language Instructions,5,0,open_the_top_drawer_and_put_the_bowl_inside,0,0,100,0,0,0,,,,,12,,,pull out the uppermost storage compartment and place the round dish used for eating within it,pull out the uppermost storage compartment and place the round dish used for eating within it,open_the_top_drawer_and_put_the_bowl_inside_language_12_view_0_0_100_0_0_initstate_0
1214,Language Instructions,5,0,open_the_top_drawer_and_put_the_bowl_inside,0,0,100,0,0,0,,,,,13,,,pull open the uppermost sliding storage compartment and place the rounded dish within,pull open the uppermost sliding storage compartment and place the rounded dish within,open_the_top_drawer_and_put_the_bowl_inside_language_13_view_0_0_100_0_0_initstate_0
1215,Language Instructions,5,0,open_the_top_drawer_and_put_the_bowl_inside,0,0,100,0,0,0,,,,,14,,,pull out the uppermost sliding storage compartment and place the rounded dish receptacle within it,pull out the uppermost sliding storage compartment and place the rounded dish receptacle within it,open_the_top_drawer_and_put_the_bowl_inside_language_14_view_0_0_100_0_0_initstate_0
1216,Language Instructions,5,0,open_the_top_drawer_and_put_the_bowl_inside,0,0,100,0,0,0,,,,,15,,,open the uppermost sliding storage compartment and place the rounded dish for eating within,open the uppermost sliding storage compartment and place the rounded dish for eating within,open_the_top_drawer_and_put_the_bowl_inside_language_15_view_0_0_100_0_0_initstate_0
1217,Language Instructions,5,0,open_the_top_drawer_and_put_the_bowl_inside,0,0,100,0,0,0,,,,,16,,,could you place the bowl in the top drawer for me please,could you place the bowl in the top drawer for me please,open_the_top_drawer_and_put_the_bowl_inside_language_16_view_0_0_100_0_0_initstate_0
1218,Language Instructions,3,2,open_the_top_drawer_and_put_the_bowl_inside,0,0,100,0,0,0,,,,,17,,,i prefer organization so please open the top drawer and put the bowl inside its spot,i prefer organization so please open the top drawer and put the bowl inside its spot,open_the_top_drawer_and_put_the_bowl_inside_language_17_view_0_0_100_0_0_initstate_0
1219,Language Instructions,5,0,open_the_top_drawer_and_put_the_bowl_inside,0,0,100,0,0,0,,,,,18,,,unlock the upper drawer and place the dish within,unlock the upper drawer and place the dish within,open_the_top_drawer_and_put_the_bowl_inside_language_18_view_0_0_100_0_0_initstate_0
1220,Language Instructions,5,0,open_the_top_drawer_and_put_the_bowl_inside,0,0,100,0,0,0,,,,,19,,,slide out the uppermost storage compartment and place the rounded dish within,slide out the uppermost storage compartment and place the rounded dish within,open_the_top_drawer_and_put_the_bowl_inside_language_19_view_0_0_100_0_0_initstate_0
1221,Language Instructions,5,0,open_the_top_drawer_and_put_the_bowl_inside,0,0,100,0,0,0,,,,,20,,,could you make sure the bowl is placed in the top drawer,could you make sure the bowl is placed in the top drawer,open_the_top_drawer_and_put_the_bowl_inside_language_20_view_0_0_100_0_0_initstate_0
1222,Language Instructions,4,1,open_the_top_drawer_and_put_the_bowl_inside,0,0,100,0,0,0,,,,,21,,,open the top drawer not the bottom one and then put the bowl inside,open the top drawer not the bottom one and then put the bowl inside,open_the_top_drawer_and_put_the_bowl_inside_language_21_view_0_0_100_0_0_initstate_0
1223,Language Instructions,3,2,open_the_top_drawer_and_put_the_bowl_inside,0,0,100,0,0,0,,,,,22,,,good morning could you please open the top drawer and place the bowl inside,good morning could you please open the top drawer and place the bowl inside,open_the_top_drawer_and_put_the_bowl_inside_language_22_view_0_0_100_0_0_initstate_0
1224,Language Instructions,5,0,open_the_top_drawer_and_put_the_bowl_inside,0,0,100,0,0,0,,,,,23,,,slide out the upper drawer and place the dish within,slide out the upper drawer and place the dish within,open_the_top_drawer_and_put_the_bowl_inside_language_23_view_0_0_100_0_0_initstate_0
1225,Language Instructions,5,0,open_the_top_drawer_and_put_the_bowl_inside,0,0,100,0,0,0,,,,,24,,,pull out the uppermost sliding storage compartment and place the round dish used for eating within it,pull out the uppermost sliding storage compartment and place the round dish used for eating within it,open_the_top_drawer_and_put_the_bowl_inside_language_24_view_0_0_100_0_0_initstate_0
1226,Language Instructions,4,1,open_the_top_drawer_and_put_the_bowl_inside,0,0,100,0,0,0,,,,,25,,,remember our organization system please open the top drawer and place the bowl inside,remember our organization system please open the top drawer and place the bowl inside,open_the_top_drawer_and_put_the_bowl_inside_language_25_view_0_0_100_0_0_initstate_0
1227,Language Instructions,5,0,open_the_top_drawer_and_put_the_bowl_inside,0,0,100,0,0,0,,,,,26,,,open the uppermost sliding storage compartment and place the round dish within,open the uppermost sliding storage compartment and place the round dish within,open_the_top_drawer_and_put_the_bowl_inside_language_26_view_0_0_100_0_0_initstate_0
1228,Language Instructions,5,0,open_the_top_drawer_and_put_the_bowl_inside,0,0,100,0,0,0,,,,,27,,,slide the upper drawer and place the dish within,slide the upper drawer and place the dish within,open_the_top_drawer_and_put_the_bowl_inside_language_27_view_0_0_100_0_0_initstate_0
1229,Language Instructions,5,0,open_the_top_drawer_and_put_the_bowl_inside,0,0,100,0,0,0,,,,,28,,,slide out the upper drawer and place the dish within,slide out the upper drawer and place the dish within,open_the_top_drawer_and_put_the_bowl_inside_language_28_view_0_0_100_0_0_initstate_0
1230,Language Instructions,5,0,open_the_top_drawer_and_put_the_bowl_inside,0,0,100,0,0,0,,,,,29,,,open the uppermost sliding storage compartment and place the rounded vessel for holding food within,open the uppermost sliding storage compartment and place the rounded vessel for holding food within,open_the_top_drawer_and_put_the_bowl_inside_language_29_view_0_0_100_0_0_initstate_0
1231,Language Instructions,5,0,open_the_top_drawer_and_put_the_bowl_inside,0,0,100,0,0,0,,,,,30,,,the bowl goes in the top drawer not the cabinet so open it and put inside now,the bowl goes in the top drawer not the cabinet so open it and put inside now,open_the_top_drawer_and_put_the_bowl_inside_language_30_view_0_0_100_0_0_initstate_0
1232,Language Instructions,5,0,open_the_top_drawer_and_put_the_bowl_inside,0,0,100,0,0,0,,,,,31,,,id like you to place the bowl in the top drawer,id like you to place the bowl in the top drawer,open_the_top_drawer_and_put_the_bowl_inside_language_31_view_0_0_100_0_0_initstate_0
1233,Language Instructions,5,0,open_the_top_drawer_and_put_the_bowl_inside,0,0,100,0,0,0,,,,,32,,,pull open the uppermost sliding storage compartment and place the rounded dish inside,pull open the uppermost sliding storage compartment and place the rounded dish inside,open_the_top_drawer_and_put_the_bowl_inside_language_32_view_0_0_100_0_0_initstate_0
1234,Language Instructions,3,2,open_the_top_drawer_and_put_the_bowl_inside,0,0,100,0,0,0,,,,,33,,,open the top drawer the one with the handle and insert the bowl inside please,open the top drawer the one with the handle and insert the bowl inside please,open_the_top_drawer_and_put_the_bowl_inside_language_33_view_0_0_100_0_0_initstate_0
1235,Language Instructions,5,0,open_the_top_drawer_and_put_the_bowl_inside,0,0,100,0,0,0,,,,,34,,,slide open the upper drawer and place the dish within,slide open the upper drawer and place the dish within,open_the_top_drawer_and_put_the_bowl_inside_language_34_view_0_0_100_0_0_initstate_0
1236,Language Instructions,1,4,open_the_top_drawer_and_put_the_bowl_inside,0,0,100,0,0,0,,,,,35,,,before lunch make sure to open the top drawer and put the bowl inside it properly,before lunch make sure to open the top drawer and put the bowl inside it properly,open_the_top_drawer_and_put_the_bowl_inside_language_35_view_0_0_100_0_0_initstate_0
1237,Language Instructions,5,0,open_the_top_drawer_and_put_the_bowl_inside,0,0,100,0,0,0,,,,,36,,,can you place the bowl in the top drawer for me,can you place the bowl in the top drawer for me,open_the_top_drawer_and_put_the_bowl_inside_language_36_view_0_0_100_0_0_initstate_0
1238,Language Instructions,5,0,open_the_top_drawer_and_put_the_bowl_inside,0,0,100,0,0,0,,,,,37,,,could you please place the bowl in the top drawer,could you please place the bowl in the top drawer,open_the_top_drawer_and_put_the_bowl_inside_language_37_view_0_0_100_0_0_initstate_0
1239,Language Instructions,4,1,open_the_top_drawer_and_put_the_bowl_inside,0,0,100,0,0,0,,,,,38,,,after washing the bowl remember to open the top drawer and put it inside immediately,after washing the bowl remember to open the top drawer and put it inside immediately,open_the_top_drawer_and_put_the_bowl_inside_language_38_view_0_0_100_0_0_initstate_0
1240,Language Instructions,5,0,open_the_top_drawer_and_put_the_bowl_inside,0,0,100,0,0,0,,,,,39,,,open the highest sliding storage compartment and place the round dish used for eating or serving food within it,open the highest sliding storage compartment and place the round dish used for eating or serving food within it,open_the_top_drawer_and_put_the_bowl_inside_language_39_view_0_0_100_0_0_initstate_0
1241,Language Instructions,5,0,open_the_top_drawer_and_put_the_bowl_inside,0,0,100,0,0,0,,,,,40,,,open the uppermost storage compartment and place the round dish used for eating or serving food within,open the uppermost storage compartment and place the round dish used for eating or serving food within,open_the_top_drawer_and_put_the_bowl_inside_language_40_view_0_0_100_0_0_initstate_0
1242,Language Instructions,5,0,open_the_top_drawer_and_put_the_bowl_inside,0,0,100,0,0,0,,,,,41,,,i need the bowl placed inside the top drawer,i need the bowl placed inside the top drawer,open_the_top_drawer_and_put_the_bowl_inside_language_41_view_0_0_100_0_0_initstate_0
1243,Language Instructions,5,0,open_the_top_drawer_and_put_the_bowl_inside,0,0,100,0,0,0,,,,,42,,,pull out the uppermost sliding storage compartment and place the round dish used for eating into it,pull out the uppermost sliding storage compartment and place the round dish used for eating into it,open_the_top_drawer_and_put_the_bowl_inside_language_42_view_0_0_100_0_0_initstate_0
1244,Language Instructions,5,0,open_the_top_drawer_and_put_the_bowl_inside,0,0,100,0,0,0,,,,,43,,,for proper storage always open the top drawer and place bowls like this one inside,for proper storage always open the top drawer and place bowls like this one inside,open_the_top_drawer_and_put_the_bowl_inside_language_43_view_0_0_100_0_0_initstate_0
1245,Language Instructions,5,0,open_the_top_drawer_and_put_the_bowl_inside,0,0,100,0,0,0,,,,,44,,,please store the bowl in the top drawer,please store the bowl in the top drawer,open_the_top_drawer_and_put_the_bowl_inside_language_44_view_0_0_100_0_0_initstate_0
1246,Language Instructions,4,1,open_the_top_drawer_and_put_the_bowl_inside,0,0,100,0,0,0,,,,,45,,,slide the upper drawer out and place the dish within,slide the upper drawer out and place the dish within,open_the_top_drawer_and_put_the_bowl_inside_language_45_view_0_0_100_0_0_initstate_0
1247,Language Instructions,5,0,open_the_top_drawer_and_put_the_bowl_inside,0,0,100,0,0,0,,,,,46,,,pull out the upper drawer and place the dish within,pull out the upper drawer and place the dish within,open_the_top_drawer_and_put_the_bowl_inside_language_46_view_0_0_100_0_0_initstate_0
1248,Language Instructions,4,1,open_the_top_drawer_and_put_the_bowl_inside,0,0,100,0,0,0,,,,,47,,,before guests arrive quickly open the top drawer and stash the bowl inside,before guests arrive quickly open the top drawer and stash the bowl inside,open_the_top_drawer_and_put_the_bowl_inside_language_47_view_0_0_100_0_0_initstate_0
1249,Language Instructions,5,0,open_the_top_drawer_and_put_the_bowl_inside,0,0,100,0,0,0,,,,,48,,,pull open the upper drawer and place the dish within,pull open the upper drawer and place the dish within,open_the_top_drawer_and_put_the_bowl_inside_language_48_view_0_0_100_0_0_initstate_0
1250,Language Instructions,3,2,open_the_top_drawer_and_put_the_bowl_inside,0,0,100,0,0,0,,,,,49,,,dont forget open the top drawer first then put the bowl inside before closing it,dont forget open the top drawer first then put the bowl inside before closing it,open_the_top_drawer_and_put_the_bowl_inside_language_49_view_0_0_100_0_0_initstate_0
1251,Language Instructions,5,0,open_the_top_drawer_and_put_the_bowl_inside,0,0,100,0,0,0,,,,,50,,,please ensure the bowl is placed inside the top drawer,please ensure the bowl is placed inside the top drawer,open_the_top_drawer_and_put_the_bowl_inside_language_50_view_0_0_100_0_0_initstate_0
1252,Language Instructions,3,2,put_the_bowl_on_top_of_the_cabinet,0,0,100,0,0,0,,,,,1,,,could you place the bowl up on the cabinet for me please,could you place the bowl up on the cabinet for me please,put_the_bowl_on_top_of_the_cabinet_language_1_view_0_0_100_0_0_initstate_0
1253,Language Instructions,5,0,put_the_bowl_on_top_of_the_cabinet,0,0,100,0,0,0,,,,,2,,,position the dish on the surface of the cupboard,position the dish on the surface of the cupboard,put_the_bowl_on_top_of_the_cabinet_language_2_view_0_0_100_0_0_initstate_0
1254,Language Instructions,5,0,put_the_bowl_on_top_of_the_cabinet,0,0,100,0,0,0,,,,,3,,,position the round deep dish used for food servings onto the higher storage unit often used for keeping kitchen items,position the round deep dish used for food servings onto the higher storage unit often used for keeping kitchen items,put_the_bowl_on_top_of_the_cabinet_language_3_view_0_0_100_0_0_initstate_0
1255,Language Instructions,4,1,put_the_bowl_on_top_of_the_cabinet,0,0,100,0,0,0,,,,,4,,,were reorganizing all bowls now go on top of the cabinet instead of in it,were reorganizing all bowls now go on top of the cabinet instead of in it,put_the_bowl_on_top_of_the_cabinet_language_4_view_0_0_100_0_0_initstate_0
1256,Language Instructions,5,0,put_the_bowl_on_top_of_the_cabinet,0,0,100,0,0,0,,,,,5,,,set the dish atop the cupboard,set the dish atop the cupboard,put_the_bowl_on_top_of_the_cabinet_language_5_view_0_0_100_0_0_initstate_0
1257,Language Instructions,3,2,put_the_bowl_on_top_of_the_cabinet,0,0,100,0,0,0,,,,,7,,,i need that counter space cleared so please relocate the bowl to the cabinet top,i need that counter space cleared so please relocate the bowl to the cabinet top,put_the_bowl_on_top_of_the_cabinet_language_7_view_0_0_100_0_0_initstate_0
1258,Language Instructions,2,3,put_the_bowl_on_top_of_the_cabinet,0,0,100,0,0,0,,,,,8,,,could you place the bowl on top of the cabinet for me,could you place the bowl on top of the cabinet for me,put_the_bowl_on_top_of_the_cabinet_language_8_view_0_0_100_0_0_initstate_0
1259,Language Instructions,4,1,put_the_bowl_on_top_of_the_cabinet,0,0,100,0,0,0,,,,,9,,,for safety reasons put that glass bowl on the cabinet where it wont get knocked over,for safety reasons put that glass bowl on the cabinet where it wont get knocked over,put_the_bowl_on_top_of_the_cabinet_language_9_view_0_0_100_0_0_initstate_0
1260,Language Instructions,4,1,put_the_bowl_on_top_of_the_cabinet,0,0,100,0,0,0,,,,,10,,,for better organization place the bowl on the cabinets top surface,for better organization place the bowl on the cabinets top surface,put_the_bowl_on_top_of_the_cabinet_language_10_view_0_0_100_0_0_initstate_0
1261,Language Instructions,5,0,put_the_bowl_on_top_of_the_cabinet,0,0,100,0,0,0,,,,,11,,,position the basin atop the cupboard,position the basin atop the cupboard,put_the_bowl_on_top_of_the_cabinet_language_11_view_0_0_100_0_0_initstate_0
1262,Language Instructions,5,0,put_the_bowl_on_top_of_the_cabinet,0,0,100,0,0,0,,,,,12,,,place the rounded container used for holding food on the higher storage unit often found in kitchens,place the rounded container used for holding food on the higher storage unit often found in kitchens,put_the_bowl_on_top_of_the_cabinet_language_12_view_0_0_100_0_0_initstate_0
1263,Language Instructions,5,0,put_the_bowl_on_top_of_the_cabinet,0,0,100,0,0,0,,,,,13,,,place the rounded dishholding vessel on the higher storage structure,place the rounded dishholding vessel on the higher storage structure,put_the_bowl_on_top_of_the_cabinet_language_13_view_0_0_100_0_0_initstate_0
1264,Language Instructions,4,1,put_the_bowl_on_top_of_the_cabinet,0,0,100,0,0,0,,,,,15,,,place the rounded container used for holding food on the upper storage unit typically found in kitchens,place the rounded container used for holding food on the upper storage unit typically found in kitchens,put_the_bowl_on_top_of_the_cabinet_language_15_view_0_0_100_0_0_initstate_0
1265,Language Instructions,3,2,put_the_bowl_on_top_of_the_cabinet,0,0,100,0,0,0,,,,,16,,,place the bowl up on the cabinet,place the bowl up on the cabinet,put_the_bowl_on_top_of_the_cabinet_language_16_view_0_0_100_0_0_initstate_0
1266,Language Instructions,5,0,put_the_bowl_on_top_of_the_cabinet,0,0,100,0,0,0,,,,,17,,,place the rounded container for food on the elevated storage structure,place the rounded container for food on the elevated storage structure,put_the_bowl_on_top_of_the_cabinet_language_17_view_0_0_100_0_0_initstate_0
1267,Language Instructions,5,0,put_the_bowl_on_top_of_the_cabinet,0,0,100,0,0,0,,,,,18,,,the cabinet top is designated for bowl storage please place it there,the cabinet top is designated for bowl storage please place it there,put_the_bowl_on_top_of_the_cabinet_language_18_view_0_0_100_0_0_initstate_0
1268,Language Instructions,5,0,put_the_bowl_on_top_of_the_cabinet,0,0,100,0,0,0,,,,,20,,,place the rounded container used for holding food above the tall storage unit often used for storing dishes and other kitchen items,place the rounded container used for holding food above the tall storage unit often used for storing dishes and other kitchen items,put_the_bowl_on_top_of_the_cabinet_language_20_view_0_0_100_0_0_initstate_0
1269,Language Instructions,3,2,put_the_bowl_on_top_of_the_cabinet,0,0,100,0,0,0,,,,,21,,,position the bowl atop the cupboard,position the bowl atop the cupboard,put_the_bowl_on_top_of_the_cabinet_language_21_view_0_0_100_0_0_initstate_0
1270,Language Instructions,5,0,put_the_bowl_on_top_of_the_cabinet,0,0,100,0,0,0,,,,,22,,,after drying the bowl your next task is to put it on the cabinet,after drying the bowl your next task is to put it on the cabinet,put_the_bowl_on_top_of_the_cabinet_language_22_view_0_0_100_0_0_initstate_0
1271,Language Instructions,2,3,put_the_bowl_on_top_of_the_cabinet,0,0,100,0,0,0,,,,,24,,,the bowl is in your way just put it up on the cabinet out of the way,the bowl is in your way just put it up on the cabinet out of the way,put_the_bowl_on_top_of_the_cabinet_language_24_view_0_0_100_0_0_initstate_0
1272,Language Instructions,2,3,put_the_bowl_on_top_of_the_cabinet,0,0,100,0,0,0,,,,,25,,,before dinner remember to put the mixing bowl on top of the cabinet,before dinner remember to put the mixing bowl on top of the cabinet,put_the_bowl_on_top_of_the_cabinet_language_25_view_0_0_100_0_0_initstate_0
1273,Language Instructions,3,2,put_the_bowl_on_top_of_the_cabinet,0,0,100,0,0,0,,,,,26,,,place the bowl on the top of the cabinet,place the bowl on the top of the cabinet,put_the_bowl_on_top_of_the_cabinet_language_26_view_0_0_100_0_0_initstate_0
1274,Language Instructions,4,1,put_the_bowl_on_top_of_the_cabinet,0,0,100,0,0,0,,,,,27,,,could you put the bowl on top of the cabinet its looking a bit cluttered down here,could you put the bowl on top of the cabinet its looking a bit cluttered down here,put_the_bowl_on_top_of_the_cabinet_language_27_view_0_0_100_0_0_initstate_0
1275,Language Instructions,4,1,put_the_bowl_on_top_of_the_cabinet,0,0,100,0,0,0,,,,,28,,,place the basin on the upper surface of the cupboard,place the basin on the upper surface of the cupboard,put_the_bowl_on_top_of_the_cabinet_language_28_view_0_0_100_0_0_initstate_0
1276,Language Instructions,5,0,put_the_bowl_on_top_of_the_cabinet,0,0,100,0,0,0,,,,,29,,,place the round container used for holding food items on the upper storage unit typically found in kitchens,place the round container used for holding food items on the upper storage unit typically found in kitchens,put_the_bowl_on_top_of_the_cabinet_language_29_view_0_0_100_0_0_initstate_0
1277,Language Instructions,2,3,put_the_bowl_on_top_of_the_cabinet,0,0,100,0,0,0,,,,,30,,,gently place the bowl on the cabinet making sure its centered and secure,gently place the bowl on the cabinet making sure its centered and secure,put_the_bowl_on_top_of_the_cabinet_language_30_view_0_0_100_0_0_initstate_0
1278,Language Instructions,5,0,put_the_bowl_on_top_of_the_cabinet,0,0,100,0,0,0,,,,,31,,,position the rounded container for food on the elevated storage unit,position the rounded container for food on the elevated storage unit,put_the_bowl_on_top_of_the_cabinet_language_31_view_0_0_100_0_0_initstate_0
1279,Language Instructions,1,4,put_the_bowl_on_top_of_the_cabinet,0,0,100,0,0,0,,,,,33,,,place the round container used for holding food onto the higher storage area for kitchen items,place the round container used for holding food onto the higher storage area for kitchen items,put_the_bowl_on_top_of_the_cabinet_language_33_view_0_0_100_0_0_initstate_0
1280,Language Instructions,5,0,put_the_bowl_on_top_of_the_cabinet,0,0,100,0,0,0,,,,,34,,,the cat cant reach the cabinet top so thats where the bowl should go,the cat cant reach the cabinet top so thats where the bowl should go,put_the_bowl_on_top_of_the_cabinet_language_34_view_0_0_100_0_0_initstate_0
1281,Language Instructions,5,0,put_the_bowl_on_top_of_the_cabinet,0,0,100,0,0,0,,,,,35,,,place the rounded container for holding food onto the elevated storage unit often found in kitchens,place the rounded container for holding food onto the elevated storage unit often found in kitchens,put_the_bowl_on_top_of_the_cabinet_language_35_view_0_0_100_0_0_initstate_0
1282,Language Instructions,4,1,put_the_bowl_on_top_of_the_cabinet,0,0,100,0,0,0,,,,,36,,,the bowl belongs on the cabinet please place it up there when you get a chance,the bowl belongs on the cabinet please place it up there when you get a chance,put_the_bowl_on_top_of_the_cabinet_language_36_view_0_0_100_0_0_initstate_0
1283,Language Instructions,4,1,put_the_bowl_on_top_of_the_cabinet,0,0,100,0,0,0,,,,,37,,,place the bowl on the highest shelf please,place the bowl on the highest shelf please,put_the_bowl_on_top_of_the_cabinet_language_37_view_0_0_100_0_0_initstate_0
1284,Language Instructions,4,1,put_the_bowl_on_top_of_the_cabinet,0,0,100,0,0,0,,,,,38,,,can you make sure the bowl is placed on top of the cabinet,can you make sure the bowl is placed on top of the cabinet,put_the_bowl_on_top_of_the_cabinet_language_38_view_0_0_100_0_0_initstate_0
1285,Language Instructions,1,4,put_the_bowl_on_top_of_the_cabinet,0,0,100,0,0,0,,,,,39,,,would you mind placing the bowl on top of the cabinet,would you mind placing the bowl on top of the cabinet,put_the_bowl_on_top_of_the_cabinet_language_39_view_0_0_100_0_0_initstate_0
1286,Language Instructions,5,0,put_the_bowl_on_top_of_the_cabinet,0,0,100,0,0,0,,,,,40,,,place the rounded container used for holding food above the storage unit where items are typically kept out of immediate reach,place the rounded container used for holding food above the storage unit where items are typically kept out of immediate reach,put_the_bowl_on_top_of_the_cabinet_language_40_view_0_0_100_0_0_initstate_0
1287,Language Instructions,5,0,put_the_bowl_on_top_of_the_cabinet,0,0,100,0,0,0,,,,,41,,,place the rounded container used for holding food items onto the higher storage area typically found in kitchens,place the rounded container used for holding food items onto the higher storage area typically found in kitchens,put_the_bowl_on_top_of_the_cabinet_language_41_view_0_0_100_0_0_initstate_0
1288,Language Instructions,5,0,put_the_bowl_on_top_of_the_cabinet,0,0,100,0,0,0,,,,,42,,,position the rounded vessel for containing food on the higher storage unit typically found in kitchens,position the rounded vessel for containing food on the higher storage unit typically found in kitchens,put_the_bowl_on_top_of_the_cabinet_language_42_view_0_0_100_0_0_initstate_0
1289,Language Instructions,5,0,put_the_bowl_on_top_of_the_cabinet,0,0,100,0,0,0,,,,,43,,,place the dish on the upper part of the cupboard,place the dish on the upper part of the cupboard,put_the_bowl_on_top_of_the_cabinet_language_43_view_0_0_100_0_0_initstate_0
1290,Language Instructions,5,0,put_the_bowl_on_top_of_the_cabinet,0,0,100,0,0,0,,,,,44,,,place the dish above the cupboard,place the dish above the cupboard,put_the_bowl_on_top_of_the_cabinet_language_44_view_0_0_100_0_0_initstate_0
1291,Language Instructions,4,1,put_the_bowl_on_top_of_the_cabinet,0,0,100,0,0,0,,,,,45,,,after you finish washing it put the bowl on top of the cabinet where we usually store it,after you finish washing it put the bowl on top of the cabinet where we usually store it,put_the_bowl_on_top_of_the_cabinet_language_45_view_0_0_100_0_0_initstate_0
1292,Language Instructions,2,3,put_the_bowl_on_top_of_the_cabinet,0,0,100,0,0,0,,,,,46,,,ensure the bowl is placed on top of the cabinet,ensure the bowl is placed on top of the cabinet,put_the_bowl_on_top_of_the_cabinet_language_46_view_0_0_100_0_0_initstate_0
1293,Language Instructions,2,3,put_the_bowl_on_top_of_the_cabinet,0,0,100,0,0,0,,,,,47,,,please ensure the bowl is placed on top of the cabinet,please ensure the bowl is placed on top of the cabinet,put_the_bowl_on_top_of_the_cabinet_language_47_view_0_0_100_0_0_initstate_0
1294,Language Instructions,5,0,put_the_bowl_on_top_of_the_cabinet,0,0,100,0,0,0,,,,,48,,,place the rounded vessel used for containing food onto the elevated storage structure,place the rounded vessel used for containing food onto the elevated storage structure,put_the_bowl_on_top_of_the_cabinet_language_48_view_0_0_100_0_0_initstate_0
1295,Language Instructions,2,3,put_the_bowl_on_top_of_the_cabinet,0,0,100,0,0,0,,,,,49,,,put the bowl on the cabinet carefully its an antique from grandma,put the bowl on the cabinet carefully its an antique from grandma,put_the_bowl_on_top_of_the_cabinet_language_49_view_0_0_100_0_0_initstate_0
1296,Language Instructions,1,4,push_the_plate_to_the_front_of_the_stove,0,0,100,0,0,0,,,,,1,,,could you please push the plate to the front of the stove i need it for cooking,could you please push the plate to the front of the stove i need it for cooking,push_the_plate_to_the_front_of_the_stove_language_1_view_0_0_100_0_0_initstate_0
1297,Language Instructions,5,0,push_the_plate_to_the_front_of_the_stove,0,0,100,0,0,0,,,,,2,,,move the dish toward the front of the cooker,move the dish toward the front of the cooker,push_the_plate_to_the_front_of_the_stove_language_2_view_0_0_100_0_0_initstate_0
1298,Language Instructions,5,0,push_the_plate_to_the_front_of_the_stove,0,0,100,0,0,0,,,,,3,,,slide the dish to the forefront of the cooker,slide the dish to the forefront of the cooker,push_the_plate_to_the_front_of_the_stove_language_3_view_0_0_100_0_0_initstate_0
1299,Language Instructions,5,0,push_the_plate_to_the_front_of_the_stove,0,0,100,0,0,0,,,,,5,,,the plate needs to be closer to the heat please push it to the front of the stove,the plate needs to be closer to the heat please push it to the front of the stove,push_the_plate_to_the_front_of_the_stove_language_5_view_0_0_100_0_0_initstate_0
1300,Language Instructions,5,0,push_the_plate_to_the_front_of_the_stove,0,0,100,0,0,0,,,,,6,,,thrust the dish to the forefront of the cooker,thrust the dish to the forefront of the cooker,push_the_plate_to_the_front_of_the_stove_language_6_view_0_0_100_0_0_initstate_0
1301,Language Instructions,2,3,push_the_plate_to_the_front_of_the_stove,0,0,100,0,0,0,,,,,9,,,push the plate to the front of the stove but leave the bowls where they are,push the plate to the front of the stove but leave the bowls where they are,push_the_plate_to_the_front_of_the_stove_language_9_view_0_0_100_0_0_initstate_0
1302,Language Instructions,2,3,push_the_plate_to_the_front_of_the_stove,0,0,100,0,0,0,,,,,10,,,push the plate to the front of the stove carefully making sure not to drop it,push the plate to the front of the stove carefully making sure not to drop it,push_the_plate_to_the_front_of_the_stove_language_10_view_0_0_100_0_0_initstate_0
1303,Language Instructions,2,3,push_the_plate_to_the_front_of_the_stove,0,0,100,0,0,0,,,,,11,,,make sure the plate is at the front of the stove,make sure the plate is at the front of the stove,push_the_plate_to_the_front_of_the_stove_language_11_view_0_0_100_0_0_initstate_0
1304,Language Instructions,5,0,push_the_plate_to_the_front_of_the_stove,0,0,100,0,0,0,,,,,12,,,nudge the dish toward the forefront of the cooker,nudge the dish toward the forefront of the cooker,push_the_plate_to_the_front_of_the_stove_language_12_view_0_0_100_0_0_initstate_0
1305,Language Instructions,5,0,push_the_plate_to_the_front_of_the_stove,0,0,100,0,0,0,,,,,13,,,push the flat piece of kitchenware used for eating meals to the edge facing the cook in the cooking appliance,push the flat piece of kitchenware used for eating meals to the edge facing the cook in the cooking appliance,push_the_plate_to_the_front_of_the_stove_language_13_view_0_0_100_0_0_initstate_0
1306,Language Instructions,5,0,push_the_plate_to_the_front_of_the_stove,0,0,100,0,0,0,,,,,14,,,push the flat round dish used for serving food to the front of the cooking appliance,push the flat round dish used for serving food to the front of the cooking appliance,push_the_plate_to_the_front_of_the_stove_language_14_view_0_0_100_0_0_initstate_0
1307,Language Instructions,5,0,push_the_plate_to_the_front_of_the_stove,0,0,100,0,0,0,,,,,15,,,slide the flat dishware in the direction where the cooking area begins,slide the flat dishware in the direction where the cooking area begins,push_the_plate_to_the_front_of_the_stove_language_15_view_0_0_100_0_0_initstate_0
1308,Language Instructions,4,1,push_the_plate_to_the_front_of_the_stove,0,0,100,0,0,0,,,,,16,,,could you help me push the plate to the front of the stove im busy chopping vegetables,could you help me push the plate to the front of the stove im busy chopping vegetables,push_the_plate_to_the_front_of_the_stove_language_16_view_0_0_100_0_0_initstate_0
1309,Language Instructions,1,4,push_the_plate_to_the_front_of_the_stove,0,0,100,0,0,0,,,,,18,,,push the plate to the front of the stove but dont move any other kitchenware,push the plate to the front of the stove but dont move any other kitchenware,push_the_plate_to_the_front_of_the_stove_language_18_view_0_0_100_0_0_initstate_0
1310,Language Instructions,3,2,push_the_plate_to_the_front_of_the_stove,0,0,100,0,0,0,,,,,19,,,please place the plate at the front of the stove,please place the plate at the front of the stove,push_the_plate_to_the_front_of_the_stove_language_19_view_0_0_100_0_0_initstate_0
1311,Language Instructions,5,0,push_the_plate_to_the_front_of_the_stove,0,0,100,0,0,0,,,,,20,,,slide the dish toward the front of the cooker,slide the dish toward the front of the cooker,push_the_plate_to_the_front_of_the_stove_language_20_view_0_0_100_0_0_initstate_0
1312,Language Instructions,5,0,push_the_plate_to_the_front_of_the_stove,0,0,100,0,0,0,,,,,21,,,slide the flat dishware to the forward section of the cooking appliance,slide the flat dishware to the forward section of the cooking appliance,push_the_plate_to_the_front_of_the_stove_language_21_view_0_0_100_0_0_initstate_0
1313,Language Instructions,2,3,push_the_plate_to_the_front_of_the_stove,0,0,100,0,0,0,,,,,22,,,for safety reasons always push the plate to the front of the stove when cooking,for safety reasons always push the plate to the front of the stove when cooking,push_the_plate_to_the_front_of_the_stove_language_22_view_0_0_100_0_0_initstate_0
1314,Language Instructions,5,0,push_the_plate_to_the_front_of_the_stove,0,0,100,0,0,0,,,,,23,,,push the flat round item used for meals to the front of the cooking appliance,push the flat round item used for meals to the front of the cooking appliance,push_the_plate_to_the_front_of_the_stove_language_23_view_0_0_100_0_0_initstate_0
1315,Language Instructions,1,4,push_the_plate_to_the_front_of_the_stove,0,0,100,0,0,0,,,,,25,,,the recipe says we need the plate at the front of the stove please move it there,the recipe says we need the plate at the front of the stove please move it there,push_the_plate_to_the_front_of_the_stove_language_25_view_0_0_100_0_0_initstate_0
1316,Language Instructions,5,0,push_the_plate_to_the_front_of_the_stove,0,0,100,0,0,0,,,,,26,,,nudge the plate to the forefront of the cooking range,nudge the plate to the forefront of the cooking range,push_the_plate_to_the_front_of_the_stove_language_26_view_0_0_100_0_0_initstate_0
1317,Language Instructions,5,0,push_the_plate_to_the_front_of_the_stove,0,0,100,0,0,0,,,,,27,,,push the flat dishware to the front of the cooking appliance,push the flat dishware to the front of the cooking appliance,push_the_plate_to_the_front_of_the_stove_language_27_view_0_0_100_0_0_initstate_0
1318,Language Instructions,2,3,push_the_plate_to_the_front_of_the_stove,0,0,100,0,0,0,,,,,28,,,im preparing a special dish so please push the plate to the front of the stove,im preparing a special dish so please push the plate to the front of the stove,push_the_plate_to_the_front_of_the_stove_language_28_view_0_0_100_0_0_initstate_0
1319,Language Instructions,5,0,push_the_plate_to_the_front_of_the_stove,0,0,100,0,0,0,,,,,29,,,push the flat dishware item to the front of the cooking appliance,push the flat dishware item to the front of the cooking appliance,push_the_plate_to_the_front_of_the_stove_language_29_view_0_0_100_0_0_initstate_0
1320,Language Instructions,5,0,push_the_plate_to_the_front_of_the_stove,0,0,100,0,0,0,,,,,30,,,slide the dish toward the front of the cooktop,slide the dish toward the front of the cooktop,push_the_plate_to_the_front_of_the_stove_language_30_view_0_0_100_0_0_initstate_0
1321,Language Instructions,5,0,push_the_plate_to_the_front_of_the_stove,0,0,100,0,0,0,,,,,31,,,push the flat surface used for holding food to the front of the appliance for cooking,push the flat surface used for holding food to the front of the appliance for cooking,push_the_plate_to_the_front_of_the_stove_language_31_view_0_0_100_0_0_initstate_0
1322,Language Instructions,5,0,push_the_plate_to_the_front_of_the_stove,0,0,100,0,0,0,,,,,32,,,push the dinnerware item to the front of the cooking appliance,push the dinnerware item to the front of the cooking appliance,push_the_plate_to_the_front_of_the_stove_language_32_view_0_0_100_0_0_initstate_0
1323,Language Instructions,5,0,push_the_plate_to_the_front_of_the_stove,0,0,100,0,0,0,,,,,34,,,can you move the plate to the front of the stove for me,can you move the plate to the front of the stove for me,push_the_plate_to_the_front_of_the_stove_language_34_view_0_0_100_0_0_initstate_0
1324,Language Instructions,2,3,push_the_plate_to_the_front_of_the_stove,0,0,100,0,0,0,,,,,35,,,can you make sure the plate is at the front of the stove,can you make sure the plate is at the front of the stove,push_the_plate_to_the_front_of_the_stove_language_35_view_0_0_100_0_0_initstate_0
1325,Language Instructions,3,2,push_the_plate_to_the_front_of_the_stove,0,0,100,0,0,0,,,,,36,,,for better heat distribution please push the plate to the front of the stove,for better heat distribution please push the plate to the front of the stove,push_the_plate_to_the_front_of_the_stove_language_36_view_0_0_100_0_0_initstate_0
1326,Language Instructions,4,1,push_the_plate_to_the_front_of_the_stove,0,0,100,0,0,0,,,,,38,,,i prefer the plate at the front of the stove could you push it there for me,i prefer the plate at the front of the stove could you push it there for me,push_the_plate_to_the_front_of_the_stove_language_38_view_0_0_100_0_0_initstate_0
1327,Language Instructions,2,3,push_the_plate_to_the_front_of_the_stove,0,0,100,0,0,0,,,,,41,,,push the plate to the front of the stove but make sure its not blocking the controls,push the plate to the front of the stove but make sure its not blocking the controls,push_the_plate_to_the_front_of_the_stove_language_41_view_0_0_100_0_0_initstate_0
1328,Language Instructions,5,0,push_the_plate_to_the_front_of_the_stove,0,0,100,0,0,0,,,,,42,,,move the dishware towards the forward part of the cooking appliance,move the dishware towards the forward part of the cooking appliance,push_the_plate_to_the_front_of_the_stove_language_42_view_0_0_100_0_0_initstate_0
1329,Language Instructions,5,0,push_the_plate_to_the_front_of_the_stove,0,0,100,0,0,0,,,,,43,,,slide the flat dishware to the area closest to the cooking appliances handle,slide the flat dishware to the area closest to the cooking appliances handle,push_the_plate_to_the_front_of_the_stove_language_43_view_0_0_100_0_0_initstate_0
1330,Language Instructions,5,0,push_the_plate_to_the_front_of_the_stove,0,0,100,0,0,0,,,,,44,,,nudge the dish toward the front of the cooker,nudge the dish toward the front of the cooker,push_the_plate_to_the_front_of_the_stove_language_44_view_0_0_100_0_0_initstate_0
1331,Language Instructions,4,1,push_the_plate_to_the_front_of_the_stove,0,0,100,0,0,0,,,,,46,,,could you please place the plate at the front edge of the stove,could you please place the plate at the front edge of the stove,push_the_plate_to_the_front_of_the_stove_language_46_view_0_0_100_0_0_initstate_0
1332,Language Instructions,1,4,push_the_plate_to_the_front_of_the_stove,0,0,100,0,0,0,,,,,48,,,before turning on the burner push the plate to the front of the stove,before turning on the burner push the plate to the front of the stove,push_the_plate_to_the_front_of_the_stove_language_48_view_0_0_100_0_0_initstate_0
1333,Language Instructions,5,0,push_the_plate_to_the_front_of_the_stove,0,0,100,0,0,0,,,,,49,,,slide the flat surface used for serving food toward the cooking appliances forward section,slide the flat surface used for serving food toward the cooking appliances forward section,push_the_plate_to_the_front_of_the_stove_language_49_view_0_0_100_0_0_initstate_0
1334,Language Instructions,1,4,push_the_plate_to_the_front_of_the_stove,0,0,100,0,0,0,,,,,50,,,could you move the plate to the front of the stove,could you move the plate to the front of the stove,push_the_plate_to_the_front_of_the_stove_language_50_view_0_0_100_0_0_initstate_0
1335,Language Instructions,4,1,put_the_cream_cheese_in_the_bowl,0,0,100,0,0,0,,,,,1,,,could you put the cream cheese into the bowl,could you put the cream cheese into the bowl,put_the_cream_cheese_in_the_bowl_language_1_view_0_0_100_0_0_initstate_0
1336,Language Instructions,5,0,put_the_cream_cheese_in_the_bowl,0,0,100,0,0,0,,,,,2,,,place the cream cheese inside the dish,place the cream cheese inside the dish,put_the_cream_cheese_in_the_bowl_language_2_view_0_0_100_0_0_initstate_0
1337,Language Instructions,5,0,put_the_cream_cheese_in_the_bowl,0,0,100,0,0,0,,,,,4,,,put the cream cheese in the bowl now and well mix it later with other components,put the cream cheese in the bowl now and well mix it later with other components,put_the_cream_cheese_in_the_bowl_language_4_view_0_0_100_0_0_initstate_0
1338,Language Instructions,5,0,put_the_cream_cheese_in_the_bowl,0,0,100,0,0,0,,,,,5,,,deposit the spreadable dairy product into the mixing container,deposit the spreadable dairy product into the mixing container,put_the_cream_cheese_in_the_bowl_language_5_view_0_0_100_0_0_initstate_0
1339,Language Instructions,5,0,put_the_cream_cheese_in_the_bowl,0,0,100,0,0,0,,,,,6,,,place the spreadable dairy product in the mixing container,place the spreadable dairy product in the mixing container,put_the_cream_cheese_in_the_bowl_language_6_view_0_0_100_0_0_initstate_0
1340,Language Instructions,5,0,put_the_cream_cheese_in_the_bowl,0,0,100,0,0,0,,,,,7,,,would you mind putting the cream cheese in the mixing bowl for me,would you mind putting the cream cheese in the mixing bowl for me,put_the_cream_cheese_in_the_bowl_language_7_view_0_0_100_0_0_initstate_0
1341,Language Instructions,2,3,put_the_cream_cheese_in_the_bowl,0,0,100,0,0,0,,,,,8,,,have the cream cheese in the bowl,have the cream cheese in the bowl,put_the_cream_cheese_in_the_bowl_language_8_view_0_0_100_0_0_initstate_0
1342,Language Instructions,4,1,put_the_cream_cheese_in_the_bowl,0,0,100,0,0,0,,,,,9,,,put the cream cheese in the bowl immediately but dont touch the butter yet,put the cream cheese in the bowl immediately but dont touch the butter yet,put_the_cream_cheese_in_the_bowl_language_9_view_0_0_100_0_0_initstate_0
1343,Language Instructions,4,1,put_the_cream_cheese_in_the_bowl,0,0,100,0,0,0,,,,,10,,,could you do me a favor and put the cream cheese in the large mixing bowl,could you do me a favor and put the cream cheese in the large mixing bowl,put_the_cream_cheese_in_the_bowl_language_10_view_0_0_100_0_0_initstate_0
1344,Language Instructions,5,0,put_the_cream_cheese_in_the_bowl,0,0,100,0,0,0,,,,,11,,,would you be so kind as to put the cream cheese in the ceramic bowl on the counter,would you be so kind as to put the cream cheese in the ceramic bowl on the counter,put_the_cream_cheese_in_the_bowl_language_11_view_0_0_100_0_0_initstate_0
1345,Language Instructions,5,0,put_the_cream_cheese_in_the_bowl,0,0,100,0,0,0,,,,,12,,,place the spreadable dairy product into the dish commonly used for mixing ingredients,place the spreadable dairy product into the dish commonly used for mixing ingredients,put_the_cream_cheese_in_the_bowl_language_12_view_0_0_100_0_0_initstate_0
1346,Language Instructions,5,0,put_the_cream_cheese_in_the_bowl,0,0,100,0,0,0,,,,,13,,,place the spreadable dairy product into the mixing vessel,place the spreadable dairy product into the mixing vessel,put_the_cream_cheese_in_the_bowl_language_13_view_0_0_100_0_0_initstate_0
1347,Language Instructions,3,2,put_the_cream_cheese_in_the_bowl,0,0,100,0,0,0,,,,,14,,,insert the cream cheese into the mixing bowl,insert the cream cheese into the mixing bowl,put_the_cream_cheese_in_the_bowl_language_14_view_0_0_100_0_0_initstate_0
1348,Language Instructions,5,0,put_the_cream_cheese_in_the_bowl,0,0,100,0,0,0,,,,,15,,,place the spreadable dairy product into the mixing container,place the spreadable dairy product into the mixing container,put_the_cream_cheese_in_the_bowl_language_15_view_0_0_100_0_0_initstate_0
1349,Language Instructions,5,0,put_the_cream_cheese_in_the_bowl,0,0,100,0,0,0,,,,,16,,,insert the cream cheese into the basin,insert the cream cheese into the basin,put_the_cream_cheese_in_the_bowl_language_16_view_0_0_100_0_0_initstate_0
1350,Language Instructions,3,2,put_the_cream_cheese_in_the_bowl,0,0,100,0,0,0,,,,,17,,,place the cream cheese into the bowl,place the cream cheese into the bowl,put_the_cream_cheese_in_the_bowl_language_17_view_0_0_100_0_0_initstate_0
1351,Language Instructions,5,0,put_the_cream_cheese_in_the_bowl,0,0,100,0,0,0,,,,,18,,,before we continue please put the cream cheese in the bowl on your left,before we continue please put the cream cheese in the bowl on your left,put_the_cream_cheese_in_the_bowl_language_18_view_0_0_100_0_0_initstate_0
1352,Language Instructions,5,0,put_the_cream_cheese_in_the_bowl,0,0,100,0,0,0,,,,,19,,,insert the spreadable dairy product into the mixing container,insert the spreadable dairy product into the mixing container,put_the_cream_cheese_in_the_bowl_language_19_view_0_0_100_0_0_initstate_0
1353,Language Instructions,5,0,put_the_cream_cheese_in_the_bowl,0,0,100,0,0,0,,,,,20,,,i remember you like baking could you put the cream cheese in the bowl first,i remember you like baking could you put the cream cheese in the bowl first,put_the_cream_cheese_in_the_bowl_language_20_view_0_0_100_0_0_initstate_0
1354,Language Instructions,5,0,put_the_cream_cheese_in_the_bowl,0,0,100,0,0,0,,,,,21,,,put the soft spreadable dairy product inside the rounded dish used for mixing ingredients,put the soft spreadable dairy product inside the rounded dish used for mixing ingredients,put_the_cream_cheese_in_the_bowl_language_21_view_0_0_100_0_0_initstate_0
1355,Language Instructions,4,1,put_the_cream_cheese_in_the_bowl,0,0,100,0,0,0,,,,,22,,,on this lovely morning could you please put the cream cheese in the bowl,on this lovely morning could you please put the cream cheese in the bowl,put_the_cream_cheese_in_the_bowl_language_22_view_0_0_100_0_0_initstate_0
1356,Language Instructions,5,0,put_the_cream_cheese_in_the_bowl,0,0,100,0,0,0,,,,,23,,,insert the spreadable dairy product into the rounded kitchen vessel,insert the spreadable dairy product into the rounded kitchen vessel,put_the_cream_cheese_in_the_bowl_language_23_view_0_0_100_0_0_initstate_0
1357,Language Instructions,4,1,put_the_cream_cheese_in_the_bowl,0,0,100,0,0,0,,,,,24,,,could you ensure the cream cheese ends up in the bowl,could you ensure the cream cheese ends up in the bowl,put_the_cream_cheese_in_the_bowl_language_24_view_0_0_100_0_0_initstate_0
1358,Language Instructions,5,0,put_the_cream_cheese_in_the_bowl,0,0,100,0,0,0,,,,,25,,,place the spreadable dairy product into the rounded kitchen vessel,place the spreadable dairy product into the rounded kitchen vessel,put_the_cream_cheese_in_the_bowl_language_25_view_0_0_100_0_0_initstate_0
1359,Language Instructions,5,0,put_the_cream_cheese_in_the_bowl,0,0,100,0,0,0,,,,,26,,,place the spreadable dairy product inside the rounded kitchen vessel,place the spreadable dairy product inside the rounded kitchen vessel,put_the_cream_cheese_in_the_bowl_language_26_view_0_0_100_0_0_initstate_0
1360,Language Instructions,4,1,put_the_cream_cheese_in_the_bowl,0,0,100,0,0,0,,,,,27,,,put the cream cheese in the bowl thats the most important step in this recipe,put the cream cheese in the bowl thats the most important step in this recipe,put_the_cream_cheese_in_the_bowl_language_27_view_0_0_100_0_0_initstate_0
1361,Language Instructions,5,0,put_the_cream_cheese_in_the_bowl,0,0,100,0,0,0,,,,,28,,,insert the spread made from cultured milk into the rounded container used for mixing ingredients,insert the spread made from cultured milk into the rounded container used for mixing ingredients,put_the_cream_cheese_in_the_bowl_language_28_view_0_0_100_0_0_initstate_0
1362,Language Instructions,5,0,put_the_cream_cheese_in_the_bowl,0,0,100,0,0,0,,,,,29,,,for perfect results make sure to put all the cream cheese in the bowl,for perfect results make sure to put all the cream cheese in the bowl,put_the_cream_cheese_in_the_bowl_language_29_view_0_0_100_0_0_initstate_0
1363,Language Instructions,3,2,put_the_cream_cheese_in_the_bowl,0,0,100,0,0,0,,,,,30,,,place the cream cheese into the bowl,place the cream cheese into the bowl,put_the_cream_cheese_in_the_bowl_language_30_view_0_0_100_0_0_initstate_0
1364,Language Instructions,3,2,put_the_cream_cheese_in_the_bowl,0,0,100,0,0,0,,,,,31,,,deposit the cream cheese into the bowl,deposit the cream cheese into the bowl,put_the_cream_cheese_in_the_bowl_language_31_view_0_0_100_0_0_initstate_0
1365,Language Instructions,3,2,put_the_cream_cheese_in_the_bowl,0,0,100,0,0,0,,,,,32,,,can you put the cream cheese in the bowl,can you put the cream cheese in the bowl,put_the_cream_cheese_in_the_bowl_language_32_view_0_0_100_0_0_initstate_0
1366,Language Instructions,5,0,put_the_cream_cheese_in_the_bowl,0,0,100,0,0,0,,,,,33,,,place the spreadable dairy product into the dish used for mixing or serving foods,place the spreadable dairy product into the dish used for mixing or serving foods,put_the_cream_cheese_in_the_bowl_language_33_view_0_0_100_0_0_initstate_0
1367,Language Instructions,5,0,put_the_cream_cheese_in_the_bowl,0,0,100,0,0,0,,,,,34,,,place the spreadable dairy product into the rounded kitchen vessel,place the spreadable dairy product into the rounded kitchen vessel,put_the_cream_cheese_in_the_bowl_language_34_view_0_0_100_0_0_initstate_0
1368,Language Instructions,5,0,put_the_cream_cheese_in_the_bowl,0,0,100,0,0,0,,,,,35,,,the instructions say we should put exactly 8 ounces of cream cheese in the bowl,the instructions say we should put exactly 8 ounces of cream cheese in the bowl,put_the_cream_cheese_in_the_bowl_language_35_view_0_0_100_0_0_initstate_0
1369,Language Instructions,5,0,put_the_cream_cheese_in_the_bowl,0,0,100,0,0,0,,,,,36,,,for our cheesecake preparation begin by putting the cream cheese in the bowl,for our cheesecake preparation begin by putting the cream cheese in the bowl,put_the_cream_cheese_in_the_bowl_language_36_view_0_0_100_0_0_initstate_0
1370,Language Instructions,4,1,put_the_cream_cheese_in_the_bowl,0,0,100,0,0,0,,,,,37,,,could you place the cream cheese in the bowl please,could you place the cream cheese in the bowl please,put_the_cream_cheese_in_the_bowl_language_37_view_0_0_100_0_0_initstate_0
1371,Language Instructions,3,2,put_the_cream_cheese_in_the_bowl,0,0,100,0,0,0,,,,,38,,,insert the cream cheese into the bowl,insert the cream cheese into the bowl,put_the_cream_cheese_in_the_bowl_language_38_view_0_0_100_0_0_initstate_0
1372,Language Instructions,5,0,put_the_cream_cheese_in_the_bowl,0,0,100,0,0,0,,,,,39,,,as part of our cooking process we need to put the cream cheese in the bowl now,as part of our cooking process we need to put the cream cheese in the bowl now,put_the_cream_cheese_in_the_bowl_language_39_view_0_0_100_0_0_initstate_0
1373,Language Instructions,4,1,put_the_cream_cheese_in_the_bowl,0,0,100,0,0,0,,,,,40,,,have the cream cheese in the bowl for me will you,have the cream cheese in the bowl for me will you,put_the_cream_cheese_in_the_bowl_language_40_view_0_0_100_0_0_initstate_0
1374,Language Instructions,4,1,put_the_cream_cheese_in_the_bowl,0,0,100,0,0,0,,,,,41,,,for the recipe the first step is to put the cream cheese in the bowl,for the recipe the first step is to put the cream cheese in the bowl,put_the_cream_cheese_in_the_bowl_language_41_view_0_0_100_0_0_initstate_0
1375,Language Instructions,5,0,put_the_cream_cheese_in_the_bowl,0,0,100,0,0,0,,,,,42,,,after washing your hands please put the cream cheese in the stainless steel bowl,after washing your hands please put the cream cheese in the stainless steel bowl,put_the_cream_cheese_in_the_bowl_language_42_view_0_0_100_0_0_initstate_0
1376,Language Instructions,3,2,put_the_cream_cheese_in_the_bowl,0,0,100,0,0,0,,,,,43,,,can you place the cream cheese in the bowl,can you place the cream cheese in the bowl,put_the_cream_cheese_in_the_bowl_language_43_view_0_0_100_0_0_initstate_0
1377,Language Instructions,2,3,put_the_cream_cheese_in_the_bowl,0,0,100,0,0,0,,,,,44,,,ensure the cream cheese is in the bowl,ensure the cream cheese is in the bowl,put_the_cream_cheese_in_the_bowl_language_44_view_0_0_100_0_0_initstate_0
1378,Language Instructions,5,0,put_the_cream_cheese_in_the_bowl,0,0,100,0,0,0,,,,,45,,,place the spreadable dairy product into the deep rounded dish,place the spreadable dairy product into the deep rounded dish,put_the_cream_cheese_in_the_bowl_language_45_view_0_0_100_0_0_initstate_0
1379,Language Instructions,3,2,put_the_cream_cheese_in_the_bowl,0,0,100,0,0,0,,,,,46,,,put the cream cheese in the bowl carefully but dont spill it on the counter,put the cream cheese in the bowl carefully but dont spill it on the counter,put_the_cream_cheese_in_the_bowl_language_46_view_0_0_100_0_0_initstate_0
1380,Language Instructions,3,2,put_the_cream_cheese_in_the_bowl,0,0,100,0,0,0,,,,,47,,,place the cream cheese into the bowl,place the cream cheese into the bowl,put_the_cream_cheese_in_the_bowl_language_47_view_0_0_100_0_0_initstate_0
1381,Language Instructions,4,1,put_the_cream_cheese_in_the_bowl,0,0,100,0,0,0,,,,,48,,,could i ask you to make sure the cream cheese ends up in the bowl,could i ask you to make sure the cream cheese ends up in the bowl,put_the_cream_cheese_in_the_bowl_language_48_view_0_0_100_0_0_initstate_0
1382,Language Instructions,5,0,put_the_cream_cheese_in_the_bowl,0,0,100,0,0,0,,,,,49,,,hey chef your next task is to put the cream cheese in that big bowl over there,hey chef your next task is to put the cream cheese in that big bowl over there,put_the_cream_cheese_in_the_bowl_language_49_view_0_0_100_0_0_initstate_0
1383,Language Instructions,3,2,turn_on_the_stove,0,0,100,0,0,0,,,,,1,,,ignite the cooking appliance,ignite the cooking appliance,turn_on_the_stove_language_1_view_0_0_100_0_0_initstate_0
1384,Language Instructions,4,1,turn_on_the_stove,0,0,100,0,0,0,,,,,2,,,activate the appliance used for cooking meals,activate the appliance used for cooking meals,turn_on_the_stove_language_2_view_0_0_100_0_0_initstate_0
1385,Language Instructions,2,3,turn_on_the_stove,0,0,100,0,0,0,,,,,3,,,lets make some magic happen start by turning on the stove,lets make some magic happen start by turning on the stove,turn_on_the_stove_language_3_view_0_0_100_0_0_initstate_0
1386,Language Instructions,4,1,turn_on_the_stove,0,0,100,0,0,0,,,,,4,,,id like you to get the stove heating up please,id like you to get the stove heating up please,turn_on_the_stove_language_4_view_0_0_100_0_0_initstate_0
1387,Language Instructions,1,4,turn_on_the_stove,0,0,100,0,0,0,,,,,5,,,id appreciate it if you could turn on the stove right away,id appreciate it if you could turn on the stove right away,turn_on_the_stove_language_5_view_0_0_100_0_0_initstate_0
1388,Language Instructions,4,1,turn_on_the_stove,0,0,100,0,0,0,,,,,6,,,activate the appliance used for cooking meals,activate the appliance used for cooking meals,turn_on_the_stove_language_6_view_0_0_100_0_0_initstate_0
1389,Language Instructions,1,4,turn_on_the_stove,0,0,100,0,0,0,,,,,7,,,id like you to heat up the stove,id like you to heat up the stove,turn_on_the_stove_language_7_view_0_0_100_0_0_initstate_0
1390,Language Instructions,5,0,turn_on_the_stove,0,0,100,0,0,0,,,,,9,,,i need the stove turned on please,i need the stove turned on please,turn_on_the_stove_language_9_view_0_0_100_0_0_initstate_0
1391,Language Instructions,4,1,turn_on_the_stove,0,0,100,0,0,0,,,,,10,,,activate the appliance used for cooking,activate the appliance used for cooking,turn_on_the_stove_language_10_view_0_0_100_0_0_initstate_0
1392,Language Instructions,3,2,turn_on_the_stove,0,0,100,0,0,0,,,,,11,,,activate the home cooking appliance,activate the home cooking appliance,turn_on_the_stove_language_11_view_0_0_100_0_0_initstate_0
1393,Language Instructions,4,1,turn_on_the_stove,0,0,100,0,0,0,,,,,12,,,could you heat up the stove for me please,could you heat up the stove for me please,turn_on_the_stove_language_12_view_0_0_100_0_0_initstate_0
1394,Language Instructions,4,1,turn_on_the_stove,0,0,100,0,0,0,,,,,13,,,activate the appliance used for cooking food,activate the appliance used for cooking food,turn_on_the_stove_language_13_view_0_0_100_0_0_initstate_0
1395,Language Instructions,1,4,turn_on_the_stove,0,0,100,0,0,0,,,,,15,,,for safety reasons please make sure to turn on the stove properly,for safety reasons please make sure to turn on the stove properly,turn_on_the_stove_language_15_view_0_0_100_0_0_initstate_0
1396,Language Instructions,1,4,turn_on_the_stove,0,0,100,0,0,0,,,,,16,,,as part of our cooking routine please turn on the stove first,as part of our cooking routine please turn on the stove first,turn_on_the_stove_language_16_view_0_0_100_0_0_initstate_0
1397,Language Instructions,5,0,turn_on_the_stove,0,0,100,0,0,0,,,,,19,,,good morning could you please turn on the stove for me,good morning could you please turn on the stove for me,turn_on_the_stove_language_19_view_0_0_100_0_0_initstate_0
1398,Language Instructions,2,3,turn_on_the_stove,0,0,100,0,0,0,,,,,20,,,would you mind turning on the stove i need to prepare dinner,would you mind turning on the stove i need to prepare dinner,turn_on_the_stove_language_20_view_0_0_100_0_0_initstate_0
1399,Language Instructions,4,1,turn_on_the_stove,0,0,100,0,0,0,,,,,21,,,activate the cooking appliance,activate the cooking appliance,turn_on_the_stove_language_21_view_0_0_100_0_0_initstate_0
1400,Language Instructions,3,2,turn_on_the_stove,0,0,100,0,0,0,,,,,23,,,can you make sure the stove is on please,can you make sure the stove is on please,turn_on_the_stove_language_23_view_0_0_100_0_0_initstate_0
1401,Language Instructions,5,0,turn_on_the_stove,0,0,100,0,0,0,,,,,24,,,activate the appliance used for cooking,activate the appliance used for cooking,turn_on_the_stove_language_24_view_0_0_100_0_0_initstate_0
1402,Language Instructions,4,1,turn_on_the_stove,0,0,100,0,0,0,,,,,25,,,could you heat up the stove for me,could you heat up the stove for me,turn_on_the_stove_language_25_view_0_0_100_0_0_initstate_0
1403,Language Instructions,1,4,turn_on_the_stove,0,0,100,0,0,0,,,,,26,,,for perfect cooking results begin by turning on the stove properly,for perfect cooking results begin by turning on the stove properly,turn_on_the_stove_language_26_view_0_0_100_0_0_initstate_0
1404,Language Instructions,4,1,turn_on_the_stove,0,0,100,0,0,0,,,,,27,,,activate the kitchen appliance used for cooking,activate the kitchen appliance used for cooking,turn_on_the_stove_language_27_view_0_0_100_0_0_initstate_0
1405,Language Instructions,3,2,turn_on_the_stove,0,0,100,0,0,0,,,,,29,,,could you ensure the stove is turned on please,could you ensure the stove is turned on please,turn_on_the_stove_language_29_view_0_0_100_0_0_initstate_0
1406,Language Instructions,1,4,turn_on_the_stove,0,0,100,0,0,0,,,,,30,,,please make sure the stove is turned on,please make sure the stove is turned on,turn_on_the_stove_language_30_view_0_0_100_0_0_initstate_0
1407,Language Instructions,2,3,turn_on_the_stove,0,0,100,0,0,0,,,,,31,,,attention please the next task is to turn on the stove immediately,attention please the next task is to turn on the stove immediately,turn_on_the_stove_language_31_view_0_0_100_0_0_initstate_0
1408,Language Instructions,1,4,turn_on_the_stove,0,0,100,0,0,0,,,,,33,,,im busy with other things can you handle turning on the stove,im busy with other things can you handle turning on the stove,turn_on_the_stove_language_33_view_0_0_100_0_0_initstate_0
1409,Language Instructions,1,4,turn_on_the_stove,0,0,100,0,0,0,,,,,35,,,the recipe says our first step is to turn on the stove,the recipe says our first step is to turn on the stove,turn_on_the_stove_language_35_view_0_0_100_0_0_initstate_0
1410,Language Instructions,1,4,turn_on_the_stove,0,0,100,0,0,0,,,,,36,,,its time to start cooking so go ahead and turn on the stove,its time to start cooking so go ahead and turn on the stove,turn_on_the_stove_language_36_view_0_0_100_0_0_initstate_0
1411,Language Instructions,3,2,turn_on_the_stove,0,0,100,0,0,0,,,,,37,,,activate the appliance used for cooking food,activate the appliance used for cooking food,turn_on_the_stove_language_37_view_0_0_100_0_0_initstate_0
1412,Language Instructions,2,3,turn_on_the_stove,0,0,100,0,0,0,,,,,38,,,could you make sure the stove is turned on please,could you make sure the stove is turned on please,turn_on_the_stove_language_38_view_0_0_100_0_0_initstate_0
1413,Language Instructions,4,1,turn_on_the_stove,0,0,100,0,0,0,,,,,41,,,switch on the burner,switch on the burner,turn_on_the_stove_language_41_view_0_0_100_0_0_initstate_0
1414,Language Instructions,4,1,turn_on_the_stove,0,0,100,0,0,0,,,,,42,,,activate the cooktop,activate the cooktop,turn_on_the_stove_language_42_view_0_0_100_0_0_initstate_0
1415,Language Instructions,4,1,turn_on_the_stove,0,0,100,0,0,0,,,,,43,,,activate the cooking appliance for heating food,activate the cooking appliance for heating food,turn_on_the_stove_language_43_view_0_0_100_0_0_initstate_0
1416,Language Instructions,3,2,turn_on_the_stove,0,0,100,0,0,0,,,,,44,,,id like you to have the stove turned on please,id like you to have the stove turned on please,turn_on_the_stove_language_44_view_0_0_100_0_0_initstate_0
1417,Language Instructions,5,0,turn_on_the_stove,0,0,100,0,0,0,,,,,45,,,activate the kitchen appliance used for cooking food,activate the kitchen appliance used for cooking food,turn_on_the_stove_language_45_view_0_0_100_0_0_initstate_0
1418,Language Instructions,1,4,turn_on_the_stove,0,0,100,0,0,0,,,,,46,,,ill prepare the ingredients while you turn on the stove okay,ill prepare the ingredients while you turn on the stove okay,turn_on_the_stove_language_46_view_0_0_100_0_0_initstate_0
1419,Language Instructions,4,1,turn_on_the_stove,0,0,100,0,0,0,,,,,47,,,activate the cooker,activate the cooker,turn_on_the_stove_language_47_view_0_0_100_0_0_initstate_0
1420,Language Instructions,4,1,turn_on_the_stove,0,0,100,0,0,0,,,,,48,,,activate the cooking appliances heat source,activate the cooking appliances heat source,turn_on_the_stove_language_48_view_0_0_100_0_0_initstate_0
1421,Language Instructions,3,2,turn_on_the_stove,0,0,100,0,0,0,,,,,49,,,the stove needs to be turned on before we can cook anything,the stove needs to be turned on before we can cook anything,turn_on_the_stove_language_49_view_0_0_100_0_0_initstate_0
1422,Language Instructions,4,1,turn_on_the_stove,0,0,100,0,0,0,,,,,50,,,ignite the appliance used for cooking,ignite the appliance used for cooking,turn_on_the_stove_language_50_view_0_0_100_0_0_initstate_0
1423,Language Instructions,5,0,put_the_bowl_on_the_plate,0,0,100,0,0,0,,,,,1,,,could you kindly put the bowl onto the plate for me,could you kindly put the bowl onto the plate for me,put_the_bowl_on_the_plate_language_1_view_0_0_100_0_0_initstate_0
1424,Language Instructions,5,0,put_the_bowl_on_the_plate,0,0,100,0,0,0,,,,,2,,,place the rounded dish used for eating cereal inside the flat dish often used for serving meals,place the rounded dish used for eating cereal inside the flat dish often used for serving meals,put_the_bowl_on_the_plate_language_2_view_0_0_100_0_0_initstate_0
1425,Language Instructions,2,3,put_the_bowl_on_the_plate,0,0,100,0,0,0,,,,,4,,,could you place the bowl onto the plate,could you place the bowl onto the plate,put_the_bowl_on_the_plate_language_4_view_0_0_100_0_0_initstate_0
1426,Language Instructions,5,0,put_the_bowl_on_the_plate,0,0,100,0,0,0,,,,,6,,,put the bowl on the plate now and well add the silverware later,put the bowl on the plate now and well add the silverware later,put_the_bowl_on_the_plate_language_6_view_0_0_100_0_0_initstate_0
1427,Language Instructions,1,4,put_the_bowl_on_the_plate,0,0,100,0,0,0,,,,,7,,,could you put the bowl on the plate please,could you put the bowl on the plate please,put_the_bowl_on_the_plate_language_7_view_0_0_100_0_0_initstate_0
1428,Language Instructions,5,0,put_the_bowl_on_the_plate,0,0,100,0,0,0,,,,,8,,,place the rounded container used for mixing ingredients on the flat dish used for serving food,place the rounded container used for mixing ingredients on the flat dish used for serving food,put_the_bowl_on_the_plate_language_8_view_0_0_100_0_0_initstate_0
1429,Language Instructions,5,0,put_the_bowl_on_the_plate,0,0,100,0,0,0,,,,,9,,,place the rounded foodholding container on the flat dish for serving,place the rounded foodholding container on the flat dish for serving,put_the_bowl_on_the_plate_language_9_view_0_0_100_0_0_initstate_0
1430,Language Instructions,1,4,put_the_bowl_on_the_plate,0,0,100,0,0,0,,,,,11,,,set the bowl on the plate,set the bowl on the plate,put_the_bowl_on_the_plate_language_11_view_0_0_100_0_0_initstate_0
1431,Language Instructions,5,0,put_the_bowl_on_the_plate,0,0,100,0,0,0,,,,,12,,,place the curved container for food onto the flat dish typically used for serving,place the curved container for food onto the flat dish typically used for serving,put_the_bowl_on_the_plate_language_12_view_0_0_100_0_0_initstate_0
1432,Language Instructions,1,4,put_the_bowl_on_the_plate,0,0,100,0,0,0,,,,,14,,,put the bowl on the plate but dont stack anything else on top,put the bowl on the plate but dont stack anything else on top,put_the_bowl_on_the_plate_language_14_view_0_0_100_0_0_initstate_0
1433,Language Instructions,4,1,put_the_bowl_on_the_plate,0,0,100,0,0,0,,,,,16,,,could you place the bowl onto the plate please,could you place the bowl onto the plate please,put_the_bowl_on_the_plate_language_16_view_0_0_100_0_0_initstate_0
1434,Language Instructions,1,4,put_the_bowl_on_the_plate,0,0,100,0,0,0,,,,,17,,,the chef recommends you put the bowl on the plate before adding food,the chef recommends you put the bowl on the plate before adding food,put_the_bowl_on_the_plate_language_17_view_0_0_100_0_0_initstate_0
1435,Language Instructions,5,0,put_the_bowl_on_the_plate,0,0,100,0,0,0,,,,,18,,,place the concave dishware used for serving food onto the larger flat dishware often used as a base for meal courses,place the concave dishware used for serving food onto the larger flat dishware often used as a base for meal courses,put_the_bowl_on_the_plate_language_18_view_0_0_100_0_0_initstate_0
1436,Language Instructions,5,0,put_the_bowl_on_the_plate,0,0,100,0,0,0,,,,,21,,,in our kitchen we always put the bowl on the plate for consistency,in our kitchen we always put the bowl on the plate for consistency,put_the_bowl_on_the_plate_language_21_view_0_0_100_0_0_initstate_0
1437,Language Instructions,2,3,put_the_bowl_on_the_plate,0,0,100,0,0,0,,,,,22,,,can you place the bowl on top of the plate,can you place the bowl on top of the plate,put_the_bowl_on_the_plate_language_22_view_0_0_100_0_0_initstate_0
1438,Language Instructions,5,0,put_the_bowl_on_the_plate,0,0,100,0,0,0,,,,,23,,,place the rounded container used for eating into the flat dish typically used as a base for a meal,place the rounded container used for eating into the flat dish typically used as a base for a meal,put_the_bowl_on_the_plate_language_23_view_0_0_100_0_0_initstate_0
1439,Language Instructions,2,3,put_the_bowl_on_the_plate,0,0,100,0,0,0,,,,,26,,,for proper table setting always put the bowl on the plate,for proper table setting always put the bowl on the plate,put_the_bowl_on_the_plate_language_26_view_0_0_100_0_0_initstate_0
1440,Language Instructions,5,0,put_the_bowl_on_the_plate,0,0,100,0,0,0,,,,,27,,,position the rounded dish used for mixing or holding food items onto the flat dish typically used for serving meals,position the rounded dish used for mixing or holding food items onto the flat dish typically used for serving meals,put_the_bowl_on_the_plate_language_27_view_0_0_100_0_0_initstate_0
1441,Language Instructions,5,0,put_the_bowl_on_the_plate,0,0,100,0,0,0,,,,,28,,,place the rounded food container on the flat dish designed for dining,place the rounded food container on the flat dish designed for dining,put_the_bowl_on_the_plate_language_28_view_0_0_100_0_0_initstate_0
1442,Language Instructions,2,3,put_the_bowl_on_the_plate,0,0,100,0,0,0,,,,,30,,,can you place the bowl on the plate,can you place the bowl on the plate,put_the_bowl_on_the_plate_language_30_view_0_0_100_0_0_initstate_0
1443,Language Instructions,1,4,put_the_bowl_on_the_plate,0,0,100,0,0,0,,,,,31,,,could i have the bowl placed on top of the plate,could i have the bowl placed on top of the plate,put_the_bowl_on_the_plate_language_31_view_0_0_100_0_0_initstate_0
1444,Language Instructions,1,4,put_the_bowl_on_the_plate,0,0,100,0,0,0,,,,,32,,,for better presentation put the bowl carefully on the plate,for better presentation put the bowl carefully on the plate,put_the_bowl_on_the_plate_language_32_view_0_0_100_0_0_initstate_0
1445,Language Instructions,1,4,put_the_bowl_on_the_plate,0,0,100,0,0,0,,,,,33,,,could you place the bowl right on top of the plate,could you place the bowl right on top of the plate,put_the_bowl_on_the_plate_language_33_view_0_0_100_0_0_initstate_0
1446,Language Instructions,1,4,put_the_bowl_on_the_plate,0,0,100,0,0,0,,,,,34,,,place the bowl on top of the plate,place the bowl on top of the plate,put_the_bowl_on_the_plate_language_34_view_0_0_100_0_0_initstate_0
1447,Language Instructions,2,3,put_the_bowl_on_the_plate,0,0,100,0,0,0,,,,,35,,,the proper way to serve this dish is to put the bowl on the plate before bringing it out,the proper way to serve this dish is to put the bowl on the plate before bringing it out,put_the_bowl_on_the_plate_language_35_view_0_0_100_0_0_initstate_0
1448,Language Instructions,1,4,put_the_bowl_on_the_plate,0,0,100,0,0,0,,,,,36,,,could you place the bowl directly on the plate,could you place the bowl directly on the plate,put_the_bowl_on_the_plate_language_36_view_0_0_100_0_0_initstate_0
1449,Language Instructions,1,4,put_the_bowl_on_the_plate,0,0,100,0,0,0,,,,,37,,,please place the bowl on top of the plate,please place the bowl on top of the plate,put_the_bowl_on_the_plate_language_37_view_0_0_100_0_0_initstate_0
1450,Language Instructions,2,3,put_the_bowl_on_the_plate,0,0,100,0,0,0,,,,,40,,,make sure the bowl ends up on the plate,make sure the bowl ends up on the plate,put_the_bowl_on_the_plate_language_40_view_0_0_100_0_0_initstate_0
1451,Language Instructions,5,0,put_the_bowl_on_the_plate,0,0,100,0,0,0,,,,,41,,,place the rounded container for food on the flat dish for serving,place the rounded container for food on the flat dish for serving,put_the_bowl_on_the_plate_language_41_view_0_0_100_0_0_initstate_0
1452,Language Instructions,5,0,put_the_bowl_on_the_plate,0,0,100,0,0,0,,,,,42,,,place the rounded container commonly used for holding food onto the flat dish often used as a base for serving meals,place the rounded container commonly used for holding food onto the flat dish often used as a base for serving meals,put_the_bowl_on_the_plate_language_42_view_0_0_100_0_0_initstate_0
1453,Language Instructions,5,0,put_the_bowl_on_the_plate,0,0,100,0,0,0,,,,,43,,,place the round dish used for eating soup or cereal onto the flat dish usually used for main course servings,place the round dish used for eating soup or cereal onto the flat dish usually used for main course servings,put_the_bowl_on_the_plate_language_43_view_0_0_100_0_0_initstate_0
1454,Language Instructions,4,1,put_the_bowl_on_the_plate,0,0,100,0,0,0,,,,,46,,,could you place the bowl on the plate please,could you place the bowl on the plate please,put_the_bowl_on_the_plate_language_46_view_0_0_100_0_0_initstate_0
1455,Language Instructions,2,3,put_the_bowl_on_the_plate,0,0,100,0,0,0,,,,,47,,,could you set the bowl on top of the plate,could you set the bowl on top of the plate,put_the_bowl_on_the_plate_language_47_view_0_0_100_0_0_initstate_0
1456,Language Instructions,1,4,put_the_bowl_on_the_plate,0,0,100,0,0,0,,,,,48,,,make sure the bowl ends up positioned on the plate,make sure the bowl ends up positioned on the plate,put_the_bowl_on_the_plate_language_48_view_0_0_100_0_0_initstate_0
1457,Language Instructions,1,4,put_the_bowl_on_the_plate,0,0,100,0,0,0,,,,,49,,,please have the bowl placed on top of the plate,please have the bowl placed on top of the plate,put_the_bowl_on_the_plate_language_49_view_0_0_100_0_0_initstate_0
1458,Language Instructions,1,4,put_the_wine_bottle_on_the_rack,0,0,100,0,0,0,,,,,1,,,could we place the wine bottle in the rack,could we place the wine bottle in the rack,put_the_wine_bottle_on_the_rack_language_1_view_0_0_100_0_0_initstate_0
1459,Language Instructions,4,1,put_the_wine_bottle_on_the_rack,0,0,100,0,0,0,,,,,2,,,could you put the wine bottle on the rack we want to keep it at the right angle,could you put the wine bottle on the rack we want to keep it at the right angle,put_the_wine_bottle_on_the_rack_language_2_view_0_0_100_0_0_initstate_0
1460,Language Instructions,3,2,put_the_wine_bottle_on_the_rack,0,0,100,0,0,0,,,,,3,,,could you place the wine bottle on the rack please,could you place the wine bottle on the rack please,put_the_wine_bottle_on_the_rack_language_3_view_0_0_100_0_0_initstate_0
1461,Language Instructions,5,0,put_the_wine_bottle_on_the_rack,0,0,100,0,0,0,,,,,4,,,place the glass container of aged grape beverage on the storage framework designed for holding such items,place the glass container of aged grape beverage on the storage framework designed for holding such items,put_the_wine_bottle_on_the_rack_language_4_view_0_0_100_0_0_initstate_0
1462,Language Instructions,1,4,put_the_wine_bottle_on_the_rack,0,0,100,0,0,0,,,,,5,,,could you please place the wine bottle on the rack,could you please place the wine bottle on the rack,put_the_wine_bottle_on_the_rack_language_5_view_0_0_100_0_0_initstate_0
1463,Language Instructions,5,0,put_the_wine_bottle_on_the_rack,0,0,100,0,0,0,,,,,6,,,place the container of fermented grape juice onto the storage structure designed for holding such items,place the container of fermented grape juice onto the storage structure designed for holding such items,put_the_wine_bottle_on_the_rack_language_6_view_0_0_100_0_0_initstate_0
1464,Language Instructions,5,0,put_the_wine_bottle_on_the_rack,0,0,100,0,0,0,,,,,7,,,for our wine collections organization put this bottle on the third shelf of the rack,for our wine collections organization put this bottle on the third shelf of the rack,put_the_wine_bottle_on_the_rack_language_7_view_0_0_100_0_0_initstate_0
1465,Language Instructions,2,3,put_the_wine_bottle_on_the_rack,0,0,100,0,0,0,,,,,8,,,make sure the wine bottle is resting on the rack,make sure the wine bottle is resting on the rack,put_the_wine_bottle_on_the_rack_language_8_view_0_0_100_0_0_initstate_0
1466,Language Instructions,3,2,put_the_wine_bottle_on_the_rack,0,0,100,0,0,0,,,,,9,,,make sure the wine bottle is on the rack,make sure the wine bottle is on the rack,put_the_wine_bottle_on_the_rack_language_9_view_0_0_100_0_0_initstate_0
1467,Language Instructions,5,0,put_the_wine_bottle_on_the_rack,0,0,100,0,0,0,,,,,10,,,place the container holding the fermented grape beverage on the storage unit designed for holding such containers,place the container holding the fermented grape beverage on the storage unit designed for holding such containers,put_the_wine_bottle_on_the_rack_language_10_view_0_0_100_0_0_initstate_0
1468,Language Instructions,2,3,put_the_wine_bottle_on_the_rack,0,0,100,0,0,0,,,,,11,,,the wine bottle belongs on the rack please place it there carefully,the wine bottle belongs on the rack please place it there carefully,put_the_wine_bottle_on_the_rack_language_11_view_0_0_100_0_0_initstate_0
1469,Language Instructions,3,2,put_the_wine_bottle_on_the_rack,0,0,100,0,0,0,,,,,12,,,put the wine bottle on the rack but be careful not to disturb the other bottles,put the wine bottle on the rack but be careful not to disturb the other bottles,put_the_wine_bottle_on_the_rack_language_12_view_0_0_100_0_0_initstate_0
1470,Language Instructions,5,0,put_the_wine_bottle_on_the_rack,0,0,100,0,0,0,,,,,13,,,position the container for the fermented grape beverage into the storage structure designed for holding such items,position the container for the fermented grape beverage into the storage structure designed for holding such items,put_the_wine_bottle_on_the_rack_language_13_view_0_0_100_0_0_initstate_0
1471,Language Instructions,2,3,put_the_wine_bottle_on_the_rack,0,0,100,0,0,0,,,,,14,,,ensure the wine bottle is stored on the rack,ensure the wine bottle is stored on the rack,put_the_wine_bottle_on_the_rack_language_14_view_0_0_100_0_0_initstate_0
1472,Language Instructions,3,2,put_the_wine_bottle_on_the_rack,0,0,100,0,0,0,,,,,15,,,could you make sure the wine bottle is placed on the rack,could you make sure the wine bottle is placed on the rack,put_the_wine_bottle_on_the_rack_language_15_view_0_0_100_0_0_initstate_0
1473,Language Instructions,4,1,put_the_wine_bottle_on_the_rack,0,0,100,0,0,0,,,,,16,,,put the wine bottle on the wooden rack in the kitchen just like we always do,put the wine bottle on the wooden rack in the kitchen just like we always do,put_the_wine_bottle_on_the_rack_language_16_view_0_0_100_0_0_initstate_0
1474,Language Instructions,4,1,put_the_wine_bottle_on_the_rack,0,0,100,0,0,0,,,,,17,,,instead of leaving it on the table put the wine bottle on the rack where it belongs,instead of leaving it on the table put the wine bottle on the rack where it belongs,put_the_wine_bottle_on_the_rack_language_17_view_0_0_100_0_0_initstate_0
1475,Language Instructions,2,3,put_the_wine_bottle_on_the_rack,0,0,100,0,0,0,,,,,18,,,our guests are arriving soon please put the wine bottle on the rack to chill,our guests are arriving soon please put the wine bottle on the rack to chill,put_the_wine_bottle_on_the_rack_language_18_view_0_0_100_0_0_initstate_0
1476,Language Instructions,3,2,put_the_wine_bottle_on_the_rack,0,0,100,0,0,0,,,,,19,,,make sure the wine bottle is placed on the rack,make sure the wine bottle is placed on the rack,put_the_wine_bottle_on_the_rack_language_19_view_0_0_100_0_0_initstate_0
1477,Language Instructions,4,1,put_the_wine_bottle_on_the_rack,0,0,100,0,0,0,,,,,20,,,after uncorking please put the wine bottle on the rack to maintain its quality,after uncorking please put the wine bottle on the rack to maintain its quality,put_the_wine_bottle_on_the_rack_language_20_view_0_0_100_0_0_initstate_0
1478,Language Instructions,5,0,put_the_wine_bottle_on_the_rack,0,0,100,0,0,0,,,,,21,,,position the container of fermented grapes on the storage structure for similar items,position the container of fermented grapes on the storage structure for similar items,put_the_wine_bottle_on_the_rack_language_21_view_0_0_100_0_0_initstate_0
1479,Language Instructions,5,0,put_the_wine_bottle_on_the_rack,0,0,100,0,0,0,,,,,22,,,place the glass container of fermented grapes on the storage structure designed for holding such items,place the glass container of fermented grapes on the storage structure designed for holding such items,put_the_wine_bottle_on_the_rack_language_22_view_0_0_100_0_0_initstate_0
1480,Language Instructions,3,2,put_the_wine_bottle_on_the_rack,0,0,100,0,0,0,,,,,23,,,could you place the wine bottle in the rack for storage,could you place the wine bottle in the rack for storage,put_the_wine_bottle_on_the_rack_language_23_view_0_0_100_0_0_initstate_0
1481,Language Instructions,4,1,put_the_wine_bottle_on_the_rack,0,0,100,0,0,0,,,,,24,,,dont just set it anywhere put the wine bottle on the rack as we discussed,dont just set it anywhere put the wine bottle on the rack as we discussed,put_the_wine_bottle_on_the_rack_language_24_view_0_0_100_0_0_initstate_0
1482,Language Instructions,2,3,put_the_wine_bottle_on_the_rack,0,0,100,0,0,0,,,,,25,,,the party preparations include putting the wine bottle on the rack can you handle that,the party preparations include putting the wine bottle on the rack can you handle that,put_the_wine_bottle_on_the_rack_language_25_view_0_0_100_0_0_initstate_0
1483,Language Instructions,5,0,put_the_wine_bottle_on_the_rack,0,0,100,0,0,0,,,,,26,,,position the container with fermented grape drink onto the storage unit designed for holding such containers,position the container with fermented grape drink onto the storage unit designed for holding such containers,put_the_wine_bottle_on_the_rack_language_26_view_0_0_100_0_0_initstate_0
1484,Language Instructions,3,2,put_the_wine_bottle_on_the_rack,0,0,100,0,0,0,,,,,27,,,place the wine bottle on the rack please its important to store it properly,place the wine bottle on the rack please its important to store it properly,put_the_wine_bottle_on_the_rack_language_27_view_0_0_100_0_0_initstate_0
1485,Language Instructions,4,1,put_the_wine_bottle_on_the_rack,0,0,100,0,0,0,,,,,28,,,make sure the wine bottle ends up securely placed on the rack,make sure the wine bottle ends up securely placed on the rack,put_the_wine_bottle_on_the_rack_language_28_view_0_0_100_0_0_initstate_0
1486,Language Instructions,5,0,put_the_wine_bottle_on_the_rack,0,0,100,0,0,0,,,,,29,,,place the container of fermented grape drink onto the storage structure designed for holding such items,place the container of fermented grape drink onto the storage structure designed for holding such items,put_the_wine_bottle_on_the_rack_language_29_view_0_0_100_0_0_initstate_0
1487,Language Instructions,4,1,put_the_wine_bottle_on_the_rack,0,0,100,0,0,0,,,,,30,,,put the wine bottle on the rack but make sure its the one in the dining room,put the wine bottle on the rack but make sure its the one in the dining room,put_the_wine_bottle_on_the_rack_language_30_view_0_0_100_0_0_initstate_0
1488,Language Instructions,5,0,put_the_wine_bottle_on_the_rack,0,0,100,0,0,0,,,,,31,,,place the container of fermented grapes on the storage structure designed for holding such items,place the container of fermented grapes on the storage structure designed for holding such items,put_the_wine_bottle_on_the_rack_language_31_view_0_0_100_0_0_initstate_0
1489,Language Instructions,4,1,put_the_wine_bottle_on_the_rack,0,0,100,0,0,0,,,,,32,,,the 2018 cabernet should be stored properly put the bottle on the rack now,the 2018 cabernet should be stored properly put the bottle on the rack now,put_the_wine_bottle_on_the_rack_language_32_view_0_0_100_0_0_initstate_0
1490,Language Instructions,3,2,put_the_wine_bottle_on_the_rack,0,0,100,0,0,0,,,,,33,,,make sure the wine bottle ends up on the rack,make sure the wine bottle ends up on the rack,put_the_wine_bottle_on_the_rack_language_33_view_0_0_100_0_0_initstate_0
1491,Language Instructions,5,0,put_the_wine_bottle_on_the_rack,0,0,100,0,0,0,,,,,34,,,position the container holding the fermented grape beverage on the storage structure designed for organizing such containers,position the container holding the fermented grape beverage on the storage structure designed for organizing such containers,put_the_wine_bottle_on_the_rack_language_34_view_0_0_100_0_0_initstate_0
1492,Language Instructions,5,0,put_the_wine_bottle_on_the_rack,0,0,100,0,0,0,,,,,35,,,place the glass container of fermented grapes on the storage framework designed for holding such items,place the glass container of fermented grapes on the storage framework designed for holding such items,put_the_wine_bottle_on_the_rack_language_35_view_0_0_100_0_0_initstate_0
1493,Language Instructions,5,0,put_the_wine_bottle_on_the_rack,0,0,100,0,0,0,,,,,36,,,place the glass container of fermented grapes onto the storage framework designed for holding such containers,place the glass container of fermented grapes onto the storage framework designed for holding such containers,put_the_wine_bottle_on_the_rack_language_36_view_0_0_100_0_0_initstate_0
1494,Language Instructions,3,2,put_the_wine_bottle_on_the_rack,0,0,100,0,0,0,,,,,37,,,for proper wine storage please place the bottle on the rack horizontally,for proper wine storage please place the bottle on the rack horizontally,put_the_wine_bottle_on_the_rack_language_37_view_0_0_100_0_0_initstate_0
1495,Language Instructions,1,4,put_the_wine_bottle_on_the_rack,0,0,100,0,0,0,,,,,38,,,the red wine needs to breathe start by putting the bottle on the rack,the red wine needs to breathe start by putting the bottle on the rack,put_the_wine_bottle_on_the_rack_language_38_view_0_0_100_0_0_initstate_0
1496,Language Instructions,5,0,put_the_wine_bottle_on_the_rack,0,0,100,0,0,0,,,,,39,,,place the container for aged grape beverage into the storage framework designed for holding such containers,place the container for aged grape beverage into the storage framework designed for holding such containers,put_the_wine_bottle_on_the_rack_language_39_view_0_0_100_0_0_initstate_0
1497,Language Instructions,1,4,put_the_wine_bottle_on_the_rack,0,0,100,0,0,0,,,,,40,,,ensure the wine bottle is placed on the rack,ensure the wine bottle is placed on the rack,put_the_wine_bottle_on_the_rack_language_40_view_0_0_100_0_0_initstate_0
1498,Language Instructions,2,3,put_the_wine_bottle_on_the_rack,0,0,100,0,0,0,,,,,41,,,after dinner dont forget to put the wine bottle on the rack for storage,after dinner dont forget to put the wine bottle on the rack for storage,put_the_wine_bottle_on_the_rack_language_41_view_0_0_100_0_0_initstate_0
1499,Language Instructions,5,0,put_the_wine_bottle_on_the_rack,0,0,100,0,0,0,,,,,42,,,place the wine container in the holder,place the wine container in the holder,put_the_wine_bottle_on_the_rack_language_42_view_0_0_100_0_0_initstate_0
1500,Language Instructions,5,0,put_the_wine_bottle_on_the_rack,0,0,100,0,0,0,,,,,43,,,place the glass container for aged grape beverage onto the storage framework designed for such items,place the glass container for aged grape beverage onto the storage framework designed for such items,put_the_wine_bottle_on_the_rack_language_43_view_0_0_100_0_0_initstate_0
1501,Language Instructions,5,0,put_the_wine_bottle_on_the_rack,0,0,100,0,0,0,,,,,44,,,position the glass container of fermented grape liquid onto the storage structure designed for holding such items,position the glass container of fermented grape liquid onto the storage structure designed for holding such items,put_the_wine_bottle_on_the_rack_language_44_view_0_0_100_0_0_initstate_0
1502,Language Instructions,2,3,put_the_wine_bottle_on_the_rack,0,0,100,0,0,0,,,,,45,,,before you leave remember to put the wine bottle on the rack near the window,before you leave remember to put the wine bottle on the rack near the window,put_the_wine_bottle_on_the_rack_language_45_view_0_0_100_0_0_initstate_0
1503,Language Instructions,2,3,put_the_wine_bottle_on_the_rack,0,0,100,0,0,0,,,,,46,,,could you make sure the wine bottle ends up on the rack,could you make sure the wine bottle ends up on the rack,put_the_wine_bottle_on_the_rack_language_46_view_0_0_100_0_0_initstate_0
1504,Language Instructions,1,4,put_the_wine_bottle_on_the_rack,0,0,100,0,0,0,,,,,47,,,ensure the wine bottle is placed securely on the rack,ensure the wine bottle is placed securely on the rack,put_the_wine_bottle_on_the_rack_language_47_view_0_0_100_0_0_initstate_0
1505,Language Instructions,3,2,put_the_wine_bottle_on_the_rack,0,0,100,0,0,0,,,,,48,,,could you place the wine bottle in the rack,could you place the wine bottle in the rack,put_the_wine_bottle_on_the_rack_language_48_view_0_0_100_0_0_initstate_0
1506,Language Instructions,2,3,put_the_wine_bottle_on_the_rack,0,0,100,0,0,0,,,,,49,,,could you ensure the wine bottle ends up on the rack,could you ensure the wine bottle ends up on the rack,put_the_wine_bottle_on_the_rack_language_49_view_0_0_100_0_0_initstate_0
1507,Language Instructions,5,0,put_the_wine_bottle_on_the_rack,0,0,100,0,0,0,,,,,50,,,place the glass container of fermented grapes onto the storage unit designed for holding such items,place the glass container of fermented grapes onto the storage unit designed for holding such items,put_the_wine_bottle_on_the_rack_language_50_view_0_0_100_0_0_initstate_0
1508,Sensor Noise,2,3,open_the_middle_drawer_of_the_cabinet,0,0,100,0,0,0,motion blur,1,,,,,,open the middle drawer of the cabinet,open the middle drawer of the cabinet view 0 0 100 0 0 initstate 0 noise 1,open_the_middle_drawer_of_the_cabinet_view_0_0_100_0_0_initstate_0_noise_1
1509,Sensor Noise,2,3,open_the_middle_drawer_of_the_cabinet,0,0,100,0,0,0,motion blur,2,,,,,,open the middle drawer of the cabinet,open the middle drawer of the cabinet view 0 0 100 0 0 initstate 0 noise 2,open_the_middle_drawer_of_the_cabinet_view_0_0_100_0_0_initstate_0_noise_2
1510,Sensor Noise,2,3,open_the_middle_drawer_of_the_cabinet,0,0,100,0,0,0,motion blur,3,,,,,,open the middle drawer of the cabinet,open the middle drawer of the cabinet view 0 0 100 0 0 initstate 0 noise 3,open_the_middle_drawer_of_the_cabinet_view_0_0_100_0_0_initstate_0_noise_3
1511,Sensor Noise,2,3,open_the_middle_drawer_of_the_cabinet,0,0,100,0,0,0,motion blur,4,,,,,,open the middle drawer of the cabinet,open the middle drawer of the cabinet view 0 0 100 0 0 initstate 0 noise 4,open_the_middle_drawer_of_the_cabinet_view_0_0_100_0_0_initstate_0_noise_4
1512,Sensor Noise,2,3,open_the_middle_drawer_of_the_cabinet,0,0,100,0,0,0,motion blur,5,,,,,,open the middle drawer of the cabinet,open the middle drawer of the cabinet view 0 0 100 0 0 initstate 0 noise 5,open_the_middle_drawer_of_the_cabinet_view_0_0_100_0_0_initstate_0_noise_5
1513,Sensor Noise,4,1,open_the_middle_drawer_of_the_cabinet,0,0,100,0,0,0,motion blur,6,,,,,,open the middle drawer of the cabinet,open the middle drawer of the cabinet view 0 0 100 0 0 initstate 0 noise 6,open_the_middle_drawer_of_the_cabinet_view_0_0_100_0_0_initstate_0_noise_6
1514,Sensor Noise,4,1,open_the_middle_drawer_of_the_cabinet,0,0,100,0,0,0,motion blur,7,,,,,,open the middle drawer of the cabinet,open the middle drawer of the cabinet view 0 0 100 0 0 initstate 0 noise 7,open_the_middle_drawer_of_the_cabinet_view_0_0_100_0_0_initstate_0_noise_7
1515,Sensor Noise,4,1,open_the_middle_drawer_of_the_cabinet,0,0,100,0,0,0,motion blur,8,,,,,,open the middle drawer of the cabinet,open the middle drawer of the cabinet view 0 0 100 0 0 initstate 0 noise 8,open_the_middle_drawer_of_the_cabinet_view_0_0_100_0_0_initstate_0_noise_8
1516,Sensor Noise,5,0,open_the_middle_drawer_of_the_cabinet,0,0,100,0,0,0,motion blur,9,,,,,,open the middle drawer of the cabinet,open the middle drawer of the cabinet view 0 0 100 0 0 initstate 0 noise 9,open_the_middle_drawer_of_the_cabinet_view_0_0_100_0_0_initstate_0_noise_9
1517,Sensor Noise,5,0,open_the_middle_drawer_of_the_cabinet,0,0,100,0,0,0,motion blur,10,,,,,,open the middle drawer of the cabinet,open the middle drawer of the cabinet view 0 0 100 0 0 initstate 0 noise 10,open_the_middle_drawer_of_the_cabinet_view_0_0_100_0_0_initstate_0_noise_10
1518,Sensor Noise,2,3,open_the_middle_drawer_of_the_cabinet,0,0,100,0,0,0,gaussian blur,2,,,,,,open the middle drawer of the cabinet,open the middle drawer of the cabinet view 0 0 100 0 0 initstate 0 noise 12,open_the_middle_drawer_of_the_cabinet_view_0_0_100_0_0_initstate_0_noise_12
1519,Sensor Noise,4,1,open_the_middle_drawer_of_the_cabinet,0,0,100,0,0,0,gaussian blur,3,,,,,,open the middle drawer of the cabinet,open the middle drawer of the cabinet view 0 0 100 0 0 initstate 0 noise 13,open_the_middle_drawer_of_the_cabinet_view_0_0_100_0_0_initstate_0_noise_13
1520,Sensor Noise,3,2,open_the_middle_drawer_of_the_cabinet,0,0,100,0,0,0,gaussian blur,4,,,,,,open the middle drawer of the cabinet,open the middle drawer of the cabinet view 0 0 100 0 0 initstate 0 noise 14,open_the_middle_drawer_of_the_cabinet_view_0_0_100_0_0_initstate_0_noise_14
1521,Sensor Noise,4,1,open_the_middle_drawer_of_the_cabinet,0,0,100,0,0,0,gaussian blur,5,,,,,,open the middle drawer of the cabinet,open the middle drawer of the cabinet view 0 0 100 0 0 initstate 0 noise 15,open_the_middle_drawer_of_the_cabinet_view_0_0_100_0_0_initstate_0_noise_15
1522,Sensor Noise,4,1,open_the_middle_drawer_of_the_cabinet,0,0,100,0,0,0,gaussian blur,6,,,,,,open the middle drawer of the cabinet,open the middle drawer of the cabinet view 0 0 100 0 0 initstate 0 noise 16,open_the_middle_drawer_of_the_cabinet_view_0_0_100_0_0_initstate_0_noise_16
1523,Sensor Noise,5,0,open_the_middle_drawer_of_the_cabinet,0,0,100,0,0,0,gaussian blur,7,,,,,,open the middle drawer of the cabinet,open the middle drawer of the cabinet view 0 0 100 0 0 initstate 0 noise 17,open_the_middle_drawer_of_the_cabinet_view_0_0_100_0_0_initstate_0_noise_17
1524,Sensor Noise,5,0,open_the_middle_drawer_of_the_cabinet,0,0,100,0,0,0,gaussian blur,8,,,,,,open the middle drawer of the cabinet,open the middle drawer of the cabinet view 0 0 100 0 0 initstate 0 noise 18,open_the_middle_drawer_of_the_cabinet_view_0_0_100_0_0_initstate_0_noise_18
1525,Sensor Noise,5,0,open_the_middle_drawer_of_the_cabinet,0,0,100,0,0,0,gaussian blur,9,,,,,,open the middle drawer of the cabinet,open the middle drawer of the cabinet view 0 0 100 0 0 initstate 0 noise 19,open_the_middle_drawer_of_the_cabinet_view_0_0_100_0_0_initstate_0_noise_19
1526,Sensor Noise,5,0,open_the_middle_drawer_of_the_cabinet,0,0,100,0,0,0,gaussian blur,10,,,,,,open the middle drawer of the cabinet,open the middle drawer of the cabinet view 0 0 100 0 0 initstate 0 noise 20,open_the_middle_drawer_of_the_cabinet_view_0_0_100_0_0_initstate_0_noise_20
1527,Sensor Noise,3,2,open_the_middle_drawer_of_the_cabinet,0,0,100,0,0,0,zoom blur,1,,,,,,open the middle drawer of the cabinet,open the middle drawer of the cabinet view 0 0 100 0 0 initstate 0 noise 21,open_the_middle_drawer_of_the_cabinet_view_0_0_100_0_0_initstate_0_noise_21
1528,Sensor Noise,1,4,open_the_middle_drawer_of_the_cabinet,0,0,100,0,0,0,zoom blur,3,,,,,,open the middle drawer of the cabinet,open the middle drawer of the cabinet view 0 0 100 0 0 initstate 0 noise 23,open_the_middle_drawer_of_the_cabinet_view_0_0_100_0_0_initstate_0_noise_23
1529,Sensor Noise,1,4,open_the_middle_drawer_of_the_cabinet,0,0,100,0,0,0,zoom blur,4,,,,,,open the middle drawer of the cabinet,open the middle drawer of the cabinet view 0 0 100 0 0 initstate 0 noise 24,open_the_middle_drawer_of_the_cabinet_view_0_0_100_0_0_initstate_0_noise_24
1530,Sensor Noise,1,4,open_the_middle_drawer_of_the_cabinet,0,0,100,0,0,0,zoom blur,5,,,,,,open the middle drawer of the cabinet,open the middle drawer of the cabinet view 0 0 100 0 0 initstate 0 noise 25,open_the_middle_drawer_of_the_cabinet_view_0_0_100_0_0_initstate_0_noise_25
1531,Sensor Noise,1,4,open_the_middle_drawer_of_the_cabinet,0,0,100,0,0,0,zoom blur,6,,,,,,open the middle drawer of the cabinet,open the middle drawer of the cabinet view 0 0 100 0 0 initstate 0 noise 26,open_the_middle_drawer_of_the_cabinet_view_0_0_100_0_0_initstate_0_noise_26
1532,Sensor Noise,2,3,open_the_middle_drawer_of_the_cabinet,0,0,100,0,0,0,zoom blur,7,,,,,,open the middle drawer of the cabinet,open the middle drawer of the cabinet view 0 0 100 0 0 initstate 0 noise 27,open_the_middle_drawer_of_the_cabinet_view_0_0_100_0_0_initstate_0_noise_27
1533,Sensor Noise,4,1,open_the_middle_drawer_of_the_cabinet,0,0,100,0,0,0,zoom blur,8,,,,,,open the middle drawer of the cabinet,open the middle drawer of the cabinet view 0 0 100 0 0 initstate 0 noise 28,open_the_middle_drawer_of_the_cabinet_view_0_0_100_0_0_initstate_0_noise_28
1534,Sensor Noise,1,4,open_the_middle_drawer_of_the_cabinet,0,0,100,0,0,0,fog,5,,,,,,open the middle drawer of the cabinet,open the middle drawer of the cabinet view 0 0 100 0 0 initstate 0 noise 35,open_the_middle_drawer_of_the_cabinet_view_0_0_100_0_0_initstate_0_noise_35
1535,Sensor Noise,1,4,open_the_middle_drawer_of_the_cabinet,0,0,100,0,0,0,fog,6,,,,,,open the middle drawer of the cabinet,open the middle drawer of the cabinet view 0 0 100 0 0 initstate 0 noise 36,open_the_middle_drawer_of_the_cabinet_view_0_0_100_0_0_initstate_0_noise_36
1536,Sensor Noise,2,3,open_the_middle_drawer_of_the_cabinet,0,0,100,0,0,0,fog,7,,,,,,open the middle drawer of the cabinet,open the middle drawer of the cabinet view 0 0 100 0 0 initstate 0 noise 37,open_the_middle_drawer_of_the_cabinet_view_0_0_100_0_0_initstate_0_noise_37
1537,Sensor Noise,3,2,open_the_middle_drawer_of_the_cabinet,0,0,100,0,0,0,fog,8,,,,,,open the middle drawer of the cabinet,open the middle drawer of the cabinet view 0 0 100 0 0 initstate 0 noise 38,open_the_middle_drawer_of_the_cabinet_view_0_0_100_0_0_initstate_0_noise_38
1538,Sensor Noise,4,1,open_the_middle_drawer_of_the_cabinet,0,0,100,0,0,0,fog,9,,,,,,open the middle drawer of the cabinet,open the middle drawer of the cabinet view 0 0 100 0 0 initstate 0 noise 39,open_the_middle_drawer_of_the_cabinet_view_0_0_100_0_0_initstate_0_noise_39
1539,Sensor Noise,5,0,open_the_middle_drawer_of_the_cabinet,0,0,100,0,0,0,fog,10,,,,,,open the middle drawer of the cabinet,open the middle drawer of the cabinet view 0 0 100 0 0 initstate 0 noise 40,open_the_middle_drawer_of_the_cabinet_view_0_0_100_0_0_initstate_0_noise_40
1540,Sensor Noise,1,4,open_the_middle_drawer_of_the_cabinet,0,0,100,0,0,0,glass blur,1,,,,,,open the middle drawer of the cabinet,open the middle drawer of the cabinet view 0 0 100 0 0 initstate 0 noise 41,open_the_middle_drawer_of_the_cabinet_view_0_0_100_0_0_initstate_0_noise_41
1541,Sensor Noise,1,4,open_the_middle_drawer_of_the_cabinet,0,0,100,0,0,0,glass blur,2,,,,,,open the middle drawer of the cabinet,open the middle drawer of the cabinet view 0 0 100 0 0 initstate 0 noise 42,open_the_middle_drawer_of_the_cabinet_view_0_0_100_0_0_initstate_0_noise_42
1542,Sensor Noise,3,2,open_the_middle_drawer_of_the_cabinet,0,0,100,0,0,0,glass blur,3,,,,,,open the middle drawer of the cabinet,open the middle drawer of the cabinet view 0 0 100 0 0 initstate 0 noise 43,open_the_middle_drawer_of_the_cabinet_view_0_0_100_0_0_initstate_0_noise_43
1543,Sensor Noise,2,3,open_the_middle_drawer_of_the_cabinet,0,0,100,0,0,0,glass blur,4,,,,,,open the middle drawer of the cabinet,open the middle drawer of the cabinet view 0 0 100 0 0 initstate 0 noise 44,open_the_middle_drawer_of_the_cabinet_view_0_0_100_0_0_initstate_0_noise_44
1544,Sensor Noise,3,2,open_the_middle_drawer_of_the_cabinet,0,0,100,0,0,0,glass blur,5,,,,,,open the middle drawer of the cabinet,open the middle drawer of the cabinet view 0 0 100 0 0 initstate 0 noise 45,open_the_middle_drawer_of_the_cabinet_view_0_0_100_0_0_initstate_0_noise_45
1545,Sensor Noise,4,1,open_the_middle_drawer_of_the_cabinet,0,0,100,0,0,0,glass blur,6,,,,,,open the middle drawer of the cabinet,open the middle drawer of the cabinet view 0 0 100 0 0 initstate 0 noise 46,open_the_middle_drawer_of_the_cabinet_view_0_0_100_0_0_initstate_0_noise_46
1546,Sensor Noise,4,1,open_the_middle_drawer_of_the_cabinet,0,0,100,0,0,0,glass blur,7,,,,,,open the middle drawer of the cabinet,open the middle drawer of the cabinet view 0 0 100 0 0 initstate 0 noise 47,open_the_middle_drawer_of_the_cabinet_view_0_0_100_0_0_initstate_0_noise_47
1547,Sensor Noise,4,1,open_the_middle_drawer_of_the_cabinet,0,0,100,0,0,0,glass blur,8,,,,,,open the middle drawer of the cabinet,open the middle drawer of the cabinet view 0 0 100 0 0 initstate 0 noise 48,open_the_middle_drawer_of_the_cabinet_view_0_0_100_0_0_initstate_0_noise_48
1548,Sensor Noise,4,1,open_the_middle_drawer_of_the_cabinet,0,0,100,0,0,0,glass blur,9,,,,,,open the middle drawer of the cabinet,open the middle drawer of the cabinet view 0 0 100 0 0 initstate 0 noise 49,open_the_middle_drawer_of_the_cabinet_view_0_0_100_0_0_initstate_0_noise_49
1549,Sensor Noise,4,1,open_the_middle_drawer_of_the_cabinet,0,0,100,0,0,0,glass blur,10,,,,,,open the middle drawer of the cabinet,open the middle drawer of the cabinet view 0 0 100 0 0 initstate 0 noise 50,open_the_middle_drawer_of_the_cabinet_view_0_0_100_0_0_initstate_0_noise_50
1550,Sensor Noise,1,4,put_the_bowl_on_the_stove,0,0,100,0,0,0,motion blur,4,,,,,,put the bowl on the stove,put the bowl on the stove view 0 0 100 0 0 initstate 0 noise 4,put_the_bowl_on_the_stove_view_0_0_100_0_0_initstate_0_noise_4
1551,Sensor Noise,1,4,put_the_bowl_on_the_stove,0,0,100,0,0,0,motion blur,5,,,,,,put the bowl on the stove,put the bowl on the stove view 0 0 100 0 0 initstate 0 noise 5,put_the_bowl_on_the_stove_view_0_0_100_0_0_initstate_0_noise_5
1552,Sensor Noise,2,3,put_the_bowl_on_the_stove,0,0,100,0,0,0,motion blur,6,,,,,,put the bowl on the stove,put the bowl on the stove view 0 0 100 0 0 initstate 0 noise 6,put_the_bowl_on_the_stove_view_0_0_100_0_0_initstate_0_noise_6
1553,Sensor Noise,4,1,put_the_bowl_on_the_stove,0,0,100,0,0,0,motion blur,7,,,,,,put the bowl on the stove,put the bowl on the stove view 0 0 100 0 0 initstate 0 noise 7,put_the_bowl_on_the_stove_view_0_0_100_0_0_initstate_0_noise_7
1554,Sensor Noise,4,1,put_the_bowl_on_the_stove,0,0,100,0,0,0,motion blur,8,,,,,,put the bowl on the stove,put the bowl on the stove view 0 0 100 0 0 initstate 0 noise 8,put_the_bowl_on_the_stove_view_0_0_100_0_0_initstate_0_noise_8
1555,Sensor Noise,4,1,put_the_bowl_on_the_stove,0,0,100,0,0,0,motion blur,9,,,,,,put the bowl on the stove,put the bowl on the stove view 0 0 100 0 0 initstate 0 noise 9,put_the_bowl_on_the_stove_view_0_0_100_0_0_initstate_0_noise_9
1556,Sensor Noise,2,3,put_the_bowl_on_the_stove,0,0,100,0,0,0,gaussian blur,3,,,,,,put the bowl on the stove,put the bowl on the stove view 0 0 100 0 0 initstate 0 noise 13,put_the_bowl_on_the_stove_view_0_0_100_0_0_initstate_0_noise_13
1557,Sensor Noise,2,3,put_the_bowl_on_the_stove,0,0,100,0,0,0,gaussian blur,4,,,,,,put the bowl on the stove,put the bowl on the stove view 0 0 100 0 0 initstate 0 noise 14,put_the_bowl_on_the_stove_view_0_0_100_0_0_initstate_0_noise_14
1558,Sensor Noise,3,2,put_the_bowl_on_the_stove,0,0,100,0,0,0,gaussian blur,5,,,,,,put the bowl on the stove,put the bowl on the stove view 0 0 100 0 0 initstate 0 noise 15,put_the_bowl_on_the_stove_view_0_0_100_0_0_initstate_0_noise_15
1559,Sensor Noise,4,1,put_the_bowl_on_the_stove,0,0,100,0,0,0,gaussian blur,6,,,,,,put the bowl on the stove,put the bowl on the stove view 0 0 100 0 0 initstate 0 noise 16,put_the_bowl_on_the_stove_view_0_0_100_0_0_initstate_0_noise_16
1560,Sensor Noise,4,1,put_the_bowl_on_the_stove,0,0,100,0,0,0,gaussian blur,7,,,,,,put the bowl on the stove,put the bowl on the stove view 0 0 100 0 0 initstate 0 noise 17,put_the_bowl_on_the_stove_view_0_0_100_0_0_initstate_0_noise_17
1561,Sensor Noise,4,1,put_the_bowl_on_the_stove,0,0,100,0,0,0,gaussian blur,8,,,,,,put the bowl on the stove,put the bowl on the stove view 0 0 100 0 0 initstate 0 noise 18,put_the_bowl_on_the_stove_view_0_0_100_0_0_initstate_0_noise_18
1562,Sensor Noise,4,1,put_the_bowl_on_the_stove,0,0,100,0,0,0,gaussian blur,9,,,,,,put the bowl on the stove,put the bowl on the stove view 0 0 100 0 0 initstate 0 noise 19,put_the_bowl_on_the_stove_view_0_0_100_0_0_initstate_0_noise_19
1563,Sensor Noise,4,1,put_the_bowl_on_the_stove,0,0,100,0,0,0,gaussian blur,10,,,,,,put the bowl on the stove,put the bowl on the stove view 0 0 100 0 0 initstate 0 noise 20,put_the_bowl_on_the_stove_view_0_0_100_0_0_initstate_0_noise_20
1564,Sensor Noise,1,4,put_the_bowl_on_the_stove,0,0,100,0,0,0,zoom blur,5,,,,,,put the bowl on the stove,put the bowl on the stove view 0 0 100 0 0 initstate 0 noise 25,put_the_bowl_on_the_stove_view_0_0_100_0_0_initstate_0_noise_25
1565,Sensor Noise,1,4,put_the_bowl_on_the_stove,0,0,100,0,0,0,zoom blur,6,,,,,,put the bowl on the stove,put the bowl on the stove view 0 0 100 0 0 initstate 0 noise 26,put_the_bowl_on_the_stove_view_0_0_100_0_0_initstate_0_noise_26
1566,Sensor Noise,1,4,put_the_bowl_on_the_stove,0,0,100,0,0,0,zoom blur,7,,,,,,put the bowl on the stove,put the bowl on the stove view 0 0 100 0 0 initstate 0 noise 27,put_the_bowl_on_the_stove_view_0_0_100_0_0_initstate_0_noise_27
1567,Sensor Noise,2,3,put_the_bowl_on_the_stove,0,0,100,0,0,0,zoom blur,8,,,,,,put the bowl on the stove,put the bowl on the stove view 0 0 100 0 0 initstate 0 noise 28,put_the_bowl_on_the_stove_view_0_0_100_0_0_initstate_0_noise_28
1568,Sensor Noise,4,1,put_the_bowl_on_the_stove,0,0,100,0,0,0,zoom blur,9,,,,,,put the bowl on the stove,put the bowl on the stove view 0 0 100 0 0 initstate 0 noise 29,put_the_bowl_on_the_stove_view_0_0_100_0_0_initstate_0_noise_29
1569,Sensor Noise,1,4,put_the_bowl_on_the_stove,0,0,100,0,0,0,fog,6,,,,,,put the bowl on the stove,put the bowl on the stove view 0 0 100 0 0 initstate 0 noise 36,put_the_bowl_on_the_stove_view_0_0_100_0_0_initstate_0_noise_36
1570,Sensor Noise,1,4,put_the_bowl_on_the_stove,0,0,100,0,0,0,fog,7,,,,,,put the bowl on the stove,put the bowl on the stove view 0 0 100 0 0 initstate 0 noise 37,put_the_bowl_on_the_stove_view_0_0_100_0_0_initstate_0_noise_37
1571,Sensor Noise,2,3,put_the_bowl_on_the_stove,0,0,100,0,0,0,fog,8,,,,,,put the bowl on the stove,put the bowl on the stove view 0 0 100 0 0 initstate 0 noise 38,put_the_bowl_on_the_stove_view_0_0_100_0_0_initstate_0_noise_38
1572,Sensor Noise,2,3,put_the_bowl_on_the_stove,0,0,100,0,0,0,glass blur,3,,,,,,put the bowl on the stove,put the bowl on the stove view 0 0 100 0 0 initstate 0 noise 43,put_the_bowl_on_the_stove_view_0_0_100_0_0_initstate_0_noise_43
1573,Sensor Noise,2,3,put_the_bowl_on_the_stove,0,0,100,0,0,0,glass blur,4,,,,,,put the bowl on the stove,put the bowl on the stove view 0 0 100 0 0 initstate 0 noise 44,put_the_bowl_on_the_stove_view_0_0_100_0_0_initstate_0_noise_44
1574,Sensor Noise,2,3,put_the_bowl_on_the_stove,0,0,100,0,0,0,glass blur,5,,,,,,put the bowl on the stove,put the bowl on the stove view 0 0 100 0 0 initstate 0 noise 45,put_the_bowl_on_the_stove_view_0_0_100_0_0_initstate_0_noise_45
1575,Sensor Noise,2,3,put_the_bowl_on_the_stove,0,0,100,0,0,0,glass blur,6,,,,,,put the bowl on the stove,put the bowl on the stove view 0 0 100 0 0 initstate 0 noise 46,put_the_bowl_on_the_stove_view_0_0_100_0_0_initstate_0_noise_46
1576,Sensor Noise,3,2,put_the_bowl_on_the_stove,0,0,100,0,0,0,glass blur,8,,,,,,put the bowl on the stove,put the bowl on the stove view 0 0 100 0 0 initstate 0 noise 48,put_the_bowl_on_the_stove_view_0_0_100_0_0_initstate_0_noise_48
1577,Sensor Noise,3,2,put_the_bowl_on_the_stove,0,0,100,0,0,0,glass blur,9,,,,,,put the bowl on the stove,put the bowl on the stove view 0 0 100 0 0 initstate 0 noise 49,put_the_bowl_on_the_stove_view_0_0_100_0_0_initstate_0_noise_49
1578,Sensor Noise,3,2,put_the_bowl_on_the_stove,0,0,100,0,0,0,glass blur,10,,,,,,put the bowl on the stove,put the bowl on the stove view 0 0 100 0 0 initstate 0 noise 50,put_the_bowl_on_the_stove_view_0_0_100_0_0_initstate_0_noise_50
1579,Sensor Noise,1,4,put_the_wine_bottle_on_top_of_the_cabinet,0,0,100,0,0,0,motion blur,1,,,,,,put the wine bottle on top of the cabinet,put the wine bottle on top of the cabinet view 0 0 100 0 0 initstate 0 noise 1,put_the_wine_bottle_on_top_of_the_cabinet_view_0_0_100_0_0_initstate_0_noise_1
1580,Sensor Noise,2,3,put_the_wine_bottle_on_top_of_the_cabinet,0,0,100,0,0,0,motion blur,3,,,,,,put the wine bottle on top of the cabinet,put the wine bottle on top of the cabinet view 0 0 100 0 0 initstate 0 noise 3,put_the_wine_bottle_on_top_of_the_cabinet_view_0_0_100_0_0_initstate_0_noise_3
1581,Sensor Noise,2,3,put_the_wine_bottle_on_top_of_the_cabinet,0,0,100,0,0,0,motion blur,4,,,,,,put the wine bottle on top of the cabinet,put the wine bottle on top of the cabinet view 0 0 100 0 0 initstate 0 noise 4,put_the_wine_bottle_on_top_of_the_cabinet_view_0_0_100_0_0_initstate_0_noise_4
1582,Sensor Noise,2,3,put_the_wine_bottle_on_top_of_the_cabinet,0,0,100,0,0,0,motion blur,5,,,,,,put the wine bottle on top of the cabinet,put the wine bottle on top of the cabinet view 0 0 100 0 0 initstate 0 noise 5,put_the_wine_bottle_on_top_of_the_cabinet_view_0_0_100_0_0_initstate_0_noise_5
1583,Sensor Noise,3,2,put_the_wine_bottle_on_top_of_the_cabinet,0,0,100,0,0,0,motion blur,6,,,,,,put the wine bottle on top of the cabinet,put the wine bottle on top of the cabinet view 0 0 100 0 0 initstate 0 noise 6,put_the_wine_bottle_on_top_of_the_cabinet_view_0_0_100_0_0_initstate_0_noise_6
1584,Sensor Noise,3,2,put_the_wine_bottle_on_top_of_the_cabinet,0,0,100,0,0,0,motion blur,7,,,,,,put the wine bottle on top of the cabinet,put the wine bottle on top of the cabinet view 0 0 100 0 0 initstate 0 noise 7,put_the_wine_bottle_on_top_of_the_cabinet_view_0_0_100_0_0_initstate_0_noise_7
1585,Sensor Noise,4,1,put_the_wine_bottle_on_top_of_the_cabinet,0,0,100,0,0,0,motion blur,8,,,,,,put the wine bottle on top of the cabinet,put the wine bottle on top of the cabinet view 0 0 100 0 0 initstate 0 noise 8,put_the_wine_bottle_on_top_of_the_cabinet_view_0_0_100_0_0_initstate_0_noise_8
1586,Sensor Noise,4,1,put_the_wine_bottle_on_top_of_the_cabinet,0,0,100,0,0,0,motion blur,9,,,,,,put the wine bottle on top of the cabinet,put the wine bottle on top of the cabinet view 0 0 100 0 0 initstate 0 noise 9,put_the_wine_bottle_on_top_of_the_cabinet_view_0_0_100_0_0_initstate_0_noise_9
1587,Sensor Noise,5,0,put_the_wine_bottle_on_top_of_the_cabinet,0,0,100,0,0,0,motion blur,10,,,,,,put the wine bottle on top of the cabinet,put the wine bottle on top of the cabinet view 0 0 100 0 0 initstate 0 noise 10,put_the_wine_bottle_on_top_of_the_cabinet_view_0_0_100_0_0_initstate_0_noise_10
1588,Sensor Noise,1,4,put_the_wine_bottle_on_top_of_the_cabinet,0,0,100,0,0,0,gaussian blur,1,,,,,,put the wine bottle on top of the cabinet,put the wine bottle on top of the cabinet view 0 0 100 0 0 initstate 0 noise 11,put_the_wine_bottle_on_top_of_the_cabinet_view_0_0_100_0_0_initstate_0_noise_11
1589,Sensor Noise,2,3,put_the_wine_bottle_on_top_of_the_cabinet,0,0,100,0,0,0,gaussian blur,3,,,,,,put the wine bottle on top of the cabinet,put the wine bottle on top of the cabinet view 0 0 100 0 0 initstate 0 noise 13,put_the_wine_bottle_on_top_of_the_cabinet_view_0_0_100_0_0_initstate_0_noise_13
1590,Sensor Noise,2,3,put_the_wine_bottle_on_top_of_the_cabinet,0,0,100,0,0,0,gaussian blur,4,,,,,,put the wine bottle on top of the cabinet,put the wine bottle on top of the cabinet view 0 0 100 0 0 initstate 0 noise 14,put_the_wine_bottle_on_top_of_the_cabinet_view_0_0_100_0_0_initstate_0_noise_14
1591,Sensor Noise,2,3,put_the_wine_bottle_on_top_of_the_cabinet,0,0,100,0,0,0,gaussian blur,5,,,,,,put the wine bottle on top of the cabinet,put the wine bottle on top of the cabinet view 0 0 100 0 0 initstate 0 noise 15,put_the_wine_bottle_on_top_of_the_cabinet_view_0_0_100_0_0_initstate_0_noise_15
1592,Sensor Noise,3,2,put_the_wine_bottle_on_top_of_the_cabinet,0,0,100,0,0,0,gaussian blur,6,,,,,,put the wine bottle on top of the cabinet,put the wine bottle on top of the cabinet view 0 0 100 0 0 initstate 0 noise 16,put_the_wine_bottle_on_top_of_the_cabinet_view_0_0_100_0_0_initstate_0_noise_16
1593,Sensor Noise,3,2,put_the_wine_bottle_on_top_of_the_cabinet,0,0,100,0,0,0,gaussian blur,7,,,,,,put the wine bottle on top of the cabinet,put the wine bottle on top of the cabinet view 0 0 100 0 0 initstate 0 noise 17,put_the_wine_bottle_on_top_of_the_cabinet_view_0_0_100_0_0_initstate_0_noise_17
1594,Sensor Noise,4,1,put_the_wine_bottle_on_top_of_the_cabinet,0,0,100,0,0,0,gaussian blur,8,,,,,,put the wine bottle on top of the cabinet,put the wine bottle on top of the cabinet view 0 0 100 0 0 initstate 0 noise 18,put_the_wine_bottle_on_top_of_the_cabinet_view_0_0_100_0_0_initstate_0_noise_18
1595,Sensor Noise,4,1,put_the_wine_bottle_on_top_of_the_cabinet,0,0,100,0,0,0,gaussian blur,10,,,,,,put the wine bottle on top of the cabinet,put the wine bottle on top of the cabinet view 0 0 100 0 0 initstate 0 noise 20,put_the_wine_bottle_on_top_of_the_cabinet_view_0_0_100_0_0_initstate_0_noise_20
1596,Sensor Noise,2,3,put_the_wine_bottle_on_top_of_the_cabinet,0,0,100,0,0,0,zoom blur,2,,,,,,put the wine bottle on top of the cabinet,put the wine bottle on top of the cabinet view 0 0 100 0 0 initstate 0 noise 22,put_the_wine_bottle_on_top_of_the_cabinet_view_0_0_100_0_0_initstate_0_noise_22
1597,Sensor Noise,1,4,put_the_wine_bottle_on_top_of_the_cabinet,0,0,100,0,0,0,zoom blur,5,,,,,,put the wine bottle on top of the cabinet,put the wine bottle on top of the cabinet view 0 0 100 0 0 initstate 0 noise 25,put_the_wine_bottle_on_top_of_the_cabinet_view_0_0_100_0_0_initstate_0_noise_25
1598,Sensor Noise,1,4,put_the_wine_bottle_on_top_of_the_cabinet,0,0,100,0,0,0,zoom blur,7,,,,,,put the wine bottle on top of the cabinet,put the wine bottle on top of the cabinet view 0 0 100 0 0 initstate 0 noise 27,put_the_wine_bottle_on_top_of_the_cabinet_view_0_0_100_0_0_initstate_0_noise_27
1599,Sensor Noise,2,3,put_the_wine_bottle_on_top_of_the_cabinet,0,0,100,0,0,0,zoom blur,8,,,,,,put the wine bottle on top of the cabinet,put the wine bottle on top of the cabinet view 0 0 100 0 0 initstate 0 noise 28,put_the_wine_bottle_on_top_of_the_cabinet_view_0_0_100_0_0_initstate_0_noise_28
1600,Sensor Noise,5,0,put_the_wine_bottle_on_top_of_the_cabinet,0,0,100,0,0,0,zoom blur,9,,,,,,put the wine bottle on top of the cabinet,put the wine bottle on top of the cabinet view 0 0 100 0 0 initstate 0 noise 29,put_the_wine_bottle_on_top_of_the_cabinet_view_0_0_100_0_0_initstate_0_noise_29
1601,Sensor Noise,5,0,put_the_wine_bottle_on_top_of_the_cabinet,0,0,100,0,0,0,zoom blur,10,,,,,,put the wine bottle on top of the cabinet,put the wine bottle on top of the cabinet view 0 0 100 0 0 initstate 0 noise 30,put_the_wine_bottle_on_top_of_the_cabinet_view_0_0_100_0_0_initstate_0_noise_30
1602,Sensor Noise,1,4,put_the_wine_bottle_on_top_of_the_cabinet,0,0,100,0,0,0,fog,1,,,,,,put the wine bottle on top of the cabinet,put the wine bottle on top of the cabinet view 0 0 100 0 0 initstate 0 noise 31,put_the_wine_bottle_on_top_of_the_cabinet_view_0_0_100_0_0_initstate_0_noise_31
1603,Sensor Noise,1,4,put_the_wine_bottle_on_top_of_the_cabinet,0,0,100,0,0,0,fog,6,,,,,,put the wine bottle on top of the cabinet,put the wine bottle on top of the cabinet view 0 0 100 0 0 initstate 0 noise 36,put_the_wine_bottle_on_top_of_the_cabinet_view_0_0_100_0_0_initstate_0_noise_36
1604,Sensor Noise,1,4,put_the_wine_bottle_on_top_of_the_cabinet,0,0,100,0,0,0,fog,7,,,,,,put the wine bottle on top of the cabinet,put the wine bottle on top of the cabinet view 0 0 100 0 0 initstate 0 noise 37,put_the_wine_bottle_on_top_of_the_cabinet_view_0_0_100_0_0_initstate_0_noise_37
1605,Sensor Noise,2,3,put_the_wine_bottle_on_top_of_the_cabinet,0,0,100,0,0,0,fog,8,,,,,,put the wine bottle on top of the cabinet,put the wine bottle on top of the cabinet view 0 0 100 0 0 initstate 0 noise 38,put_the_wine_bottle_on_top_of_the_cabinet_view_0_0_100_0_0_initstate_0_noise_38
1606,Sensor Noise,4,1,put_the_wine_bottle_on_top_of_the_cabinet,0,0,100,0,0,0,fog,9,,,,,,put the wine bottle on top of the cabinet,put the wine bottle on top of the cabinet view 0 0 100 0 0 initstate 0 noise 39,put_the_wine_bottle_on_top_of_the_cabinet_view_0_0_100_0_0_initstate_0_noise_39
1607,Sensor Noise,5,0,put_the_wine_bottle_on_top_of_the_cabinet,0,0,100,0,0,0,fog,10,,,,,,put the wine bottle on top of the cabinet,put the wine bottle on top of the cabinet view 0 0 100 0 0 initstate 0 noise 40,put_the_wine_bottle_on_top_of_the_cabinet_view_0_0_100_0_0_initstate_0_noise_40
1608,Sensor Noise,1,4,put_the_wine_bottle_on_top_of_the_cabinet,0,0,100,0,0,0,glass blur,1,,,,,,put the wine bottle on top of the cabinet,put the wine bottle on top of the cabinet view 0 0 100 0 0 initstate 0 noise 41,put_the_wine_bottle_on_top_of_the_cabinet_view_0_0_100_0_0_initstate_0_noise_41
1609,Sensor Noise,2,3,put_the_wine_bottle_on_top_of_the_cabinet,0,0,100,0,0,0,glass blur,3,,,,,,put the wine bottle on top of the cabinet,put the wine bottle on top of the cabinet view 0 0 100 0 0 initstate 0 noise 43,put_the_wine_bottle_on_top_of_the_cabinet_view_0_0_100_0_0_initstate_0_noise_43
1610,Sensor Noise,2,3,put_the_wine_bottle_on_top_of_the_cabinet,0,0,100,0,0,0,glass blur,4,,,,,,put the wine bottle on top of the cabinet,put the wine bottle on top of the cabinet view 0 0 100 0 0 initstate 0 noise 44,put_the_wine_bottle_on_top_of_the_cabinet_view_0_0_100_0_0_initstate_0_noise_44
1611,Sensor Noise,2,3,put_the_wine_bottle_on_top_of_the_cabinet,0,0,100,0,0,0,glass blur,5,,,,,,put the wine bottle on top of the cabinet,put the wine bottle on top of the cabinet view 0 0 100 0 0 initstate 0 noise 45,put_the_wine_bottle_on_top_of_the_cabinet_view_0_0_100_0_0_initstate_0_noise_45
1612,Sensor Noise,2,3,put_the_wine_bottle_on_top_of_the_cabinet,0,0,100,0,0,0,glass blur,6,,,,,,put the wine bottle on top of the cabinet,put the wine bottle on top of the cabinet view 0 0 100 0 0 initstate 0 noise 46,put_the_wine_bottle_on_top_of_the_cabinet_view_0_0_100_0_0_initstate_0_noise_46
1613,Sensor Noise,2,3,put_the_wine_bottle_on_top_of_the_cabinet,0,0,100,0,0,0,glass blur,7,,,,,,put the wine bottle on top of the cabinet,put the wine bottle on top of the cabinet view 0 0 100 0 0 initstate 0 noise 47,put_the_wine_bottle_on_top_of_the_cabinet_view_0_0_100_0_0_initstate_0_noise_47
1614,Sensor Noise,2,3,put_the_wine_bottle_on_top_of_the_cabinet,0,0,100,0,0,0,glass blur,8,,,,,,put the wine bottle on top of the cabinet,put the wine bottle on top of the cabinet view 0 0 100 0 0 initstate 0 noise 48,put_the_wine_bottle_on_top_of_the_cabinet_view_0_0_100_0_0_initstate_0_noise_48
1615,Sensor Noise,2,3,put_the_wine_bottle_on_top_of_the_cabinet,0,0,100,0,0,0,glass blur,9,,,,,,put the wine bottle on top of the cabinet,put the wine bottle on top of the cabinet view 0 0 100 0 0 initstate 0 noise 49,put_the_wine_bottle_on_top_of_the_cabinet_view_0_0_100_0_0_initstate_0_noise_49
1616,Sensor Noise,2,3,put_the_wine_bottle_on_top_of_the_cabinet,0,0,100,0,0,0,glass blur,10,,,,,,put the wine bottle on top of the cabinet,put the wine bottle on top of the cabinet view 0 0 100 0 0 initstate 0 noise 50,put_the_wine_bottle_on_top_of_the_cabinet_view_0_0_100_0_0_initstate_0_noise_50
1617,Sensor Noise,1,4,open_the_top_drawer_and_put_the_bowl_inside,0,0,100,0,0,0,motion blur,1,,,,,,open the top drawer and put the bowl inside,open the top drawer and put the bowl inside view 0 0 100 0 0 initstate 0 noise 1,open_the_top_drawer_and_put_the_bowl_inside_view_0_0_100_0_0_initstate_0_noise_1
1618,Sensor Noise,2,3,open_the_top_drawer_and_put_the_bowl_inside,0,0,100,0,0,0,motion blur,2,,,,,,open the top drawer and put the bowl inside,open the top drawer and put the bowl inside view 0 0 100 0 0 initstate 0 noise 2,open_the_top_drawer_and_put_the_bowl_inside_view_0_0_100_0_0_initstate_0_noise_2
1619,Sensor Noise,2,3,open_the_top_drawer_and_put_the_bowl_inside,0,0,100,0,0,0,motion blur,3,,,,,,open the top drawer and put the bowl inside,open the top drawer and put the bowl inside view 0 0 100 0 0 initstate 0 noise 3,open_the_top_drawer_and_put_the_bowl_inside_view_0_0_100_0_0_initstate_0_noise_3
1620,Sensor Noise,3,2,open_the_top_drawer_and_put_the_bowl_inside,0,0,100,0,0,0,motion blur,5,,,,,,open the top drawer and put the bowl inside,open the top drawer and put the bowl inside view 0 0 100 0 0 initstate 0 noise 5,open_the_top_drawer_and_put_the_bowl_inside_view_0_0_100_0_0_initstate_0_noise_5
1621,Sensor Noise,4,1,open_the_top_drawer_and_put_the_bowl_inside,0,0,100,0,0,0,motion blur,7,,,,,,open the top drawer and put the bowl inside,open the top drawer and put the bowl inside view 0 0 100 0 0 initstate 0 noise 7,open_the_top_drawer_and_put_the_bowl_inside_view_0_0_100_0_0_initstate_0_noise_7
1622,Sensor Noise,5,0,open_the_top_drawer_and_put_the_bowl_inside,0,0,100,0,0,0,motion blur,8,,,,,,open the top drawer and put the bowl inside,open the top drawer and put the bowl inside view 0 0 100 0 0 initstate 0 noise 8,open_the_top_drawer_and_put_the_bowl_inside_view_0_0_100_0_0_initstate_0_noise_8
1623,Sensor Noise,5,0,open_the_top_drawer_and_put_the_bowl_inside,0,0,100,0,0,0,motion blur,9,,,,,,open the top drawer and put the bowl inside,open the top drawer and put the bowl inside view 0 0 100 0 0 initstate 0 noise 9,open_the_top_drawer_and_put_the_bowl_inside_view_0_0_100_0_0_initstate_0_noise_9
1624,Sensor Noise,5,0,open_the_top_drawer_and_put_the_bowl_inside,0,0,100,0,0,0,motion blur,10,,,,,,open the top drawer and put the bowl inside,open the top drawer and put the bowl inside view 0 0 100 0 0 initstate 0 noise 10,open_the_top_drawer_and_put_the_bowl_inside_view_0_0_100_0_0_initstate_0_noise_10
1625,Sensor Noise,2,3,open_the_top_drawer_and_put_the_bowl_inside,0,0,100,0,0,0,gaussian blur,1,,,,,,open the top drawer and put the bowl inside,open the top drawer and put the bowl inside view 0 0 100 0 0 initstate 0 noise 11,open_the_top_drawer_and_put_the_bowl_inside_view_0_0_100_0_0_initstate_0_noise_11
1626,Sensor Noise,2,3,open_the_top_drawer_and_put_the_bowl_inside,0,0,100,0,0,0,gaussian blur,3,,,,,,open the top drawer and put the bowl inside,open the top drawer and put the bowl inside view 0 0 100 0 0 initstate 0 noise 13,open_the_top_drawer_and_put_the_bowl_inside_view_0_0_100_0_0_initstate_0_noise_13
1627,Sensor Noise,4,1,open_the_top_drawer_and_put_the_bowl_inside,0,0,100,0,0,0,gaussian blur,4,,,,,,open the top drawer and put the bowl inside,open the top drawer and put the bowl inside view 0 0 100 0 0 initstate 0 noise 14,open_the_top_drawer_and_put_the_bowl_inside_view_0_0_100_0_0_initstate_0_noise_14
1628,Sensor Noise,5,0,open_the_top_drawer_and_put_the_bowl_inside,0,0,100,0,0,0,gaussian blur,5,,,,,,open the top drawer and put the bowl inside,open the top drawer and put the bowl inside view 0 0 100 0 0 initstate 0 noise 15,open_the_top_drawer_and_put_the_bowl_inside_view_0_0_100_0_0_initstate_0_noise_15
1629,Sensor Noise,5,0,open_the_top_drawer_and_put_the_bowl_inside,0,0,100,0,0,0,gaussian blur,6,,,,,,open the top drawer and put the bowl inside,open the top drawer and put the bowl inside view 0 0 100 0 0 initstate 0 noise 16,open_the_top_drawer_and_put_the_bowl_inside_view_0_0_100_0_0_initstate_0_noise_16
1630,Sensor Noise,5,0,open_the_top_drawer_and_put_the_bowl_inside,0,0,100,0,0,0,gaussian blur,7,,,,,,open the top drawer and put the bowl inside,open the top drawer and put the bowl inside view 0 0 100 0 0 initstate 0 noise 17,open_the_top_drawer_and_put_the_bowl_inside_view_0_0_100_0_0_initstate_0_noise_17
1631,Sensor Noise,5,0,open_the_top_drawer_and_put_the_bowl_inside,0,0,100,0,0,0,gaussian blur,9,,,,,,open the top drawer and put the bowl inside,open the top drawer and put the bowl inside view 0 0 100 0 0 initstate 0 noise 19,open_the_top_drawer_and_put_the_bowl_inside_view_0_0_100_0_0_initstate_0_noise_19
1632,Sensor Noise,5,0,open_the_top_drawer_and_put_the_bowl_inside,0,0,100,0,0,0,gaussian blur,10,,,,,,open the top drawer and put the bowl inside,open the top drawer and put the bowl inside view 0 0 100 0 0 initstate 0 noise 20,open_the_top_drawer_and_put_the_bowl_inside_view_0_0_100_0_0_initstate_0_noise_20
1633,Sensor Noise,2,3,open_the_top_drawer_and_put_the_bowl_inside,0,0,100,0,0,0,zoom blur,1,,,,,,open the top drawer and put the bowl inside,open the top drawer and put the bowl inside view 0 0 100 0 0 initstate 0 noise 21,open_the_top_drawer_and_put_the_bowl_inside_view_0_0_100_0_0_initstate_0_noise_21
1634,Sensor Noise,2,3,open_the_top_drawer_and_put_the_bowl_inside,0,0,100,0,0,0,zoom blur,2,,,,,,open the top drawer and put the bowl inside,open the top drawer and put the bowl inside view 0 0 100 0 0 initstate 0 noise 22,open_the_top_drawer_and_put_the_bowl_inside_view_0_0_100_0_0_initstate_0_noise_22
1635,Sensor Noise,3,2,open_the_top_drawer_and_put_the_bowl_inside,0,0,100,0,0,0,zoom blur,3,,,,,,open the top drawer and put the bowl inside,open the top drawer and put the bowl inside view 0 0 100 0 0 initstate 0 noise 23,open_the_top_drawer_and_put_the_bowl_inside_view_0_0_100_0_0_initstate_0_noise_23
1636,Sensor Noise,2,3,open_the_top_drawer_and_put_the_bowl_inside,0,0,100,0,0,0,zoom blur,5,,,,,,open the top drawer and put the bowl inside,open the top drawer and put the bowl inside view 0 0 100 0 0 initstate 0 noise 25,open_the_top_drawer_and_put_the_bowl_inside_view_0_0_100_0_0_initstate_0_noise_25
1637,Sensor Noise,3,2,open_the_top_drawer_and_put_the_bowl_inside,0,0,100,0,0,0,zoom blur,7,,,,,,open the top drawer and put the bowl inside,open the top drawer and put the bowl inside view 0 0 100 0 0 initstate 0 noise 27,open_the_top_drawer_and_put_the_bowl_inside_view_0_0_100_0_0_initstate_0_noise_27
1638,Sensor Noise,5,0,open_the_top_drawer_and_put_the_bowl_inside,0,0,100,0,0,0,zoom blur,8,,,,,,open the top drawer and put the bowl inside,open the top drawer and put the bowl inside view 0 0 100 0 0 initstate 0 noise 28,open_the_top_drawer_and_put_the_bowl_inside_view_0_0_100_0_0_initstate_0_noise_28
1639,Sensor Noise,5,0,open_the_top_drawer_and_put_the_bowl_inside,0,0,100,0,0,0,zoom blur,10,,,,,,open the top drawer and put the bowl inside,open the top drawer and put the bowl inside view 0 0 100 0 0 initstate 0 noise 30,open_the_top_drawer_and_put_the_bowl_inside_view_0_0_100_0_0_initstate_0_noise_30
1640,Sensor Noise,3,2,open_the_top_drawer_and_put_the_bowl_inside,0,0,100,0,0,0,fog,1,,,,,,open the top drawer and put the bowl inside,open the top drawer and put the bowl inside view 0 0 100 0 0 initstate 0 noise 31,open_the_top_drawer_and_put_the_bowl_inside_view_0_0_100_0_0_initstate_0_noise_31
1641,Sensor Noise,2,3,open_the_top_drawer_and_put_the_bowl_inside,0,0,100,0,0,0,fog,2,,,,,,open the top drawer and put the bowl inside,open the top drawer and put the bowl inside view 0 0 100 0 0 initstate 0 noise 32,open_the_top_drawer_and_put_the_bowl_inside_view_0_0_100_0_0_initstate_0_noise_32
1642,Sensor Noise,3,2,open_the_top_drawer_and_put_the_bowl_inside,0,0,100,0,0,0,fog,3,,,,,,open the top drawer and put the bowl inside,open the top drawer and put the bowl inside view 0 0 100 0 0 initstate 0 noise 33,open_the_top_drawer_and_put_the_bowl_inside_view_0_0_100_0_0_initstate_0_noise_33
1643,Sensor Noise,3,2,open_the_top_drawer_and_put_the_bowl_inside,0,0,100,0,0,0,fog,5,,,,,,open the top drawer and put the bowl inside,open the top drawer and put the bowl inside view 0 0 100 0 0 initstate 0 noise 35,open_the_top_drawer_and_put_the_bowl_inside_view_0_0_100_0_0_initstate_0_noise_35
1644,Sensor Noise,2,3,open_the_top_drawer_and_put_the_bowl_inside,0,0,100,0,0,0,fog,6,,,,,,open the top drawer and put the bowl inside,open the top drawer and put the bowl inside view 0 0 100 0 0 initstate 0 noise 36,open_the_top_drawer_and_put_the_bowl_inside_view_0_0_100_0_0_initstate_0_noise_36
1645,Sensor Noise,4,1,open_the_top_drawer_and_put_the_bowl_inside,0,0,100,0,0,0,fog,7,,,,,,open the top drawer and put the bowl inside,open the top drawer and put the bowl inside view 0 0 100 0 0 initstate 0 noise 37,open_the_top_drawer_and_put_the_bowl_inside_view_0_0_100_0_0_initstate_0_noise_37
1646,Sensor Noise,4,1,open_the_top_drawer_and_put_the_bowl_inside,0,0,100,0,0,0,fog,8,,,,,,open the top drawer and put the bowl inside,open the top drawer and put the bowl inside view 0 0 100 0 0 initstate 0 noise 38,open_the_top_drawer_and_put_the_bowl_inside_view_0_0_100_0_0_initstate_0_noise_38
1647,Sensor Noise,5,0,open_the_top_drawer_and_put_the_bowl_inside,0,0,100,0,0,0,fog,10,,,,,,open the top drawer and put the bowl inside,open the top drawer and put the bowl inside view 0 0 100 0 0 initstate 0 noise 40,open_the_top_drawer_and_put_the_bowl_inside_view_0_0_100_0_0_initstate_0_noise_40
1648,Sensor Noise,2,3,open_the_top_drawer_and_put_the_bowl_inside,0,0,100,0,0,0,glass blur,1,,,,,,open the top drawer and put the bowl inside,open the top drawer and put the bowl inside view 0 0 100 0 0 initstate 0 noise 41,open_the_top_drawer_and_put_the_bowl_inside_view_0_0_100_0_0_initstate_0_noise_41
1649,Sensor Noise,3,2,open_the_top_drawer_and_put_the_bowl_inside,0,0,100,0,0,0,glass blur,2,,,,,,open the top drawer and put the bowl inside,open the top drawer and put the bowl inside view 0 0 100 0 0 initstate 0 noise 42,open_the_top_drawer_and_put_the_bowl_inside_view_0_0_100_0_0_initstate_0_noise_42
1650,Sensor Noise,2,3,open_the_top_drawer_and_put_the_bowl_inside,0,0,100,0,0,0,glass blur,3,,,,,,open the top drawer and put the bowl inside,open the top drawer and put the bowl inside view 0 0 100 0 0 initstate 0 noise 43,open_the_top_drawer_and_put_the_bowl_inside_view_0_0_100_0_0_initstate_0_noise_43
1651,Sensor Noise,2,3,open_the_top_drawer_and_put_the_bowl_inside,0,0,100,0,0,0,glass blur,4,,,,,,open the top drawer and put the bowl inside,open the top drawer and put the bowl inside view 0 0 100 0 0 initstate 0 noise 44,open_the_top_drawer_and_put_the_bowl_inside_view_0_0_100_0_0_initstate_0_noise_44
1652,Sensor Noise,4,1,open_the_top_drawer_and_put_the_bowl_inside,0,0,100,0,0,0,glass blur,5,,,,,,open the top drawer and put the bowl inside,open the top drawer and put the bowl inside view 0 0 100 0 0 initstate 0 noise 45,open_the_top_drawer_and_put_the_bowl_inside_view_0_0_100_0_0_initstate_0_noise_45
1653,Sensor Noise,3,2,open_the_top_drawer_and_put_the_bowl_inside,0,0,100,0,0,0,glass blur,6,,,,,,open the top drawer and put the bowl inside,open the top drawer and put the bowl inside view 0 0 100 0 0 initstate 0 noise 46,open_the_top_drawer_and_put_the_bowl_inside_view_0_0_100_0_0_initstate_0_noise_46
1654,Sensor Noise,5,0,open_the_top_drawer_and_put_the_bowl_inside,0,0,100,0,0,0,glass blur,7,,,,,,open the top drawer and put the bowl inside,open the top drawer and put the bowl inside view 0 0 100 0 0 initstate 0 noise 47,open_the_top_drawer_and_put_the_bowl_inside_view_0_0_100_0_0_initstate_0_noise_47
1655,Sensor Noise,5,0,open_the_top_drawer_and_put_the_bowl_inside,0,0,100,0,0,0,glass blur,8,,,,,,open the top drawer and put the bowl inside,open the top drawer and put the bowl inside view 0 0 100 0 0 initstate 0 noise 48,open_the_top_drawer_and_put_the_bowl_inside_view_0_0_100_0_0_initstate_0_noise_48
1656,Sensor Noise,5,0,open_the_top_drawer_and_put_the_bowl_inside,0,0,100,0,0,0,glass blur,9,,,,,,open the top drawer and put the bowl inside,open the top drawer and put the bowl inside view 0 0 100 0 0 initstate 0 noise 49,open_the_top_drawer_and_put_the_bowl_inside_view_0_0_100_0_0_initstate_0_noise_49
1657,Sensor Noise,5,0,open_the_top_drawer_and_put_the_bowl_inside,0,0,100,0,0,0,glass blur,10,,,,,,open the top drawer and put the bowl inside,open the top drawer and put the bowl inside view 0 0 100 0 0 initstate 0 noise 50,open_the_top_drawer_and_put_the_bowl_inside_view_0_0_100_0_0_initstate_0_noise_50
1658,Sensor Noise,2,3,put_the_bowl_on_top_of_the_cabinet,0,0,100,0,0,0,motion blur,1,,,,,,put the bowl on top of the cabinet,put the bowl on top of the cabinet view 0 0 100 0 0 initstate 0 noise 1,put_the_bowl_on_top_of_the_cabinet_view_0_0_100_0_0_initstate_0_noise_1
1659,Sensor Noise,4,1,put_the_bowl_on_top_of_the_cabinet,0,0,100,0,0,0,motion blur,2,,,,,,put the bowl on top of the cabinet,put the bowl on top of the cabinet view 0 0 100 0 0 initstate 0 noise 2,put_the_bowl_on_top_of_the_cabinet_view_0_0_100_0_0_initstate_0_noise_2
1660,Sensor Noise,5,0,put_the_bowl_on_top_of_the_cabinet,0,0,100,0,0,0,motion blur,4,,,,,,put the bowl on top of the cabinet,put the bowl on top of the cabinet view 0 0 100 0 0 initstate 0 noise 4,put_the_bowl_on_top_of_the_cabinet_view_0_0_100_0_0_initstate_0_noise_4
1661,Sensor Noise,5,0,put_the_bowl_on_top_of_the_cabinet,0,0,100,0,0,0,motion blur,5,,,,,,put the bowl on top of the cabinet,put the bowl on top of the cabinet view 0 0 100 0 0 initstate 0 noise 5,put_the_bowl_on_top_of_the_cabinet_view_0_0_100_0_0_initstate_0_noise_5
1662,Sensor Noise,5,0,put_the_bowl_on_top_of_the_cabinet,0,0,100,0,0,0,motion blur,6,,,,,,put the bowl on top of the cabinet,put the bowl on top of the cabinet view 0 0 100 0 0 initstate 0 noise 6,put_the_bowl_on_top_of_the_cabinet_view_0_0_100_0_0_initstate_0_noise_6
1663,Sensor Noise,4,1,put_the_bowl_on_top_of_the_cabinet,0,0,100,0,0,0,motion blur,7,,,,,,put the bowl on top of the cabinet,put the bowl on top of the cabinet view 0 0 100 0 0 initstate 0 noise 7,put_the_bowl_on_top_of_the_cabinet_view_0_0_100_0_0_initstate_0_noise_7
1664,Sensor Noise,4,1,put_the_bowl_on_top_of_the_cabinet,0,0,100,0,0,0,motion blur,8,,,,,,put the bowl on top of the cabinet,put the bowl on top of the cabinet view 0 0 100 0 0 initstate 0 noise 8,put_the_bowl_on_top_of_the_cabinet_view_0_0_100_0_0_initstate_0_noise_8
1665,Sensor Noise,5,0,put_the_bowl_on_top_of_the_cabinet,0,0,100,0,0,0,motion blur,9,,,,,,put the bowl on top of the cabinet,put the bowl on top of the cabinet view 0 0 100 0 0 initstate 0 noise 9,put_the_bowl_on_top_of_the_cabinet_view_0_0_100_0_0_initstate_0_noise_9
1666,Sensor Noise,5,0,put_the_bowl_on_top_of_the_cabinet,0,0,100,0,0,0,motion blur,10,,,,,,put the bowl on top of the cabinet,put the bowl on top of the cabinet view 0 0 100 0 0 initstate 0 noise 10,put_the_bowl_on_top_of_the_cabinet_view_0_0_100_0_0_initstate_0_noise_10
1667,Sensor Noise,4,1,put_the_bowl_on_top_of_the_cabinet,0,0,100,0,0,0,gaussian blur,1,,,,,,put the bowl on top of the cabinet,put the bowl on top of the cabinet view 0 0 100 0 0 initstate 0 noise 11,put_the_bowl_on_top_of_the_cabinet_view_0_0_100_0_0_initstate_0_noise_11
1668,Sensor Noise,3,2,put_the_bowl_on_top_of_the_cabinet,0,0,100,0,0,0,gaussian blur,2,,,,,,put the bowl on top of the cabinet,put the bowl on top of the cabinet view 0 0 100 0 0 initstate 0 noise 12,put_the_bowl_on_top_of_the_cabinet_view_0_0_100_0_0_initstate_0_noise_12
1669,Sensor Noise,4,1,put_the_bowl_on_top_of_the_cabinet,0,0,100,0,0,0,gaussian blur,3,,,,,,put the bowl on top of the cabinet,put the bowl on top of the cabinet view 0 0 100 0 0 initstate 0 noise 13,put_the_bowl_on_top_of_the_cabinet_view_0_0_100_0_0_initstate_0_noise_13
1670,Sensor Noise,4,1,put_the_bowl_on_top_of_the_cabinet,0,0,100,0,0,0,gaussian blur,4,,,,,,put the bowl on top of the cabinet,put the bowl on top of the cabinet view 0 0 100 0 0 initstate 0 noise 14,put_the_bowl_on_top_of_the_cabinet_view_0_0_100_0_0_initstate_0_noise_14
1671,Sensor Noise,4,1,put_the_bowl_on_top_of_the_cabinet,0,0,100,0,0,0,gaussian blur,5,,,,,,put the bowl on top of the cabinet,put the bowl on top of the cabinet view 0 0 100 0 0 initstate 0 noise 15,put_the_bowl_on_top_of_the_cabinet_view_0_0_100_0_0_initstate_0_noise_15
1672,Sensor Noise,5,0,put_the_bowl_on_top_of_the_cabinet,0,0,100,0,0,0,gaussian blur,6,,,,,,put the bowl on top of the cabinet,put the bowl on top of the cabinet view 0 0 100 0 0 initstate 0 noise 16,put_the_bowl_on_top_of_the_cabinet_view_0_0_100_0_0_initstate_0_noise_16
1673,Sensor Noise,5,0,put_the_bowl_on_top_of_the_cabinet,0,0,100,0,0,0,gaussian blur,7,,,,,,put the bowl on top of the cabinet,put the bowl on top of the cabinet view 0 0 100 0 0 initstate 0 noise 17,put_the_bowl_on_top_of_the_cabinet_view_0_0_100_0_0_initstate_0_noise_17
1674,Sensor Noise,4,1,put_the_bowl_on_top_of_the_cabinet,0,0,100,0,0,0,gaussian blur,8,,,,,,put the bowl on top of the cabinet,put the bowl on top of the cabinet view 0 0 100 0 0 initstate 0 noise 18,put_the_bowl_on_top_of_the_cabinet_view_0_0_100_0_0_initstate_0_noise_18
1675,Sensor Noise,5,0,put_the_bowl_on_top_of_the_cabinet,0,0,100,0,0,0,gaussian blur,9,,,,,,put the bowl on top of the cabinet,put the bowl on top of the cabinet view 0 0 100 0 0 initstate 0 noise 19,put_the_bowl_on_top_of_the_cabinet_view_0_0_100_0_0_initstate_0_noise_19
1676,Sensor Noise,5,0,put_the_bowl_on_top_of_the_cabinet,0,0,100,0,0,0,gaussian blur,10,,,,,,put the bowl on top of the cabinet,put the bowl on top of the cabinet view 0 0 100 0 0 initstate 0 noise 20,put_the_bowl_on_top_of_the_cabinet_view_0_0_100_0_0_initstate_0_noise_20
1677,Sensor Noise,2,3,put_the_bowl_on_top_of_the_cabinet,0,0,100,0,0,0,zoom blur,1,,,,,,put the bowl on top of the cabinet,put the bowl on top of the cabinet view 0 0 100 0 0 initstate 0 noise 21,put_the_bowl_on_top_of_the_cabinet_view_0_0_100_0_0_initstate_0_noise_21
1678,Sensor Noise,4,1,put_the_bowl_on_top_of_the_cabinet,0,0,100,0,0,0,zoom blur,2,,,,,,put the bowl on top of the cabinet,put the bowl on top of the cabinet view 0 0 100 0 0 initstate 0 noise 22,put_the_bowl_on_top_of_the_cabinet_view_0_0_100_0_0_initstate_0_noise_22
1679,Sensor Noise,2,3,put_the_bowl_on_top_of_the_cabinet,0,0,100,0,0,0,zoom blur,3,,,,,,put the bowl on top of the cabinet,put the bowl on top of the cabinet view 0 0 100 0 0 initstate 0 noise 23,put_the_bowl_on_top_of_the_cabinet_view_0_0_100_0_0_initstate_0_noise_23
1680,Sensor Noise,4,1,put_the_bowl_on_top_of_the_cabinet,0,0,100,0,0,0,zoom blur,5,,,,,,put the bowl on top of the cabinet,put the bowl on top of the cabinet view 0 0 100 0 0 initstate 0 noise 25,put_the_bowl_on_top_of_the_cabinet_view_0_0_100_0_0_initstate_0_noise_25
1681,Sensor Noise,4,1,put_the_bowl_on_top_of_the_cabinet,0,0,100,0,0,0,zoom blur,6,,,,,,put the bowl on top of the cabinet,put the bowl on top of the cabinet view 0 0 100 0 0 initstate 0 noise 26,put_the_bowl_on_top_of_the_cabinet_view_0_0_100_0_0_initstate_0_noise_26
1682,Sensor Noise,5,0,put_the_bowl_on_top_of_the_cabinet,0,0,100,0,0,0,zoom blur,7,,,,,,put the bowl on top of the cabinet,put the bowl on top of the cabinet view 0 0 100 0 0 initstate 0 noise 27,put_the_bowl_on_top_of_the_cabinet_view_0_0_100_0_0_initstate_0_noise_27
1683,Sensor Noise,4,1,put_the_bowl_on_top_of_the_cabinet,0,0,100,0,0,0,zoom blur,8,,,,,,put the bowl on top of the cabinet,put the bowl on top of the cabinet view 0 0 100 0 0 initstate 0 noise 28,put_the_bowl_on_top_of_the_cabinet_view_0_0_100_0_0_initstate_0_noise_28
1684,Sensor Noise,5,0,put_the_bowl_on_top_of_the_cabinet,0,0,100,0,0,0,zoom blur,9,,,,,,put the bowl on top of the cabinet,put the bowl on top of the cabinet view 0 0 100 0 0 initstate 0 noise 29,put_the_bowl_on_top_of_the_cabinet_view_0_0_100_0_0_initstate_0_noise_29
1685,Sensor Noise,5,0,put_the_bowl_on_top_of_the_cabinet,0,0,100,0,0,0,zoom blur,10,,,,,,put the bowl on top of the cabinet,put the bowl on top of the cabinet view 0 0 100 0 0 initstate 0 noise 30,put_the_bowl_on_top_of_the_cabinet_view_0_0_100_0_0_initstate_0_noise_30
1686,Sensor Noise,2,3,put_the_bowl_on_top_of_the_cabinet,0,0,100,0,0,0,fog,2,,,,,,put the bowl on top of the cabinet,put the bowl on top of the cabinet view 0 0 100 0 0 initstate 0 noise 32,put_the_bowl_on_top_of_the_cabinet_view_0_0_100_0_0_initstate_0_noise_32
1687,Sensor Noise,4,1,put_the_bowl_on_top_of_the_cabinet,0,0,100,0,0,0,fog,3,,,,,,put the bowl on top of the cabinet,put the bowl on top of the cabinet view 0 0 100 0 0 initstate 0 noise 33,put_the_bowl_on_top_of_the_cabinet_view_0_0_100_0_0_initstate_0_noise_33
1688,Sensor Noise,3,2,put_the_bowl_on_top_of_the_cabinet,0,0,100,0,0,0,fog,4,,,,,,put the bowl on top of the cabinet,put the bowl on top of the cabinet view 0 0 100 0 0 initstate 0 noise 34,put_the_bowl_on_top_of_the_cabinet_view_0_0_100_0_0_initstate_0_noise_34
1689,Sensor Noise,4,1,put_the_bowl_on_top_of_the_cabinet,0,0,100,0,0,0,fog,5,,,,,,put the bowl on top of the cabinet,put the bowl on top of the cabinet view 0 0 100 0 0 initstate 0 noise 35,put_the_bowl_on_top_of_the_cabinet_view_0_0_100_0_0_initstate_0_noise_35
1690,Sensor Noise,3,2,put_the_bowl_on_top_of_the_cabinet,0,0,100,0,0,0,fog,6,,,,,,put the bowl on top of the cabinet,put the bowl on top of the cabinet view 0 0 100 0 0 initstate 0 noise 36,put_the_bowl_on_top_of_the_cabinet_view_0_0_100_0_0_initstate_0_noise_36
1691,Sensor Noise,4,1,put_the_bowl_on_top_of_the_cabinet,0,0,100,0,0,0,fog,7,,,,,,put the bowl on top of the cabinet,put the bowl on top of the cabinet view 0 0 100 0 0 initstate 0 noise 37,put_the_bowl_on_top_of_the_cabinet_view_0_0_100_0_0_initstate_0_noise_37
1692,Sensor Noise,5,0,put_the_bowl_on_top_of_the_cabinet,0,0,100,0,0,0,fog,8,,,,,,put the bowl on top of the cabinet,put the bowl on top of the cabinet view 0 0 100 0 0 initstate 0 noise 38,put_the_bowl_on_top_of_the_cabinet_view_0_0_100_0_0_initstate_0_noise_38
1693,Sensor Noise,5,0,put_the_bowl_on_top_of_the_cabinet,0,0,100,0,0,0,fog,9,,,,,,put the bowl on top of the cabinet,put the bowl on top of the cabinet view 0 0 100 0 0 initstate 0 noise 39,put_the_bowl_on_top_of_the_cabinet_view_0_0_100_0_0_initstate_0_noise_39
1694,Sensor Noise,5,0,put_the_bowl_on_top_of_the_cabinet,0,0,100,0,0,0,fog,10,,,,,,put the bowl on top of the cabinet,put the bowl on top of the cabinet view 0 0 100 0 0 initstate 0 noise 40,put_the_bowl_on_top_of_the_cabinet_view_0_0_100_0_0_initstate_0_noise_40
1695,Sensor Noise,4,1,put_the_bowl_on_top_of_the_cabinet,0,0,100,0,0,0,glass blur,1,,,,,,put the bowl on top of the cabinet,put the bowl on top of the cabinet view 0 0 100 0 0 initstate 0 noise 41,put_the_bowl_on_top_of_the_cabinet_view_0_0_100_0_0_initstate_0_noise_41
1696,Sensor Noise,3,2,put_the_bowl_on_top_of_the_cabinet,0,0,100,0,0,0,glass blur,2,,,,,,put the bowl on top of the cabinet,put the bowl on top of the cabinet view 0 0 100 0 0 initstate 0 noise 42,put_the_bowl_on_top_of_the_cabinet_view_0_0_100_0_0_initstate_0_noise_42
1697,Sensor Noise,4,1,put_the_bowl_on_top_of_the_cabinet,0,0,100,0,0,0,glass blur,3,,,,,,put the bowl on top of the cabinet,put the bowl on top of the cabinet view 0 0 100 0 0 initstate 0 noise 43,put_the_bowl_on_top_of_the_cabinet_view_0_0_100_0_0_initstate_0_noise_43
1698,Sensor Noise,4,1,put_the_bowl_on_top_of_the_cabinet,0,0,100,0,0,0,glass blur,4,,,,,,put the bowl on top of the cabinet,put the bowl on top of the cabinet view 0 0 100 0 0 initstate 0 noise 44,put_the_bowl_on_top_of_the_cabinet_view_0_0_100_0_0_initstate_0_noise_44
1699,Sensor Noise,4,1,put_the_bowl_on_top_of_the_cabinet,0,0,100,0,0,0,glass blur,5,,,,,,put the bowl on top of the cabinet,put the bowl on top of the cabinet view 0 0 100 0 0 initstate 0 noise 45,put_the_bowl_on_top_of_the_cabinet_view_0_0_100_0_0_initstate_0_noise_45
1700,Sensor Noise,4,1,put_the_bowl_on_top_of_the_cabinet,0,0,100,0,0,0,glass blur,7,,,,,,put the bowl on top of the cabinet,put the bowl on top of the cabinet view 0 0 100 0 0 initstate 0 noise 47,put_the_bowl_on_top_of_the_cabinet_view_0_0_100_0_0_initstate_0_noise_47
1701,Sensor Noise,4,1,put_the_bowl_on_top_of_the_cabinet,0,0,100,0,0,0,glass blur,8,,,,,,put the bowl on top of the cabinet,put the bowl on top of the cabinet view 0 0 100 0 0 initstate 0 noise 48,put_the_bowl_on_top_of_the_cabinet_view_0_0_100_0_0_initstate_0_noise_48
1702,Sensor Noise,4,1,put_the_bowl_on_top_of_the_cabinet,0,0,100,0,0,0,glass blur,9,,,,,,put the bowl on top of the cabinet,put the bowl on top of the cabinet view 0 0 100 0 0 initstate 0 noise 49,put_the_bowl_on_top_of_the_cabinet_view_0_0_100_0_0_initstate_0_noise_49
1703,Sensor Noise,5,0,put_the_bowl_on_top_of_the_cabinet,0,0,100,0,0,0,glass blur,10,,,,,,put the bowl on top of the cabinet,put the bowl on top of the cabinet view 0 0 100 0 0 initstate 0 noise 50,put_the_bowl_on_top_of_the_cabinet_view_0_0_100_0_0_initstate_0_noise_50
1704,Sensor Noise,1,4,push_the_plate_to_the_front_of_the_stove,0,0,100,0,0,0,motion blur,3,,,,,,push the plate to the front of the stove,push the plate to the front of the stove view 0 0 100 0 0 initstate 0 noise 3,push_the_plate_to_the_front_of_the_stove_view_0_0_100_0_0_initstate_0_noise_3
1705,Sensor Noise,2,3,push_the_plate_to_the_front_of_the_stove,0,0,100,0,0,0,motion blur,4,,,,,,push the plate to the front of the stove,push the plate to the front of the stove view 0 0 100 0 0 initstate 0 noise 4,push_the_plate_to_the_front_of_the_stove_view_0_0_100_0_0_initstate_0_noise_4
1706,Sensor Noise,2,3,push_the_plate_to_the_front_of_the_stove,0,0,100,0,0,0,motion blur,5,,,,,,push the plate to the front of the stove,push the plate to the front of the stove view 0 0 100 0 0 initstate 0 noise 5,push_the_plate_to_the_front_of_the_stove_view_0_0_100_0_0_initstate_0_noise_5
1707,Sensor Noise,2,3,push_the_plate_to_the_front_of_the_stove,0,0,100,0,0,0,motion blur,6,,,,,,push the plate to the front of the stove,push the plate to the front of the stove view 0 0 100 0 0 initstate 0 noise 6,push_the_plate_to_the_front_of_the_stove_view_0_0_100_0_0_initstate_0_noise_6
1708,Sensor Noise,4,1,push_the_plate_to_the_front_of_the_stove,0,0,100,0,0,0,motion blur,7,,,,,,push the plate to the front of the stove,push the plate to the front of the stove view 0 0 100 0 0 initstate 0 noise 7,push_the_plate_to_the_front_of_the_stove_view_0_0_100_0_0_initstate_0_noise_7
1709,Sensor Noise,5,0,push_the_plate_to_the_front_of_the_stove,0,0,100,0,0,0,motion blur,8,,,,,,push the plate to the front of the stove,push the plate to the front of the stove view 0 0 100 0 0 initstate 0 noise 8,push_the_plate_to_the_front_of_the_stove_view_0_0_100_0_0_initstate_0_noise_8
1710,Sensor Noise,5,0,push_the_plate_to_the_front_of_the_stove,0,0,100,0,0,0,motion blur,10,,,,,,push the plate to the front of the stove,push the plate to the front of the stove view 0 0 100 0 0 initstate 0 noise 10,push_the_plate_to_the_front_of_the_stove_view_0_0_100_0_0_initstate_0_noise_10
1711,Sensor Noise,1,4,push_the_plate_to_the_front_of_the_stove,0,0,100,0,0,0,gaussian blur,1,,,,,,push the plate to the front of the stove,push the plate to the front of the stove view 0 0 100 0 0 initstate 0 noise 11,push_the_plate_to_the_front_of_the_stove_view_0_0_100_0_0_initstate_0_noise_11
1712,Sensor Noise,2,3,push_the_plate_to_the_front_of_the_stove,0,0,100,0,0,0,gaussian blur,3,,,,,,push the plate to the front of the stove,push the plate to the front of the stove view 0 0 100 0 0 initstate 0 noise 13,push_the_plate_to_the_front_of_the_stove_view_0_0_100_0_0_initstate_0_noise_13
1713,Sensor Noise,3,2,push_the_plate_to_the_front_of_the_stove,0,0,100,0,0,0,gaussian blur,4,,,,,,push the plate to the front of the stove,push the plate to the front of the stove view 0 0 100 0 0 initstate 0 noise 14,push_the_plate_to_the_front_of_the_stove_view_0_0_100_0_0_initstate_0_noise_14
1714,Sensor Noise,5,0,push_the_plate_to_the_front_of_the_stove,0,0,100,0,0,0,gaussian blur,5,,,,,,push the plate to the front of the stove,push the plate to the front of the stove view 0 0 100 0 0 initstate 0 noise 15,push_the_plate_to_the_front_of_the_stove_view_0_0_100_0_0_initstate_0_noise_15
1715,Sensor Noise,4,1,push_the_plate_to_the_front_of_the_stove,0,0,100,0,0,0,gaussian blur,7,,,,,,push the plate to the front of the stove,push the plate to the front of the stove view 0 0 100 0 0 initstate 0 noise 17,push_the_plate_to_the_front_of_the_stove_view_0_0_100_0_0_initstate_0_noise_17
1716,Sensor Noise,4,1,push_the_plate_to_the_front_of_the_stove,0,0,100,0,0,0,gaussian blur,9,,,,,,push the plate to the front of the stove,push the plate to the front of the stove view 0 0 100 0 0 initstate 0 noise 19,push_the_plate_to_the_front_of_the_stove_view_0_0_100_0_0_initstate_0_noise_19
1717,Sensor Noise,4,1,push_the_plate_to_the_front_of_the_stove,0,0,100,0,0,0,gaussian blur,10,,,,,,push the plate to the front of the stove,push the plate to the front of the stove view 0 0 100 0 0 initstate 0 noise 20,push_the_plate_to_the_front_of_the_stove_view_0_0_100_0_0_initstate_0_noise_20
1718,Sensor Noise,1,4,push_the_plate_to_the_front_of_the_stove,0,0,100,0,0,0,zoom blur,4,,,,,,push the plate to the front of the stove,push the plate to the front of the stove view 0 0 100 0 0 initstate 0 noise 24,push_the_plate_to_the_front_of_the_stove_view_0_0_100_0_0_initstate_0_noise_24
1719,Sensor Noise,1,4,push_the_plate_to_the_front_of_the_stove,0,0,100,0,0,0,zoom blur,5,,,,,,push the plate to the front of the stove,push the plate to the front of the stove view 0 0 100 0 0 initstate 0 noise 25,push_the_plate_to_the_front_of_the_stove_view_0_0_100_0_0_initstate_0_noise_25
1720,Sensor Noise,2,3,push_the_plate_to_the_front_of_the_stove,0,0,100,0,0,0,zoom blur,6,,,,,,push the plate to the front of the stove,push the plate to the front of the stove view 0 0 100 0 0 initstate 0 noise 26,push_the_plate_to_the_front_of_the_stove_view_0_0_100_0_0_initstate_0_noise_26
1721,Sensor Noise,1,4,push_the_plate_to_the_front_of_the_stove,0,0,100,0,0,0,zoom blur,7,,,,,,push the plate to the front of the stove,push the plate to the front of the stove view 0 0 100 0 0 initstate 0 noise 27,push_the_plate_to_the_front_of_the_stove_view_0_0_100_0_0_initstate_0_noise_27
1722,Sensor Noise,4,1,push_the_plate_to_the_front_of_the_stove,0,0,100,0,0,0,zoom blur,8,,,,,,push the plate to the front of the stove,push the plate to the front of the stove view 0 0 100 0 0 initstate 0 noise 28,push_the_plate_to_the_front_of_the_stove_view_0_0_100_0_0_initstate_0_noise_28
1723,Sensor Noise,4,1,push_the_plate_to_the_front_of_the_stove,0,0,100,0,0,0,zoom blur,10,,,,,,push the plate to the front of the stove,push the plate to the front of the stove view 0 0 100 0 0 initstate 0 noise 30,push_the_plate_to_the_front_of_the_stove_view_0_0_100_0_0_initstate_0_noise_30
1724,Sensor Noise,1,4,push_the_plate_to_the_front_of_the_stove,0,0,100,0,0,0,fog,6,,,,,,push the plate to the front of the stove,push the plate to the front of the stove view 0 0 100 0 0 initstate 0 noise 36,push_the_plate_to_the_front_of_the_stove_view_0_0_100_0_0_initstate_0_noise_36
1725,Sensor Noise,2,3,push_the_plate_to_the_front_of_the_stove,0,0,100,0,0,0,fog,7,,,,,,push the plate to the front of the stove,push the plate to the front of the stove view 0 0 100 0 0 initstate 0 noise 37,push_the_plate_to_the_front_of_the_stove_view_0_0_100_0_0_initstate_0_noise_37
1726,Sensor Noise,4,1,push_the_plate_to_the_front_of_the_stove,0,0,100,0,0,0,fog,8,,,,,,push the plate to the front of the stove,push the plate to the front of the stove view 0 0 100 0 0 initstate 0 noise 38,push_the_plate_to_the_front_of_the_stove_view_0_0_100_0_0_initstate_0_noise_38
1727,Sensor Noise,4,1,push_the_plate_to_the_front_of_the_stove,0,0,100,0,0,0,fog,9,,,,,,push the plate to the front of the stove,push the plate to the front of the stove view 0 0 100 0 0 initstate 0 noise 39,push_the_plate_to_the_front_of_the_stove_view_0_0_100_0_0_initstate_0_noise_39
1728,Sensor Noise,4,1,push_the_plate_to_the_front_of_the_stove,0,0,100,0,0,0,fog,10,,,,,,push the plate to the front of the stove,push the plate to the front of the stove view 0 0 100 0 0 initstate 0 noise 40,push_the_plate_to_the_front_of_the_stove_view_0_0_100_0_0_initstate_0_noise_40
1729,Sensor Noise,3,2,push_the_plate_to_the_front_of_the_stove,0,0,100,0,0,0,glass blur,3,,,,,,push the plate to the front of the stove,push the plate to the front of the stove view 0 0 100 0 0 initstate 0 noise 43,push_the_plate_to_the_front_of_the_stove_view_0_0_100_0_0_initstate_0_noise_43
1730,Sensor Noise,1,4,push_the_plate_to_the_front_of_the_stove,0,0,100,0,0,0,glass blur,4,,,,,,push the plate to the front of the stove,push the plate to the front of the stove view 0 0 100 0 0 initstate 0 noise 44,push_the_plate_to_the_front_of_the_stove_view_0_0_100_0_0_initstate_0_noise_44
1731,Sensor Noise,2,3,push_the_plate_to_the_front_of_the_stove,0,0,100,0,0,0,glass blur,5,,,,,,push the plate to the front of the stove,push the plate to the front of the stove view 0 0 100 0 0 initstate 0 noise 45,push_the_plate_to_the_front_of_the_stove_view_0_0_100_0_0_initstate_0_noise_45
1732,Sensor Noise,4,1,push_the_plate_to_the_front_of_the_stove,0,0,100,0,0,0,glass blur,6,,,,,,push the plate to the front of the stove,push the plate to the front of the stove view 0 0 100 0 0 initstate 0 noise 46,push_the_plate_to_the_front_of_the_stove_view_0_0_100_0_0_initstate_0_noise_46
1733,Sensor Noise,4,1,push_the_plate_to_the_front_of_the_stove,0,0,100,0,0,0,glass blur,7,,,,,,push the plate to the front of the stove,push the plate to the front of the stove view 0 0 100 0 0 initstate 0 noise 47,push_the_plate_to_the_front_of_the_stove_view_0_0_100_0_0_initstate_0_noise_47
1734,Sensor Noise,3,2,push_the_plate_to_the_front_of_the_stove,0,0,100,0,0,0,glass blur,8,,,,,,push the plate to the front of the stove,push the plate to the front of the stove view 0 0 100 0 0 initstate 0 noise 48,push_the_plate_to_the_front_of_the_stove_view_0_0_100_0_0_initstate_0_noise_48
1735,Sensor Noise,3,2,push_the_plate_to_the_front_of_the_stove,0,0,100,0,0,0,glass blur,9,,,,,,push the plate to the front of the stove,push the plate to the front of the stove view 0 0 100 0 0 initstate 0 noise 49,push_the_plate_to_the_front_of_the_stove_view_0_0_100_0_0_initstate_0_noise_49
1736,Sensor Noise,5,0,push_the_plate_to_the_front_of_the_stove,0,0,100,0,0,0,glass blur,10,,,,,,push the plate to the front of the stove,push the plate to the front of the stove view 0 0 100 0 0 initstate 0 noise 50,push_the_plate_to_the_front_of_the_stove_view_0_0_100_0_0_initstate_0_noise_50
1737,Sensor Noise,2,3,put_the_cream_cheese_in_the_bowl,0,0,100,0,0,0,motion blur,1,,,,,,put the cream cheese in the bowl,put the cream cheese in the bowl view 0 0 100 0 0 initstate 0 noise 1,put_the_cream_cheese_in_the_bowl_view_0_0_100_0_0_initstate_0_noise_1
1738,Sensor Noise,2,3,put_the_cream_cheese_in_the_bowl,0,0,100,0,0,0,motion blur,3,,,,,,put the cream cheese in the bowl,put the cream cheese in the bowl view 0 0 100 0 0 initstate 0 noise 3,put_the_cream_cheese_in_the_bowl_view_0_0_100_0_0_initstate_0_noise_3
1739,Sensor Noise,2,3,put_the_cream_cheese_in_the_bowl,0,0,100,0,0,0,motion blur,4,,,,,,put the cream cheese in the bowl,put the cream cheese in the bowl view 0 0 100 0 0 initstate 0 noise 4,put_the_cream_cheese_in_the_bowl_view_0_0_100_0_0_initstate_0_noise_4
1740,Sensor Noise,2,3,put_the_cream_cheese_in_the_bowl,0,0,100,0,0,0,motion blur,5,,,,,,put the cream cheese in the bowl,put the cream cheese in the bowl view 0 0 100 0 0 initstate 0 noise 5,put_the_cream_cheese_in_the_bowl_view_0_0_100_0_0_initstate_0_noise_5
1741,Sensor Noise,4,1,put_the_cream_cheese_in_the_bowl,0,0,100,0,0,0,motion blur,6,,,,,,put the cream cheese in the bowl,put the cream cheese in the bowl view 0 0 100 0 0 initstate 0 noise 6,put_the_cream_cheese_in_the_bowl_view_0_0_100_0_0_initstate_0_noise_6
1742,Sensor Noise,4,1,put_the_cream_cheese_in_the_bowl,0,0,100,0,0,0,motion blur,7,,,,,,put the cream cheese in the bowl,put the cream cheese in the bowl view 0 0 100 0 0 initstate 0 noise 7,put_the_cream_cheese_in_the_bowl_view_0_0_100_0_0_initstate_0_noise_7
1743,Sensor Noise,4,1,put_the_cream_cheese_in_the_bowl,0,0,100,0,0,0,motion blur,8,,,,,,put the cream cheese in the bowl,put the cream cheese in the bowl view 0 0 100 0 0 initstate 0 noise 8,put_the_cream_cheese_in_the_bowl_view_0_0_100_0_0_initstate_0_noise_8
1744,Sensor Noise,4,1,put_the_cream_cheese_in_the_bowl,0,0,100,0,0,0,motion blur,9,,,,,,put the cream cheese in the bowl,put the cream cheese in the bowl view 0 0 100 0 0 initstate 0 noise 9,put_the_cream_cheese_in_the_bowl_view_0_0_100_0_0_initstate_0_noise_9
1745,Sensor Noise,4,1,put_the_cream_cheese_in_the_bowl,0,0,100,0,0,0,motion blur,10,,,,,,put the cream cheese in the bowl,put the cream cheese in the bowl view 0 0 100 0 0 initstate 0 noise 10,put_the_cream_cheese_in_the_bowl_view_0_0_100_0_0_initstate_0_noise_10
1746,Sensor Noise,2,3,put_the_cream_cheese_in_the_bowl,0,0,100,0,0,0,gaussian blur,1,,,,,,put the cream cheese in the bowl,put the cream cheese in the bowl view 0 0 100 0 0 initstate 0 noise 11,put_the_cream_cheese_in_the_bowl_view_0_0_100_0_0_initstate_0_noise_11
1747,Sensor Noise,2,3,put_the_cream_cheese_in_the_bowl,0,0,100,0,0,0,gaussian blur,2,,,,,,put the cream cheese in the bowl,put the cream cheese in the bowl view 0 0 100 0 0 initstate 0 noise 12,put_the_cream_cheese_in_the_bowl_view_0_0_100_0_0_initstate_0_noise_12
1748,Sensor Noise,4,1,put_the_cream_cheese_in_the_bowl,0,0,100,0,0,0,gaussian blur,4,,,,,,put the cream cheese in the bowl,put the cream cheese in the bowl view 0 0 100 0 0 initstate 0 noise 14,put_the_cream_cheese_in_the_bowl_view_0_0_100_0_0_initstate_0_noise_14
1749,Sensor Noise,4,1,put_the_cream_cheese_in_the_bowl,0,0,100,0,0,0,gaussian blur,6,,,,,,put the cream cheese in the bowl,put the cream cheese in the bowl view 0 0 100 0 0 initstate 0 noise 16,put_the_cream_cheese_in_the_bowl_view_0_0_100_0_0_initstate_0_noise_16
1750,Sensor Noise,4,1,put_the_cream_cheese_in_the_bowl,0,0,100,0,0,0,gaussian blur,7,,,,,,put the cream cheese in the bowl,put the cream cheese in the bowl view 0 0 100 0 0 initstate 0 noise 17,put_the_cream_cheese_in_the_bowl_view_0_0_100_0_0_initstate_0_noise_17
1751,Sensor Noise,4,1,put_the_cream_cheese_in_the_bowl,0,0,100,0,0,0,gaussian blur,8,,,,,,put the cream cheese in the bowl,put the cream cheese in the bowl view 0 0 100 0 0 initstate 0 noise 18,put_the_cream_cheese_in_the_bowl_view_0_0_100_0_0_initstate_0_noise_18
1752,Sensor Noise,5,0,put_the_cream_cheese_in_the_bowl,0,0,100,0,0,0,gaussian blur,9,,,,,,put the cream cheese in the bowl,put the cream cheese in the bowl view 0 0 100 0 0 initstate 0 noise 19,put_the_cream_cheese_in_the_bowl_view_0_0_100_0_0_initstate_0_noise_19
1753,Sensor Noise,4,1,put_the_cream_cheese_in_the_bowl,0,0,100,0,0,0,gaussian blur,10,,,,,,put the cream cheese in the bowl,put the cream cheese in the bowl view 0 0 100 0 0 initstate 0 noise 20,put_the_cream_cheese_in_the_bowl_view_0_0_100_0_0_initstate_0_noise_20
1754,Sensor Noise,2,3,put_the_cream_cheese_in_the_bowl,0,0,100,0,0,0,zoom blur,1,,,,,,put the cream cheese in the bowl,put the cream cheese in the bowl view 0 0 100 0 0 initstate 0 noise 21,put_the_cream_cheese_in_the_bowl_view_0_0_100_0_0_initstate_0_noise_21
1755,Sensor Noise,2,3,put_the_cream_cheese_in_the_bowl,0,0,100,0,0,0,zoom blur,2,,,,,,put the cream cheese in the bowl,put the cream cheese in the bowl view 0 0 100 0 0 initstate 0 noise 22,put_the_cream_cheese_in_the_bowl_view_0_0_100_0_0_initstate_0_noise_22
1756,Sensor Noise,1,4,put_the_cream_cheese_in_the_bowl,0,0,100,0,0,0,zoom blur,3,,,,,,put the cream cheese in the bowl,put the cream cheese in the bowl view 0 0 100 0 0 initstate 0 noise 23,put_the_cream_cheese_in_the_bowl_view_0_0_100_0_0_initstate_0_noise_23
1757,Sensor Noise,2,3,put_the_cream_cheese_in_the_bowl,0,0,100,0,0,0,zoom blur,4,,,,,,put the cream cheese in the bowl,put the cream cheese in the bowl view 0 0 100 0 0 initstate 0 noise 24,put_the_cream_cheese_in_the_bowl_view_0_0_100_0_0_initstate_0_noise_24
1758,Sensor Noise,2,3,put_the_cream_cheese_in_the_bowl,0,0,100,0,0,0,zoom blur,5,,,,,,put the cream cheese in the bowl,put the cream cheese in the bowl view 0 0 100 0 0 initstate 0 noise 25,put_the_cream_cheese_in_the_bowl_view_0_0_100_0_0_initstate_0_noise_25
1759,Sensor Noise,1,4,put_the_cream_cheese_in_the_bowl,0,0,100,0,0,0,zoom blur,6,,,,,,put the cream cheese in the bowl,put the cream cheese in the bowl view 0 0 100 0 0 initstate 0 noise 26,put_the_cream_cheese_in_the_bowl_view_0_0_100_0_0_initstate_0_noise_26
1760,Sensor Noise,3,2,put_the_cream_cheese_in_the_bowl,0,0,100,0,0,0,zoom blur,7,,,,,,put the cream cheese in the bowl,put the cream cheese in the bowl view 0 0 100 0 0 initstate 0 noise 27,put_the_cream_cheese_in_the_bowl_view_0_0_100_0_0_initstate_0_noise_27
1761,Sensor Noise,3,2,put_the_cream_cheese_in_the_bowl,0,0,100,0,0,0,zoom blur,8,,,,,,put the cream cheese in the bowl,put the cream cheese in the bowl view 0 0 100 0 0 initstate 0 noise 28,put_the_cream_cheese_in_the_bowl_view_0_0_100_0_0_initstate_0_noise_28
1762,Sensor Noise,4,1,put_the_cream_cheese_in_the_bowl,0,0,100,0,0,0,zoom blur,9,,,,,,put the cream cheese in the bowl,put the cream cheese in the bowl view 0 0 100 0 0 initstate 0 noise 29,put_the_cream_cheese_in_the_bowl_view_0_0_100_0_0_initstate_0_noise_29
1763,Sensor Noise,5,0,put_the_cream_cheese_in_the_bowl,0,0,100,0,0,0,zoom blur,10,,,,,,put the cream cheese in the bowl,put the cream cheese in the bowl view 0 0 100 0 0 initstate 0 noise 30,put_the_cream_cheese_in_the_bowl_view_0_0_100_0_0_initstate_0_noise_30
1764,Sensor Noise,2,3,put_the_cream_cheese_in_the_bowl,0,0,100,0,0,0,fog,1,,,,,,put the cream cheese in the bowl,put the cream cheese in the bowl view 0 0 100 0 0 initstate 0 noise 31,put_the_cream_cheese_in_the_bowl_view_0_0_100_0_0_initstate_0_noise_31
1765,Sensor Noise,2,3,put_the_cream_cheese_in_the_bowl,0,0,100,0,0,0,fog,2,,,,,,put the cream cheese in the bowl,put the cream cheese in the bowl view 0 0 100 0 0 initstate 0 noise 32,put_the_cream_cheese_in_the_bowl_view_0_0_100_0_0_initstate_0_noise_32
1766,Sensor Noise,2,3,put_the_cream_cheese_in_the_bowl,0,0,100,0,0,0,fog,3,,,,,,put the cream cheese in the bowl,put the cream cheese in the bowl view 0 0 100 0 0 initstate 0 noise 33,put_the_cream_cheese_in_the_bowl_view_0_0_100_0_0_initstate_0_noise_33
1767,Sensor Noise,3,2,put_the_cream_cheese_in_the_bowl,0,0,100,0,0,0,fog,4,,,,,,put the cream cheese in the bowl,put the cream cheese in the bowl view 0 0 100 0 0 initstate 0 noise 34,put_the_cream_cheese_in_the_bowl_view_0_0_100_0_0_initstate_0_noise_34
1768,Sensor Noise,1,4,put_the_cream_cheese_in_the_bowl,0,0,100,0,0,0,fog,5,,,,,,put the cream cheese in the bowl,put the cream cheese in the bowl view 0 0 100 0 0 initstate 0 noise 35,put_the_cream_cheese_in_the_bowl_view_0_0_100_0_0_initstate_0_noise_35
1769,Sensor Noise,1,4,put_the_cream_cheese_in_the_bowl,0,0,100,0,0,0,fog,6,,,,,,put the cream cheese in the bowl,put the cream cheese in the bowl view 0 0 100 0 0 initstate 0 noise 36,put_the_cream_cheese_in_the_bowl_view_0_0_100_0_0_initstate_0_noise_36
1770,Sensor Noise,2,3,put_the_cream_cheese_in_the_bowl,0,0,100,0,0,0,fog,7,,,,,,put the cream cheese in the bowl,put the cream cheese in the bowl view 0 0 100 0 0 initstate 0 noise 37,put_the_cream_cheese_in_the_bowl_view_0_0_100_0_0_initstate_0_noise_37
1771,Sensor Noise,1,4,put_the_cream_cheese_in_the_bowl,0,0,100,0,0,0,fog,8,,,,,,put the cream cheese in the bowl,put the cream cheese in the bowl view 0 0 100 0 0 initstate 0 noise 38,put_the_cream_cheese_in_the_bowl_view_0_0_100_0_0_initstate_0_noise_38
1772,Sensor Noise,3,2,put_the_cream_cheese_in_the_bowl,0,0,100,0,0,0,fog,9,,,,,,put the cream cheese in the bowl,put the cream cheese in the bowl view 0 0 100 0 0 initstate 0 noise 39,put_the_cream_cheese_in_the_bowl_view_0_0_100_0_0_initstate_0_noise_39
1773,Sensor Noise,4,1,put_the_cream_cheese_in_the_bowl,0,0,100,0,0,0,fog,10,,,,,,put the cream cheese in the bowl,put the cream cheese in the bowl view 0 0 100 0 0 initstate 0 noise 40,put_the_cream_cheese_in_the_bowl_view_0_0_100_0_0_initstate_0_noise_40
1774,Sensor Noise,2,3,put_the_cream_cheese_in_the_bowl,0,0,100,0,0,0,glass blur,1,,,,,,put the cream cheese in the bowl,put the cream cheese in the bowl view 0 0 100 0 0 initstate 0 noise 41,put_the_cream_cheese_in_the_bowl_view_0_0_100_0_0_initstate_0_noise_41
1775,Sensor Noise,2,3,put_the_cream_cheese_in_the_bowl,0,0,100,0,0,0,glass blur,2,,,,,,put the cream cheese in the bowl,put the cream cheese in the bowl view 0 0 100 0 0 initstate 0 noise 42,put_the_cream_cheese_in_the_bowl_view_0_0_100_0_0_initstate_0_noise_42
1776,Sensor Noise,4,1,put_the_cream_cheese_in_the_bowl,0,0,100,0,0,0,glass blur,3,,,,,,put the cream cheese in the bowl,put the cream cheese in the bowl view 0 0 100 0 0 initstate 0 noise 43,put_the_cream_cheese_in_the_bowl_view_0_0_100_0_0_initstate_0_noise_43
1777,Sensor Noise,2,3,put_the_cream_cheese_in_the_bowl,0,0,100,0,0,0,glass blur,4,,,,,,put the cream cheese in the bowl,put the cream cheese in the bowl view 0 0 100 0 0 initstate 0 noise 44,put_the_cream_cheese_in_the_bowl_view_0_0_100_0_0_initstate_0_noise_44
1778,Sensor Noise,4,1,put_the_cream_cheese_in_the_bowl,0,0,100,0,0,0,glass blur,5,,,,,,put the cream cheese in the bowl,put the cream cheese in the bowl view 0 0 100 0 0 initstate 0 noise 45,put_the_cream_cheese_in_the_bowl_view_0_0_100_0_0_initstate_0_noise_45
1779,Sensor Noise,3,2,put_the_cream_cheese_in_the_bowl,0,0,100,0,0,0,glass blur,6,,,,,,put the cream cheese in the bowl,put the cream cheese in the bowl view 0 0 100 0 0 initstate 0 noise 46,put_the_cream_cheese_in_the_bowl_view_0_0_100_0_0_initstate_0_noise_46
1780,Sensor Noise,3,2,put_the_cream_cheese_in_the_bowl,0,0,100,0,0,0,glass blur,7,,,,,,put the cream cheese in the bowl,put the cream cheese in the bowl view 0 0 100 0 0 initstate 0 noise 47,put_the_cream_cheese_in_the_bowl_view_0_0_100_0_0_initstate_0_noise_47
1781,Sensor Noise,4,1,put_the_cream_cheese_in_the_bowl,0,0,100,0,0,0,glass blur,8,,,,,,put the cream cheese in the bowl,put the cream cheese in the bowl view 0 0 100 0 0 initstate 0 noise 48,put_the_cream_cheese_in_the_bowl_view_0_0_100_0_0_initstate_0_noise_48
1782,Sensor Noise,4,1,put_the_cream_cheese_in_the_bowl,0,0,100,0,0,0,glass blur,9,,,,,,put the cream cheese in the bowl,put the cream cheese in the bowl view 0 0 100 0 0 initstate 0 noise 49,put_the_cream_cheese_in_the_bowl_view_0_0_100_0_0_initstate_0_noise_49
1783,Sensor Noise,4,1,put_the_cream_cheese_in_the_bowl,0,0,100,0,0,0,glass blur,10,,,,,,put the cream cheese in the bowl,put the cream cheese in the bowl view 0 0 100 0 0 initstate 0 noise 50,put_the_cream_cheese_in_the_bowl_view_0_0_100_0_0_initstate_0_noise_50
1784,Sensor Noise,1,4,turn_on_the_stove,0,0,100,0,0,0,motion blur,5,,,,,,turn on the stove,turn on the stove view 0 0 100 0 0 initstate 0 noise 5,turn_on_the_stove_view_0_0_100_0_0_initstate_0_noise_5
1785,Sensor Noise,2,3,turn_on_the_stove,0,0,100,0,0,0,motion blur,6,,,,,,turn on the stove,turn on the stove view 0 0 100 0 0 initstate 0 noise 6,turn_on_the_stove_view_0_0_100_0_0_initstate_0_noise_6
1786,Sensor Noise,1,4,turn_on_the_stove,0,0,100,0,0,0,motion blur,7,,,,,,turn on the stove,turn on the stove view 0 0 100 0 0 initstate 0 noise 7,turn_on_the_stove_view_0_0_100_0_0_initstate_0_noise_7
1787,Sensor Noise,2,3,turn_on_the_stove,0,0,100,0,0,0,motion blur,8,,,,,,turn on the stove,turn on the stove view 0 0 100 0 0 initstate 0 noise 8,turn_on_the_stove_view_0_0_100_0_0_initstate_0_noise_8
1788,Sensor Noise,3,2,turn_on_the_stove,0,0,100,0,0,0,motion blur,9,,,,,,turn on the stove,turn on the stove view 0 0 100 0 0 initstate 0 noise 9,turn_on_the_stove_view_0_0_100_0_0_initstate_0_noise_9
1789,Sensor Noise,4,1,turn_on_the_stove,0,0,100,0,0,0,motion blur,10,,,,,,turn on the stove,turn on the stove view 0 0 100 0 0 initstate 0 noise 10,turn_on_the_stove_view_0_0_100_0_0_initstate_0_noise_10
1790,Sensor Noise,1,4,turn_on_the_stove,0,0,100,0,0,0,gaussian blur,3,,,,,,turn on the stove,turn on the stove view 0 0 100 0 0 initstate 0 noise 13,turn_on_the_stove_view_0_0_100_0_0_initstate_0_noise_13
1791,Sensor Noise,2,3,turn_on_the_stove,0,0,100,0,0,0,gaussian blur,4,,,,,,turn on the stove,turn on the stove view 0 0 100 0 0 initstate 0 noise 14,turn_on_the_stove_view_0_0_100_0_0_initstate_0_noise_14
1792,Sensor Noise,3,2,turn_on_the_stove,0,0,100,0,0,0,gaussian blur,5,,,,,,turn on the stove,turn on the stove view 0 0 100 0 0 initstate 0 noise 15,turn_on_the_stove_view_0_0_100_0_0_initstate_0_noise_15
1793,Sensor Noise,3,2,turn_on_the_stove,0,0,100,0,0,0,gaussian blur,7,,,,,,turn on the stove,turn on the stove view 0 0 100 0 0 initstate 0 noise 17,turn_on_the_stove_view_0_0_100_0_0_initstate_0_noise_17
1794,Sensor Noise,3,2,turn_on_the_stove,0,0,100,0,0,0,gaussian blur,8,,,,,,turn on the stove,turn on the stove view 0 0 100 0 0 initstate 0 noise 18,turn_on_the_stove_view_0_0_100_0_0_initstate_0_noise_18
1795,Sensor Noise,3,2,turn_on_the_stove,0,0,100,0,0,0,gaussian blur,9,,,,,,turn on the stove,turn on the stove view 0 0 100 0 0 initstate 0 noise 19,turn_on_the_stove_view_0_0_100_0_0_initstate_0_noise_19
1796,Sensor Noise,3,2,turn_on_the_stove,0,0,100,0,0,0,gaussian blur,10,,,,,,turn on the stove,turn on the stove view 0 0 100 0 0 initstate 0 noise 20,turn_on_the_stove_view_0_0_100_0_0_initstate_0_noise_20
1797,Sensor Noise,1,4,turn_on_the_stove,0,0,100,0,0,0,zoom blur,7,,,,,,turn on the stove,turn on the stove view 0 0 100 0 0 initstate 0 noise 27,turn_on_the_stove_view_0_0_100_0_0_initstate_0_noise_27
1798,Sensor Noise,1,4,turn_on_the_stove,0,0,100,0,0,0,zoom blur,8,,,,,,turn on the stove,turn on the stove view 0 0 100 0 0 initstate 0 noise 28,turn_on_the_stove_view_0_0_100_0_0_initstate_0_noise_28
1799,Sensor Noise,2,3,turn_on_the_stove,0,0,100,0,0,0,zoom blur,9,,,,,,turn on the stove,turn on the stove view 0 0 100 0 0 initstate 0 noise 29,turn_on_the_stove_view_0_0_100_0_0_initstate_0_noise_29
1800,Sensor Noise,4,1,turn_on_the_stove,0,0,100,0,0,0,zoom blur,10,,,,,,turn on the stove,turn on the stove view 0 0 100 0 0 initstate 0 noise 30,turn_on_the_stove_view_0_0_100_0_0_initstate_0_noise_30
1801,Sensor Noise,1,4,turn_on_the_stove,0,0,100,0,0,0,fog,7,,,,,,turn on the stove,turn on the stove view 0 0 100 0 0 initstate 0 noise 37,turn_on_the_stove_view_0_0_100_0_0_initstate_0_noise_37
1802,Sensor Noise,2,3,turn_on_the_stove,0,0,100,0,0,0,fog,8,,,,,,turn on the stove,turn on the stove view 0 0 100 0 0 initstate 0 noise 38,turn_on_the_stove_view_0_0_100_0_0_initstate_0_noise_38
1803,Sensor Noise,3,2,turn_on_the_stove,0,0,100,0,0,0,fog,9,,,,,,turn on the stove,turn on the stove view 0 0 100 0 0 initstate 0 noise 39,turn_on_the_stove_view_0_0_100_0_0_initstate_0_noise_39
1804,Sensor Noise,4,1,turn_on_the_stove,0,0,100,0,0,0,fog,10,,,,,,turn on the stove,turn on the stove view 0 0 100 0 0 initstate 0 noise 40,turn_on_the_stove_view_0_0_100_0_0_initstate_0_noise_40
1805,Sensor Noise,1,4,turn_on_the_stove,0,0,100,0,0,0,glass blur,3,,,,,,turn on the stove,turn on the stove view 0 0 100 0 0 initstate 0 noise 43,turn_on_the_stove_view_0_0_100_0_0_initstate_0_noise_43
1806,Sensor Noise,1,4,turn_on_the_stove,0,0,100,0,0,0,glass blur,4,,,,,,turn on the stove,turn on the stove view 0 0 100 0 0 initstate 0 noise 44,turn_on_the_stove_view_0_0_100_0_0_initstate_0_noise_44
1807,Sensor Noise,2,3,turn_on_the_stove,0,0,100,0,0,0,glass blur,5,,,,,,turn on the stove,turn on the stove view 0 0 100 0 0 initstate 0 noise 45,turn_on_the_stove_view_0_0_100_0_0_initstate_0_noise_45
1808,Sensor Noise,2,3,turn_on_the_stove,0,0,100,0,0,0,glass blur,6,,,,,,turn on the stove,turn on the stove view 0 0 100 0 0 initstate 0 noise 46,turn_on_the_stove_view_0_0_100_0_0_initstate_0_noise_46
1809,Sensor Noise,1,4,turn_on_the_stove,0,0,100,0,0,0,glass blur,7,,,,,,turn on the stove,turn on the stove view 0 0 100 0 0 initstate 0 noise 47,turn_on_the_stove_view_0_0_100_0_0_initstate_0_noise_47
1810,Sensor Noise,2,3,turn_on_the_stove,0,0,100,0,0,0,glass blur,8,,,,,,turn on the stove,turn on the stove view 0 0 100 0 0 initstate 0 noise 48,turn_on_the_stove_view_0_0_100_0_0_initstate_0_noise_48
1811,Sensor Noise,2,3,turn_on_the_stove,0,0,100,0,0,0,glass blur,9,,,,,,turn on the stove,turn on the stove view 0 0 100 0 0 initstate 0 noise 49,turn_on_the_stove_view_0_0_100_0_0_initstate_0_noise_49
1812,Sensor Noise,2,3,turn_on_the_stove,0,0,100,0,0,0,glass blur,10,,,,,,turn on the stove,turn on the stove view 0 0 100 0 0 initstate 0 noise 50,turn_on_the_stove_view_0_0_100_0_0_initstate_0_noise_50
1813,Sensor Noise,2,3,put_the_bowl_on_the_plate,0,0,100,0,0,0,motion blur,4,,,,,,put the bowl on the plate,put the bowl on the plate view 0 0 100 0 0 initstate 0 noise 4,put_the_bowl_on_the_plate_view_0_0_100_0_0_initstate_0_noise_4
1814,Sensor Noise,2,3,put_the_bowl_on_the_plate,0,0,100,0,0,0,motion blur,5,,,,,,put the bowl on the plate,put the bowl on the plate view 0 0 100 0 0 initstate 0 noise 5,put_the_bowl_on_the_plate_view_0_0_100_0_0_initstate_0_noise_5
1815,Sensor Noise,2,3,put_the_bowl_on_the_plate,0,0,100,0,0,0,motion blur,6,,,,,,put the bowl on the plate,put the bowl on the plate view 0 0 100 0 0 initstate 0 noise 6,put_the_bowl_on_the_plate_view_0_0_100_0_0_initstate_0_noise_6
1816,Sensor Noise,2,3,put_the_bowl_on_the_plate,0,0,100,0,0,0,motion blur,7,,,,,,put the bowl on the plate,put the bowl on the plate view 0 0 100 0 0 initstate 0 noise 7,put_the_bowl_on_the_plate_view_0_0_100_0_0_initstate_0_noise_7
1817,Sensor Noise,4,1,put_the_bowl_on_the_plate,0,0,100,0,0,0,motion blur,8,,,,,,put the bowl on the plate,put the bowl on the plate view 0 0 100 0 0 initstate 0 noise 8,put_the_bowl_on_the_plate_view_0_0_100_0_0_initstate_0_noise_8
1818,Sensor Noise,3,2,put_the_bowl_on_the_plate,0,0,100,0,0,0,motion blur,9,,,,,,put the bowl on the plate,put the bowl on the plate view 0 0 100 0 0 initstate 0 noise 9,put_the_bowl_on_the_plate_view_0_0_100_0_0_initstate_0_noise_9
1819,Sensor Noise,2,3,put_the_bowl_on_the_plate,0,0,100,0,0,0,gaussian blur,3,,,,,,put the bowl on the plate,put the bowl on the plate view 0 0 100 0 0 initstate 0 noise 13,put_the_bowl_on_the_plate_view_0_0_100_0_0_initstate_0_noise_13
1820,Sensor Noise,2,3,put_the_bowl_on_the_plate,0,0,100,0,0,0,gaussian blur,4,,,,,,put the bowl on the plate,put the bowl on the plate view 0 0 100 0 0 initstate 0 noise 14,put_the_bowl_on_the_plate_view_0_0_100_0_0_initstate_0_noise_14
1821,Sensor Noise,2,3,put_the_bowl_on_the_plate,0,0,100,0,0,0,gaussian blur,5,,,,,,put the bowl on the plate,put the bowl on the plate view 0 0 100 0 0 initstate 0 noise 15,put_the_bowl_on_the_plate_view_0_0_100_0_0_initstate_0_noise_15
1822,Sensor Noise,2,3,put_the_bowl_on_the_plate,0,0,100,0,0,0,gaussian blur,6,,,,,,put the bowl on the plate,put the bowl on the plate view 0 0 100 0 0 initstate 0 noise 16,put_the_bowl_on_the_plate_view_0_0_100_0_0_initstate_0_noise_16
1823,Sensor Noise,3,2,put_the_bowl_on_the_plate,0,0,100,0,0,0,gaussian blur,7,,,,,,put the bowl on the plate,put the bowl on the plate view 0 0 100 0 0 initstate 0 noise 17,put_the_bowl_on_the_plate_view_0_0_100_0_0_initstate_0_noise_17
1824,Sensor Noise,3,2,put_the_bowl_on_the_plate,0,0,100,0,0,0,gaussian blur,8,,,,,,put the bowl on the plate,put the bowl on the plate view 0 0 100 0 0 initstate 0 noise 18,put_the_bowl_on_the_plate_view_0_0_100_0_0_initstate_0_noise_18
1825,Sensor Noise,3,2,put_the_bowl_on_the_plate,0,0,100,0,0,0,gaussian blur,9,,,,,,put the bowl on the plate,put the bowl on the plate view 0 0 100 0 0 initstate 0 noise 19,put_the_bowl_on_the_plate_view_0_0_100_0_0_initstate_0_noise_19
1826,Sensor Noise,3,2,put_the_bowl_on_the_plate,0,0,100,0,0,0,gaussian blur,10,,,,,,put the bowl on the plate,put the bowl on the plate view 0 0 100 0 0 initstate 0 noise 20,put_the_bowl_on_the_plate_view_0_0_100_0_0_initstate_0_noise_20
1827,Sensor Noise,1,4,put_the_bowl_on_the_plate,0,0,100,0,0,0,zoom blur,6,,,,,,put the bowl on the plate,put the bowl on the plate view 0 0 100 0 0 initstate 0 noise 26,put_the_bowl_on_the_plate_view_0_0_100_0_0_initstate_0_noise_26
1828,Sensor Noise,1,4,put_the_bowl_on_the_plate,0,0,100,0,0,0,zoom blur,7,,,,,,put the bowl on the plate,put the bowl on the plate view 0 0 100 0 0 initstate 0 noise 27,put_the_bowl_on_the_plate_view_0_0_100_0_0_initstate_0_noise_27
1829,Sensor Noise,2,3,put_the_bowl_on_the_plate,0,0,100,0,0,0,zoom blur,8,,,,,,put the bowl on the plate,put the bowl on the plate view 0 0 100 0 0 initstate 0 noise 28,put_the_bowl_on_the_plate_view_0_0_100_0_0_initstate_0_noise_28
1830,Sensor Noise,3,2,put_the_bowl_on_the_plate,0,0,100,0,0,0,zoom blur,9,,,,,,put the bowl on the plate,put the bowl on the plate view 0 0 100 0 0 initstate 0 noise 29,put_the_bowl_on_the_plate_view_0_0_100_0_0_initstate_0_noise_29
1831,Sensor Noise,4,1,put_the_bowl_on_the_plate,0,0,100,0,0,0,zoom blur,10,,,,,,put the bowl on the plate,put the bowl on the plate view 0 0 100 0 0 initstate 0 noise 30,put_the_bowl_on_the_plate_view_0_0_100_0_0_initstate_0_noise_30
1832,Sensor Noise,1,4,put_the_bowl_on_the_plate,0,0,100,0,0,0,fog,7,,,,,,put the bowl on the plate,put the bowl on the plate view 0 0 100 0 0 initstate 0 noise 37,put_the_bowl_on_the_plate_view_0_0_100_0_0_initstate_0_noise_37
1833,Sensor Noise,2,3,put_the_bowl_on_the_plate,0,0,100,0,0,0,fog,8,,,,,,put the bowl on the plate,put the bowl on the plate view 0 0 100 0 0 initstate 0 noise 38,put_the_bowl_on_the_plate_view_0_0_100_0_0_initstate_0_noise_38
1834,Sensor Noise,4,1,put_the_bowl_on_the_plate,0,0,100,0,0,0,fog,9,,,,,,put the bowl on the plate,put the bowl on the plate view 0 0 100 0 0 initstate 0 noise 39,put_the_bowl_on_the_plate_view_0_0_100_0_0_initstate_0_noise_39
1835,Sensor Noise,1,4,put_the_bowl_on_the_plate,0,0,100,0,0,0,glass blur,1,,,,,,put the bowl on the plate,put the bowl on the plate view 0 0 100 0 0 initstate 0 noise 41,put_the_bowl_on_the_plate_view_0_0_100_0_0_initstate_0_noise_41
1836,Sensor Noise,1,4,put_the_bowl_on_the_plate,0,0,100,0,0,0,glass blur,2,,,,,,put the bowl on the plate,put the bowl on the plate view 0 0 100 0 0 initstate 0 noise 42,put_the_bowl_on_the_plate_view_0_0_100_0_0_initstate_0_noise_42
1837,Sensor Noise,2,3,put_the_bowl_on_the_plate,0,0,100,0,0,0,glass blur,3,,,,,,put the bowl on the plate,put the bowl on the plate view 0 0 100 0 0 initstate 0 noise 43,put_the_bowl_on_the_plate_view_0_0_100_0_0_initstate_0_noise_43
1838,Sensor Noise,1,4,put_the_bowl_on_the_plate,0,0,100,0,0,0,glass blur,4,,,,,,put the bowl on the plate,put the bowl on the plate view 0 0 100 0 0 initstate 0 noise 44,put_the_bowl_on_the_plate_view_0_0_100_0_0_initstate_0_noise_44
1839,Sensor Noise,3,2,put_the_bowl_on_the_plate,0,0,100,0,0,0,glass blur,5,,,,,,put the bowl on the plate,put the bowl on the plate view 0 0 100 0 0 initstate 0 noise 45,put_the_bowl_on_the_plate_view_0_0_100_0_0_initstate_0_noise_45
1840,Sensor Noise,2,3,put_the_bowl_on_the_plate,0,0,100,0,0,0,glass blur,6,,,,,,put the bowl on the plate,put the bowl on the plate view 0 0 100 0 0 initstate 0 noise 46,put_the_bowl_on_the_plate_view_0_0_100_0_0_initstate_0_noise_46
1841,Sensor Noise,2,3,put_the_bowl_on_the_plate,0,0,100,0,0,0,glass blur,7,,,,,,put the bowl on the plate,put the bowl on the plate view 0 0 100 0 0 initstate 0 noise 47,put_the_bowl_on_the_plate_view_0_0_100_0_0_initstate_0_noise_47
1842,Sensor Noise,2,3,put_the_bowl_on_the_plate,0,0,100,0,0,0,glass blur,8,,,,,,put the bowl on the plate,put the bowl on the plate view 0 0 100 0 0 initstate 0 noise 48,put_the_bowl_on_the_plate_view_0_0_100_0_0_initstate_0_noise_48
1843,Sensor Noise,2,3,put_the_bowl_on_the_plate,0,0,100,0,0,0,glass blur,9,,,,,,put the bowl on the plate,put the bowl on the plate view 0 0 100 0 0 initstate 0 noise 49,put_the_bowl_on_the_plate_view_0_0_100_0_0_initstate_0_noise_49
1844,Sensor Noise,2,3,put_the_bowl_on_the_plate,0,0,100,0,0,0,glass blur,10,,,,,,put the bowl on the plate,put the bowl on the plate view 0 0 100 0 0 initstate 0 noise 50,put_the_bowl_on_the_plate_view_0_0_100_0_0_initstate_0_noise_50
1845,Sensor Noise,1,4,put_the_wine_bottle_on_the_rack,0,0,100,0,0,0,motion blur,1,,,,,,put the wine bottle on the rack,put the wine bottle on the rack view 0 0 100 0 0 initstate 0 noise 1,put_the_wine_bottle_on_the_rack_view_0_0_100_0_0_initstate_0_noise_1
1846,Sensor Noise,2,3,put_the_wine_bottle_on_the_rack,0,0,100,0,0,0,motion blur,2,,,,,,put the wine bottle on the rack,put the wine bottle on the rack view 0 0 100 0 0 initstate 0 noise 2,put_the_wine_bottle_on_the_rack_view_0_0_100_0_0_initstate_0_noise_2
1847,Sensor Noise,1,4,put_the_wine_bottle_on_the_rack,0,0,100,0,0,0,motion blur,3,,,,,,put the wine bottle on the rack,put the wine bottle on the rack view 0 0 100 0 0 initstate 0 noise 3,put_the_wine_bottle_on_the_rack_view_0_0_100_0_0_initstate_0_noise_3
1848,Sensor Noise,2,3,put_the_wine_bottle_on_the_rack,0,0,100,0,0,0,motion blur,4,,,,,,put the wine bottle on the rack,put the wine bottle on the rack view 0 0 100 0 0 initstate 0 noise 4,put_the_wine_bottle_on_the_rack_view_0_0_100_0_0_initstate_0_noise_4
1849,Sensor Noise,3,2,put_the_wine_bottle_on_the_rack,0,0,100,0,0,0,motion blur,5,,,,,,put the wine bottle on the rack,put the wine bottle on the rack view 0 0 100 0 0 initstate 0 noise 5,put_the_wine_bottle_on_the_rack_view_0_0_100_0_0_initstate_0_noise_5
1850,Sensor Noise,4,1,put_the_wine_bottle_on_the_rack,0,0,100,0,0,0,motion blur,6,,,,,,put the wine bottle on the rack,put the wine bottle on the rack view 0 0 100 0 0 initstate 0 noise 6,put_the_wine_bottle_on_the_rack_view_0_0_100_0_0_initstate_0_noise_6
1851,Sensor Noise,4,1,put_the_wine_bottle_on_the_rack,0,0,100,0,0,0,motion blur,7,,,,,,put the wine bottle on the rack,put the wine bottle on the rack view 0 0 100 0 0 initstate 0 noise 7,put_the_wine_bottle_on_the_rack_view_0_0_100_0_0_initstate_0_noise_7
1852,Sensor Noise,5,0,put_the_wine_bottle_on_the_rack,0,0,100,0,0,0,motion blur,8,,,,,,put the wine bottle on the rack,put the wine bottle on the rack view 0 0 100 0 0 initstate 0 noise 8,put_the_wine_bottle_on_the_rack_view_0_0_100_0_0_initstate_0_noise_8
1853,Sensor Noise,5,0,put_the_wine_bottle_on_the_rack,0,0,100,0,0,0,motion blur,9,,,,,,put the wine bottle on the rack,put the wine bottle on the rack view 0 0 100 0 0 initstate 0 noise 9,put_the_wine_bottle_on_the_rack_view_0_0_100_0_0_initstate_0_noise_9
1854,Sensor Noise,5,0,put_the_wine_bottle_on_the_rack,0,0,100,0,0,0,motion blur,10,,,,,,put the wine bottle on the rack,put the wine bottle on the rack view 0 0 100 0 0 initstate 0 noise 10,put_the_wine_bottle_on_the_rack_view_0_0_100_0_0_initstate_0_noise_10
1855,Sensor Noise,2,3,put_the_wine_bottle_on_the_rack,0,0,100,0,0,0,gaussian blur,1,,,,,,put the wine bottle on the rack,put the wine bottle on the rack view 0 0 100 0 0 initstate 0 noise 11,put_the_wine_bottle_on_the_rack_view_0_0_100_0_0_initstate_0_noise_11
1856,Sensor Noise,2,3,put_the_wine_bottle_on_the_rack,0,0,100,0,0,0,gaussian blur,2,,,,,,put the wine bottle on the rack,put the wine bottle on the rack view 0 0 100 0 0 initstate 0 noise 12,put_the_wine_bottle_on_the_rack_view_0_0_100_0_0_initstate_0_noise_12
1857,Sensor Noise,4,1,put_the_wine_bottle_on_the_rack,0,0,100,0,0,0,gaussian blur,3,,,,,,put the wine bottle on the rack,put the wine bottle on the rack view 0 0 100 0 0 initstate 0 noise 13,put_the_wine_bottle_on_the_rack_view_0_0_100_0_0_initstate_0_noise_13
1858,Sensor Noise,4,1,put_the_wine_bottle_on_the_rack,0,0,100,0,0,0,gaussian blur,4,,,,,,put the wine bottle on the rack,put the wine bottle on the rack view 0 0 100 0 0 initstate 0 noise 14,put_the_wine_bottle_on_the_rack_view_0_0_100_0_0_initstate_0_noise_14
1859,Sensor Noise,4,1,put_the_wine_bottle_on_the_rack,0,0,100,0,0,0,gaussian blur,5,,,,,,put the wine bottle on the rack,put the wine bottle on the rack view 0 0 100 0 0 initstate 0 noise 15,put_the_wine_bottle_on_the_rack_view_0_0_100_0_0_initstate_0_noise_15
1860,Sensor Noise,5,0,put_the_wine_bottle_on_the_rack,0,0,100,0,0,0,gaussian blur,6,,,,,,put the wine bottle on the rack,put the wine bottle on the rack view 0 0 100 0 0 initstate 0 noise 16,put_the_wine_bottle_on_the_rack_view_0_0_100_0_0_initstate_0_noise_16
1861,Sensor Noise,5,0,put_the_wine_bottle_on_the_rack,0,0,100,0,0,0,gaussian blur,8,,,,,,put the wine bottle on the rack,put the wine bottle on the rack view 0 0 100 0 0 initstate 0 noise 18,put_the_wine_bottle_on_the_rack_view_0_0_100_0_0_initstate_0_noise_18
1862,Sensor Noise,5,0,put_the_wine_bottle_on_the_rack,0,0,100,0,0,0,gaussian blur,9,,,,,,put the wine bottle on the rack,put the wine bottle on the rack view 0 0 100 0 0 initstate 0 noise 19,put_the_wine_bottle_on_the_rack_view_0_0_100_0_0_initstate_0_noise_19
1863,Sensor Noise,5,0,put_the_wine_bottle_on_the_rack,0,0,100,0,0,0,gaussian blur,10,,,,,,put the wine bottle on the rack,put the wine bottle on the rack view 0 0 100 0 0 initstate 0 noise 20,put_the_wine_bottle_on_the_rack_view_0_0_100_0_0_initstate_0_noise_20
1864,Sensor Noise,2,3,put_the_wine_bottle_on_the_rack,0,0,100,0,0,0,zoom blur,3,,,,,,put the wine bottle on the rack,put the wine bottle on the rack view 0 0 100 0 0 initstate 0 noise 23,put_the_wine_bottle_on_the_rack_view_0_0_100_0_0_initstate_0_noise_23
1865,Sensor Noise,1,4,put_the_wine_bottle_on_the_rack,0,0,100,0,0,0,zoom blur,4,,,,,,put the wine bottle on the rack,put the wine bottle on the rack view 0 0 100 0 0 initstate 0 noise 24,put_the_wine_bottle_on_the_rack_view_0_0_100_0_0_initstate_0_noise_24
1866,Sensor Noise,1,4,put_the_wine_bottle_on_the_rack,0,0,100,0,0,0,zoom blur,5,,,,,,put the wine bottle on the rack,put the wine bottle on the rack view 0 0 100 0 0 initstate 0 noise 25,put_the_wine_bottle_on_the_rack_view_0_0_100_0_0_initstate_0_noise_25
1867,Sensor Noise,1,4,put_the_wine_bottle_on_the_rack,0,0,100,0,0,0,zoom blur,6,,,,,,put the wine bottle on the rack,put the wine bottle on the rack view 0 0 100 0 0 initstate 0 noise 26,put_the_wine_bottle_on_the_rack_view_0_0_100_0_0_initstate_0_noise_26
1868,Sensor Noise,3,2,put_the_wine_bottle_on_the_rack,0,0,100,0,0,0,zoom blur,7,,,,,,put the wine bottle on the rack,put the wine bottle on the rack view 0 0 100 0 0 initstate 0 noise 27,put_the_wine_bottle_on_the_rack_view_0_0_100_0_0_initstate_0_noise_27
1869,Sensor Noise,5,0,put_the_wine_bottle_on_the_rack,0,0,100,0,0,0,zoom blur,8,,,,,,put the wine bottle on the rack,put the wine bottle on the rack view 0 0 100 0 0 initstate 0 noise 28,put_the_wine_bottle_on_the_rack_view_0_0_100_0_0_initstate_0_noise_28
1870,Sensor Noise,5,0,put_the_wine_bottle_on_the_rack,0,0,100,0,0,0,zoom blur,9,,,,,,put the wine bottle on the rack,put the wine bottle on the rack view 0 0 100 0 0 initstate 0 noise 29,put_the_wine_bottle_on_the_rack_view_0_0_100_0_0_initstate_0_noise_29
1871,Sensor Noise,5,0,put_the_wine_bottle_on_the_rack,0,0,100,0,0,0,zoom blur,10,,,,,,put the wine bottle on the rack,put the wine bottle on the rack view 0 0 100 0 0 initstate 0 noise 30,put_the_wine_bottle_on_the_rack_view_0_0_100_0_0_initstate_0_noise_30
1872,Sensor Noise,1,4,put_the_wine_bottle_on_the_rack,0,0,100,0,0,0,fog,2,,,,,,put the wine bottle on the rack,put the wine bottle on the rack view 0 0 100 0 0 initstate 0 noise 32,put_the_wine_bottle_on_the_rack_view_0_0_100_0_0_initstate_0_noise_32
1873,Sensor Noise,2,3,put_the_wine_bottle_on_the_rack,0,0,100,0,0,0,fog,3,,,,,,put the wine bottle on the rack,put the wine bottle on the rack view 0 0 100 0 0 initstate 0 noise 33,put_the_wine_bottle_on_the_rack_view_0_0_100_0_0_initstate_0_noise_33
1874,Sensor Noise,2,3,put_the_wine_bottle_on_the_rack,0,0,100,0,0,0,fog,4,,,,,,put the wine bottle on the rack,put the wine bottle on the rack view 0 0 100 0 0 initstate 0 noise 34,put_the_wine_bottle_on_the_rack_view_0_0_100_0_0_initstate_0_noise_34
1875,Sensor Noise,1,4,put_the_wine_bottle_on_the_rack,0,0,100,0,0,0,fog,5,,,,,,put the wine bottle on the rack,put the wine bottle on the rack view 0 0 100 0 0 initstate 0 noise 35,put_the_wine_bottle_on_the_rack_view_0_0_100_0_0_initstate_0_noise_35
1876,Sensor Noise,1,4,put_the_wine_bottle_on_the_rack,0,0,100,0,0,0,fog,6,,,,,,put the wine bottle on the rack,put the wine bottle on the rack view 0 0 100 0 0 initstate 0 noise 36,put_the_wine_bottle_on_the_rack_view_0_0_100_0_0_initstate_0_noise_36
1877,Sensor Noise,2,3,put_the_wine_bottle_on_the_rack,0,0,100,0,0,0,fog,7,,,,,,put the wine bottle on the rack,put the wine bottle on the rack view 0 0 100 0 0 initstate 0 noise 37,put_the_wine_bottle_on_the_rack_view_0_0_100_0_0_initstate_0_noise_37
1878,Sensor Noise,2,3,put_the_wine_bottle_on_the_rack,0,0,100,0,0,0,glass blur,1,,,,,,put the wine bottle on the rack,put the wine bottle on the rack view 0 0 100 0 0 initstate 0 noise 41,put_the_wine_bottle_on_the_rack_view_0_0_100_0_0_initstate_0_noise_41
1879,Sensor Noise,3,2,put_the_wine_bottle_on_the_rack,0,0,100,0,0,0,glass blur,3,,,,,,put the wine bottle on the rack,put the wine bottle on the rack view 0 0 100 0 0 initstate 0 noise 43,put_the_wine_bottle_on_the_rack_view_0_0_100_0_0_initstate_0_noise_43
1880,Sensor Noise,3,2,put_the_wine_bottle_on_the_rack,0,0,100,0,0,0,glass blur,4,,,,,,put the wine bottle on the rack,put the wine bottle on the rack view 0 0 100 0 0 initstate 0 noise 44,put_the_wine_bottle_on_the_rack_view_0_0_100_0_0_initstate_0_noise_44
1881,Sensor Noise,4,1,put_the_wine_bottle_on_the_rack,0,0,100,0,0,0,glass blur,5,,,,,,put the wine bottle on the rack,put the wine bottle on the rack view 0 0 100 0 0 initstate 0 noise 45,put_the_wine_bottle_on_the_rack_view_0_0_100_0_0_initstate_0_noise_45
1882,Sensor Noise,4,1,put_the_wine_bottle_on_the_rack,0,0,100,0,0,0,glass blur,6,,,,,,put the wine bottle on the rack,put the wine bottle on the rack view 0 0 100 0 0 initstate 0 noise 46,put_the_wine_bottle_on_the_rack_view_0_0_100_0_0_initstate_0_noise_46
1883,Sensor Noise,4,1,put_the_wine_bottle_on_the_rack,0,0,100,0,0,0,glass blur,7,,,,,,put the wine bottle on the rack,put the wine bottle on the rack view 0 0 100 0 0 initstate 0 noise 47,put_the_wine_bottle_on_the_rack_view_0_0_100_0_0_initstate_0_noise_47
1884,Sensor Noise,4,1,put_the_wine_bottle_on_the_rack,0,0,100,0,0,0,glass blur,8,,,,,,put the wine bottle on the rack,put the wine bottle on the rack view 0 0 100 0 0 initstate 0 noise 48,put_the_wine_bottle_on_the_rack_view_0_0_100_0_0_initstate_0_noise_48
1885,Sensor Noise,5,0,put_the_wine_bottle_on_the_rack,0,0,100,0,0,0,glass blur,9,,,,,,put the wine bottle on the rack,put the wine bottle on the rack view 0 0 100 0 0 initstate 0 noise 49,put_the_wine_bottle_on_the_rack_view_0_0_100_0_0_initstate_0_noise_49
1886,Sensor Noise,4,1,put_the_wine_bottle_on_the_rack,0,0,100,0,0,0,glass blur,10,,,,,,put the wine bottle on the rack,put the wine bottle on the rack view 0 0 100 0 0 initstate 0 noise 50,put_the_wine_bottle_on_the_rack_view_0_0_100_0_0_initstate_0_noise_50
1887,Objects Layout,1,4,open_the_middle_drawer_of_the_cabinet,,,,,,,,,,,,10,,open the middle drawer of the cabinet,open the middle drawer of the cabinet add 10,open_the_middle_drawer_of_the_cabinet_add_10
1888,Objects Layout,1,4,open_the_middle_drawer_of_the_cabinet,,,,,,,,,,,,11,,open the middle drawer of the cabinet,open the middle drawer of the cabinet add 11,open_the_middle_drawer_of_the_cabinet_add_11
1889,Objects Layout,1,4,open_the_middle_drawer_of_the_cabinet,,,,,,,,,,,,12,,open the middle drawer of the cabinet,open the middle drawer of the cabinet add 12,open_the_middle_drawer_of_the_cabinet_add_12
1890,Objects Layout,2,3,open_the_middle_drawer_of_the_cabinet,,,,,,,,,,,,13,,open the middle drawer of the cabinet,open the middle drawer of the cabinet add 13,open_the_middle_drawer_of_the_cabinet_add_13
1891,Objects Layout,1,4,open_the_middle_drawer_of_the_cabinet,,,,,,,,,,,,14,,open the middle drawer of the cabinet,open the middle drawer of the cabinet add 14,open_the_middle_drawer_of_the_cabinet_add_14
1892,Objects Layout,3,2,open_the_middle_drawer_of_the_cabinet,,,,,,,,,,,,15,,open the middle drawer of the cabinet,open the middle drawer of the cabinet add 15,open_the_middle_drawer_of_the_cabinet_add_15
1893,Objects Layout,1,4,open_the_middle_drawer_of_the_cabinet,,,,,,,,,,,,16,,open the middle drawer of the cabinet,open the middle drawer of the cabinet add 16,open_the_middle_drawer_of_the_cabinet_add_16
1894,Objects Layout,1,4,open_the_middle_drawer_of_the_cabinet,,,,,,,,,,,,18,,open the middle drawer of the cabinet,open the middle drawer of the cabinet add 18,open_the_middle_drawer_of_the_cabinet_add_18
1895,Objects Layout,3,2,open_the_middle_drawer_of_the_cabinet,,,,,,,,,,,,19,,open the middle drawer of the cabinet,open the middle drawer of the cabinet add 19,open_the_middle_drawer_of_the_cabinet_add_19
1896,Objects Layout,2,3,open_the_middle_drawer_of_the_cabinet,,,,,,,,,,,,2,,open the middle drawer of the cabinet,open the middle drawer of the cabinet add 2,open_the_middle_drawer_of_the_cabinet_add_2
1897,Objects Layout,1,4,open_the_middle_drawer_of_the_cabinet,,,,,,,,,,,,20,,open the middle drawer of the cabinet,open the middle drawer of the cabinet add 20,open_the_middle_drawer_of_the_cabinet_add_20
1898,Objects Layout,2,3,open_the_middle_drawer_of_the_cabinet,,,,,,,,,,,,21,,open the middle drawer of the cabinet,open the middle drawer of the cabinet add 21,open_the_middle_drawer_of_the_cabinet_add_21
1899,Objects Layout,2,3,open_the_middle_drawer_of_the_cabinet,,,,,,,,,,,,22,,open the middle drawer of the cabinet,open the middle drawer of the cabinet add 22,open_the_middle_drawer_of_the_cabinet_add_22
1900,Objects Layout,1,4,open_the_middle_drawer_of_the_cabinet,,,,,,,,,,,,23,,open the middle drawer of the cabinet,open the middle drawer of the cabinet add 23,open_the_middle_drawer_of_the_cabinet_add_23
1901,Objects Layout,2,3,open_the_middle_drawer_of_the_cabinet,,,,,,,,,,,,24,,open the middle drawer of the cabinet,open the middle drawer of the cabinet add 24,open_the_middle_drawer_of_the_cabinet_add_24
1902,Objects Layout,3,2,open_the_middle_drawer_of_the_cabinet,,,,,,,,,,,,25,,open the middle drawer of the cabinet,open the middle drawer of the cabinet add 25,open_the_middle_drawer_of_the_cabinet_add_25
1903,Objects Layout,2,3,open_the_middle_drawer_of_the_cabinet,,,,,,,,,,,,26,,open the middle drawer of the cabinet,open the middle drawer of the cabinet add 26,open_the_middle_drawer_of_the_cabinet_add_26
1904,Objects Layout,1,4,open_the_middle_drawer_of_the_cabinet,,,,,,,,,,,,27,,open the middle drawer of the cabinet,open the middle drawer of the cabinet add 27,open_the_middle_drawer_of_the_cabinet_add_27
1905,Objects Layout,2,3,open_the_middle_drawer_of_the_cabinet,,,,,,,,,,,,28,,open the middle drawer of the cabinet,open the middle drawer of the cabinet add 28,open_the_middle_drawer_of_the_cabinet_add_28
1906,Objects Layout,1,4,open_the_middle_drawer_of_the_cabinet,,,,,,,,,,,,29,,open the middle drawer of the cabinet,open the middle drawer of the cabinet add 29,open_the_middle_drawer_of_the_cabinet_add_29
1907,Objects Layout,2,3,open_the_middle_drawer_of_the_cabinet,,,,,,,,,,,,30,,open the middle drawer of the cabinet,open the middle drawer of the cabinet add 30,open_the_middle_drawer_of_the_cabinet_add_30
1908,Objects Layout,1,4,open_the_middle_drawer_of_the_cabinet,,,,,,,,,,,,5,,open the middle drawer of the cabinet,open the middle drawer of the cabinet add 5,open_the_middle_drawer_of_the_cabinet_add_5
1909,Objects Layout,1,4,open_the_middle_drawer_of_the_cabinet,,,,,,,,,,,,7,,open the middle drawer of the cabinet,open the middle drawer of the cabinet add 7,open_the_middle_drawer_of_the_cabinet_add_7
1910,Objects Layout,1,4,open_the_middle_drawer_of_the_cabinet,,,,,,,,,,,,8,,open the middle drawer of the cabinet,open the middle drawer of the cabinet add 8,open_the_middle_drawer_of_the_cabinet_add_8
1911,Objects Layout,1,4,open_the_middle_drawer_of_the_cabinet,,,,,,,,,,,,9,,open the middle drawer of the cabinet,open the middle drawer of the cabinet add 9,open_the_middle_drawer_of_the_cabinet_add_9
1912,Objects Layout,1,4,open_the_middle_drawer_of_the_cabinet_moved,,,,,,,,,,,,,1,open the middle drawer of the cabinet moved,open the middle drawer of the cabinet moved level1 sample1,open_the_middle_drawer_of_the_cabinet_moved_level1_sample1
1913,Objects Layout,3,2,open_the_middle_drawer_of_the_cabinet_moved,,,,,,,,,,,,,1,open the middle drawer of the cabinet moved,open the middle drawer of the cabinet moved level1 sample2,open_the_middle_drawer_of_the_cabinet_moved_level1_sample2
1914,Objects Layout,2,3,open_the_middle_drawer_of_the_cabinet_moved,,,,,,,,,,,,,1,open the middle drawer of the cabinet moved,open the middle drawer of the cabinet moved level1 sample3,open_the_middle_drawer_of_the_cabinet_moved_level1_sample3
1915,Objects Layout,2,3,open_the_middle_drawer_of_the_cabinet_moved,,,,,,,,,,,,,1,open the middle drawer of the cabinet moved,open the middle drawer of the cabinet moved level1 sample4,open_the_middle_drawer_of_the_cabinet_moved_level1_sample4
1916,Objects Layout,5,0,open_the_middle_drawer_of_the_cabinet_moved,,,,,,,,,,,,,2,open the middle drawer of the cabinet moved,open the middle drawer of the cabinet moved level2 sample1,open_the_middle_drawer_of_the_cabinet_moved_level2_sample1
1917,Objects Layout,4,1,open_the_middle_drawer_of_the_cabinet_moved,,,,,,,,,,,,,2,open the middle drawer of the cabinet moved,open the middle drawer of the cabinet moved level2 sample2,open_the_middle_drawer_of_the_cabinet_moved_level2_sample2
1918,Objects Layout,4,1,open_the_middle_drawer_of_the_cabinet_moved,,,,,,,,,,,,,2,open the middle drawer of the cabinet moved,open the middle drawer of the cabinet moved level2 sample4,open_the_middle_drawer_of_the_cabinet_moved_level2_sample4
1919,Objects Layout,4,1,open_the_middle_drawer_of_the_cabinet_moved,,,,,,,,,,,,,3,open the middle drawer of the cabinet moved,open the middle drawer of the cabinet moved level3 sample1,open_the_middle_drawer_of_the_cabinet_moved_level3_sample1
1920,Objects Layout,5,0,open_the_middle_drawer_of_the_cabinet_moved,,,,,,,,,,,,,3,open the middle drawer of the cabinet moved,open the middle drawer of the cabinet moved level3 sample2,open_the_middle_drawer_of_the_cabinet_moved_level3_sample2
1921,Objects Layout,5,0,open_the_middle_drawer_of_the_cabinet_moved,,,,,,,,,,,,,3,open the middle drawer of the cabinet moved,open the middle drawer of the cabinet moved level3 sample3,open_the_middle_drawer_of_the_cabinet_moved_level3_sample3
1922,Objects Layout,4,1,open_the_middle_drawer_of_the_cabinet_moved,,,,,,,,,,,,,3,open the middle drawer of the cabinet moved,open the middle drawer of the cabinet moved level3 sample4,open_the_middle_drawer_of_the_cabinet_moved_level3_sample4
1923,Objects Layout,4,1,open_the_middle_drawer_of_the_cabinet_moved,,,,,,,,,,,,,4,open the middle drawer of the cabinet moved,open the middle drawer of the cabinet moved level4 sample1,open_the_middle_drawer_of_the_cabinet_moved_level4_sample1
1924,Objects Layout,3,2,open_the_middle_drawer_of_the_cabinet_moved,,,,,,,,,,,,,4,open the middle drawer of the cabinet moved,open the middle drawer of the cabinet moved level4 sample2,open_the_middle_drawer_of_the_cabinet_moved_level4_sample2
1925,Objects Layout,5,0,open_the_middle_drawer_of_the_cabinet_moved,,,,,,,,,,,,,4,open the middle drawer of the cabinet moved,open the middle drawer of the cabinet moved level4 sample3,open_the_middle_drawer_of_the_cabinet_moved_level4_sample3
1926,Objects Layout,5,0,open_the_middle_drawer_of_the_cabinet_moved,,,,,,,,,,,,,4,open the middle drawer of the cabinet moved,open the middle drawer of the cabinet moved level4 sample4,open_the_middle_drawer_of_the_cabinet_moved_level4_sample4
1927,Objects Layout,5,0,open_the_middle_drawer_of_the_cabinet_moved,,,,,,,,,,,,,5,open the middle drawer of the cabinet moved,open the middle drawer of the cabinet moved level5 sample1,open_the_middle_drawer_of_the_cabinet_moved_level5_sample1
1928,Objects Layout,4,1,open_the_middle_drawer_of_the_cabinet_moved,,,,,,,,,,,,,5,open the middle drawer of the cabinet moved,open the middle drawer of the cabinet moved level5 sample2,open_the_middle_drawer_of_the_cabinet_moved_level5_sample2
1929,Objects Layout,5,0,open_the_middle_drawer_of_the_cabinet_moved,,,,,,,,,,,,,5,open the middle drawer of the cabinet moved,open the middle drawer of the cabinet moved level5 sample3,open_the_middle_drawer_of_the_cabinet_moved_level5_sample3
1930,Objects Layout,5,0,open_the_middle_drawer_of_the_cabinet_moved,,,,,,,,,,,,,5,open the middle drawer of the cabinet moved,open the middle drawer of the cabinet moved level5 sample4,open_the_middle_drawer_of_the_cabinet_moved_level5_sample4
1931,Objects Layout,2,3,open_the_top_drawer_and_put_the_bowl_inside,,,,,,,,,,,,10,,open the top drawer and put the bowl inside,open the top drawer and put the bowl inside add 10,open_the_top_drawer_and_put_the_bowl_inside_add_10
1932,Objects Layout,2,3,open_the_top_drawer_and_put_the_bowl_inside,,,,,,,,,,,,11,,open the top drawer and put the bowl inside,open the top drawer and put the bowl inside add 11,open_the_top_drawer_and_put_the_bowl_inside_add_11
1933,Objects Layout,3,2,open_the_top_drawer_and_put_the_bowl_inside,,,,,,,,,,,,13,,open the top drawer and put the bowl inside,open the top drawer and put the bowl inside add 13,open_the_top_drawer_and_put_the_bowl_inside_add_13
1934,Objects Layout,1,4,open_the_top_drawer_and_put_the_bowl_inside,,,,,,,,,,,,14,,open the top drawer and put the bowl inside,open the top drawer and put the bowl inside add 14,open_the_top_drawer_and_put_the_bowl_inside_add_14
1935,Objects Layout,3,2,open_the_top_drawer_and_put_the_bowl_inside,,,,,,,,,,,,15,,open the top drawer and put the bowl inside,open the top drawer and put the bowl inside add 15,open_the_top_drawer_and_put_the_bowl_inside_add_15
1936,Objects Layout,1,4,open_the_top_drawer_and_put_the_bowl_inside,,,,,,,,,,,,16,,open the top drawer and put the bowl inside,open the top drawer and put the bowl inside add 16,open_the_top_drawer_and_put_the_bowl_inside_add_16
1937,Objects Layout,2,3,open_the_top_drawer_and_put_the_bowl_inside,,,,,,,,,,,,17,,open the top drawer and put the bowl inside,open the top drawer and put the bowl inside add 17,open_the_top_drawer_and_put_the_bowl_inside_add_17
1938,Objects Layout,2,3,open_the_top_drawer_and_put_the_bowl_inside,,,,,,,,,,,,18,,open the top drawer and put the bowl inside,open the top drawer and put the bowl inside add 18,open_the_top_drawer_and_put_the_bowl_inside_add_18
1939,Objects Layout,2,3,open_the_top_drawer_and_put_the_bowl_inside,,,,,,,,,,,,19,,open the top drawer and put the bowl inside,open the top drawer and put the bowl inside add 19,open_the_top_drawer_and_put_the_bowl_inside_add_19
1940,Objects Layout,3,2,open_the_top_drawer_and_put_the_bowl_inside,,,,,,,,,,,,2,,open the top drawer and put the bowl inside,open the top drawer and put the bowl inside add 2,open_the_top_drawer_and_put_the_bowl_inside_add_2
1941,Objects Layout,3,2,open_the_top_drawer_and_put_the_bowl_inside,,,,,,,,,,,,20,,open the top drawer and put the bowl inside,open the top drawer and put the bowl inside add 20,open_the_top_drawer_and_put_the_bowl_inside_add_20
1942,Objects Layout,2,3,open_the_top_drawer_and_put_the_bowl_inside,,,,,,,,,,,,22,,open the top drawer and put the bowl inside,open the top drawer and put the bowl inside add 22,open_the_top_drawer_and_put_the_bowl_inside_add_22
1943,Objects Layout,2,3,open_the_top_drawer_and_put_the_bowl_inside,,,,,,,,,,,,23,,open the top drawer and put the bowl inside,open the top drawer and put the bowl inside add 23,open_the_top_drawer_and_put_the_bowl_inside_add_23
1944,Objects Layout,2,3,open_the_top_drawer_and_put_the_bowl_inside,,,,,,,,,,,,24,,open the top drawer and put the bowl inside,open the top drawer and put the bowl inside add 24,open_the_top_drawer_and_put_the_bowl_inside_add_24
1945,Objects Layout,3,2,open_the_top_drawer_and_put_the_bowl_inside,,,,,,,,,,,,25,,open the top drawer and put the bowl inside,open the top drawer and put the bowl inside add 25,open_the_top_drawer_and_put_the_bowl_inside_add_25
1946,Objects Layout,2,3,open_the_top_drawer_and_put_the_bowl_inside,,,,,,,,,,,,26,,open the top drawer and put the bowl inside,open the top drawer and put the bowl inside add 26,open_the_top_drawer_and_put_the_bowl_inside_add_26
1947,Objects Layout,1,4,open_the_top_drawer_and_put_the_bowl_inside,,,,,,,,,,,,27,,open the top drawer and put the bowl inside,open the top drawer and put the bowl inside add 27,open_the_top_drawer_and_put_the_bowl_inside_add_27
1948,Objects Layout,3,2,open_the_top_drawer_and_put_the_bowl_inside,,,,,,,,,,,,28,,open the top drawer and put the bowl inside,open the top drawer and put the bowl inside add 28,open_the_top_drawer_and_put_the_bowl_inside_add_28
1949,Objects Layout,1,4,open_the_top_drawer_and_put_the_bowl_inside,,,,,,,,,,,,29,,open the top drawer and put the bowl inside,open the top drawer and put the bowl inside add 29,open_the_top_drawer_and_put_the_bowl_inside_add_29
1950,Objects Layout,2,3,open_the_top_drawer_and_put_the_bowl_inside,,,,,,,,,,,,3,,open the top drawer and put the bowl inside,open the top drawer and put the bowl inside add 3,open_the_top_drawer_and_put_the_bowl_inside_add_3
1951,Objects Layout,1,4,open_the_top_drawer_and_put_the_bowl_inside,,,,,,,,,,,,30,,open the top drawer and put the bowl inside,open the top drawer and put the bowl inside add 30,open_the_top_drawer_and_put_the_bowl_inside_add_30
1952,Objects Layout,2,3,open_the_top_drawer_and_put_the_bowl_inside,,,,,,,,,,,,4,,open the top drawer and put the bowl inside,open the top drawer and put the bowl inside add 4,open_the_top_drawer_and_put_the_bowl_inside_add_4
1953,Objects Layout,3,2,open_the_top_drawer_and_put_the_bowl_inside,,,,,,,,,,,,5,,open the top drawer and put the bowl inside,open the top drawer and put the bowl inside add 5,open_the_top_drawer_and_put_the_bowl_inside_add_5
1954,Objects Layout,3,2,open_the_top_drawer_and_put_the_bowl_inside,,,,,,,,,,,,6,,open the top drawer and put the bowl inside,open the top drawer and put the bowl inside add 6,open_the_top_drawer_and_put_the_bowl_inside_add_6
1955,Objects Layout,1,4,open_the_top_drawer_and_put_the_bowl_inside,,,,,,,,,,,,7,,open the top drawer and put the bowl inside,open the top drawer and put the bowl inside add 7,open_the_top_drawer_and_put_the_bowl_inside_add_7
1956,Objects Layout,3,2,open_the_top_drawer_and_put_the_bowl_inside,,,,,,,,,,,,8,,open the top drawer and put the bowl inside,open the top drawer and put the bowl inside add 8,open_the_top_drawer_and_put_the_bowl_inside_add_8
1957,Objects Layout,2,3,open_the_top_drawer_and_put_the_bowl_inside,,,,,,,,,,,,9,,open the top drawer and put the bowl inside,open the top drawer and put the bowl inside add 9,open_the_top_drawer_and_put_the_bowl_inside_add_9
1958,Objects Layout,3,2,open_the_top_drawer_and_put_the_bowl_inside_moved,,,,,,,,,,,,,1,open the top drawer and put the bowl inside moved,open the top drawer and put the bowl inside moved level1 sample1,open_the_top_drawer_and_put_the_bowl_inside_moved_level1_sample1
1959,Objects Layout,2,3,open_the_top_drawer_and_put_the_bowl_inside_moved,,,,,,,,,,,,,1,open the top drawer and put the bowl inside moved,open the top drawer and put the bowl inside moved level1 sample2,open_the_top_drawer_and_put_the_bowl_inside_moved_level1_sample2
1960,Objects Layout,1,4,open_the_top_drawer_and_put_the_bowl_inside_moved,,,,,,,,,,,,,1,open the top drawer and put the bowl inside moved,open the top drawer and put the bowl inside moved level1 sample4,open_the_top_drawer_and_put_the_bowl_inside_moved_level1_sample4
1961,Objects Layout,2,3,open_the_top_drawer_and_put_the_bowl_inside_moved,,,,,,,,,,,,,2,open the top drawer and put the bowl inside moved,open the top drawer and put the bowl inside moved level2 sample1,open_the_top_drawer_and_put_the_bowl_inside_moved_level2_sample1
1962,Objects Layout,4,1,open_the_top_drawer_and_put_the_bowl_inside_moved,,,,,,,,,,,,,2,open the top drawer and put the bowl inside moved,open the top drawer and put the bowl inside moved level2 sample3,open_the_top_drawer_and_put_the_bowl_inside_moved_level2_sample3
1963,Objects Layout,3,2,open_the_top_drawer_and_put_the_bowl_inside_moved,,,,,,,,,,,,,2,open the top drawer and put the bowl inside moved,open the top drawer and put the bowl inside moved level2 sample4,open_the_top_drawer_and_put_the_bowl_inside_moved_level2_sample4
1964,Objects Layout,5,0,open_the_top_drawer_and_put_the_bowl_inside_moved,,,,,,,,,,,,,3,open the top drawer and put the bowl inside moved,open the top drawer and put the bowl inside moved level3 sample1,open_the_top_drawer_and_put_the_bowl_inside_moved_level3_sample1
1965,Objects Layout,5,0,open_the_top_drawer_and_put_the_bowl_inside_moved,,,,,,,,,,,,,3,open the top drawer and put the bowl inside moved,open the top drawer and put the bowl inside moved level3 sample2,open_the_top_drawer_and_put_the_bowl_inside_moved_level3_sample2
1966,Objects Layout,5,0,open_the_top_drawer_and_put_the_bowl_inside_moved,,,,,,,,,,,,,3,open the top drawer and put the bowl inside moved,open the top drawer and put the bowl inside moved level3 sample3,open_the_top_drawer_and_put_the_bowl_inside_moved_level3_sample3
1967,Objects Layout,5,0,open_the_top_drawer_and_put_the_bowl_inside_moved,,,,,,,,,,,,,3,open the top drawer and put the bowl inside moved,open the top drawer and put the bowl inside moved level3 sample4,open_the_top_drawer_and_put_the_bowl_inside_moved_level3_sample4
1968,Objects Layout,5,0,open_the_top_drawer_and_put_the_bowl_inside_moved,,,,,,,,,,,,,4,open the top drawer and put the bowl inside moved,open the top drawer and put the bowl inside moved level4 sample1,open_the_top_drawer_and_put_the_bowl_inside_moved_level4_sample1
1969,Objects Layout,4,1,open_the_top_drawer_and_put_the_bowl_inside_moved,,,,,,,,,,,,,4,open the top drawer and put the bowl inside moved,open the top drawer and put the bowl inside moved level4 sample2,open_the_top_drawer_and_put_the_bowl_inside_moved_level4_sample2
1970,Objects Layout,5,0,open_the_top_drawer_and_put_the_bowl_inside_moved,,,,,,,,,,,,,4,open the top drawer and put the bowl inside moved,open the top drawer and put the bowl inside moved level4 sample3,open_the_top_drawer_and_put_the_bowl_inside_moved_level4_sample3
1971,Objects Layout,5,0,open_the_top_drawer_and_put_the_bowl_inside_moved,,,,,,,,,,,,,4,open the top drawer and put the bowl inside moved,open the top drawer and put the bowl inside moved level4 sample4,open_the_top_drawer_and_put_the_bowl_inside_moved_level4_sample4
1972,Objects Layout,5,0,open_the_top_drawer_and_put_the_bowl_inside_moved,,,,,,,,,,,,,5,open the top drawer and put the bowl inside moved,open the top drawer and put the bowl inside moved level5 sample1,open_the_top_drawer_and_put_the_bowl_inside_moved_level5_sample1
1973,Objects Layout,5,0,open_the_top_drawer_and_put_the_bowl_inside_moved,,,,,,,,,,,,,5,open the top drawer and put the bowl inside moved,open the top drawer and put the bowl inside moved level5 sample2,open_the_top_drawer_and_put_the_bowl_inside_moved_level5_sample2
1974,Objects Layout,5,0,open_the_top_drawer_and_put_the_bowl_inside_moved,,,,,,,,,,,,,5,open the top drawer and put the bowl inside moved,open the top drawer and put the bowl inside moved level5 sample3,open_the_top_drawer_and_put_the_bowl_inside_moved_level5_sample3
1975,Objects Layout,5,0,open_the_top_drawer_and_put_the_bowl_inside_moved,,,,,,,,,,,,,5,open the top drawer and put the bowl inside moved,open the top drawer and put the bowl inside moved level5 sample4,open_the_top_drawer_and_put_the_bowl_inside_moved_level5_sample4
1976,Objects Layout,2,3,push_the_plate_to_the_front_of_the_stove,,,,,,,,,,,,1,,push the plate to the front of the stove,push the plate to the front of the stove add 1,push_the_plate_to_the_front_of_the_stove_add_1
1977,Objects Layout,1,4,push_the_plate_to_the_front_of_the_stove,,,,,,,,,,,,10,,push the plate to the front of the stove,push the plate to the front of the stove add 10,push_the_plate_to_the_front_of_the_stove_add_10
1978,Objects Layout,1,4,push_the_plate_to_the_front_of_the_stove,,,,,,,,,,,,11,,push the plate to the front of the stove,push the plate to the front of the stove add 11,push_the_plate_to_the_front_of_the_stove_add_11
1979,Objects Layout,1,4,push_the_plate_to_the_front_of_the_stove,,,,,,,,,,,,12,,push the plate to the front of the stove,push the plate to the front of the stove add 12,push_the_plate_to_the_front_of_the_stove_add_12
1980,Objects Layout,1,4,push_the_plate_to_the_front_of_the_stove,,,,,,,,,,,,14,,push the plate to the front of the stove,push the plate to the front of the stove add 14,push_the_plate_to_the_front_of_the_stove_add_14
1981,Objects Layout,2,3,push_the_plate_to_the_front_of_the_stove,,,,,,,,,,,,15,,push the plate to the front of the stove,push the plate to the front of the stove add 15,push_the_plate_to_the_front_of_the_stove_add_15
1982,Objects Layout,2,3,push_the_plate_to_the_front_of_the_stove,,,,,,,,,,,,16,,push the plate to the front of the stove,push the plate to the front of the stove add 16,push_the_plate_to_the_front_of_the_stove_add_16
1983,Objects Layout,2,3,push_the_plate_to_the_front_of_the_stove,,,,,,,,,,,,17,,push the plate to the front of the stove,push the plate to the front of the stove add 17,push_the_plate_to_the_front_of_the_stove_add_17
1984,Objects Layout,3,2,push_the_plate_to_the_front_of_the_stove,,,,,,,,,,,,18,,push the plate to the front of the stove,push the plate to the front of the stove add 18,push_the_plate_to_the_front_of_the_stove_add_18
1985,Objects Layout,3,2,push_the_plate_to_the_front_of_the_stove,,,,,,,,,,,,19,,push the plate to the front of the stove,push the plate to the front of the stove add 19,push_the_plate_to_the_front_of_the_stove_add_19
1986,Objects Layout,1,4,push_the_plate_to_the_front_of_the_stove,,,,,,,,,,,,2,,push the plate to the front of the stove,push the plate to the front of the stove add 2,push_the_plate_to_the_front_of_the_stove_add_2
1987,Objects Layout,1,4,push_the_plate_to_the_front_of_the_stove,,,,,,,,,,,,21,,push the plate to the front of the stove,push the plate to the front of the stove add 21,push_the_plate_to_the_front_of_the_stove_add_21
1988,Objects Layout,2,3,push_the_plate_to_the_front_of_the_stove,,,,,,,,,,,,22,,push the plate to the front of the stove,push the plate to the front of the stove add 22,push_the_plate_to_the_front_of_the_stove_add_22
1989,Objects Layout,2,3,push_the_plate_to_the_front_of_the_stove,,,,,,,,,,,,23,,push the plate to the front of the stove,push the plate to the front of the stove add 23,push_the_plate_to_the_front_of_the_stove_add_23
1990,Objects Layout,1,4,push_the_plate_to_the_front_of_the_stove,,,,,,,,,,,,24,,push the plate to the front of the stove,push the plate to the front of the stove add 24,push_the_plate_to_the_front_of_the_stove_add_24
1991,Objects Layout,3,2,push_the_plate_to_the_front_of_the_stove,,,,,,,,,,,,25,,push the plate to the front of the stove,push the plate to the front of the stove add 25,push_the_plate_to_the_front_of_the_stove_add_25
1992,Objects Layout,1,4,push_the_plate_to_the_front_of_the_stove,,,,,,,,,,,,26,,push the plate to the front of the stove,push the plate to the front of the stove add 26,push_the_plate_to_the_front_of_the_stove_add_26
1993,Objects Layout,2,3,push_the_plate_to_the_front_of_the_stove,,,,,,,,,,,,27,,push the plate to the front of the stove,push the plate to the front of the stove add 27,push_the_plate_to_the_front_of_the_stove_add_27
1994,Objects Layout,2,3,push_the_plate_to_the_front_of_the_stove,,,,,,,,,,,,28,,push the plate to the front of the stove,push the plate to the front of the stove add 28,push_the_plate_to_the_front_of_the_stove_add_28
1995,Objects Layout,2,3,push_the_plate_to_the_front_of_the_stove,,,,,,,,,,,,29,,push the plate to the front of the stove,push the plate to the front of the stove add 29,push_the_plate_to_the_front_of_the_stove_add_29
1996,Objects Layout,2,3,push_the_plate_to_the_front_of_the_stove,,,,,,,,,,,,3,,push the plate to the front of the stove,push the plate to the front of the stove add 3,push_the_plate_to_the_front_of_the_stove_add_3
1997,Objects Layout,1,4,push_the_plate_to_the_front_of_the_stove,,,,,,,,,,,,30,,push the plate to the front of the stove,push the plate to the front of the stove add 30,push_the_plate_to_the_front_of_the_stove_add_30
1998,Objects Layout,1,4,push_the_plate_to_the_front_of_the_stove,,,,,,,,,,,,5,,push the plate to the front of the stove,push the plate to the front of the stove add 5,push_the_plate_to_the_front_of_the_stove_add_5
1999,Objects Layout,1,4,push_the_plate_to_the_front_of_the_stove,,,,,,,,,,,,6,,push the plate to the front of the stove,push the plate to the front of the stove add 6,push_the_plate_to_the_front_of_the_stove_add_6
2000,Objects Layout,1,4,push_the_plate_to_the_front_of_the_stove,,,,,,,,,,,,7,,push the plate to the front of the stove,push the plate to the front of the stove add 7,push_the_plate_to_the_front_of_the_stove_add_7
2001,Objects Layout,1,4,push_the_plate_to_the_front_of_the_stove,,,,,,,,,,,,8,,push the plate to the front of the stove,push the plate to the front of the stove add 8,push_the_plate_to_the_front_of_the_stove_add_8
2002,Objects Layout,1,4,push_the_plate_to_the_front_of_the_stove,,,,,,,,,,,,9,,push the plate to the front of the stove,push the plate to the front of the stove add 9,push_the_plate_to_the_front_of_the_stove_add_9
2003,Objects Layout,1,4,push_the_plate_to_the_front_of_the_stove_moved,,,,,,,,,,,,,1,push the plate to the front of the stove moved,push the plate to the front of the stove moved level1 sample2,push_the_plate_to_the_front_of_the_stove_moved_level1_sample2
2004,Objects Layout,1,4,push_the_plate_to_the_front_of_the_stove_moved,,,,,,,,,,,,,1,push the plate to the front of the stove moved,push the plate to the front of the stove moved level1 sample3,push_the_plate_to_the_front_of_the_stove_moved_level1_sample3
2005,Objects Layout,1,4,push_the_plate_to_the_front_of_the_stove_moved,,,,,,,,,,,,,1,push the plate to the front of the stove moved,push the plate to the front of the stove moved level1 sample4,push_the_plate_to_the_front_of_the_stove_moved_level1_sample4
2006,Objects Layout,5,0,push_the_plate_to_the_front_of_the_stove_moved,,,,,,,,,,,,,2,push the plate to the front of the stove moved,push the plate to the front of the stove moved level2 sample1,push_the_plate_to_the_front_of_the_stove_moved_level2_sample1
2007,Objects Layout,3,2,push_the_plate_to_the_front_of_the_stove_moved,,,,,,,,,,,,,2,push the plate to the front of the stove moved,push the plate to the front of the stove moved level2 sample2,push_the_plate_to_the_front_of_the_stove_moved_level2_sample2
2008,Objects Layout,3,2,push_the_plate_to_the_front_of_the_stove_moved,,,,,,,,,,,,,2,push the plate to the front of the stove moved,push the plate to the front of the stove moved level2 sample3,push_the_plate_to_the_front_of_the_stove_moved_level2_sample3
2009,Objects Layout,4,1,push_the_plate_to_the_front_of_the_stove_moved,,,,,,,,,,,,,2,push the plate to the front of the stove moved,push the plate to the front of the stove moved level2 sample4,push_the_plate_to_the_front_of_the_stove_moved_level2_sample4
2010,Objects Layout,4,1,push_the_plate_to_the_front_of_the_stove_moved,,,,,,,,,,,,,3,push the plate to the front of the stove moved,push the plate to the front of the stove moved level3 sample1,push_the_plate_to_the_front_of_the_stove_moved_level3_sample1
2011,Objects Layout,4,1,push_the_plate_to_the_front_of_the_stove_moved,,,,,,,,,,,,,3,push the plate to the front of the stove moved,push the plate to the front of the stove moved level3 sample2,push_the_plate_to_the_front_of_the_stove_moved_level3_sample2
2012,Objects Layout,4,1,push_the_plate_to_the_front_of_the_stove_moved,,,,,,,,,,,,,3,push the plate to the front of the stove moved,push the plate to the front of the stove moved level3 sample3,push_the_plate_to_the_front_of_the_stove_moved_level3_sample3
2013,Objects Layout,4,1,push_the_plate_to_the_front_of_the_stove_moved,,,,,,,,,,,,,3,push the plate to the front of the stove moved,push the plate to the front of the stove moved level3 sample4,push_the_plate_to_the_front_of_the_stove_moved_level3_sample4
2014,Objects Layout,4,1,push_the_plate_to_the_front_of_the_stove_moved,,,,,,,,,,,,,4,push the plate to the front of the stove moved,push the plate to the front of the stove moved level4 sample1,push_the_plate_to_the_front_of_the_stove_moved_level4_sample1
2015,Objects Layout,5,0,push_the_plate_to_the_front_of_the_stove_moved,,,,,,,,,,,,,4,push the plate to the front of the stove moved,push the plate to the front of the stove moved level4 sample2,push_the_plate_to_the_front_of_the_stove_moved_level4_sample2
2016,Objects Layout,5,0,push_the_plate_to_the_front_of_the_stove_moved,,,,,,,,,,,,,4,push the plate to the front of the stove moved,push the plate to the front of the stove moved level4 sample3,push_the_plate_to_the_front_of_the_stove_moved_level4_sample3
2017,Objects Layout,5,0,push_the_plate_to_the_front_of_the_stove_moved,,,,,,,,,,,,,4,push the plate to the front of the stove moved,push the plate to the front of the stove moved level4 sample4,push_the_plate_to_the_front_of_the_stove_moved_level4_sample4
2018,Objects Layout,5,0,push_the_plate_to_the_front_of_the_stove_moved,,,,,,,,,,,,,5,push the plate to the front of the stove moved,push the plate to the front of the stove moved level5 sample1,push_the_plate_to_the_front_of_the_stove_moved_level5_sample1
2019,Objects Layout,5,0,push_the_plate_to_the_front_of_the_stove_moved,,,,,,,,,,,,,5,push the plate to the front of the stove moved,push the plate to the front of the stove moved level5 sample2,push_the_plate_to_the_front_of_the_stove_moved_level5_sample2
2020,Objects Layout,5,0,push_the_plate_to_the_front_of_the_stove_moved,,,,,,,,,,,,,5,push the plate to the front of the stove moved,push the plate to the front of the stove moved level5 sample3,push_the_plate_to_the_front_of_the_stove_moved_level5_sample3
2021,Objects Layout,5,0,push_the_plate_to_the_front_of_the_stove_moved,,,,,,,,,,,,,5,push the plate to the front of the stove moved,push the plate to the front of the stove moved level5 sample4,push_the_plate_to_the_front_of_the_stove_moved_level5_sample4
2022,Objects Layout,1,4,put_the_bowl_on_the_plate,,,,,,,,,,,,1,,put the bowl on the plate,put the bowl on the plate add 1,put_the_bowl_on_the_plate_add_1
2023,Objects Layout,3,2,put_the_bowl_on_the_plate,,,,,,,,,,,,10,,put the bowl on the plate,put the bowl on the plate add 10,put_the_bowl_on_the_plate_add_10
2024,Objects Layout,1,4,put_the_bowl_on_the_plate,,,,,,,,,,,,12,,put the bowl on the plate,put the bowl on the plate add 12,put_the_bowl_on_the_plate_add_12
2025,Objects Layout,3,2,put_the_bowl_on_the_plate,,,,,,,,,,,,13,,put the bowl on the plate,put the bowl on the plate add 13,put_the_bowl_on_the_plate_add_13
2026,Objects Layout,2,3,put_the_bowl_on_the_plate,,,,,,,,,,,,14,,put the bowl on the plate,put the bowl on the plate add 14,put_the_bowl_on_the_plate_add_14
2027,Objects Layout,2,3,put_the_bowl_on_the_plate,,,,,,,,,,,,15,,put the bowl on the plate,put the bowl on the plate add 15,put_the_bowl_on_the_plate_add_15
2028,Objects Layout,2,3,put_the_bowl_on_the_plate,,,,,,,,,,,,16,,put the bowl on the plate,put the bowl on the plate add 16,put_the_bowl_on_the_plate_add_16
2029,Objects Layout,3,2,put_the_bowl_on_the_plate,,,,,,,,,,,,17,,put the bowl on the plate,put the bowl on the plate add 17,put_the_bowl_on_the_plate_add_17
2030,Objects Layout,1,4,put_the_bowl_on_the_plate,,,,,,,,,,,,18,,put the bowl on the plate,put the bowl on the plate add 18,put_the_bowl_on_the_plate_add_18
2031,Objects Layout,2,3,put_the_bowl_on_the_plate,,,,,,,,,,,,19,,put the bowl on the plate,put the bowl on the plate add 19,put_the_bowl_on_the_plate_add_19
2032,Objects Layout,1,4,put_the_bowl_on_the_plate,,,,,,,,,,,,20,,put the bowl on the plate,put the bowl on the plate add 20,put_the_bowl_on_the_plate_add_20
2033,Objects Layout,2,3,put_the_bowl_on_the_plate,,,,,,,,,,,,21,,put the bowl on the plate,put the bowl on the plate add 21,put_the_bowl_on_the_plate_add_21
2034,Objects Layout,2,3,put_the_bowl_on_the_plate,,,,,,,,,,,,22,,put the bowl on the plate,put the bowl on the plate add 22,put_the_bowl_on_the_plate_add_22
2035,Objects Layout,1,4,put_the_bowl_on_the_plate,,,,,,,,,,,,23,,put the bowl on the plate,put the bowl on the plate add 23,put_the_bowl_on_the_plate_add_23
2036,Objects Layout,2,3,put_the_bowl_on_the_plate,,,,,,,,,,,,24,,put the bowl on the plate,put the bowl on the plate add 24,put_the_bowl_on_the_plate_add_24
2037,Objects Layout,2,3,put_the_bowl_on_the_plate,,,,,,,,,,,,25,,put the bowl on the plate,put the bowl on the plate add 25,put_the_bowl_on_the_plate_add_25
2038,Objects Layout,1,4,put_the_bowl_on_the_plate,,,,,,,,,,,,26,,put the bowl on the plate,put the bowl on the plate add 26,put_the_bowl_on_the_plate_add_26
2039,Objects Layout,3,2,put_the_bowl_on_the_plate,,,,,,,,,,,,27,,put the bowl on the plate,put the bowl on the plate add 27,put_the_bowl_on_the_plate_add_27
2040,Objects Layout,2,3,put_the_bowl_on_the_plate,,,,,,,,,,,,28,,put the bowl on the plate,put the bowl on the plate add 28,put_the_bowl_on_the_plate_add_28
2041,Objects Layout,3,2,put_the_bowl_on_the_plate,,,,,,,,,,,,29,,put the bowl on the plate,put the bowl on the plate add 29,put_the_bowl_on_the_plate_add_29
2042,Objects Layout,1,4,put_the_bowl_on_the_plate,,,,,,,,,,,,3,,put the bowl on the plate,put the bowl on the plate add 3,put_the_bowl_on_the_plate_add_3
2043,Objects Layout,1,4,put_the_bowl_on_the_plate,,,,,,,,,,,,30,,put the bowl on the plate,put the bowl on the plate add 30,put_the_bowl_on_the_plate_add_30
2044,Objects Layout,1,4,put_the_bowl_on_the_plate,,,,,,,,,,,,4,,put the bowl on the plate,put the bowl on the plate add 4,put_the_bowl_on_the_plate_add_4
2045,Objects Layout,1,4,put_the_bowl_on_the_plate,,,,,,,,,,,,5,,put the bowl on the plate,put the bowl on the plate add 5,put_the_bowl_on_the_plate_add_5
2046,Objects Layout,2,3,put_the_bowl_on_the_plate,,,,,,,,,,,,9,,put the bowl on the plate,put the bowl on the plate add 9,put_the_bowl_on_the_plate_add_9
2047,Objects Layout,2,3,put_the_bowl_on_the_plate_moved,,,,,,,,,,,,,1,put the bowl on the plate moved,put the bowl on the plate moved level1 sample1,put_the_bowl_on_the_plate_moved_level1_sample1
2048,Objects Layout,2,3,put_the_bowl_on_the_plate_moved,,,,,,,,,,,,,1,put the bowl on the plate moved,put the bowl on the plate moved level1 sample2,put_the_bowl_on_the_plate_moved_level1_sample2
2049,Objects Layout,2,3,put_the_bowl_on_the_plate_moved,,,,,,,,,,,,,1,put the bowl on the plate moved,put the bowl on the plate moved level1 sample3,put_the_bowl_on_the_plate_moved_level1_sample3
2050,Objects Layout,2,3,put_the_bowl_on_the_plate_moved,,,,,,,,,,,,,1,put the bowl on the plate moved,put the bowl on the plate moved level1 sample4,put_the_bowl_on_the_plate_moved_level1_sample4
2051,Objects Layout,4,1,put_the_bowl_on_the_plate_moved,,,,,,,,,,,,,2,put the bowl on the plate moved,put the bowl on the plate moved level2 sample1,put_the_bowl_on_the_plate_moved_level2_sample1
2052,Objects Layout,4,1,put_the_bowl_on_the_plate_moved,,,,,,,,,,,,,2,put the bowl on the plate moved,put the bowl on the plate moved level2 sample2,put_the_bowl_on_the_plate_moved_level2_sample2
2053,Objects Layout,4,1,put_the_bowl_on_the_plate_moved,,,,,,,,,,,,,2,put the bowl on the plate moved,put the bowl on the plate moved level2 sample3,put_the_bowl_on_the_plate_moved_level2_sample3
2054,Objects Layout,3,2,put_the_bowl_on_the_plate_moved,,,,,,,,,,,,,2,put the bowl on the plate moved,put the bowl on the plate moved level2 sample4,put_the_bowl_on_the_plate_moved_level2_sample4
2055,Objects Layout,5,0,put_the_bowl_on_the_plate_moved,,,,,,,,,,,,,3,put the bowl on the plate moved,put the bowl on the plate moved level3 sample1,put_the_bowl_on_the_plate_moved_level3_sample1
2056,Objects Layout,5,0,put_the_bowl_on_the_plate_moved,,,,,,,,,,,,,3,put the bowl on the plate moved,put the bowl on the plate moved level3 sample3,put_the_bowl_on_the_plate_moved_level3_sample3
2057,Objects Layout,4,1,put_the_bowl_on_the_plate_moved,,,,,,,,,,,,,3,put the bowl on the plate moved,put the bowl on the plate moved level3 sample4,put_the_bowl_on_the_plate_moved_level3_sample4
2058,Objects Layout,5,0,put_the_bowl_on_the_plate_moved,,,,,,,,,,,,,4,put the bowl on the plate moved,put the bowl on the plate moved level4 sample1,put_the_bowl_on_the_plate_moved_level4_sample1
2059,Objects Layout,4,1,put_the_bowl_on_the_plate_moved,,,,,,,,,,,,,4,put the bowl on the plate moved,put the bowl on the plate moved level4 sample2,put_the_bowl_on_the_plate_moved_level4_sample2
2060,Objects Layout,4,1,put_the_bowl_on_the_plate_moved,,,,,,,,,,,,,4,put the bowl on the plate moved,put the bowl on the plate moved level4 sample3,put_the_bowl_on_the_plate_moved_level4_sample3
2061,Objects Layout,5,0,put_the_bowl_on_the_plate_moved,,,,,,,,,,,,,4,put the bowl on the plate moved,put the bowl on the plate moved level4 sample4,put_the_bowl_on_the_plate_moved_level4_sample4
2062,Objects Layout,5,0,put_the_bowl_on_the_plate_moved,,,,,,,,,,,,,5,put the bowl on the plate moved,put the bowl on the plate moved level5 sample1,put_the_bowl_on_the_plate_moved_level5_sample1
2063,Objects Layout,5,0,put_the_bowl_on_the_plate_moved,,,,,,,,,,,,,5,put the bowl on the plate moved,put the bowl on the plate moved level5 sample2,put_the_bowl_on_the_plate_moved_level5_sample2
2064,Objects Layout,5,0,put_the_bowl_on_the_plate_moved,,,,,,,,,,,,,5,put the bowl on the plate moved,put the bowl on the plate moved level5 sample3,put_the_bowl_on_the_plate_moved_level5_sample3
2065,Objects Layout,5,0,put_the_bowl_on_the_plate_moved,,,,,,,,,,,,,5,put the bowl on the plate moved,put the bowl on the plate moved level5 sample4,put_the_bowl_on_the_plate_moved_level5_sample4
2066,Objects Layout,1,4,put_the_bowl_on_the_stove,,,,,,,,,,,,14,,put the bowl on the stove,put the bowl on the stove add 14,put_the_bowl_on_the_stove_add_14
2067,Objects Layout,2,3,put_the_bowl_on_the_stove,,,,,,,,,,,,18,,put the bowl on the stove,put the bowl on the stove add 18,put_the_bowl_on_the_stove_add_18
2068,Objects Layout,1,4,put_the_bowl_on_the_stove,,,,,,,,,,,,22,,put the bowl on the stove,put the bowl on the stove add 22,put_the_bowl_on_the_stove_add_22
2069,Objects Layout,2,3,put_the_bowl_on_the_stove,,,,,,,,,,,,24,,put the bowl on the stove,put the bowl on the stove add 24,put_the_bowl_on_the_stove_add_24
2070,Objects Layout,1,4,put_the_bowl_on_the_stove,,,,,,,,,,,,25,,put the bowl on the stove,put the bowl on the stove add 25,put_the_bowl_on_the_stove_add_25
2071,Objects Layout,2,3,put_the_bowl_on_the_stove,,,,,,,,,,,,26,,put the bowl on the stove,put the bowl on the stove add 26,put_the_bowl_on_the_stove_add_26
2072,Objects Layout,2,3,put_the_bowl_on_the_stove,,,,,,,,,,,,27,,put the bowl on the stove,put the bowl on the stove add 27,put_the_bowl_on_the_stove_add_27
2073,Objects Layout,2,3,put_the_bowl_on_the_stove,,,,,,,,,,,,28,,put the bowl on the stove,put the bowl on the stove add 28,put_the_bowl_on_the_stove_add_28
2074,Objects Layout,1,4,put_the_bowl_on_the_stove,,,,,,,,,,,,29,,put the bowl on the stove,put the bowl on the stove add 29,put_the_bowl_on_the_stove_add_29
2075,Objects Layout,2,3,put_the_bowl_on_the_stove,,,,,,,,,,,,30,,put the bowl on the stove,put the bowl on the stove add 30,put_the_bowl_on_the_stove_add_30
2076,Objects Layout,3,2,put_the_bowl_on_the_stove_moved,,,,,,,,,,,,,1,put the bowl on the stove moved,put the bowl on the stove moved level1 sample3,put_the_bowl_on_the_stove_moved_level1_sample3
2077,Objects Layout,2,3,put_the_bowl_on_the_stove_moved,,,,,,,,,,,,,1,put the bowl on the stove moved,put the bowl on the stove moved level1 sample4,put_the_bowl_on_the_stove_moved_level1_sample4
2078,Objects Layout,3,2,put_the_bowl_on_the_stove_moved,,,,,,,,,,,,,2,put the bowl on the stove moved,put the bowl on the stove moved level2 sample1,put_the_bowl_on_the_stove_moved_level2_sample1
2079,Objects Layout,3,2,put_the_bowl_on_the_stove_moved,,,,,,,,,,,,,2,put the bowl on the stove moved,put the bowl on the stove moved level2 sample2,put_the_bowl_on_the_stove_moved_level2_sample2
2080,Objects Layout,4,1,put_the_bowl_on_the_stove_moved,,,,,,,,,,,,,2,put the bowl on the stove moved,put the bowl on the stove moved level2 sample3,put_the_bowl_on_the_stove_moved_level2_sample3
2081,Objects Layout,4,1,put_the_bowl_on_the_stove_moved,,,,,,,,,,,,,2,put the bowl on the stove moved,put the bowl on the stove moved level2 sample4,put_the_bowl_on_the_stove_moved_level2_sample4
2082,Objects Layout,3,2,put_the_bowl_on_the_stove_moved,,,,,,,,,,,,,3,put the bowl on the stove moved,put the bowl on the stove moved level3 sample1,put_the_bowl_on_the_stove_moved_level3_sample1
2083,Objects Layout,4,1,put_the_bowl_on_the_stove_moved,,,,,,,,,,,,,3,put the bowl on the stove moved,put the bowl on the stove moved level3 sample2,put_the_bowl_on_the_stove_moved_level3_sample2
2084,Objects Layout,4,1,put_the_bowl_on_the_stove_moved,,,,,,,,,,,,,3,put the bowl on the stove moved,put the bowl on the stove moved level3 sample3,put_the_bowl_on_the_stove_moved_level3_sample3
2085,Objects Layout,5,0,put_the_bowl_on_the_stove_moved,,,,,,,,,,,,,3,put the bowl on the stove moved,put the bowl on the stove moved level3 sample4,put_the_bowl_on_the_stove_moved_level3_sample4
2086,Objects Layout,5,0,put_the_bowl_on_the_stove_moved,,,,,,,,,,,,,4,put the bowl on the stove moved,put the bowl on the stove moved level4 sample1,put_the_bowl_on_the_stove_moved_level4_sample1
2087,Objects Layout,4,1,put_the_bowl_on_the_stove_moved,,,,,,,,,,,,,4,put the bowl on the stove moved,put the bowl on the stove moved level4 sample2,put_the_bowl_on_the_stove_moved_level4_sample2
2088,Objects Layout,5,0,put_the_bowl_on_the_stove_moved,,,,,,,,,,,,,4,put the bowl on the stove moved,put the bowl on the stove moved level4 sample3,put_the_bowl_on_the_stove_moved_level4_sample3
2089,Objects Layout,4,1,put_the_bowl_on_the_stove_moved,,,,,,,,,,,,,4,put the bowl on the stove moved,put the bowl on the stove moved level4 sample4,put_the_bowl_on_the_stove_moved_level4_sample4
2090,Objects Layout,5,0,put_the_bowl_on_the_stove_moved,,,,,,,,,,,,,5,put the bowl on the stove moved,put the bowl on the stove moved level5 sample1,put_the_bowl_on_the_stove_moved_level5_sample1
2091,Objects Layout,5,0,put_the_bowl_on_the_stove_moved,,,,,,,,,,,,,5,put the bowl on the stove moved,put the bowl on the stove moved level5 sample2,put_the_bowl_on_the_stove_moved_level5_sample2
2092,Objects Layout,5,0,put_the_bowl_on_the_stove_moved,,,,,,,,,,,,,5,put the bowl on the stove moved,put the bowl on the stove moved level5 sample3,put_the_bowl_on_the_stove_moved_level5_sample3
2093,Objects Layout,4,1,put_the_bowl_on_the_stove_moved,,,,,,,,,,,,,5,put the bowl on the stove moved,put the bowl on the stove moved level5 sample4,put_the_bowl_on_the_stove_moved_level5_sample4
2094,Objects Layout,1,4,put_the_bowl_on_top_of_the_cabinet,,,,,,,,,,,,10,,put the bowl on top of the cabinet,put the bowl on top of the cabinet add 10,put_the_bowl_on_top_of_the_cabinet_add_10
2095,Objects Layout,1,4,put_the_bowl_on_top_of_the_cabinet,,,,,,,,,,,,15,,put the bowl on top of the cabinet,put the bowl on top of the cabinet add 15,put_the_bowl_on_top_of_the_cabinet_add_15
2096,Objects Layout,3,2,put_the_bowl_on_top_of_the_cabinet,,,,,,,,,,,,16,,put the bowl on top of the cabinet,put the bowl on top of the cabinet add 16,put_the_bowl_on_top_of_the_cabinet_add_16
2097,Objects Layout,4,1,put_the_bowl_on_top_of_the_cabinet,,,,,,,,,,,,17,,put the bowl on top of the cabinet,put the bowl on top of the cabinet add 17,put_the_bowl_on_top_of_the_cabinet_add_17
2098,Objects Layout,3,2,put_the_bowl_on_top_of_the_cabinet,,,,,,,,,,,,18,,put the bowl on top of the cabinet,put the bowl on top of the cabinet add 18,put_the_bowl_on_top_of_the_cabinet_add_18
2099,Objects Layout,3,2,put_the_bowl_on_top_of_the_cabinet,,,,,,,,,,,,19,,put the bowl on top of the cabinet,put the bowl on top of the cabinet add 19,put_the_bowl_on_top_of_the_cabinet_add_19
2100,Objects Layout,3,2,put_the_bowl_on_top_of_the_cabinet,,,,,,,,,,,,20,,put the bowl on top of the cabinet,put the bowl on top of the cabinet add 20,put_the_bowl_on_top_of_the_cabinet_add_20
2101,Objects Layout,1,4,put_the_bowl_on_top_of_the_cabinet,,,,,,,,,,,,22,,put the bowl on top of the cabinet,put the bowl on top of the cabinet add 22,put_the_bowl_on_top_of_the_cabinet_add_22
2102,Objects Layout,2,3,put_the_bowl_on_top_of_the_cabinet,,,,,,,,,,,,23,,put the bowl on top of the cabinet,put the bowl on top of the cabinet add 23,put_the_bowl_on_top_of_the_cabinet_add_23
2103,Objects Layout,3,2,put_the_bowl_on_top_of_the_cabinet,,,,,,,,,,,,24,,put the bowl on top of the cabinet,put the bowl on top of the cabinet add 24,put_the_bowl_on_top_of_the_cabinet_add_24
2104,Objects Layout,2,3,put_the_bowl_on_top_of_the_cabinet,,,,,,,,,,,,25,,put the bowl on top of the cabinet,put the bowl on top of the cabinet add 25,put_the_bowl_on_top_of_the_cabinet_add_25
2105,Objects Layout,1,4,put_the_bowl_on_top_of_the_cabinet,,,,,,,,,,,,26,,put the bowl on top of the cabinet,put the bowl on top of the cabinet add 26,put_the_bowl_on_top_of_the_cabinet_add_26
2106,Objects Layout,2,3,put_the_bowl_on_top_of_the_cabinet,,,,,,,,,,,,27,,put the bowl on top of the cabinet,put the bowl on top of the cabinet add 27,put_the_bowl_on_top_of_the_cabinet_add_27
2107,Objects Layout,2,3,put_the_bowl_on_top_of_the_cabinet,,,,,,,,,,,,28,,put the bowl on top of the cabinet,put the bowl on top of the cabinet add 28,put_the_bowl_on_top_of_the_cabinet_add_28
2108,Objects Layout,2,3,put_the_bowl_on_top_of_the_cabinet,,,,,,,,,,,,29,,put the bowl on top of the cabinet,put the bowl on top of the cabinet add 29,put_the_bowl_on_top_of_the_cabinet_add_29
2109,Objects Layout,2,3,put_the_bowl_on_top_of_the_cabinet,,,,,,,,,,,,30,,put the bowl on top of the cabinet,put the bowl on top of the cabinet add 30,put_the_bowl_on_top_of_the_cabinet_add_30
2110,Objects Layout,3,2,put_the_bowl_on_top_of_the_cabinet_moved,,,,,,,,,,,,,1,put the bowl on top of the cabinet moved,put the bowl on top of the cabinet moved level1 sample1,put_the_bowl_on_top_of_the_cabinet_moved_level1_sample1
2111,Objects Layout,1,4,put_the_bowl_on_top_of_the_cabinet_moved,,,,,,,,,,,,,1,put the bowl on top of the cabinet moved,put the bowl on top of the cabinet moved level1 sample2,put_the_bowl_on_top_of_the_cabinet_moved_level1_sample2
2112,Objects Layout,1,4,put_the_bowl_on_top_of_the_cabinet_moved,,,,,,,,,,,,,1,put the bowl on top of the cabinet moved,put the bowl on top of the cabinet moved level1 sample3,put_the_bowl_on_top_of_the_cabinet_moved_level1_sample3
2113,Objects Layout,3,2,put_the_bowl_on_top_of_the_cabinet_moved,,,,,,,,,,,,,1,put the bowl on top of the cabinet moved,put the bowl on top of the cabinet moved level1 sample4,put_the_bowl_on_top_of_the_cabinet_moved_level1_sample4
2114,Objects Layout,4,1,put_the_bowl_on_top_of_the_cabinet_moved,,,,,,,,,,,,,2,put the bowl on top of the cabinet moved,put the bowl on top of the cabinet moved level2 sample1,put_the_bowl_on_top_of_the_cabinet_moved_level2_sample1
2115,Objects Layout,4,1,put_the_bowl_on_top_of_the_cabinet_moved,,,,,,,,,,,,,2,put the bowl on top of the cabinet moved,put the bowl on top of the cabinet moved level2 sample2,put_the_bowl_on_top_of_the_cabinet_moved_level2_sample2
2116,Objects Layout,3,2,put_the_bowl_on_top_of_the_cabinet_moved,,,,,,,,,,,,,2,put the bowl on top of the cabinet moved,put the bowl on top of the cabinet moved level2 sample3,put_the_bowl_on_top_of_the_cabinet_moved_level2_sample3
2117,Objects Layout,4,1,put_the_bowl_on_top_of_the_cabinet_moved,,,,,,,,,,,,,2,put the bowl on top of the cabinet moved,put the bowl on top of the cabinet moved level2 sample4,put_the_bowl_on_top_of_the_cabinet_moved_level2_sample4
2118,Objects Layout,4,1,put_the_bowl_on_top_of_the_cabinet_moved,,,,,,,,,,,,,3,put the bowl on top of the cabinet moved,put the bowl on top of the cabinet moved level3 sample2,put_the_bowl_on_top_of_the_cabinet_moved_level3_sample2
2119,Objects Layout,5,0,put_the_bowl_on_top_of_the_cabinet_moved,,,,,,,,,,,,,3,put the bowl on top of the cabinet moved,put the bowl on top of the cabinet moved level3 sample3,put_the_bowl_on_top_of_the_cabinet_moved_level3_sample3
2120,Objects Layout,3,2,put_the_bowl_on_top_of_the_cabinet_moved,,,,,,,,,,,,,3,put the bowl on top of the cabinet moved,put the bowl on top of the cabinet moved level3 sample4,put_the_bowl_on_top_of_the_cabinet_moved_level3_sample4
2121,Objects Layout,5,0,put_the_bowl_on_top_of_the_cabinet_moved,,,,,,,,,,,,,4,put the bowl on top of the cabinet moved,put the bowl on top of the cabinet moved level4 sample2,put_the_bowl_on_top_of_the_cabinet_moved_level4_sample2
2122,Objects Layout,4,1,put_the_bowl_on_top_of_the_cabinet_moved,,,,,,,,,,,,,4,put the bowl on top of the cabinet moved,put the bowl on top of the cabinet moved level4 sample3,put_the_bowl_on_top_of_the_cabinet_moved_level4_sample3
2123,Objects Layout,5,0,put_the_bowl_on_top_of_the_cabinet_moved,,,,,,,,,,,,,4,put the bowl on top of the cabinet moved,put the bowl on top of the cabinet moved level4 sample4,put_the_bowl_on_top_of_the_cabinet_moved_level4_sample4
2124,Objects Layout,5,0,put_the_bowl_on_top_of_the_cabinet_moved,,,,,,,,,,,,,5,put the bowl on top of the cabinet moved,put the bowl on top of the cabinet moved level5 sample1,put_the_bowl_on_top_of_the_cabinet_moved_level5_sample1
2125,Objects Layout,5,0,put_the_bowl_on_top_of_the_cabinet_moved,,,,,,,,,,,,,5,put the bowl on top of the cabinet moved,put the bowl on top of the cabinet moved level5 sample2,put_the_bowl_on_top_of_the_cabinet_moved_level5_sample2
2126,Objects Layout,5,0,put_the_bowl_on_top_of_the_cabinet_moved,,,,,,,,,,,,,5,put the bowl on top of the cabinet moved,put the bowl on top of the cabinet moved level5 sample3,put_the_bowl_on_top_of_the_cabinet_moved_level5_sample3
2127,Objects Layout,5,0,put_the_bowl_on_top_of_the_cabinet_moved,,,,,,,,,,,,,5,put the bowl on top of the cabinet moved,put the bowl on top of the cabinet moved level5 sample4,put_the_bowl_on_top_of_the_cabinet_moved_level5_sample4
2128,Objects Layout,3,2,put_the_cream_cheese_in_the_bowl,,,,,,,,,,,,10,,put the cream cheese in the bowl,put the cream cheese in the bowl add 10,put_the_cream_cheese_in_the_bowl_add_10
2129,Objects Layout,2,3,put_the_cream_cheese_in_the_bowl,,,,,,,,,,,,11,,put the cream cheese in the bowl,put the cream cheese in the bowl add 11,put_the_cream_cheese_in_the_bowl_add_11
2130,Objects Layout,3,2,put_the_cream_cheese_in_the_bowl,,,,,,,,,,,,12,,put the cream cheese in the bowl,put the cream cheese in the bowl add 12,put_the_cream_cheese_in_the_bowl_add_12
2131,Objects Layout,2,3,put_the_cream_cheese_in_the_bowl,,,,,,,,,,,,13,,put the cream cheese in the bowl,put the cream cheese in the bowl add 13,put_the_cream_cheese_in_the_bowl_add_13
2132,Objects Layout,2,3,put_the_cream_cheese_in_the_bowl,,,,,,,,,,,,14,,put the cream cheese in the bowl,put the cream cheese in the bowl add 14,put_the_cream_cheese_in_the_bowl_add_14
2133,Objects Layout,2,3,put_the_cream_cheese_in_the_bowl,,,,,,,,,,,,16,,put the cream cheese in the bowl,put the cream cheese in the bowl add 16,put_the_cream_cheese_in_the_bowl_add_16
2134,Objects Layout,2,3,put_the_cream_cheese_in_the_bowl,,,,,,,,,,,,17,,put the cream cheese in the bowl,put the cream cheese in the bowl add 17,put_the_cream_cheese_in_the_bowl_add_17
2135,Objects Layout,2,3,put_the_cream_cheese_in_the_bowl,,,,,,,,,,,,18,,put the cream cheese in the bowl,put the cream cheese in the bowl add 18,put_the_cream_cheese_in_the_bowl_add_18
2136,Objects Layout,2,3,put_the_cream_cheese_in_the_bowl,,,,,,,,,,,,19,,put the cream cheese in the bowl,put the cream cheese in the bowl add 19,put_the_cream_cheese_in_the_bowl_add_19
2137,Objects Layout,3,2,put_the_cream_cheese_in_the_bowl,,,,,,,,,,,,20,,put the cream cheese in the bowl,put the cream cheese in the bowl add 20,put_the_cream_cheese_in_the_bowl_add_20
2138,Objects Layout,2,3,put_the_cream_cheese_in_the_bowl,,,,,,,,,,,,21,,put the cream cheese in the bowl,put the cream cheese in the bowl add 21,put_the_cream_cheese_in_the_bowl_add_21
2139,Objects Layout,2,3,put_the_cream_cheese_in_the_bowl,,,,,,,,,,,,22,,put the cream cheese in the bowl,put the cream cheese in the bowl add 22,put_the_cream_cheese_in_the_bowl_add_22
2140,Objects Layout,2,3,put_the_cream_cheese_in_the_bowl,,,,,,,,,,,,23,,put the cream cheese in the bowl,put the cream cheese in the bowl add 23,put_the_cream_cheese_in_the_bowl_add_23
2141,Objects Layout,3,2,put_the_cream_cheese_in_the_bowl,,,,,,,,,,,,24,,put the cream cheese in the bowl,put the cream cheese in the bowl add 24,put_the_cream_cheese_in_the_bowl_add_24
2142,Objects Layout,2,3,put_the_cream_cheese_in_the_bowl,,,,,,,,,,,,25,,put the cream cheese in the bowl,put the cream cheese in the bowl add 25,put_the_cream_cheese_in_the_bowl_add_25
2143,Objects Layout,2,3,put_the_cream_cheese_in_the_bowl,,,,,,,,,,,,26,,put the cream cheese in the bowl,put the cream cheese in the bowl add 26,put_the_cream_cheese_in_the_bowl_add_26
2144,Objects Layout,3,2,put_the_cream_cheese_in_the_bowl,,,,,,,,,,,,27,,put the cream cheese in the bowl,put the cream cheese in the bowl add 27,put_the_cream_cheese_in_the_bowl_add_27
2145,Objects Layout,3,2,put_the_cream_cheese_in_the_bowl,,,,,,,,,,,,28,,put the cream cheese in the bowl,put the cream cheese in the bowl add 28,put_the_cream_cheese_in_the_bowl_add_28
2146,Objects Layout,2,3,put_the_cream_cheese_in_the_bowl,,,,,,,,,,,,29,,put the cream cheese in the bowl,put the cream cheese in the bowl add 29,put_the_cream_cheese_in_the_bowl_add_29
2147,Objects Layout,2,3,put_the_cream_cheese_in_the_bowl,,,,,,,,,,,,3,,put the cream cheese in the bowl,put the cream cheese in the bowl add 3,put_the_cream_cheese_in_the_bowl_add_3
2148,Objects Layout,2,3,put_the_cream_cheese_in_the_bowl,,,,,,,,,,,,30,,put the cream cheese in the bowl,put the cream cheese in the bowl add 30,put_the_cream_cheese_in_the_bowl_add_30
2149,Objects Layout,2,3,put_the_cream_cheese_in_the_bowl,,,,,,,,,,,,4,,put the cream cheese in the bowl,put the cream cheese in the bowl add 4,put_the_cream_cheese_in_the_bowl_add_4
2150,Objects Layout,2,3,put_the_cream_cheese_in_the_bowl,,,,,,,,,,,,5,,put the cream cheese in the bowl,put the cream cheese in the bowl add 5,put_the_cream_cheese_in_the_bowl_add_5
2151,Objects Layout,2,3,put_the_cream_cheese_in_the_bowl,,,,,,,,,,,,8,,put the cream cheese in the bowl,put the cream cheese in the bowl add 8,put_the_cream_cheese_in_the_bowl_add_8
2152,Objects Layout,2,3,put_the_cream_cheese_in_the_bowl,,,,,,,,,,,,9,,put the cream cheese in the bowl,put the cream cheese in the bowl add 9,put_the_cream_cheese_in_the_bowl_add_9
2153,Objects Layout,1,4,put_the_cream_cheese_in_the_bowl_moved,,,,,,,,,,,,,1,put the cream cheese in the bowl moved,put the cream cheese in the bowl moved level1 sample1,put_the_cream_cheese_in_the_bowl_moved_level1_sample1
2154,Objects Layout,4,1,put_the_cream_cheese_in_the_bowl_moved,,,,,,,,,,,,,1,put the cream cheese in the bowl moved,put the cream cheese in the bowl moved level1 sample2,put_the_cream_cheese_in_the_bowl_moved_level1_sample2
2155,Objects Layout,2,3,put_the_cream_cheese_in_the_bowl_moved,,,,,,,,,,,,,1,put the cream cheese in the bowl moved,put the cream cheese in the bowl moved level1 sample4,put_the_cream_cheese_in_the_bowl_moved_level1_sample4
2156,Objects Layout,3,2,put_the_cream_cheese_in_the_bowl_moved,,,,,,,,,,,,,2,put the cream cheese in the bowl moved,put the cream cheese in the bowl moved level2 sample1,put_the_cream_cheese_in_the_bowl_moved_level2_sample1
2157,Objects Layout,3,2,put_the_cream_cheese_in_the_bowl_moved,,,,,,,,,,,,,2,put the cream cheese in the bowl moved,put the cream cheese in the bowl moved level2 sample2,put_the_cream_cheese_in_the_bowl_moved_level2_sample2
2158,Objects Layout,4,1,put_the_cream_cheese_in_the_bowl_moved,,,,,,,,,,,,,2,put the cream cheese in the bowl moved,put the cream cheese in the bowl moved level2 sample3,put_the_cream_cheese_in_the_bowl_moved_level2_sample3
2159,Objects Layout,4,1,put_the_cream_cheese_in_the_bowl_moved,,,,,,,,,,,,,2,put the cream cheese in the bowl moved,put the cream cheese in the bowl moved level2 sample4,put_the_cream_cheese_in_the_bowl_moved_level2_sample4
2160,Objects Layout,5,0,put_the_cream_cheese_in_the_bowl_moved,,,,,,,,,,,,,3,put the cream cheese in the bowl moved,put the cream cheese in the bowl moved level3 sample1,put_the_cream_cheese_in_the_bowl_moved_level3_sample1
2161,Objects Layout,5,0,put_the_cream_cheese_in_the_bowl_moved,,,,,,,,,,,,,3,put the cream cheese in the bowl moved,put the cream cheese in the bowl moved level3 sample2,put_the_cream_cheese_in_the_bowl_moved_level3_sample2
2162,Objects Layout,5,0,put_the_cream_cheese_in_the_bowl_moved,,,,,,,,,,,,,3,put the cream cheese in the bowl moved,put the cream cheese in the bowl moved level3 sample3,put_the_cream_cheese_in_the_bowl_moved_level3_sample3
2163,Objects Layout,5,0,put_the_cream_cheese_in_the_bowl_moved,,,,,,,,,,,,,3,put the cream cheese in the bowl moved,put the cream cheese in the bowl moved level3 sample4,put_the_cream_cheese_in_the_bowl_moved_level3_sample4
2164,Objects Layout,5,0,put_the_cream_cheese_in_the_bowl_moved,,,,,,,,,,,,,4,put the cream cheese in the bowl moved,put the cream cheese in the bowl moved level4 sample1,put_the_cream_cheese_in_the_bowl_moved_level4_sample1
2165,Objects Layout,5,0,put_the_cream_cheese_in_the_bowl_moved,,,,,,,,,,,,,4,put the cream cheese in the bowl moved,put the cream cheese in the bowl moved level4 sample2,put_the_cream_cheese_in_the_bowl_moved_level4_sample2
2166,Objects Layout,5,0,put_the_cream_cheese_in_the_bowl_moved,,,,,,,,,,,,,4,put the cream cheese in the bowl moved,put the cream cheese in the bowl moved level4 sample3,put_the_cream_cheese_in_the_bowl_moved_level4_sample3
2167,Objects Layout,5,0,put_the_cream_cheese_in_the_bowl_moved,,,,,,,,,,,,,5,put the cream cheese in the bowl moved,put the cream cheese in the bowl moved level5 sample1,put_the_cream_cheese_in_the_bowl_moved_level5_sample1
2168,Objects Layout,5,0,put_the_cream_cheese_in_the_bowl_moved,,,,,,,,,,,,,5,put the cream cheese in the bowl moved,put the cream cheese in the bowl moved level5 sample2,put_the_cream_cheese_in_the_bowl_moved_level5_sample2
2169,Objects Layout,5,0,put_the_cream_cheese_in_the_bowl_moved,,,,,,,,,,,,,5,put the cream cheese in the bowl moved,put the cream cheese in the bowl moved level5 sample3,put_the_cream_cheese_in_the_bowl_moved_level5_sample3
2170,Objects Layout,5,0,put_the_cream_cheese_in_the_bowl_moved,,,,,,,,,,,,,5,put the cream cheese in the bowl moved,put the cream cheese in the bowl moved level5 sample4,put_the_cream_cheese_in_the_bowl_moved_level5_sample4
2171,Objects Layout,1,4,put_the_wine_bottle_on_the_rack,,,,,,,,,,,,1,,put the wine bottle on the rack,put the wine bottle on the rack add 1,put_the_wine_bottle_on_the_rack_add_1
2172,Objects Layout,1,4,put_the_wine_bottle_on_the_rack,,,,,,,,,,,,10,,put the wine bottle on the rack,put the wine bottle on the rack add 10,put_the_wine_bottle_on_the_rack_add_10
2173,Objects Layout,1,4,put_the_wine_bottle_on_the_rack,,,,,,,,,,,,11,,put the wine bottle on the rack,put the wine bottle on the rack add 11,put_the_wine_bottle_on_the_rack_add_11
2174,Objects Layout,1,4,put_the_wine_bottle_on_the_rack,,,,,,,,,,,,12,,put the wine bottle on the rack,put the wine bottle on the rack add 12,put_the_wine_bottle_on_the_rack_add_12
2175,Objects Layout,1,4,put_the_wine_bottle_on_the_rack,,,,,,,,,,,,13,,put the wine bottle on the rack,put the wine bottle on the rack add 13,put_the_wine_bottle_on_the_rack_add_13
2176,Objects Layout,1,4,put_the_wine_bottle_on_the_rack,,,,,,,,,,,,14,,put the wine bottle on the rack,put the wine bottle on the rack add 14,put_the_wine_bottle_on_the_rack_add_14
2177,Objects Layout,1,4,put_the_wine_bottle_on_the_rack,,,,,,,,,,,,15,,put the wine bottle on the rack,put the wine bottle on the rack add 15,put_the_wine_bottle_on_the_rack_add_15
2178,Objects Layout,1,4,put_the_wine_bottle_on_the_rack,,,,,,,,,,,,16,,put the wine bottle on the rack,put the wine bottle on the rack add 16,put_the_wine_bottle_on_the_rack_add_16
2179,Objects Layout,2,3,put_the_wine_bottle_on_the_rack,,,,,,,,,,,,17,,put the wine bottle on the rack,put the wine bottle on the rack add 17,put_the_wine_bottle_on_the_rack_add_17
2180,Objects Layout,1,4,put_the_wine_bottle_on_the_rack,,,,,,,,,,,,18,,put the wine bottle on the rack,put the wine bottle on the rack add 18,put_the_wine_bottle_on_the_rack_add_18
2181,Objects Layout,2,3,put_the_wine_bottle_on_the_rack,,,,,,,,,,,,19,,put the wine bottle on the rack,put the wine bottle on the rack add 19,put_the_wine_bottle_on_the_rack_add_19
2182,Objects Layout,1,4,put_the_wine_bottle_on_the_rack,,,,,,,,,,,,2,,put the wine bottle on the rack,put the wine bottle on the rack add 2,put_the_wine_bottle_on_the_rack_add_2
2183,Objects Layout,1,4,put_the_wine_bottle_on_the_rack,,,,,,,,,,,,20,,put the wine bottle on the rack,put the wine bottle on the rack add 20,put_the_wine_bottle_on_the_rack_add_20
2184,Objects Layout,1,4,put_the_wine_bottle_on_the_rack,,,,,,,,,,,,21,,put the wine bottle on the rack,put the wine bottle on the rack add 21,put_the_wine_bottle_on_the_rack_add_21
2185,Objects Layout,1,4,put_the_wine_bottle_on_the_rack,,,,,,,,,,,,22,,put the wine bottle on the rack,put the wine bottle on the rack add 22,put_the_wine_bottle_on_the_rack_add_22
2186,Objects Layout,2,3,put_the_wine_bottle_on_the_rack,,,,,,,,,,,,23,,put the wine bottle on the rack,put the wine bottle on the rack add 23,put_the_wine_bottle_on_the_rack_add_23
2187,Objects Layout,1,4,put_the_wine_bottle_on_the_rack,,,,,,,,,,,,24,,put the wine bottle on the rack,put the wine bottle on the rack add 24,put_the_wine_bottle_on_the_rack_add_24
2188,Objects Layout,1,4,put_the_wine_bottle_on_the_rack,,,,,,,,,,,,25,,put the wine bottle on the rack,put the wine bottle on the rack add 25,put_the_wine_bottle_on_the_rack_add_25
2189,Objects Layout,2,3,put_the_wine_bottle_on_the_rack,,,,,,,,,,,,26,,put the wine bottle on the rack,put the wine bottle on the rack add 26,put_the_wine_bottle_on_the_rack_add_26
2190,Objects Layout,1,4,put_the_wine_bottle_on_the_rack,,,,,,,,,,,,27,,put the wine bottle on the rack,put the wine bottle on the rack add 27,put_the_wine_bottle_on_the_rack_add_27
2191,Objects Layout,2,3,put_the_wine_bottle_on_the_rack,,,,,,,,,,,,28,,put the wine bottle on the rack,put the wine bottle on the rack add 28,put_the_wine_bottle_on_the_rack_add_28
2192,Objects Layout,1,4,put_the_wine_bottle_on_the_rack,,,,,,,,,,,,29,,put the wine bottle on the rack,put the wine bottle on the rack add 29,put_the_wine_bottle_on_the_rack_add_29
2193,Objects Layout,1,4,put_the_wine_bottle_on_the_rack,,,,,,,,,,,,3,,put the wine bottle on the rack,put the wine bottle on the rack add 3,put_the_wine_bottle_on_the_rack_add_3
2194,Objects Layout,1,4,put_the_wine_bottle_on_the_rack,,,,,,,,,,,,30,,put the wine bottle on the rack,put the wine bottle on the rack add 30,put_the_wine_bottle_on_the_rack_add_30
2195,Objects Layout,1,4,put_the_wine_bottle_on_the_rack,,,,,,,,,,,,4,,put the wine bottle on the rack,put the wine bottle on the rack add 4,put_the_wine_bottle_on_the_rack_add_4
2196,Objects Layout,1,4,put_the_wine_bottle_on_the_rack,,,,,,,,,,,,5,,put the wine bottle on the rack,put the wine bottle on the rack add 5,put_the_wine_bottle_on_the_rack_add_5
2197,Objects Layout,1,4,put_the_wine_bottle_on_the_rack,,,,,,,,,,,,6,,put the wine bottle on the rack,put the wine bottle on the rack add 6,put_the_wine_bottle_on_the_rack_add_6
2198,Objects Layout,1,4,put_the_wine_bottle_on_the_rack,,,,,,,,,,,,7,,put the wine bottle on the rack,put the wine bottle on the rack add 7,put_the_wine_bottle_on_the_rack_add_7
2199,Objects Layout,1,4,put_the_wine_bottle_on_the_rack,,,,,,,,,,,,8,,put the wine bottle on the rack,put the wine bottle on the rack add 8,put_the_wine_bottle_on_the_rack_add_8
2200,Objects Layout,1,4,put_the_wine_bottle_on_the_rack,,,,,,,,,,,,9,,put the wine bottle on the rack,put the wine bottle on the rack add 9,put_the_wine_bottle_on_the_rack_add_9
2201,Objects Layout,1,4,put_the_wine_bottle_on_the_rack_moved,,,,,,,,,,,,,1,put the wine bottle on the rack moved,put the wine bottle on the rack moved level1 sample1,put_the_wine_bottle_on_the_rack_moved_level1_sample1
2202,Objects Layout,2,3,put_the_wine_bottle_on_the_rack_moved,,,,,,,,,,,,,1,put the wine bottle on the rack moved,put the wine bottle on the rack moved level1 sample2,put_the_wine_bottle_on_the_rack_moved_level1_sample2
2203,Objects Layout,4,1,put_the_wine_bottle_on_the_rack_moved,,,,,,,,,,,,,1,put the wine bottle on the rack moved,put the wine bottle on the rack moved level1 sample3,put_the_wine_bottle_on_the_rack_moved_level1_sample3
2204,Objects Layout,4,1,put_the_wine_bottle_on_the_rack_moved,,,,,,,,,,,,,1,put the wine bottle on the rack moved,put the wine bottle on the rack moved level1 sample4,put_the_wine_bottle_on_the_rack_moved_level1_sample4
2205,Objects Layout,4,1,put_the_wine_bottle_on_the_rack_moved,,,,,,,,,,,,,2,put the wine bottle on the rack moved,put the wine bottle on the rack moved level2 sample1,put_the_wine_bottle_on_the_rack_moved_level2_sample1
2206,Objects Layout,4,1,put_the_wine_bottle_on_the_rack_moved,,,,,,,,,,,,,2,put the wine bottle on the rack moved,put the wine bottle on the rack moved level2 sample2,put_the_wine_bottle_on_the_rack_moved_level2_sample2
2207,Objects Layout,4,1,put_the_wine_bottle_on_the_rack_moved,,,,,,,,,,,,,2,put the wine bottle on the rack moved,put the wine bottle on the rack moved level2 sample3,put_the_wine_bottle_on_the_rack_moved_level2_sample3
2208,Objects Layout,5,0,put_the_wine_bottle_on_the_rack_moved,,,,,,,,,,,,,2,put the wine bottle on the rack moved,put the wine bottle on the rack moved level2 sample4,put_the_wine_bottle_on_the_rack_moved_level2_sample4
2209,Objects Layout,3,2,put_the_wine_bottle_on_the_rack_moved,,,,,,,,,,,,,3,put the wine bottle on the rack moved,put the wine bottle on the rack moved level3 sample1,put_the_wine_bottle_on_the_rack_moved_level3_sample1
2210,Objects Layout,4,1,put_the_wine_bottle_on_the_rack_moved,,,,,,,,,,,,,3,put the wine bottle on the rack moved,put the wine bottle on the rack moved level3 sample2,put_the_wine_bottle_on_the_rack_moved_level3_sample2
2211,Objects Layout,5,0,put_the_wine_bottle_on_the_rack_moved,,,,,,,,,,,,,3,put the wine bottle on the rack moved,put the wine bottle on the rack moved level3 sample3,put_the_wine_bottle_on_the_rack_moved_level3_sample3
2212,Objects Layout,4,1,put_the_wine_bottle_on_the_rack_moved,,,,,,,,,,,,,3,put the wine bottle on the rack moved,put the wine bottle on the rack moved level3 sample4,put_the_wine_bottle_on_the_rack_moved_level3_sample4
2213,Objects Layout,5,0,put_the_wine_bottle_on_the_rack_moved,,,,,,,,,,,,,4,put the wine bottle on the rack moved,put the wine bottle on the rack moved level4 sample1,put_the_wine_bottle_on_the_rack_moved_level4_sample1
2214,Objects Layout,5,0,put_the_wine_bottle_on_the_rack_moved,,,,,,,,,,,,,4,put the wine bottle on the rack moved,put the wine bottle on the rack moved level4 sample3,put_the_wine_bottle_on_the_rack_moved_level4_sample3
2215,Objects Layout,5,0,put_the_wine_bottle_on_the_rack_moved,,,,,,,,,,,,,4,put the wine bottle on the rack moved,put the wine bottle on the rack moved level4 sample4,put_the_wine_bottle_on_the_rack_moved_level4_sample4
2216,Objects Layout,5,0,put_the_wine_bottle_on_the_rack_moved,,,,,,,,,,,,,5,put the wine bottle on the rack moved,put the wine bottle on the rack moved level5 sample1,put_the_wine_bottle_on_the_rack_moved_level5_sample1
2217,Objects Layout,5,0,put_the_wine_bottle_on_the_rack_moved,,,,,,,,,,,,,5,put the wine bottle on the rack moved,put the wine bottle on the rack moved level5 sample2,put_the_wine_bottle_on_the_rack_moved_level5_sample2
2218,Objects Layout,5,0,put_the_wine_bottle_on_the_rack_moved,,,,,,,,,,,,,5,put the wine bottle on the rack moved,put the wine bottle on the rack moved level5 sample3,put_the_wine_bottle_on_the_rack_moved_level5_sample3
2219,Objects Layout,4,1,put_the_wine_bottle_on_the_rack_moved,,,,,,,,,,,,,5,put the wine bottle on the rack moved,put the wine bottle on the rack moved level5 sample4,put_the_wine_bottle_on_the_rack_moved_level5_sample4
2220,Objects Layout,1,4,put_the_wine_bottle_on_top_of_the_cabinet,,,,,,,,,,,,10,,put the wine bottle on top of the cabinet,put the wine bottle on top of the cabinet add 10,put_the_wine_bottle_on_top_of_the_cabinet_add_10
2221,Objects Layout,3,2,put_the_wine_bottle_on_top_of_the_cabinet,,,,,,,,,,,,12,,put the wine bottle on top of the cabinet,put the wine bottle on top of the cabinet add 12,put_the_wine_bottle_on_top_of_the_cabinet_add_12
2222,Objects Layout,2,3,put_the_wine_bottle_on_top_of_the_cabinet,,,,,,,,,,,,13,,put the wine bottle on top of the cabinet,put the wine bottle on top of the cabinet add 13,put_the_wine_bottle_on_top_of_the_cabinet_add_13
2223,Objects Layout,1,4,put_the_wine_bottle_on_top_of_the_cabinet,,,,,,,,,,,,14,,put the wine bottle on top of the cabinet,put the wine bottle on top of the cabinet add 14,put_the_wine_bottle_on_top_of_the_cabinet_add_14
2224,Objects Layout,2,3,put_the_wine_bottle_on_top_of_the_cabinet,,,,,,,,,,,,15,,put the wine bottle on top of the cabinet,put the wine bottle on top of the cabinet add 15,put_the_wine_bottle_on_top_of_the_cabinet_add_15
2225,Objects Layout,1,4,put_the_wine_bottle_on_top_of_the_cabinet,,,,,,,,,,,,16,,put the wine bottle on top of the cabinet,put the wine bottle on top of the cabinet add 16,put_the_wine_bottle_on_top_of_the_cabinet_add_16
2226,Objects Layout,1,4,put_the_wine_bottle_on_top_of_the_cabinet,,,,,,,,,,,,17,,put the wine bottle on top of the cabinet,put the wine bottle on top of the cabinet add 17,put_the_wine_bottle_on_top_of_the_cabinet_add_17
2227,Objects Layout,2,3,put_the_wine_bottle_on_top_of_the_cabinet,,,,,,,,,,,,18,,put the wine bottle on top of the cabinet,put the wine bottle on top of the cabinet add 18,put_the_wine_bottle_on_top_of_the_cabinet_add_18
2228,Objects Layout,2,3,put_the_wine_bottle_on_top_of_the_cabinet,,,,,,,,,,,,19,,put the wine bottle on top of the cabinet,put the wine bottle on top of the cabinet add 19,put_the_wine_bottle_on_top_of_the_cabinet_add_19
2229,Objects Layout,1,4,put_the_wine_bottle_on_top_of_the_cabinet,,,,,,,,,,,,20,,put the wine bottle on top of the cabinet,put the wine bottle on top of the cabinet add 20,put_the_wine_bottle_on_top_of_the_cabinet_add_20
2230,Objects Layout,2,3,put_the_wine_bottle_on_top_of_the_cabinet,,,,,,,,,,,,21,,put the wine bottle on top of the cabinet,put the wine bottle on top of the cabinet add 21,put_the_wine_bottle_on_top_of_the_cabinet_add_21
2231,Objects Layout,1,4,put_the_wine_bottle_on_top_of_the_cabinet,,,,,,,,,,,,22,,put the wine bottle on top of the cabinet,put the wine bottle on top of the cabinet add 22,put_the_wine_bottle_on_top_of_the_cabinet_add_22
2232,Objects Layout,1,4,put_the_wine_bottle_on_top_of_the_cabinet,,,,,,,,,,,,24,,put the wine bottle on top of the cabinet,put the wine bottle on top of the cabinet add 24,put_the_wine_bottle_on_top_of_the_cabinet_add_24
2233,Objects Layout,2,3,put_the_wine_bottle_on_top_of_the_cabinet,,,,,,,,,,,,25,,put the wine bottle on top of the cabinet,put the wine bottle on top of the cabinet add 25,put_the_wine_bottle_on_top_of_the_cabinet_add_25
2234,Objects Layout,2,3,put_the_wine_bottle_on_top_of_the_cabinet,,,,,,,,,,,,26,,put the wine bottle on top of the cabinet,put the wine bottle on top of the cabinet add 26,put_the_wine_bottle_on_top_of_the_cabinet_add_26
2235,Objects Layout,1,4,put_the_wine_bottle_on_top_of_the_cabinet,,,,,,,,,,,,27,,put the wine bottle on top of the cabinet,put the wine bottle on top of the cabinet add 27,put_the_wine_bottle_on_top_of_the_cabinet_add_27
2236,Objects Layout,1,4,put_the_wine_bottle_on_top_of_the_cabinet,,,,,,,,,,,,28,,put the wine bottle on top of the cabinet,put the wine bottle on top of the cabinet add 28,put_the_wine_bottle_on_top_of_the_cabinet_add_28
2237,Objects Layout,1,4,put_the_wine_bottle_on_top_of_the_cabinet,,,,,,,,,,,,29,,put the wine bottle on top of the cabinet,put the wine bottle on top of the cabinet add 29,put_the_wine_bottle_on_top_of_the_cabinet_add_29
2238,Objects Layout,3,2,put_the_wine_bottle_on_top_of_the_cabinet,,,,,,,,,,,,30,,put the wine bottle on top of the cabinet,put the wine bottle on top of the cabinet add 30,put_the_wine_bottle_on_top_of_the_cabinet_add_30
2239,Objects Layout,1,4,put_the_wine_bottle_on_top_of_the_cabinet,,,,,,,,,,,,4,,put the wine bottle on top of the cabinet,put the wine bottle on top of the cabinet add 4,put_the_wine_bottle_on_top_of_the_cabinet_add_4
2240,Objects Layout,1,4,put_the_wine_bottle_on_top_of_the_cabinet,,,,,,,,,,,,5,,put the wine bottle on top of the cabinet,put the wine bottle on top of the cabinet add 5,put_the_wine_bottle_on_top_of_the_cabinet_add_5
2241,Objects Layout,1,4,put_the_wine_bottle_on_top_of_the_cabinet,,,,,,,,,,,,6,,put the wine bottle on top of the cabinet,put the wine bottle on top of the cabinet add 6,put_the_wine_bottle_on_top_of_the_cabinet_add_6
2242,Objects Layout,2,3,put_the_wine_bottle_on_top_of_the_cabinet,,,,,,,,,,,,7,,put the wine bottle on top of the cabinet,put the wine bottle on top of the cabinet add 7,put_the_wine_bottle_on_top_of_the_cabinet_add_7
2243,Objects Layout,2,3,put_the_wine_bottle_on_top_of_the_cabinet,,,,,,,,,,,,8,,put the wine bottle on top of the cabinet,put the wine bottle on top of the cabinet add 8,put_the_wine_bottle_on_top_of_the_cabinet_add_8
2244,Objects Layout,1,4,put_the_wine_bottle_on_top_of_the_cabinet,,,,,,,,,,,,9,,put the wine bottle on top of the cabinet,put the wine bottle on top of the cabinet add 9,put_the_wine_bottle_on_top_of_the_cabinet_add_9
2245,Objects Layout,3,2,put_the_wine_bottle_on_top_of_the_cabinet_moved,,,,,,,,,,,,,1,put the wine bottle on top of the cabinet moved,put the wine bottle on top of the cabinet moved level1 sample1,put_the_wine_bottle_on_top_of_the_cabinet_moved_level1_sample1
2246,Objects Layout,3,2,put_the_wine_bottle_on_top_of_the_cabinet_moved,,,,,,,,,,,,,1,put the wine bottle on top of the cabinet moved,put the wine bottle on top of the cabinet moved level1 sample2,put_the_wine_bottle_on_top_of_the_cabinet_moved_level1_sample2
2247,Objects Layout,3,2,put_the_wine_bottle_on_top_of_the_cabinet_moved,,,,,,,,,,,,,1,put the wine bottle on top of the cabinet moved,put the wine bottle on top of the cabinet moved level1 sample3,put_the_wine_bottle_on_top_of_the_cabinet_moved_level1_sample3
2248,Objects Layout,2,3,put_the_wine_bottle_on_top_of_the_cabinet_moved,,,,,,,,,,,,,1,put the wine bottle on top of the cabinet moved,put the wine bottle on top of the cabinet moved level1 sample4,put_the_wine_bottle_on_top_of_the_cabinet_moved_level1_sample4
2249,Objects Layout,5,0,put_the_wine_bottle_on_top_of_the_cabinet_moved,,,,,,,,,,,,,2,put the wine bottle on top of the cabinet moved,put the wine bottle on top of the cabinet moved level2 sample1,put_the_wine_bottle_on_top_of_the_cabinet_moved_level2_sample1
2250,Objects Layout,5,0,put_the_wine_bottle_on_top_of_the_cabinet_moved,,,,,,,,,,,,,2,put the wine bottle on top of the cabinet moved,put the wine bottle on top of the cabinet moved level2 sample2,put_the_wine_bottle_on_top_of_the_cabinet_moved_level2_sample2
2251,Objects Layout,1,4,put_the_wine_bottle_on_top_of_the_cabinet_moved,,,,,,,,,,,,,2,put the wine bottle on top of the cabinet moved,put the wine bottle on top of the cabinet moved level2 sample3,put_the_wine_bottle_on_top_of_the_cabinet_moved_level2_sample3
2252,Objects Layout,4,1,put_the_wine_bottle_on_top_of_the_cabinet_moved,,,,,,,,,,,,,2,put the wine bottle on top of the cabinet moved,put the wine bottle on top of the cabinet moved level2 sample4,put_the_wine_bottle_on_top_of_the_cabinet_moved_level2_sample4
2253,Objects Layout,5,0,put_the_wine_bottle_on_top_of_the_cabinet_moved,,,,,,,,,,,,,3,put the wine bottle on top of the cabinet moved,put the wine bottle on top of the cabinet moved level3 sample1,put_the_wine_bottle_on_top_of_the_cabinet_moved_level3_sample1
2254,Objects Layout,4,1,put_the_wine_bottle_on_top_of_the_cabinet_moved,,,,,,,,,,,,,3,put the wine bottle on top of the cabinet moved,put the wine bottle on top of the cabinet moved level3 sample2,put_the_wine_bottle_on_top_of_the_cabinet_moved_level3_sample2
2255,Objects Layout,5,0,put_the_wine_bottle_on_top_of_the_cabinet_moved,,,,,,,,,,,,,3,put the wine bottle on top of the cabinet moved,put the wine bottle on top of the cabinet moved level3 sample3,put_the_wine_bottle_on_top_of_the_cabinet_moved_level3_sample3
2256,Objects Layout,5,0,put_the_wine_bottle_on_top_of_the_cabinet_moved,,,,,,,,,,,,,3,put the wine bottle on top of the cabinet moved,put the wine bottle on top of the cabinet moved level3 sample4,put_the_wine_bottle_on_top_of_the_cabinet_moved_level3_sample4
2257,Objects Layout,5,0,put_the_wine_bottle_on_top_of_the_cabinet_moved,,,,,,,,,,,,,4,put the wine bottle on top of the cabinet moved,put the wine bottle on top of the cabinet moved level4 sample1,put_the_wine_bottle_on_top_of_the_cabinet_moved_level4_sample1
2258,Objects Layout,5,0,put_the_wine_bottle_on_top_of_the_cabinet_moved,,,,,,,,,,,,,4,put the wine bottle on top of the cabinet moved,put the wine bottle on top of the cabinet moved level4 sample2,put_the_wine_bottle_on_top_of_the_cabinet_moved_level4_sample2
2259,Objects Layout,5,0,put_the_wine_bottle_on_top_of_the_cabinet_moved,,,,,,,,,,,,,4,put the wine bottle on top of the cabinet moved,put the wine bottle on top of the cabinet moved level4 sample3,put_the_wine_bottle_on_top_of_the_cabinet_moved_level4_sample3
2260,Objects Layout,5,0,put_the_wine_bottle_on_top_of_the_cabinet_moved,,,,,,,,,,,,,4,put the wine bottle on top of the cabinet moved,put the wine bottle on top of the cabinet moved level4 sample4,put_the_wine_bottle_on_top_of_the_cabinet_moved_level4_sample4
2261,Objects Layout,5,0,put_the_wine_bottle_on_top_of_the_cabinet_moved,,,,,,,,,,,,,5,put the wine bottle on top of the cabinet moved,put the wine bottle on top of the cabinet moved level5 sample2,put_the_wine_bottle_on_top_of_the_cabinet_moved_level5_sample2
2262,Objects Layout,5,0,put_the_wine_bottle_on_top_of_the_cabinet_moved,,,,,,,,,,,,,5,put the wine bottle on top of the cabinet moved,put the wine bottle on top of the cabinet moved level5 sample3,put_the_wine_bottle_on_top_of_the_cabinet_moved_level5_sample3
2263,Objects Layout,5,0,put_the_wine_bottle_on_top_of_the_cabinet_moved,,,,,,,,,,,,,5,put the wine bottle on top of the cabinet moved,put the wine bottle on top of the cabinet moved level5 sample4,put_the_wine_bottle_on_top_of_the_cabinet_moved_level5_sample4
2264,Objects Layout,1,4,turn_on_the_stove,,,,,,,,,,,,1,,turn on the stove,turn on the stove add 1,turn_on_the_stove_add_1
2265,Objects Layout,2,3,turn_on_the_stove,,,,,,,,,,,,10,,turn on the stove,turn on the stove add 10,turn_on_the_stove_add_10
2266,Objects Layout,2,3,turn_on_the_stove,,,,,,,,,,,,11,,turn on the stove,turn on the stove add 11,turn_on_the_stove_add_11
2267,Objects Layout,1,4,turn_on_the_stove,,,,,,,,,,,,12,,turn on the stove,turn on the stove add 12,turn_on_the_stove_add_12
2268,Objects Layout,1,4,turn_on_the_stove,,,,,,,,,,,,13,,turn on the stove,turn on the stove add 13,turn_on_the_stove_add_13
2269,Objects Layout,1,4,turn_on_the_stove,,,,,,,,,,,,14,,turn on the stove,turn on the stove add 14,turn_on_the_stove_add_14
2270,Objects Layout,2,3,turn_on_the_stove,,,,,,,,,,,,15,,turn on the stove,turn on the stove add 15,turn_on_the_stove_add_15
2271,Objects Layout,2,3,turn_on_the_stove,,,,,,,,,,,,16,,turn on the stove,turn on the stove add 16,turn_on_the_stove_add_16
2272,Objects Layout,1,4,turn_on_the_stove,,,,,,,,,,,,17,,turn on the stove,turn on the stove add 17,turn_on_the_stove_add_17
2273,Objects Layout,2,3,turn_on_the_stove,,,,,,,,,,,,18,,turn on the stove,turn on the stove add 18,turn_on_the_stove_add_18
2274,Objects Layout,2,3,turn_on_the_stove,,,,,,,,,,,,19,,turn on the stove,turn on the stove add 19,turn_on_the_stove_add_19
2275,Objects Layout,2,3,turn_on_the_stove,,,,,,,,,,,,2,,turn on the stove,turn on the stove add 2,turn_on_the_stove_add_2
2276,Objects Layout,3,2,turn_on_the_stove,,,,,,,,,,,,20,,turn on the stove,turn on the stove add 20,turn_on_the_stove_add_20
2277,Objects Layout,1,4,turn_on_the_stove,,,,,,,,,,,,21,,turn on the stove,turn on the stove add 21,turn_on_the_stove_add_21
2278,Objects Layout,2,3,turn_on_the_stove,,,,,,,,,,,,22,,turn on the stove,turn on the stove add 22,turn_on_the_stove_add_22
2279,Objects Layout,2,3,turn_on_the_stove,,,,,,,,,,,,23,,turn on the stove,turn on the stove add 23,turn_on_the_stove_add_23
2280,Objects Layout,2,3,turn_on_the_stove,,,,,,,,,,,,24,,turn on the stove,turn on the stove add 24,turn_on_the_stove_add_24
2281,Objects Layout,2,3,turn_on_the_stove,,,,,,,,,,,,25,,turn on the stove,turn on the stove add 25,turn_on_the_stove_add_25
2282,Objects Layout,1,4,turn_on_the_stove,,,,,,,,,,,,26,,turn on the stove,turn on the stove add 26,turn_on_the_stove_add_26
2283,Objects Layout,2,3,turn_on_the_stove,,,,,,,,,,,,27,,turn on the stove,turn on the stove add 27,turn_on_the_stove_add_27
2284,Objects Layout,1,4,turn_on_the_stove,,,,,,,,,,,,28,,turn on the stove,turn on the stove add 28,turn_on_the_stove_add_28
2285,Objects Layout,3,2,turn_on_the_stove,,,,,,,,,,,,29,,turn on the stove,turn on the stove add 29,turn_on_the_stove_add_29
2286,Objects Layout,1,4,turn_on_the_stove,,,,,,,,,,,,3,,turn on the stove,turn on the stove add 3,turn_on_the_stove_add_3
2287,Objects Layout,1,4,turn_on_the_stove,,,,,,,,,,,,30,,turn on the stove,turn on the stove add 30,turn_on_the_stove_add_30
2288,Objects Layout,1,4,turn_on_the_stove,,,,,,,,,,,,4,,turn on the stove,turn on the stove add 4,turn_on_the_stove_add_4
2289,Objects Layout,1,4,turn_on_the_stove,,,,,,,,,,,,5,,turn on the stove,turn on the stove add 5,turn_on_the_stove_add_5
2290,Objects Layout,1,4,turn_on_the_stove,,,,,,,,,,,,6,,turn on the stove,turn on the stove add 6,turn_on_the_stove_add_6
2291,Objects Layout,2,3,turn_on_the_stove,,,,,,,,,,,,7,,turn on the stove,turn on the stove add 7,turn_on_the_stove_add_7
2292,Objects Layout,1,4,turn_on_the_stove,,,,,,,,,,,,8,,turn on the stove,turn on the stove add 8,turn_on_the_stove_add_8
2293,Objects Layout,1,4,turn_on_the_stove,,,,,,,,,,,,9,,turn on the stove,turn on the stove add 9,turn_on_the_stove_add_9
2294,Objects Layout,3,2,turn_on_the_stove_moved,,,,,,,,,,,,,1,turn on the stove moved,turn on the stove moved level1 sample1,turn_on_the_stove_moved_level1_sample1
2295,Objects Layout,3,2,turn_on_the_stove_moved,,,,,,,,,,,,,1,turn on the stove moved,turn on the stove moved level1 sample2,turn_on_the_stove_moved_level1_sample2
2296,Objects Layout,3,2,turn_on_the_stove_moved,,,,,,,,,,,,,1,turn on the stove moved,turn on the stove moved level1 sample3,turn_on_the_stove_moved_level1_sample3
2297,Objects Layout,3,2,turn_on_the_stove_moved,,,,,,,,,,,,,1,turn on the stove moved,turn on the stove moved level1 sample4,turn_on_the_stove_moved_level1_sample4
2298,Objects Layout,5,0,turn_on_the_stove_moved,,,,,,,,,,,,,2,turn on the stove moved,turn on the stove moved level2 sample1,turn_on_the_stove_moved_level2_sample1
2299,Objects Layout,5,0,turn_on_the_stove_moved,,,,,,,,,,,,,2,turn on the stove moved,turn on the stove moved level2 sample2,turn_on_the_stove_moved_level2_sample2
2300,Objects Layout,4,1,turn_on_the_stove_moved,,,,,,,,,,,,,2,turn on the stove moved,turn on the stove moved level2 sample4,turn_on_the_stove_moved_level2_sample4
2301,Objects Layout,5,0,turn_on_the_stove_moved,,,,,,,,,,,,,3,turn on the stove moved,turn on the stove moved level3 sample1,turn_on_the_stove_moved_level3_sample1
2302,Objects Layout,4,1,turn_on_the_stove_moved,,,,,,,,,,,,,3,turn on the stove moved,turn on the stove moved level3 sample2,turn_on_the_stove_moved_level3_sample2
2303,Objects Layout,5,0,turn_on_the_stove_moved,,,,,,,,,,,,,3,turn on the stove moved,turn on the stove moved level3 sample3,turn_on_the_stove_moved_level3_sample3
2304,Objects Layout,4,1,turn_on_the_stove_moved,,,,,,,,,,,,,3,turn on the stove moved,turn on the stove moved level3 sample4,turn_on_the_stove_moved_level3_sample4
2305,Objects Layout,4,1,turn_on_the_stove_moved,,,,,,,,,,,,,4,turn on the stove moved,turn on the stove moved level4 sample1,turn_on_the_stove_moved_level4_sample1
2306,Objects Layout,5,0,turn_on_the_stove_moved,,,,,,,,,,,,,4,turn on the stove moved,turn on the stove moved level4 sample2,turn_on_the_stove_moved_level4_sample2
2307,Objects Layout,5,0,turn_on_the_stove_moved,,,,,,,,,,,,,4,turn on the stove moved,turn on the stove moved level4 sample3,turn_on_the_stove_moved_level4_sample3
2308,Objects Layout,5,0,turn_on_the_stove_moved,,,,,,,,,,,,,4,turn on the stove moved,turn on the stove moved level4 sample4,turn_on_the_stove_moved_level4_sample4
2309,Objects Layout,5,0,turn_on_the_stove_moved,,,,,,,,,,,,,5,turn on the stove moved,turn on the stove moved level5 sample1,turn_on_the_stove_moved_level5_sample1
2310,Objects Layout,4,1,turn_on_the_stove_moved,,,,,,,,,,,,,5,turn on the stove moved,turn on the stove moved level5 sample3,turn_on_the_stove_moved_level5_sample3
2311,Objects Layout,5,0,turn_on_the_stove_moved,,,,,,,,,,,,,5,turn on the stove moved,turn on the stove moved level5 sample4,turn_on_the_stove_moved_level5_sample4
2312,Light Conditions,2,3,open_the_middle_drawer_of_the_cabinet,,,,,,,,,1,,,,,open the middle drawer of the cabinet,open the middle drawer of the cabinet light 1,open_the_middle_drawer_of_the_cabinet_light_1
2313,Light Conditions,1,4,open_the_middle_drawer_of_the_cabinet,,,,,,,,,10,,,,,open the middle drawer of the cabinet,open the middle drawer of the cabinet light 10,open_the_middle_drawer_of_the_cabinet_light_10
2314,Light Conditions,,,open_the_middle_drawer_of_the_cabinet,,,,,,,,,11,,,,,open the middle drawer of the cabinet,open the middle drawer of the cabinet light 11,open_the_middle_drawer_of_the_cabinet_light_11
2315,Light Conditions,,,open_the_middle_drawer_of_the_cabinet,,,,,,,,,12,,,,,open the middle drawer of the cabinet,open the middle drawer of the cabinet light 12,open_the_middle_drawer_of_the_cabinet_light_12
2316,Light Conditions,,,open_the_middle_drawer_of_the_cabinet,,,,,,,,,13,,,,,open the middle drawer of the cabinet,open the middle drawer of the cabinet light 13,open_the_middle_drawer_of_the_cabinet_light_13
2317,Light Conditions,,,open_the_middle_drawer_of_the_cabinet,,,,,,,,,14,,,,,open the middle drawer of the cabinet,open the middle drawer of the cabinet light 14,open_the_middle_drawer_of_the_cabinet_light_14
2318,Light Conditions,,,open_the_middle_drawer_of_the_cabinet,,,,,,,,,15,,,,,open the middle drawer of the cabinet,open the middle drawer of the cabinet light 15,open_the_middle_drawer_of_the_cabinet_light_15
2319,Light Conditions,1,4,open_the_middle_drawer_of_the_cabinet,,,,,,,,,16,,,,,open the middle drawer of the cabinet,open the middle drawer of the cabinet light 16,open_the_middle_drawer_of_the_cabinet_light_16
2320,Light Conditions,1,4,open_the_middle_drawer_of_the_cabinet,,,,,,,,,17,,,,,open the middle drawer of the cabinet,open the middle drawer of the cabinet light 17,open_the_middle_drawer_of_the_cabinet_light_17
2321,Light Conditions,,,open_the_middle_drawer_of_the_cabinet,,,,,,,,,18,,,,,open the middle drawer of the cabinet,open the middle drawer of the cabinet light 18,open_the_middle_drawer_of_the_cabinet_light_18
2322,Light Conditions,2,3,open_the_middle_drawer_of_the_cabinet,,,,,,,,,19,,,,,open the middle drawer of the cabinet,open the middle drawer of the cabinet light 19,open_the_middle_drawer_of_the_cabinet_light_19
2323,Light Conditions,1,4,open_the_middle_drawer_of_the_cabinet,,,,,,,,,2,,,,,open the middle drawer of the cabinet,open the middle drawer of the cabinet light 2,open_the_middle_drawer_of_the_cabinet_light_2
2324,Light Conditions,,,open_the_middle_drawer_of_the_cabinet,,,,,,,,,20,,,,,open the middle drawer of the cabinet,open the middle drawer of the cabinet light 20,open_the_middle_drawer_of_the_cabinet_light_20
2325,Light Conditions,,,open_the_middle_drawer_of_the_cabinet,,,,,,,,,21,,,,,open the middle drawer of the cabinet,open the middle drawer of the cabinet light 21,open_the_middle_drawer_of_the_cabinet_light_21
2326,Light Conditions,,,open_the_middle_drawer_of_the_cabinet,,,,,,,,,24,,,,,open the middle drawer of the cabinet,open the middle drawer of the cabinet light 24,open_the_middle_drawer_of_the_cabinet_light_24
2327,Light Conditions,,,open_the_middle_drawer_of_the_cabinet,,,,,,,,,25,,,,,open the middle drawer of the cabinet,open the middle drawer of the cabinet light 25,open_the_middle_drawer_of_the_cabinet_light_25
2328,Light Conditions,,,open_the_middle_drawer_of_the_cabinet,,,,,,,,,26,,,,,open the middle drawer of the cabinet,open the middle drawer of the cabinet light 26,open_the_middle_drawer_of_the_cabinet_light_26
2329,Light Conditions,,,open_the_middle_drawer_of_the_cabinet,,,,,,,,,27,,,,,open the middle drawer of the cabinet,open the middle drawer of the cabinet light 27,open_the_middle_drawer_of_the_cabinet_light_27
2330,Light Conditions,,,open_the_middle_drawer_of_the_cabinet,,,,,,,,,28,,,,,open the middle drawer of the cabinet,open the middle drawer of the cabinet light 28,open_the_middle_drawer_of_the_cabinet_light_28
2331,Light Conditions,,,open_the_middle_drawer_of_the_cabinet,,,,,,,,,29,,,,,open the middle drawer of the cabinet,open the middle drawer of the cabinet light 29,open_the_middle_drawer_of_the_cabinet_light_29
2332,Light Conditions,2,3,open_the_middle_drawer_of_the_cabinet,,,,,,,,,3,,,,,open the middle drawer of the cabinet,open the middle drawer of the cabinet light 3,open_the_middle_drawer_of_the_cabinet_light_3
2333,Light Conditions,3,2,open_the_middle_drawer_of_the_cabinet,,,,,,,,,30,,,,,open the middle drawer of the cabinet,open the middle drawer of the cabinet light 30,open_the_middle_drawer_of_the_cabinet_light_30
2334,Light Conditions,,,open_the_middle_drawer_of_the_cabinet,,,,,,,,,31,,,,,open the middle drawer of the cabinet,open the middle drawer of the cabinet light 31,open_the_middle_drawer_of_the_cabinet_light_31
2335,Light Conditions,2,3,open_the_middle_drawer_of_the_cabinet,,,,,,,,,33,,,,,open the middle drawer of the cabinet,open the middle drawer of the cabinet light 33,open_the_middle_drawer_of_the_cabinet_light_33
2336,Light Conditions,4,1,open_the_middle_drawer_of_the_cabinet,,,,,,,,,34,,,,,open the middle drawer of the cabinet,open the middle drawer of the cabinet light 34,open_the_middle_drawer_of_the_cabinet_light_34
2337,Light Conditions,1,4,open_the_middle_drawer_of_the_cabinet,,,,,,,,,35,,,,,open the middle drawer of the cabinet,open the middle drawer of the cabinet light 35,open_the_middle_drawer_of_the_cabinet_light_35
2338,Light Conditions,3,2,open_the_middle_drawer_of_the_cabinet,,,,,,,,,36,,,,,open the middle drawer of the cabinet,open the middle drawer of the cabinet light 36,open_the_middle_drawer_of_the_cabinet_light_36
2339,Light Conditions,2,3,open_the_middle_drawer_of_the_cabinet,,,,,,,,,38,,,,,open the middle drawer of the cabinet,open the middle drawer of the cabinet light 38,open_the_middle_drawer_of_the_cabinet_light_38
2340,Light Conditions,,,open_the_middle_drawer_of_the_cabinet,,,,,,,,,4,,,,,open the middle drawer of the cabinet,open the middle drawer of the cabinet light 4,open_the_middle_drawer_of_the_cabinet_light_4
2341,Light Conditions,1,4,open_the_middle_drawer_of_the_cabinet,,,,,,,,,41,,,,,open the middle drawer of the cabinet,open the middle drawer of the cabinet light 41,open_the_middle_drawer_of_the_cabinet_light_41
2342,Light Conditions,,,open_the_middle_drawer_of_the_cabinet,,,,,,,,,42,,,,,open the middle drawer of the cabinet,open the middle drawer of the cabinet light 42,open_the_middle_drawer_of_the_cabinet_light_42
2343,Light Conditions,2,3,open_the_middle_drawer_of_the_cabinet,,,,,,,,,43,,,,,open the middle drawer of the cabinet,open the middle drawer of the cabinet light 43,open_the_middle_drawer_of_the_cabinet_light_43
2344,Light Conditions,2,3,open_the_middle_drawer_of_the_cabinet,,,,,,,,,45,,,,,open the middle drawer of the cabinet,open the middle drawer of the cabinet light 45,open_the_middle_drawer_of_the_cabinet_light_45
2345,Light Conditions,2,3,open_the_middle_drawer_of_the_cabinet,,,,,,,,,46,,,,,open the middle drawer of the cabinet,open the middle drawer of the cabinet light 46,open_the_middle_drawer_of_the_cabinet_light_46
2346,Light Conditions,2,3,open_the_middle_drawer_of_the_cabinet,,,,,,,,,47,,,,,open the middle drawer of the cabinet,open the middle drawer of the cabinet light 47,open_the_middle_drawer_of_the_cabinet_light_47
2347,Light Conditions,2,3,open_the_middle_drawer_of_the_cabinet,,,,,,,,,48,,,,,open the middle drawer of the cabinet,open the middle drawer of the cabinet light 48,open_the_middle_drawer_of_the_cabinet_light_48
2348,Light Conditions,1,4,open_the_middle_drawer_of_the_cabinet,,,,,,,,,49,,,,,open the middle drawer of the cabinet,open the middle drawer of the cabinet light 49,open_the_middle_drawer_of_the_cabinet_light_49
2349,Light Conditions,,,open_the_middle_drawer_of_the_cabinet,,,,,,,,,5,,,,,open the middle drawer of the cabinet,open the middle drawer of the cabinet light 5,open_the_middle_drawer_of_the_cabinet_light_5
2350,Light Conditions,3,2,open_the_middle_drawer_of_the_cabinet,,,,,,,,,50,,,,,open the middle drawer of the cabinet,open the middle drawer of the cabinet light 50,open_the_middle_drawer_of_the_cabinet_light_50
2351,Light Conditions,,,open_the_middle_drawer_of_the_cabinet,,,,,,,,,7,,,,,open the middle drawer of the cabinet,open the middle drawer of the cabinet light 7,open_the_middle_drawer_of_the_cabinet_light_7
2352,Light Conditions,2,3,open_the_middle_drawer_of_the_cabinet,,,,,,,,,8,,,,,open the middle drawer of the cabinet,open the middle drawer of the cabinet light 8,open_the_middle_drawer_of_the_cabinet_light_8
2353,Light Conditions,1,4,open_the_middle_drawer_of_the_cabinet,,,,,,,,,9,,,,,open the middle drawer of the cabinet,open the middle drawer of the cabinet light 9,open_the_middle_drawer_of_the_cabinet_light_9
2354,Light Conditions,,,open_the_top_drawer_and_put_the_bowl_inside,,,,,,,,,1,,,,,open the top drawer and put the bowl inside,open the top drawer and put the bowl inside light 1,open_the_top_drawer_and_put_the_bowl_inside_light_1
2355,Light Conditions,,,open_the_top_drawer_and_put_the_bowl_inside,,,,,,,,,10,,,,,open the top drawer and put the bowl inside,open the top drawer and put the bowl inside light 10,open_the_top_drawer_and_put_the_bowl_inside_light_10
2356,Light Conditions,,,open_the_top_drawer_and_put_the_bowl_inside,,,,,,,,,11,,,,,open the top drawer and put the bowl inside,open the top drawer and put the bowl inside light 11,open_the_top_drawer_and_put_the_bowl_inside_light_11
2357,Light Conditions,,,open_the_top_drawer_and_put_the_bowl_inside,,,,,,,,,12,,,,,open the top drawer and put the bowl inside,open the top drawer and put the bowl inside light 12,open_the_top_drawer_and_put_the_bowl_inside_light_12
2358,Light Conditions,,,open_the_top_drawer_and_put_the_bowl_inside,,,,,,,,,13,,,,,open the top drawer and put the bowl inside,open the top drawer and put the bowl inside light 13,open_the_top_drawer_and_put_the_bowl_inside_light_13
2359,Light Conditions,,,open_the_top_drawer_and_put_the_bowl_inside,,,,,,,,,14,,,,,open the top drawer and put the bowl inside,open the top drawer and put the bowl inside light 14,open_the_top_drawer_and_put_the_bowl_inside_light_14
2360,Light Conditions,,,open_the_top_drawer_and_put_the_bowl_inside,,,,,,,,,15,,,,,open the top drawer and put the bowl inside,open the top drawer and put the bowl inside light 15,open_the_top_drawer_and_put_the_bowl_inside_light_15
2361,Light Conditions,2,3,open_the_top_drawer_and_put_the_bowl_inside,,,,,,,,,16,,,,,open the top drawer and put the bowl inside,open the top drawer and put the bowl inside light 16,open_the_top_drawer_and_put_the_bowl_inside_light_16
2362,Light Conditions,1,4,open_the_top_drawer_and_put_the_bowl_inside,,,,,,,,,17,,,,,open the top drawer and put the bowl inside,open the top drawer and put the bowl inside light 17,open_the_top_drawer_and_put_the_bowl_inside_light_17
2363,Light Conditions,3,2,open_the_top_drawer_and_put_the_bowl_inside,,,,,,,,,18,,,,,open the top drawer and put the bowl inside,open the top drawer and put the bowl inside light 18,open_the_top_drawer_and_put_the_bowl_inside_light_18
2364,Light Conditions,,,open_the_top_drawer_and_put_the_bowl_inside,,,,,,,,,19,,,,,open the top drawer and put the bowl inside,open the top drawer and put the bowl inside light 19,open_the_top_drawer_and_put_the_bowl_inside_light_19
2365,Light Conditions,2,3,open_the_top_drawer_and_put_the_bowl_inside,,,,,,,,,2,,,,,open the top drawer and put the bowl inside,open the top drawer and put the bowl inside light 2,open_the_top_drawer_and_put_the_bowl_inside_light_2
2366,Light Conditions,,,open_the_top_drawer_and_put_the_bowl_inside,,,,,,,,,20,,,,,open the top drawer and put the bowl inside,open the top drawer and put the bowl inside light 20,open_the_top_drawer_and_put_the_bowl_inside_light_20
2367,Light Conditions,,,open_the_top_drawer_and_put_the_bowl_inside,,,,,,,,,21,,,,,open the top drawer and put the bowl inside,open the top drawer and put the bowl inside light 21,open_the_top_drawer_and_put_the_bowl_inside_light_21
2368,Light Conditions,2,3,open_the_top_drawer_and_put_the_bowl_inside,,,,,,,,,22,,,,,open the top drawer and put the bowl inside,open the top drawer and put the bowl inside light 22,open_the_top_drawer_and_put_the_bowl_inside_light_22
2369,Light Conditions,3,2,open_the_top_drawer_and_put_the_bowl_inside,,,,,,,,,23,,,,,open the top drawer and put the bowl inside,open the top drawer and put the bowl inside light 23,open_the_top_drawer_and_put_the_bowl_inside_light_23
2370,Light Conditions,,,open_the_top_drawer_and_put_the_bowl_inside,,,,,,,,,24,,,,,open the top drawer and put the bowl inside,open the top drawer and put the bowl inside light 24,open_the_top_drawer_and_put_the_bowl_inside_light_24
2371,Light Conditions,,,open_the_top_drawer_and_put_the_bowl_inside,,,,,,,,,25,,,,,open the top drawer and put the bowl inside,open the top drawer and put the bowl inside light 25,open_the_top_drawer_and_put_the_bowl_inside_light_25
2372,Light Conditions,,,open_the_top_drawer_and_put_the_bowl_inside,,,,,,,,,26,,,,,open the top drawer and put the bowl inside,open the top drawer and put the bowl inside light 26,open_the_top_drawer_and_put_the_bowl_inside_light_26
2373,Light Conditions,,,open_the_top_drawer_and_put_the_bowl_inside,,,,,,,,,27,,,,,open the top drawer and put the bowl inside,open the top drawer and put the bowl inside light 27,open_the_top_drawer_and_put_the_bowl_inside_light_27
2374,Light Conditions,4,1,open_the_top_drawer_and_put_the_bowl_inside,,,,,,,,,28,,,,,open the top drawer and put the bowl inside,open the top drawer and put the bowl inside light 28,open_the_top_drawer_and_put_the_bowl_inside_light_28
2375,Light Conditions,3,2,open_the_top_drawer_and_put_the_bowl_inside,,,,,,,,,29,,,,,open the top drawer and put the bowl inside,open the top drawer and put the bowl inside light 29,open_the_top_drawer_and_put_the_bowl_inside_light_29
2376,Light Conditions,,,open_the_top_drawer_and_put_the_bowl_inside,,,,,,,,,3,,,,,open the top drawer and put the bowl inside,open the top drawer and put the bowl inside light 3,open_the_top_drawer_and_put_the_bowl_inside_light_3
2377,Light Conditions,5,0,open_the_top_drawer_and_put_the_bowl_inside,,,,,,,,,30,,,,,open the top drawer and put the bowl inside,open the top drawer and put the bowl inside light 30,open_the_top_drawer_and_put_the_bowl_inside_light_30
2378,Light Conditions,5,0,open_the_top_drawer_and_put_the_bowl_inside,,,,,,,,,31,,,,,open the top drawer and put the bowl inside,open the top drawer and put the bowl inside light 31,open_the_top_drawer_and_put_the_bowl_inside_light_31
2379,Light Conditions,5,0,open_the_top_drawer_and_put_the_bowl_inside,,,,,,,,,32,,,,,open the top drawer and put the bowl inside,open the top drawer and put the bowl inside light 32,open_the_top_drawer_and_put_the_bowl_inside_light_32
2380,Light Conditions,4,1,open_the_top_drawer_and_put_the_bowl_inside,,,,,,,,,33,,,,,open the top drawer and put the bowl inside,open the top drawer and put the bowl inside light 33,open_the_top_drawer_and_put_the_bowl_inside_light_33
2381,Light Conditions,5,0,open_the_top_drawer_and_put_the_bowl_inside,,,,,,,,,34,,,,,open the top drawer and put the bowl inside,open the top drawer and put the bowl inside light 34,open_the_top_drawer_and_put_the_bowl_inside_light_34
2382,Light Conditions,5,0,open_the_top_drawer_and_put_the_bowl_inside,,,,,,,,,35,,,,,open the top drawer and put the bowl inside,open the top drawer and put the bowl inside light 35,open_the_top_drawer_and_put_the_bowl_inside_light_35
2383,Light Conditions,4,1,open_the_top_drawer_and_put_the_bowl_inside,,,,,,,,,36,,,,,open the top drawer and put the bowl inside,open the top drawer and put the bowl inside light 36,open_the_top_drawer_and_put_the_bowl_inside_light_36
2384,Light Conditions,4,1,open_the_top_drawer_and_put_the_bowl_inside,,,,,,,,,37,,,,,open the top drawer and put the bowl inside,open the top drawer and put the bowl inside light 37,open_the_top_drawer_and_put_the_bowl_inside_light_37
2385,Light Conditions,5,0,open_the_top_drawer_and_put_the_bowl_inside,,,,,,,,,38,,,,,open the top drawer and put the bowl inside,open the top drawer and put the bowl inside light 38,open_the_top_drawer_and_put_the_bowl_inside_light_38
2386,Light Conditions,1,4,open_the_top_drawer_and_put_the_bowl_inside,,,,,,,,,39,,,,,open the top drawer and put the bowl inside,open the top drawer and put the bowl inside light 39,open_the_top_drawer_and_put_the_bowl_inside_light_39
2387,Light Conditions,,,open_the_top_drawer_and_put_the_bowl_inside,,,,,,,,,4,,,,,open the top drawer and put the bowl inside,open the top drawer and put the bowl inside light 4,open_the_top_drawer_and_put_the_bowl_inside_light_4
2388,Light Conditions,4,1,open_the_top_drawer_and_put_the_bowl_inside,,,,,,,,,40,,,,,open the top drawer and put the bowl inside,open the top drawer and put the bowl inside light 40,open_the_top_drawer_and_put_the_bowl_inside_light_40
2389,Light Conditions,5,0,open_the_top_drawer_and_put_the_bowl_inside,,,,,,,,,41,,,,,open the top drawer and put the bowl inside,open the top drawer and put the bowl inside light 41,open_the_top_drawer_and_put_the_bowl_inside_light_41
2390,Light Conditions,4,1,open_the_top_drawer_and_put_the_bowl_inside,,,,,,,,,42,,,,,open the top drawer and put the bowl inside,open the top drawer and put the bowl inside light 42,open_the_top_drawer_and_put_the_bowl_inside_light_42
2391,Light Conditions,3,2,open_the_top_drawer_and_put_the_bowl_inside,,,,,,,,,43,,,,,open the top drawer and put the bowl inside,open the top drawer and put the bowl inside light 43,open_the_top_drawer_and_put_the_bowl_inside_light_43
2392,Light Conditions,3,2,open_the_top_drawer_and_put_the_bowl_inside,,,,,,,,,44,,,,,open the top drawer and put the bowl inside,open the top drawer and put the bowl inside light 44,open_the_top_drawer_and_put_the_bowl_inside_light_44
2393,Light Conditions,5,0,open_the_top_drawer_and_put_the_bowl_inside,,,,,,,,,45,,,,,open the top drawer and put the bowl inside,open the top drawer and put the bowl inside light 45,open_the_top_drawer_and_put_the_bowl_inside_light_45
2394,Light Conditions,4,1,open_the_top_drawer_and_put_the_bowl_inside,,,,,,,,,46,,,,,open the top drawer and put the bowl inside,open the top drawer and put the bowl inside light 46,open_the_top_drawer_and_put_the_bowl_inside_light_46
2395,Light Conditions,3,2,open_the_top_drawer_and_put_the_bowl_inside,,,,,,,,,47,,,,,open the top drawer and put the bowl inside,open the top drawer and put the bowl inside light 47,open_the_top_drawer_and_put_the_bowl_inside_light_47
2396,Light Conditions,4,1,open_the_top_drawer_and_put_the_bowl_inside,,,,,,,,,48,,,,,open the top drawer and put the bowl inside,open the top drawer and put the bowl inside light 48,open_the_top_drawer_and_put_the_bowl_inside_light_48
2397,Light Conditions,3,2,open_the_top_drawer_and_put_the_bowl_inside,,,,,,,,,49,,,,,open the top drawer and put the bowl inside,open the top drawer and put the bowl inside light 49,open_the_top_drawer_and_put_the_bowl_inside_light_49
2398,Light Conditions,,,open_the_top_drawer_and_put_the_bowl_inside,,,,,,,,,5,,,,,open the top drawer and put the bowl inside,open the top drawer and put the bowl inside light 5,open_the_top_drawer_and_put_the_bowl_inside_light_5
2399,Light Conditions,4,1,open_the_top_drawer_and_put_the_bowl_inside,,,,,,,,,50,,,,,open the top drawer and put the bowl inside,open the top drawer and put the bowl inside light 50,open_the_top_drawer_and_put_the_bowl_inside_light_50
2400,Light Conditions,,,open_the_top_drawer_and_put_the_bowl_inside,,,,,,,,,6,,,,,open the top drawer and put the bowl inside,open the top drawer and put the bowl inside light 6,open_the_top_drawer_and_put_the_bowl_inside_light_6
2401,Light Conditions,,,open_the_top_drawer_and_put_the_bowl_inside,,,,,,,,,7,,,,,open the top drawer and put the bowl inside,open the top drawer and put the bowl inside light 7,open_the_top_drawer_and_put_the_bowl_inside_light_7
2402,Light Conditions,,,open_the_top_drawer_and_put_the_bowl_inside,,,,,,,,,8,,,,,open the top drawer and put the bowl inside,open the top drawer and put the bowl inside light 8,open_the_top_drawer_and_put_the_bowl_inside_light_8
2403,Light Conditions,,,open_the_top_drawer_and_put_the_bowl_inside,,,,,,,,,9,,,,,open the top drawer and put the bowl inside,open the top drawer and put the bowl inside light 9,open_the_top_drawer_and_put_the_bowl_inside_light_9
2404,Light Conditions,1,4,push_the_plate_to_the_front_of_the_stove,,,,,,,,,1,,,,,push the plate to the front of the stove,push the plate to the front of the stove light 1,push_the_plate_to_the_front_of_the_stove_light_1
2405,Light Conditions,1,4,push_the_plate_to_the_front_of_the_stove,,,,,,,,,10,,,,,push the plate to the front of the stove,push the plate to the front of the stove light 10,push_the_plate_to_the_front_of_the_stove_light_10
2406,Light Conditions,1,4,push_the_plate_to_the_front_of_the_stove,,,,,,,,,11,,,,,push the plate to the front of the stove,push the plate to the front of the stove light 11,push_the_plate_to_the_front_of_the_stove_light_11
2407,Light Conditions,1,4,push_the_plate_to_the_front_of_the_stove,,,,,,,,,13,,,,,push the plate to the front of the stove,push the plate to the front of the stove light 13,push_the_plate_to_the_front_of_the_stove_light_13
2408,Light Conditions,1,4,push_the_plate_to_the_front_of_the_stove,,,,,,,,,15,,,,,push the plate to the front of the stove,push the plate to the front of the stove light 15,push_the_plate_to_the_front_of_the_stove_light_15
2409,Light Conditions,1,4,push_the_plate_to_the_front_of_the_stove,,,,,,,,,17,,,,,push the plate to the front of the stove,push the plate to the front of the stove light 17,push_the_plate_to_the_front_of_the_stove_light_17
2410,Light Conditions,,,push_the_plate_to_the_front_of_the_stove,,,,,,,,,19,,,,,push the plate to the front of the stove,push the plate to the front of the stove light 19,push_the_plate_to_the_front_of_the_stove_light_19
2411,Light Conditions,,,push_the_plate_to_the_front_of_the_stove,,,,,,,,,2,,,,,push the plate to the front of the stove,push the plate to the front of the stove light 2,push_the_plate_to_the_front_of_the_stove_light_2
2412,Light Conditions,,,push_the_plate_to_the_front_of_the_stove,,,,,,,,,21,,,,,push the plate to the front of the stove,push the plate to the front of the stove light 21,push_the_plate_to_the_front_of_the_stove_light_21
2413,Light Conditions,1,4,push_the_plate_to_the_front_of_the_stove,,,,,,,,,22,,,,,push the plate to the front of the stove,push the plate to the front of the stove light 22,push_the_plate_to_the_front_of_the_stove_light_22
2414,Light Conditions,1,4,push_the_plate_to_the_front_of_the_stove,,,,,,,,,23,,,,,push the plate to the front of the stove,push the plate to the front of the stove light 23,push_the_plate_to_the_front_of_the_stove_light_23
2415,Light Conditions,,,push_the_plate_to_the_front_of_the_stove,,,,,,,,,24,,,,,push the plate to the front of the stove,push the plate to the front of the stove light 24,push_the_plate_to_the_front_of_the_stove_light_24
2416,Light Conditions,1,4,push_the_plate_to_the_front_of_the_stove,,,,,,,,,26,,,,,push the plate to the front of the stove,push the plate to the front of the stove light 26,push_the_plate_to_the_front_of_the_stove_light_26
2417,Light Conditions,2,3,push_the_plate_to_the_front_of_the_stove,,,,,,,,,27,,,,,push the plate to the front of the stove,push the plate to the front of the stove light 27,push_the_plate_to_the_front_of_the_stove_light_27
2418,Light Conditions,,,push_the_plate_to_the_front_of_the_stove,,,,,,,,,28,,,,,push the plate to the front of the stove,push the plate to the front of the stove light 28,push_the_plate_to_the_front_of_the_stove_light_28
2419,Light Conditions,3,2,push_the_plate_to_the_front_of_the_stove,,,,,,,,,29,,,,,push the plate to the front of the stove,push the plate to the front of the stove light 29,push_the_plate_to_the_front_of_the_stove_light_29
2420,Light Conditions,3,2,push_the_plate_to_the_front_of_the_stove,,,,,,,,,30,,,,,push the plate to the front of the stove,push the plate to the front of the stove light 30,push_the_plate_to_the_front_of_the_stove_light_30
2421,Light Conditions,2,3,push_the_plate_to_the_front_of_the_stove,,,,,,,,,31,,,,,push the plate to the front of the stove,push the plate to the front of the stove light 31,push_the_plate_to_the_front_of_the_stove_light_31
2422,Light Conditions,2,3,push_the_plate_to_the_front_of_the_stove,,,,,,,,,32,,,,,push the plate to the front of the stove,push the plate to the front of the stove light 32,push_the_plate_to_the_front_of_the_stove_light_32
2423,Light Conditions,2,3,push_the_plate_to_the_front_of_the_stove,,,,,,,,,33,,,,,push the plate to the front of the stove,push the plate to the front of the stove light 33,push_the_plate_to_the_front_of_the_stove_light_33
2424,Light Conditions,2,3,push_the_plate_to_the_front_of_the_stove,,,,,,,,,34,,,,,push the plate to the front of the stove,push the plate to the front of the stove light 34,push_the_plate_to_the_front_of_the_stove_light_34
2425,Light Conditions,1,4,push_the_plate_to_the_front_of_the_stove,,,,,,,,,35,,,,,push the plate to the front of the stove,push the plate to the front of the stove light 35,push_the_plate_to_the_front_of_the_stove_light_35
2426,Light Conditions,3,2,push_the_plate_to_the_front_of_the_stove,,,,,,,,,36,,,,,push the plate to the front of the stove,push the plate to the front of the stove light 36,push_the_plate_to_the_front_of_the_stove_light_36
2427,Light Conditions,2,3,push_the_plate_to_the_front_of_the_stove,,,,,,,,,37,,,,,push the plate to the front of the stove,push the plate to the front of the stove light 37,push_the_plate_to_the_front_of_the_stove_light_37
2428,Light Conditions,4,1,push_the_plate_to_the_front_of_the_stove,,,,,,,,,38,,,,,push the plate to the front of the stove,push the plate to the front of the stove light 38,push_the_plate_to_the_front_of_the_stove_light_38
2429,Light Conditions,3,2,push_the_plate_to_the_front_of_the_stove,,,,,,,,,39,,,,,push the plate to the front of the stove,push the plate to the front of the stove light 39,push_the_plate_to_the_front_of_the_stove_light_39
2430,Light Conditions,,,push_the_plate_to_the_front_of_the_stove,,,,,,,,,4,,,,,push the plate to the front of the stove,push the plate to the front of the stove light 4,push_the_plate_to_the_front_of_the_stove_light_4
2431,Light Conditions,4,1,push_the_plate_to_the_front_of_the_stove,,,,,,,,,40,,,,,push the plate to the front of the stove,push the plate to the front of the stove light 40,push_the_plate_to_the_front_of_the_stove_light_40
2432,Light Conditions,1,4,push_the_plate_to_the_front_of_the_stove,,,,,,,,,41,,,,,push the plate to the front of the stove,push the plate to the front of the stove light 41,push_the_plate_to_the_front_of_the_stove_light_41
2433,Light Conditions,2,3,push_the_plate_to_the_front_of_the_stove,,,,,,,,,42,,,,,push the plate to the front of the stove,push the plate to the front of the stove light 42,push_the_plate_to_the_front_of_the_stove_light_42
2434,Light Conditions,1,4,push_the_plate_to_the_front_of_the_stove,,,,,,,,,43,,,,,push the plate to the front of the stove,push the plate to the front of the stove light 43,push_the_plate_to_the_front_of_the_stove_light_43
2435,Light Conditions,2,3,push_the_plate_to_the_front_of_the_stove,,,,,,,,,44,,,,,push the plate to the front of the stove,push the plate to the front of the stove light 44,push_the_plate_to_the_front_of_the_stove_light_44
2436,Light Conditions,3,2,push_the_plate_to_the_front_of_the_stove,,,,,,,,,46,,,,,push the plate to the front of the stove,push the plate to the front of the stove light 46,push_the_plate_to_the_front_of_the_stove_light_46
2437,Light Conditions,2,3,push_the_plate_to_the_front_of_the_stove,,,,,,,,,48,,,,,push the plate to the front of the stove,push the plate to the front of the stove light 48,push_the_plate_to_the_front_of_the_stove_light_48
2438,Light Conditions,2,3,push_the_plate_to_the_front_of_the_stove,,,,,,,,,50,,,,,push the plate to the front of the stove,push the plate to the front of the stove light 50,push_the_plate_to_the_front_of_the_stove_light_50
2439,Light Conditions,,,push_the_plate_to_the_front_of_the_stove,,,,,,,,,6,,,,,push the plate to the front of the stove,push the plate to the front of the stove light 6,push_the_plate_to_the_front_of_the_stove_light_6
2440,Light Conditions,,,put_the_bowl_on_the_plate,,,,,,,,,1,,,,,put the bowl on the plate,put the bowl on the plate light 1,put_the_bowl_on_the_plate_light_1
2441,Light Conditions,,,put_the_bowl_on_the_plate,,,,,,,,,11,,,,,put the bowl on the plate,put the bowl on the plate light 11,put_the_bowl_on_the_plate_light_11
2442,Light Conditions,,,put_the_bowl_on_the_plate,,,,,,,,,13,,,,,put the bowl on the plate,put the bowl on the plate light 13,put_the_bowl_on_the_plate_light_13
2443,Light Conditions,2,3,put_the_bowl_on_the_plate,,,,,,,,,15,,,,,put the bowl on the plate,put the bowl on the plate light 15,put_the_bowl_on_the_plate_light_15
2444,Light Conditions,,,put_the_bowl_on_the_plate,,,,,,,,,16,,,,,put the bowl on the plate,put the bowl on the plate light 16,put_the_bowl_on_the_plate_light_16
2445,Light Conditions,,,put_the_bowl_on_the_plate,,,,,,,,,18,,,,,put the bowl on the plate,put the bowl on the plate light 18,put_the_bowl_on_the_plate_light_18
2446,Light Conditions,2,3,put_the_bowl_on_the_plate,,,,,,,,,2,,,,,put the bowl on the plate,put the bowl on the plate light 2,put_the_bowl_on_the_plate_light_2
2447,Light Conditions,,,put_the_bowl_on_the_plate,,,,,,,,,20,,,,,put the bowl on the plate,put the bowl on the plate light 20,put_the_bowl_on_the_plate_light_20
2448,Light Conditions,,,put_the_bowl_on_the_plate,,,,,,,,,24,,,,,put the bowl on the plate,put the bowl on the plate light 24,put_the_bowl_on_the_plate_light_24
2449,Light Conditions,,,put_the_bowl_on_the_plate,,,,,,,,,26,,,,,put the bowl on the plate,put the bowl on the plate light 26,put_the_bowl_on_the_plate_light_26
2450,Light Conditions,,,put_the_bowl_on_the_plate,,,,,,,,,27,,,,,put the bowl on the plate,put the bowl on the plate light 27,put_the_bowl_on_the_plate_light_27
2451,Light Conditions,1,4,put_the_bowl_on_the_plate,,,,,,,,,29,,,,,put the bowl on the plate,put the bowl on the plate light 29,put_the_bowl_on_the_plate_light_29
2452,Light Conditions,1,4,put_the_bowl_on_the_plate,,,,,,,,,34,,,,,put the bowl on the plate,put the bowl on the plate light 34,put_the_bowl_on_the_plate_light_34
2453,Light Conditions,,,put_the_bowl_on_the_plate,,,,,,,,,35,,,,,put the bowl on the plate,put the bowl on the plate light 35,put_the_bowl_on_the_plate_light_35
2454,Light Conditions,,,put_the_bowl_on_the_plate,,,,,,,,,36,,,,,put the bowl on the plate,put the bowl on the plate light 36,put_the_bowl_on_the_plate_light_36
2455,Light Conditions,,,put_the_bowl_on_the_plate,,,,,,,,,37,,,,,put the bowl on the plate,put the bowl on the plate light 37,put_the_bowl_on_the_plate_light_37
2456,Light Conditions,2,3,put_the_bowl_on_the_plate,,,,,,,,,38,,,,,put the bowl on the plate,put the bowl on the plate light 38,put_the_bowl_on_the_plate_light_38
2457,Light Conditions,3,2,put_the_bowl_on_the_plate,,,,,,,,,39,,,,,put the bowl on the plate,put the bowl on the plate light 39,put_the_bowl_on_the_plate_light_39
2458,Light Conditions,,,put_the_bowl_on_the_plate,,,,,,,,,4,,,,,put the bowl on the plate,put the bowl on the plate light 4,put_the_bowl_on_the_plate_light_4
2459,Light Conditions,,,put_the_bowl_on_the_plate,,,,,,,,,40,,,,,put the bowl on the plate,put the bowl on the plate light 40,put_the_bowl_on_the_plate_light_40
2460,Light Conditions,,,put_the_bowl_on_the_plate,,,,,,,,,42,,,,,put the bowl on the plate,put the bowl on the plate light 42,put_the_bowl_on_the_plate_light_42
2461,Light Conditions,,,put_the_bowl_on_the_plate,,,,,,,,,44,,,,,put the bowl on the plate,put the bowl on the plate light 44,put_the_bowl_on_the_plate_light_44
2462,Light Conditions,2,3,put_the_bowl_on_the_plate,,,,,,,,,49,,,,,put the bowl on the plate,put the bowl on the plate light 49,put_the_bowl_on_the_plate_light_49
2463,Light Conditions,,,put_the_bowl_on_the_plate,,,,,,,,,5,,,,,put the bowl on the plate,put the bowl on the plate light 5,put_the_bowl_on_the_plate_light_5
2464,Light Conditions,,,put_the_bowl_on_the_plate,,,,,,,,,7,,,,,put the bowl on the plate,put the bowl on the plate light 7,put_the_bowl_on_the_plate_light_7
2465,Light Conditions,,,put_the_bowl_on_the_plate,,,,,,,,,9,,,,,put the bowl on the plate,put the bowl on the plate light 9,put_the_bowl_on_the_plate_light_9
2466,Light Conditions,4,1,put_the_bowl_on_the_stove,,,,,,,,,11,,,,,put the bowl on the stove,put the bowl on the stove light 11,put_the_bowl_on_the_stove_light_11
2467,Light Conditions,5,0,put_the_bowl_on_the_stove,,,,,,,,,15,,,,,put the bowl on the stove,put the bowl on the stove light 15,put_the_bowl_on_the_stove_light_15
2468,Light Conditions,4,1,put_the_bowl_on_the_stove,,,,,,,,,24,,,,,put the bowl on the stove,put the bowl on the stove light 24,put_the_bowl_on_the_stove_light_24
2469,Light Conditions,4,1,put_the_bowl_on_the_stove,,,,,,,,,37,,,,,put the bowl on the stove,put the bowl on the stove light 37,put_the_bowl_on_the_stove_light_37
2470,Light Conditions,,,put_the_bowl_on_top_of_the_cabinet,,,,,,,,,10,,,,,put the bowl on top of the cabinet,put the bowl on top of the cabinet light 10,put_the_bowl_on_top_of_the_cabinet_light_10
2471,Light Conditions,,,put_the_bowl_on_top_of_the_cabinet,,,,,,,,,15,,,,,put the bowl on top of the cabinet,put the bowl on top of the cabinet light 15,put_the_bowl_on_top_of_the_cabinet_light_15
2472,Light Conditions,1,4,put_the_bowl_on_top_of_the_cabinet,,,,,,,,,2,,,,,put the bowl on top of the cabinet,put the bowl on top of the cabinet light 2,put_the_bowl_on_top_of_the_cabinet_light_2
2473,Light Conditions,1,4,put_the_bowl_on_top_of_the_cabinet,,,,,,,,,21,,,,,put the bowl on top of the cabinet,put the bowl on top of the cabinet light 21,put_the_bowl_on_top_of_the_cabinet_light_21
2474,Light Conditions,3,2,put_the_bowl_on_top_of_the_cabinet,,,,,,,,,24,,,,,put the bowl on top of the cabinet,put the bowl on top of the cabinet light 24,put_the_bowl_on_top_of_the_cabinet_light_24
2475,Light Conditions,,,put_the_bowl_on_top_of_the_cabinet,,,,,,,,,38,,,,,put the bowl on top of the cabinet,put the bowl on top of the cabinet light 38,put_the_bowl_on_top_of_the_cabinet_light_38
2476,Light Conditions,2,3,put_the_bowl_on_top_of_the_cabinet,,,,,,,,,39,,,,,put the bowl on top of the cabinet,put the bowl on top of the cabinet light 39,put_the_bowl_on_top_of_the_cabinet_light_39
2477,Light Conditions,,,put_the_bowl_on_top_of_the_cabinet,,,,,,,,,40,,,,,put the bowl on top of the cabinet,put the bowl on top of the cabinet light 40,put_the_bowl_on_top_of_the_cabinet_light_40
2478,Light Conditions,3,2,put_the_bowl_on_top_of_the_cabinet,,,,,,,,,44,,,,,put the bowl on top of the cabinet,put the bowl on top of the cabinet light 44,put_the_bowl_on_top_of_the_cabinet_light_44
2479,Light Conditions,,,put_the_bowl_on_top_of_the_cabinet,,,,,,,,,45,,,,,put the bowl on top of the cabinet,put the bowl on top of the cabinet light 45,put_the_bowl_on_top_of_the_cabinet_light_45
2480,Light Conditions,,,put_the_bowl_on_top_of_the_cabinet,,,,,,,,,50,,,,,put the bowl on top of the cabinet,put the bowl on top of the cabinet light 50,put_the_bowl_on_top_of_the_cabinet_light_50
2481,Light Conditions,1,4,put_the_bowl_on_top_of_the_cabinet,,,,,,,,,6,,,,,put the bowl on top of the cabinet,put the bowl on top of the cabinet light 6,put_the_bowl_on_top_of_the_cabinet_light_6
2482,Light Conditions,1,4,put_the_bowl_on_top_of_the_cabinet,,,,,,,,,8,,,,,put the bowl on top of the cabinet,put the bowl on top of the cabinet light 8,put_the_bowl_on_top_of_the_cabinet_light_8
2483,Light Conditions,,,put_the_cream_cheese_in_the_bowl,,,,,,,,,1,,,,,put the cream cheese in the bowl,put the cream cheese in the bowl light 1,put_the_cream_cheese_in_the_bowl_light_1
2484,Light Conditions,,,put_the_cream_cheese_in_the_bowl,,,,,,,,,10,,,,,put the cream cheese in the bowl,put the cream cheese in the bowl light 10,put_the_cream_cheese_in_the_bowl_light_10
2485,Light Conditions,2,3,put_the_cream_cheese_in_the_bowl,,,,,,,,,14,,,,,put the cream cheese in the bowl,put the cream cheese in the bowl light 14,put_the_cream_cheese_in_the_bowl_light_14
2486,Light Conditions,1,4,put_the_cream_cheese_in_the_bowl,,,,,,,,,15,,,,,put the cream cheese in the bowl,put the cream cheese in the bowl light 15,put_the_cream_cheese_in_the_bowl_light_15
2487,Light Conditions,1,4,put_the_cream_cheese_in_the_bowl,,,,,,,,,18,,,,,put the cream cheese in the bowl,put the cream cheese in the bowl light 18,put_the_cream_cheese_in_the_bowl_light_18
2488,Light Conditions,,,put_the_cream_cheese_in_the_bowl,,,,,,,,,21,,,,,put the cream cheese in the bowl,put the cream cheese in the bowl light 21,put_the_cream_cheese_in_the_bowl_light_21
2489,Light Conditions,1,4,put_the_cream_cheese_in_the_bowl,,,,,,,,,22,,,,,put the cream cheese in the bowl,put the cream cheese in the bowl light 22,put_the_cream_cheese_in_the_bowl_light_22
2490,Light Conditions,,,put_the_cream_cheese_in_the_bowl,,,,,,,,,25,,,,,put the cream cheese in the bowl,put the cream cheese in the bowl light 25,put_the_cream_cheese_in_the_bowl_light_25
2491,Light Conditions,,,put_the_cream_cheese_in_the_bowl,,,,,,,,,26,,,,,put the cream cheese in the bowl,put the cream cheese in the bowl light 26,put_the_cream_cheese_in_the_bowl_light_26
2492,Light Conditions,1,4,put_the_cream_cheese_in_the_bowl,,,,,,,,,27,,,,,put the cream cheese in the bowl,put the cream cheese in the bowl light 27,put_the_cream_cheese_in_the_bowl_light_27
2493,Light Conditions,1,4,put_the_cream_cheese_in_the_bowl,,,,,,,,,30,,,,,put the cream cheese in the bowl,put the cream cheese in the bowl light 30,put_the_cream_cheese_in_the_bowl_light_30
2494,Light Conditions,,,put_the_cream_cheese_in_the_bowl,,,,,,,,,32,,,,,put the cream cheese in the bowl,put the cream cheese in the bowl light 32,put_the_cream_cheese_in_the_bowl_light_32
2495,Light Conditions,,,put_the_cream_cheese_in_the_bowl,,,,,,,,,37,,,,,put the cream cheese in the bowl,put the cream cheese in the bowl light 37,put_the_cream_cheese_in_the_bowl_light_37
2496,Light Conditions,,,put_the_cream_cheese_in_the_bowl,,,,,,,,,38,,,,,put the cream cheese in the bowl,put the cream cheese in the bowl light 38,put_the_cream_cheese_in_the_bowl_light_38
2497,Light Conditions,1,4,put_the_cream_cheese_in_the_bowl,,,,,,,,,39,,,,,put the cream cheese in the bowl,put the cream cheese in the bowl light 39,put_the_cream_cheese_in_the_bowl_light_39
2498,Light Conditions,1,4,put_the_cream_cheese_in_the_bowl,,,,,,,,,41,,,,,put the cream cheese in the bowl,put the cream cheese in the bowl light 41,put_the_cream_cheese_in_the_bowl_light_41
2499,Light Conditions,1,4,put_the_cream_cheese_in_the_bowl,,,,,,,,,42,,,,,put the cream cheese in the bowl,put the cream cheese in the bowl light 42,put_the_cream_cheese_in_the_bowl_light_42
2500,Light Conditions,,,put_the_cream_cheese_in_the_bowl,,,,,,,,,44,,,,,put the cream cheese in the bowl,put the cream cheese in the bowl light 44,put_the_cream_cheese_in_the_bowl_light_44
2501,Light Conditions,,,put_the_cream_cheese_in_the_bowl,,,,,,,,,46,,,,,put the cream cheese in the bowl,put the cream cheese in the bowl light 46,put_the_cream_cheese_in_the_bowl_light_46
2502,Light Conditions,1,4,put_the_cream_cheese_in_the_bowl,,,,,,,,,48,,,,,put the cream cheese in the bowl,put the cream cheese in the bowl light 48,put_the_cream_cheese_in_the_bowl_light_48
2503,Light Conditions,4,1,put_the_cream_cheese_in_the_bowl,,,,,,,,,5,,,,,put the cream cheese in the bowl,put the cream cheese in the bowl light 5,put_the_cream_cheese_in_the_bowl_light_5
2504,Light Conditions,1,4,put_the_cream_cheese_in_the_bowl,,,,,,,,,50,,,,,put the cream cheese in the bowl,put the cream cheese in the bowl light 50,put_the_cream_cheese_in_the_bowl_light_50
2505,Light Conditions,,,put_the_cream_cheese_in_the_bowl,,,,,,,,,6,,,,,put the cream cheese in the bowl,put the cream cheese in the bowl light 6,put_the_cream_cheese_in_the_bowl_light_6
2506,Light Conditions,1,4,put_the_cream_cheese_in_the_bowl,,,,,,,,,7,,,,,put the cream cheese in the bowl,put the cream cheese in the bowl light 7,put_the_cream_cheese_in_the_bowl_light_7
2507,Light Conditions,,,put_the_cream_cheese_in_the_bowl,,,,,,,,,8,,,,,put the cream cheese in the bowl,put the cream cheese in the bowl light 8,put_the_cream_cheese_in_the_bowl_light_8
2508,Light Conditions,,,put_the_wine_bottle_on_the_rack,,,,,,,,,10,,,,,put the wine bottle on the rack,put the wine bottle on the rack light 10,put_the_wine_bottle_on_the_rack_light_10
2509,Light Conditions,2,3,put_the_wine_bottle_on_the_rack,,,,,,,,,11,,,,,put the wine bottle on the rack,put the wine bottle on the rack light 11,put_the_wine_bottle_on_the_rack_light_11
2510,Light Conditions,,,put_the_wine_bottle_on_the_rack,,,,,,,,,12,,,,,put the wine bottle on the rack,put the wine bottle on the rack light 12,put_the_wine_bottle_on_the_rack_light_12
2511,Light Conditions,2,3,put_the_wine_bottle_on_the_rack,,,,,,,,,13,,,,,put the wine bottle on the rack,put the wine bottle on the rack light 13,put_the_wine_bottle_on_the_rack_light_13
2512,Light Conditions,,,put_the_wine_bottle_on_the_rack,,,,,,,,,15,,,,,put the wine bottle on the rack,put the wine bottle on the rack light 15,put_the_wine_bottle_on_the_rack_light_15
2513,Light Conditions,,,put_the_wine_bottle_on_the_rack,,,,,,,,,16,,,,,put the wine bottle on the rack,put the wine bottle on the rack light 16,put_the_wine_bottle_on_the_rack_light_16
2514,Light Conditions,2,3,put_the_wine_bottle_on_the_rack,,,,,,,,,17,,,,,put the wine bottle on the rack,put the wine bottle on the rack light 17,put_the_wine_bottle_on_the_rack_light_17
2515,Light Conditions,,,put_the_wine_bottle_on_the_rack,,,,,,,,,18,,,,,put the wine bottle on the rack,put the wine bottle on the rack light 18,put_the_wine_bottle_on_the_rack_light_18
2516,Light Conditions,2,3,put_the_wine_bottle_on_the_rack,,,,,,,,,19,,,,,put the wine bottle on the rack,put the wine bottle on the rack light 19,put_the_wine_bottle_on_the_rack_light_19
2517,Light Conditions,2,3,put_the_wine_bottle_on_the_rack,,,,,,,,,2,,,,,put the wine bottle on the rack,put the wine bottle on the rack light 2,put_the_wine_bottle_on_the_rack_light_2
2518,Light Conditions,,,put_the_wine_bottle_on_the_rack,,,,,,,,,20,,,,,put the wine bottle on the rack,put the wine bottle on the rack light 20,put_the_wine_bottle_on_the_rack_light_20
2519,Light Conditions,2,3,put_the_wine_bottle_on_the_rack,,,,,,,,,21,,,,,put the wine bottle on the rack,put the wine bottle on the rack light 21,put_the_wine_bottle_on_the_rack_light_21
2520,Light Conditions,1,4,put_the_wine_bottle_on_the_rack,,,,,,,,,22,,,,,put the wine bottle on the rack,put the wine bottle on the rack light 22,put_the_wine_bottle_on_the_rack_light_22
2521,Light Conditions,2,3,put_the_wine_bottle_on_the_rack,,,,,,,,,24,,,,,put the wine bottle on the rack,put the wine bottle on the rack light 24,put_the_wine_bottle_on_the_rack_light_24
2522,Light Conditions,,,put_the_wine_bottle_on_the_rack,,,,,,,,,25,,,,,put the wine bottle on the rack,put the wine bottle on the rack light 25,put_the_wine_bottle_on_the_rack_light_25
2523,Light Conditions,,,put_the_wine_bottle_on_the_rack,,,,,,,,,26,,,,,put the wine bottle on the rack,put the wine bottle on the rack light 26,put_the_wine_bottle_on_the_rack_light_26
2524,Light Conditions,3,2,put_the_wine_bottle_on_the_rack,,,,,,,,,27,,,,,put the wine bottle on the rack,put the wine bottle on the rack light 27,put_the_wine_bottle_on_the_rack_light_27
2525,Light Conditions,3,2,put_the_wine_bottle_on_the_rack,,,,,,,,,28,,,,,put the wine bottle on the rack,put the wine bottle on the rack light 28,put_the_wine_bottle_on_the_rack_light_28
2526,Light Conditions,,,put_the_wine_bottle_on_the_rack,,,,,,,,,29,,,,,put the wine bottle on the rack,put the wine bottle on the rack light 29,put_the_wine_bottle_on_the_rack_light_29
2527,Light Conditions,,,put_the_wine_bottle_on_the_rack,,,,,,,,,31,,,,,put the wine bottle on the rack,put the wine bottle on the rack light 31,put_the_wine_bottle_on_the_rack_light_31
2528,Light Conditions,,,put_the_wine_bottle_on_the_rack,,,,,,,,,33,,,,,put the wine bottle on the rack,put the wine bottle on the rack light 33,put_the_wine_bottle_on_the_rack_light_33
2529,Light Conditions,,,put_the_wine_bottle_on_the_rack,,,,,,,,,35,,,,,put the wine bottle on the rack,put the wine bottle on the rack light 35,put_the_wine_bottle_on_the_rack_light_35
2530,Light Conditions,2,3,put_the_wine_bottle_on_the_rack,,,,,,,,,36,,,,,put the wine bottle on the rack,put the wine bottle on the rack light 36,put_the_wine_bottle_on_the_rack_light_36
2531,Light Conditions,,,put_the_wine_bottle_on_the_rack,,,,,,,,,39,,,,,put the wine bottle on the rack,put the wine bottle on the rack light 39,put_the_wine_bottle_on_the_rack_light_39
2532,Light Conditions,,,put_the_wine_bottle_on_the_rack,,,,,,,,,41,,,,,put the wine bottle on the rack,put the wine bottle on the rack light 41,put_the_wine_bottle_on_the_rack_light_41
2533,Light Conditions,3,2,put_the_wine_bottle_on_the_rack,,,,,,,,,43,,,,,put the wine bottle on the rack,put the wine bottle on the rack light 43,put_the_wine_bottle_on_the_rack_light_43
2534,Light Conditions,,,put_the_wine_bottle_on_the_rack,,,,,,,,,44,,,,,put the wine bottle on the rack,put the wine bottle on the rack light 44,put_the_wine_bottle_on_the_rack_light_44
2535,Light Conditions,,,put_the_wine_bottle_on_the_rack,,,,,,,,,46,,,,,put the wine bottle on the rack,put the wine bottle on the rack light 46,put_the_wine_bottle_on_the_rack_light_46
2536,Light Conditions,1,4,put_the_wine_bottle_on_the_rack,,,,,,,,,49,,,,,put the wine bottle on the rack,put the wine bottle on the rack light 49,put_the_wine_bottle_on_the_rack_light_49
2537,Light Conditions,2,3,put_the_wine_bottle_on_the_rack,,,,,,,,,5,,,,,put the wine bottle on the rack,put the wine bottle on the rack light 5,put_the_wine_bottle_on_the_rack_light_5
2538,Light Conditions,,,put_the_wine_bottle_on_the_rack,,,,,,,,,50,,,,,put the wine bottle on the rack,put the wine bottle on the rack light 50,put_the_wine_bottle_on_the_rack_light_50
2539,Light Conditions,2,3,put_the_wine_bottle_on_the_rack,,,,,,,,,6,,,,,put the wine bottle on the rack,put the wine bottle on the rack light 6,put_the_wine_bottle_on_the_rack_light_6
2540,Light Conditions,1,4,put_the_wine_bottle_on_the_rack,,,,,,,,,7,,,,,put the wine bottle on the rack,put the wine bottle on the rack light 7,put_the_wine_bottle_on_the_rack_light_7
2541,Light Conditions,,,put_the_wine_bottle_on_the_rack,,,,,,,,,8,,,,,put the wine bottle on the rack,put the wine bottle on the rack light 8,put_the_wine_bottle_on_the_rack_light_8
2542,Light Conditions,3,2,put_the_wine_bottle_on_top_of_the_cabinet,,,,,,,,,10,,,,,put the wine bottle on top of the cabinet,put the wine bottle on top of the cabinet light 10,put_the_wine_bottle_on_top_of_the_cabinet_light_10
2543,Light Conditions,3,2,put_the_wine_bottle_on_top_of_the_cabinet,,,,,,,,,11,,,,,put the wine bottle on top of the cabinet,put the wine bottle on top of the cabinet light 11,put_the_wine_bottle_on_top_of_the_cabinet_light_11
2544,Light Conditions,4,1,put_the_wine_bottle_on_top_of_the_cabinet,,,,,,,,,13,,,,,put the wine bottle on top of the cabinet,put the wine bottle on top of the cabinet light 13,put_the_wine_bottle_on_top_of_the_cabinet_light_13
2545,Light Conditions,5,0,put_the_wine_bottle_on_top_of_the_cabinet,,,,,,,,,14,,,,,put the wine bottle on top of the cabinet,put the wine bottle on top of the cabinet light 14,put_the_wine_bottle_on_top_of_the_cabinet_light_14
2546,Light Conditions,4,1,put_the_wine_bottle_on_top_of_the_cabinet,,,,,,,,,15,,,,,put the wine bottle on top of the cabinet,put the wine bottle on top of the cabinet light 15,put_the_wine_bottle_on_top_of_the_cabinet_light_15
2547,Light Conditions,5,0,put_the_wine_bottle_on_top_of_the_cabinet,,,,,,,,,18,,,,,put the wine bottle on top of the cabinet,put the wine bottle on top of the cabinet light 18,put_the_wine_bottle_on_top_of_the_cabinet_light_18
2548,Light Conditions,5,0,put_the_wine_bottle_on_top_of_the_cabinet,,,,,,,,,19,,,,,put the wine bottle on top of the cabinet,put the wine bottle on top of the cabinet light 19,put_the_wine_bottle_on_top_of_the_cabinet_light_19
2549,Light Conditions,2,3,put_the_wine_bottle_on_top_of_the_cabinet,,,,,,,,,2,,,,,put the wine bottle on top of the cabinet,put the wine bottle on top of the cabinet light 2,put_the_wine_bottle_on_top_of_the_cabinet_light_2
2550,Light Conditions,2,3,put_the_wine_bottle_on_top_of_the_cabinet,,,,,,,,,21,,,,,put the wine bottle on top of the cabinet,put the wine bottle on top of the cabinet light 21,put_the_wine_bottle_on_top_of_the_cabinet_light_21
2551,Light Conditions,2,3,put_the_wine_bottle_on_top_of_the_cabinet,,,,,,,,,22,,,,,put the wine bottle on top of the cabinet,put the wine bottle on top of the cabinet light 22,put_the_wine_bottle_on_top_of_the_cabinet_light_22
2552,Light Conditions,1,4,put_the_wine_bottle_on_top_of_the_cabinet,,,,,,,,,23,,,,,put the wine bottle on top of the cabinet,put the wine bottle on top of the cabinet light 23,put_the_wine_bottle_on_top_of_the_cabinet_light_23
2553,Light Conditions,5,0,put_the_wine_bottle_on_top_of_the_cabinet,,,,,,,,,3,,,,,put the wine bottle on top of the cabinet,put the wine bottle on top of the cabinet light 3,put_the_wine_bottle_on_top_of_the_cabinet_light_3
2554,Light Conditions,,,put_the_wine_bottle_on_top_of_the_cabinet,,,,,,,,,30,,,,,put the wine bottle on top of the cabinet,put the wine bottle on top of the cabinet light 30,put_the_wine_bottle_on_top_of_the_cabinet_light_30
2555,Light Conditions,,,put_the_wine_bottle_on_top_of_the_cabinet,,,,,,,,,32,,,,,put the wine bottle on top of the cabinet,put the wine bottle on top of the cabinet light 32,put_the_wine_bottle_on_top_of_the_cabinet_light_32
2556,Light Conditions,,,put_the_wine_bottle_on_top_of_the_cabinet,,,,,,,,,33,,,,,put the wine bottle on top of the cabinet,put the wine bottle on top of the cabinet light 33,put_the_wine_bottle_on_top_of_the_cabinet_light_33
2557,Light Conditions,,,put_the_wine_bottle_on_top_of_the_cabinet,,,,,,,,,34,,,,,put the wine bottle on top of the cabinet,put the wine bottle on top of the cabinet light 34,put_the_wine_bottle_on_top_of_the_cabinet_light_34
2558,Light Conditions,,,put_the_wine_bottle_on_top_of_the_cabinet,,,,,,,,,35,,,,,put the wine bottle on top of the cabinet,put the wine bottle on top of the cabinet light 35,put_the_wine_bottle_on_top_of_the_cabinet_light_35
2559,Light Conditions,,,put_the_wine_bottle_on_top_of_the_cabinet,,,,,,,,,36,,,,,put the wine bottle on top of the cabinet,put the wine bottle on top of the cabinet light 36,put_the_wine_bottle_on_top_of_the_cabinet_light_36
2560,Light Conditions,,,put_the_wine_bottle_on_top_of_the_cabinet,,,,,,,,,37,,,,,put the wine bottle on top of the cabinet,put the wine bottle on top of the cabinet light 37,put_the_wine_bottle_on_top_of_the_cabinet_light_37
2561,Light Conditions,1,4,put_the_wine_bottle_on_top_of_the_cabinet,,,,,,,,,39,,,,,put the wine bottle on top of the cabinet,put the wine bottle on top of the cabinet light 39,put_the_wine_bottle_on_top_of_the_cabinet_light_39
2562,Light Conditions,4,1,put_the_wine_bottle_on_top_of_the_cabinet,,,,,,,,,4,,,,,put the wine bottle on top of the cabinet,put the wine bottle on top of the cabinet light 4,put_the_wine_bottle_on_top_of_the_cabinet_light_4
2563,Light Conditions,,,put_the_wine_bottle_on_top_of_the_cabinet,,,,,,,,,40,,,,,put the wine bottle on top of the cabinet,put the wine bottle on top of the cabinet light 40,put_the_wine_bottle_on_top_of_the_cabinet_light_40
2564,Light Conditions,,,put_the_wine_bottle_on_top_of_the_cabinet,,,,,,,,,44,,,,,put the wine bottle on top of the cabinet,put the wine bottle on top of the cabinet light 44,put_the_wine_bottle_on_top_of_the_cabinet_light_44
2565,Light Conditions,,,put_the_wine_bottle_on_top_of_the_cabinet,,,,,,,,,45,,,,,put the wine bottle on top of the cabinet,put the wine bottle on top of the cabinet light 45,put_the_wine_bottle_on_top_of_the_cabinet_light_45
2566,Light Conditions,,,put_the_wine_bottle_on_top_of_the_cabinet,,,,,,,,,48,,,,,put the wine bottle on top of the cabinet,put the wine bottle on top of the cabinet light 48,put_the_wine_bottle_on_top_of_the_cabinet_light_48
2567,Light Conditions,,,put_the_wine_bottle_on_top_of_the_cabinet,,,,,,,,,49,,,,,put the wine bottle on top of the cabinet,put the wine bottle on top of the cabinet light 49,put_the_wine_bottle_on_top_of_the_cabinet_light_49
2568,Light Conditions,5,0,put_the_wine_bottle_on_top_of_the_cabinet,,,,,,,,,5,,,,,put the wine bottle on top of the cabinet,put the wine bottle on top of the cabinet light 5,put_the_wine_bottle_on_top_of_the_cabinet_light_5
2569,Light Conditions,4,1,put_the_wine_bottle_on_top_of_the_cabinet,,,,,,,,,8,,,,,put the wine bottle on top of the cabinet,put the wine bottle on top of the cabinet light 8,put_the_wine_bottle_on_top_of_the_cabinet_light_8
2570,Light Conditions,3,2,turn_on_the_stove,,,,,,,,,1,,,,,turn on the stove,turn on the stove light 1,turn_on_the_stove_light_1
2571,Light Conditions,2,3,turn_on_the_stove,,,,,,,,,11,,,,,turn on the stove,turn on the stove light 11,turn_on_the_stove_light_11
2572,Light Conditions,2,3,turn_on_the_stove,,,,,,,,,12,,,,,turn on the stove,turn on the stove light 12,turn_on_the_stove_light_12
2573,Light Conditions,1,4,turn_on_the_stove,,,,,,,,,13,,,,,turn on the stove,turn on the stove light 13,turn_on_the_stove_light_13
2574,Light Conditions,3,2,turn_on_the_stove,,,,,,,,,14,,,,,turn on the stove,turn on the stove light 14,turn_on_the_stove_light_14
2575,Light Conditions,1,4,turn_on_the_stove,,,,,,,,,19,,,,,turn on the stove,turn on the stove light 19,turn_on_the_stove_light_19
2576,Light Conditions,3,2,turn_on_the_stove,,,,,,,,,2,,,,,turn on the stove,turn on the stove light 2,turn_on_the_stove_light_2
2577,Light Conditions,2,3,turn_on_the_stove,,,,,,,,,20,,,,,turn on the stove,turn on the stove light 20,turn_on_the_stove_light_20
2578,Light Conditions,2,3,turn_on_the_stove,,,,,,,,,22,,,,,turn on the stove,turn on the stove light 22,turn_on_the_stove_light_22
2579,Light Conditions,,,turn_on_the_stove,,,,,,,,,23,,,,,turn on the stove,turn on the stove light 23,turn_on_the_stove_light_23
2580,Light Conditions,3,2,turn_on_the_stove,,,,,,,,,24,,,,,turn on the stove,turn on the stove light 24,turn_on_the_stove_light_24
2581,Light Conditions,,,turn_on_the_stove,,,,,,,,,25,,,,,turn on the stove,turn on the stove light 25,turn_on_the_stove_light_25
2582,Light Conditions,2,3,turn_on_the_stove,,,,,,,,,28,,,,,turn on the stove,turn on the stove light 28,turn_on_the_stove_light_28
2583,Light Conditions,,,turn_on_the_stove,,,,,,,,,30,,,,,turn on the stove,turn on the stove light 30,turn_on_the_stove_light_30
2584,Light Conditions,,,turn_on_the_stove,,,,,,,,,31,,,,,turn on the stove,turn on the stove light 31,turn_on_the_stove_light_31
2585,Light Conditions,,,turn_on_the_stove,,,,,,,,,32,,,,,turn on the stove,turn on the stove light 32,turn_on_the_stove_light_32
2586,Light Conditions,4,1,turn_on_the_stove,,,,,,,,,38,,,,,turn on the stove,turn on the stove light 38,turn_on_the_stove_light_38
2587,Light Conditions,,,turn_on_the_stove,,,,,,,,,39,,,,,turn on the stove,turn on the stove light 39,turn_on_the_stove_light_39
2588,Light Conditions,,,turn_on_the_stove,,,,,,,,,41,,,,,turn on the stove,turn on the stove light 41,turn_on_the_stove_light_41
2589,Light Conditions,2,3,turn_on_the_stove,,,,,,,,,5,,,,,turn on the stove,turn on the stove light 5,turn_on_the_stove_light_5
2590,Light Conditions,3,2,turn_on_the_stove,,,,,,,,,8,,,,,turn on the stove,turn on the stove light 8,turn_on_the_stove_light_8
